<?xml version='1.0' encoding='UTF-8'?>
<kml xmlns="http://www.opengis.net/kml/2.2">
  <Document>
    <name>61-nola-ny-redact</name>
    <Style id="icon-1504-0288D1-normal">
      <IconStyle>
        <color>ffd18802</color>
        <scale>1</scale>
        <Icon>
          <href>https://www.gstatic.com/mapspro/images/stock/503-wht-blank_maps.png</href>
        </Icon>
      </IconStyle>
      <LabelStyle>
        <scale>0</scale>
      </LabelStyle>
    </Style>
    <Style id="icon-1504-0288D1-highlight">
      <IconStyle>
        <color>ffd18802</color>
        <scale>1</scale>
        <Icon>
          <href>https://www.gstatic.com/mapspro/images/stock/503-wht-blank_maps.png</href>
        </Icon>
      </IconStyle>
      <LabelStyle>
        <scale>1</scale>
      </LabelStyle>
    </Style>
    <StyleMap id="icon-1504-0288D1">
      <Pair>
        <key>normal</key>
        <styleUrl>#icon-1504-0288D1-normal</styleUrl>
      </Pair>
      <Pair>
        <key>highlight</key>
        <styleUrl>#icon-1504-0288D1-highlight</styleUrl>
      </Pair>
    </StyleMap>
    <Style id="icon-1535-0288D1-normal">
      <IconStyle>
        <color>ffd18802</color>
        <scale>1</scale>
        <Icon>
          <href>https://www.gstatic.com/mapspro/images/stock/503-wht-blank_maps.png</href>
        </Icon>
      </IconStyle>
      <LabelStyle>
        <scale>0</scale>
      </LabelStyle>
    </Style>
    <Style id="icon-1535-0288D1-highlight">
      <IconStyle>
        <color>ffd18802</color>
        <scale>1</scale>
        <Icon>
          <href>https://www.gstatic.com/mapspro/images/stock/503-wht-blank_maps.png</href>
        </Icon>
      </IconStyle>
      <LabelStyle>
        <scale>1</scale>
      </LabelStyle>
    </Style>
    <StyleMap id="icon-1535-0288D1">
      <Pair>
        <key>normal</key>
        <styleUrl>#icon-1535-0288D1-normal</styleUrl>
      </Pair>
      <Pair>
        <key>highlight</key>
        <styleUrl>#icon-1535-0288D1-highlight</styleUrl>
      </Pair>
    </StyleMap>
    <Style id="icon-1602-0288D1-normal">
      <IconStyle>
        <color>ffd18802</color>
        <scale>1</scale>
        <Icon>
          <href>https://www.gstatic.com/mapspro/images/stock/503-wht-blank_maps.png</href>
        </Icon>
      </IconStyle>
      <LabelStyle>
        <scale>0</scale>
      </LabelStyle>
    </Style>
    <Style id="icon-1602-0288D1-highlight">
      <IconStyle>
        <color>ffd18802</color>
        <scale>1</scale>
        <Icon>
          <href>https://www.gstatic.com/mapspro/images/stock/503-wht-blank_maps.png</href>
        </Icon>
      </IconStyle>
      <LabelStyle>
        <scale>1</scale>
      </LabelStyle>
    </Style>
    <StyleMap id="icon-1602-0288D1">
      <Pair>
        <key>normal</key>
        <styleUrl>#icon-1602-0288D1-normal</styleUrl>
      </Pair>
      <Pair>
        <key>highlight</key>
        <styleUrl>#icon-1602-0288D1-highlight</styleUrl>
      </Pair>
    </StyleMap>
    <Style id="icon-1739-0288D1-normal">
      <IconStyle>
        <color>ffd18802</color>
        <scale>1</scale>
        <Icon>
          <href>https://www.gstatic.com/mapspro/images/stock/503-wht-blank_maps.png</href>
        </Icon>
      </IconStyle>
      <LabelStyle>
        <scale>0</scale>
      </LabelStyle>
    </Style>
    <Style id="icon-1739-0288D1-highlight">
      <IconStyle>
        <color>ffd18802</color>
        <scale>1</scale>
        <Icon>
          <href>https://www.gstatic.com/mapspro/images/stock/503-wht-blank_maps.png</href>
        </Icon>
      </IconStyle>
      <LabelStyle>
        <scale>1</scale>
      </LabelStyle>
    </Style>
    <StyleMap id="icon-1739-0288D1">
      <Pair>
        <key>normal</key>
        <styleUrl>#icon-1739-0288D1-normal</styleUrl>
      </Pair>
      <Pair>
        <key>highlight</key>
        <styleUrl>#icon-1739-0288D1-highlight</styleUrl>
      </Pair>
    </StyleMap>
    <Style id="line-0097A7-5000-normal">
      <LineStyle>
        <color>ffa79700</color>
        <width>5</width>
      </LineStyle>
    </Style>
    <Style id="line-0097A7-5000-highlight">
      <LineStyle>
        <color>ffa79700</color>
        <width>7.5</width>
      </LineStyle>
    </Style>
    <StyleMap id="line-0097A7-5000">
      <Pair>
        <key>normal</key>
        <styleUrl>#line-0097A7-5000-normal</styleUrl>
      </Pair>
      <Pair>
        <key>highlight</key>
        <styleUrl>#line-0097A7-5000-highlight</styleUrl>
      </Pair>
    </StyleMap>
    <Style id="line-01579B-5000-normal">
      <LineStyle>
        <color>ff9b5701</color>
        <width>5</width>
      </LineStyle>
    </Style>
    <Style id="line-01579B-5000-highlight">
      <LineStyle>
        <color>ff9b5701</color>
        <width>7.5</width>
      </LineStyle>
    </Style>
    <StyleMap id="line-01579B-5000">
      <Pair>
        <key>normal</key>
        <styleUrl>#line-01579B-5000-normal</styleUrl>
      </Pair>
      <Pair>
        <key>highlight</key>
        <styleUrl>#line-01579B-5000-highlight</styleUrl>
      </Pair>
    </StyleMap>
    <Style id="line-7CB342-5000-normal">
      <LineStyle>
        <color>ff42b37c</color>
        <width>5</width>
      </LineStyle>
    </Style>
    <Style id="line-7CB342-5000-highlight">
      <LineStyle>
        <color>ff42b37c</color>
        <width>7.5</width>
      </LineStyle>
    </Style>
    <StyleMap id="line-7CB342-5000">
      <Pair>
        <key>normal</key>
        <styleUrl>#line-7CB342-5000-normal</styleUrl>
      </Pair>
      <Pair>
        <key>highlight</key>
        <styleUrl>#line-7CB342-5000-highlight</styleUrl>
      </Pair>
    </StyleMap>
    <Style id="line-9C27B0-5000-normal">
      <LineStyle>
        <color>ffb0279c</color>
        <width>5</width>
      </LineStyle>
    </Style>
    <Style id="line-9C27B0-5000-highlight">
      <LineStyle>
        <color>ffb0279c</color>
        <width>7.5</width>
      </LineStyle>
    </Style>
    <StyleMap id="line-9C27B0-5000">
      <Pair>
        <key>normal</key>
        <styleUrl>#line-9C27B0-5000-normal</styleUrl>
      </Pair>
      <Pair>
        <key>highlight</key>
        <styleUrl>#line-9C27B0-5000-highlight</styleUrl>
      </Pair>
    </StyleMap>
    <Style id="line-A52714-5000-normal">
      <LineStyle>
        <color>ff1427a5</color>
        <width>5</width>
      </LineStyle>
    </Style>
    <Style id="line-A52714-5000-highlight">
      <LineStyle>
        <color>ff1427a5</color>
        <width>7.5</width>
      </LineStyle>
    </Style>
    <StyleMap id="line-A52714-5000">
      <Pair>
        <key>normal</key>
        <styleUrl>#line-A52714-5000-normal</styleUrl>
      </Pair>
      <Pair>
        <key>highlight</key>
        <styleUrl>#line-A52714-5000-highlight</styleUrl>
      </Pair>
    </StyleMap>
    <Style id="line-F9A825-5000-normal">
      <LineStyle>
        <color>ff25a8f9</color>
        <width>5</width>
      </LineStyle>
    </Style>
    <Style id="line-F9A825-5000-highlight">
      <LineStyle>
        <color>ff25a8f9</color>
        <width>7.5</width>
      </LineStyle>
    </Style>
    <StyleMap id="line-F9A825-5000">
      <Pair>
        <key>normal</key>
        <styleUrl>#line-F9A825-5000-normal</styleUrl>
      </Pair>
      <Pair>
        <key>highlight</key>
        <styleUrl>#line-F9A825-5000-highlight</styleUrl>
      </Pair>
    </StyleMap>
    <Style id="line-FFEA00-5000-normal">
      <LineStyle>
        <color>ff00eaff</color>
        <width>5</width>
      </LineStyle>
    </Style>
    <Style id="line-FFEA00-5000-highlight">
      <LineStyle>
        <color>ff00eaff</color>
        <width>7.5</width>
      </LineStyle>
    </Style>
    <StyleMap id="line-FFEA00-5000">
      <Pair>
        <key>normal</key>
        <styleUrl>#line-FFEA00-5000-normal</styleUrl>
      </Pair>
      <Pair>
        <key>highlight</key>
        <styleUrl>#line-FFEA00-5000-highlight</styleUrl>
      </Pair>
    </StyleMap>
    <Folder>
      <name>2021-11-30</name>
      <Placemark>
        <name>Hyatt Regency Jfk Airport At Resorts World New York</name>
        <styleUrl>#icon-1602-0288D1</styleUrl>
        <ExtendedData>
          <Data name="Category">
            <value>Hotel</value>
          </Data>
          <Data name="Distance">
            <value>0</value>
          </Data>
        </ExtendedData>
        <Point>
          <coordinates>
            -73.832745,40.673723,0
          </coordinates>
        </Point>
      </Placemark>
      <Placemark>
        <name>Driving</name>
        <styleUrl>#line-01579B-5000</styleUrl>
        <ExtendedData>
          <Data name="Category">
            <value>Driving</value>
          </Data>
          <Data name="Distance">
            <value>4909</value>
          </Data>
        </ExtendedData>
        <LineString>
          <tessellate>1</tessellate>
          <coordinates>
            -73.8349530,40.6732190,0
            -73.8349990,40.6732480,0
            -73.8352320,40.6733280,0
            -73.8356580,40.6734130,0
            -73.8357580,40.6733590,0
            -73.8358020,40.6733160,0
            -73.8358060,40.6732960,0
            -73.8356870,40.6730840,0
            -73.8359020,40.6730220,0
            -73.8357660,40.6727300,0
            -73.8356870,40.6726220,0
            -73.8355460,40.6724850,0
            -73.8353010,40.6720620,0
            -73.8353420,40.6719520,0
            -73.8353510,40.6718670,0
            -73.8353260,40.6716680,0
            -73.8352970,40.6716080,0
            -73.8352600,40.6715680,0
            -73.8336280,40.6680530,0
            -73.8336140,40.6679760,0
            -73.8315780,40.6639090,0
            -73.8314480,40.6637320,0
            -73.8313670,40.6636750,0
            -73.8312590,40.6636250,0
            -73.8309410,40.6635550,0
            -73.8305870,40.6635640,0
            -73.8297090,40.6637930,0
            -73.8294470,40.6638230,0
            -73.8292310,40.6638180,0
            -73.8243910,40.6632340,0
            -73.8238890,40.6630850,0
            -73.8232980,40.6630080,0
            -73.8240440,40.6606620,0
            -73.8236170,40.6606150,0
            -73.8235200,40.6605910,0
            -73.8234340,40.6605890,0
            -73.8232680,40.6606120,0
            -73.8197830,40.6620250,0
            -73.8194140,40.6621280,0
            -73.8190230,40.6621910,0
            -73.8185450,40.6622010,0
            -73.8182160,40.6621700,0
            -73.8118050,40.6610010,0
            -73.8117480,40.6610090,0
            -73.8111330,40.6608940,0
            -73.8109920,40.6608340,0
            -73.8108000,40.6606680,0
            -73.8107160,40.6604620,0
            -73.8108260,40.6593380,0
            -73.8092080,40.6592280,0
            -73.8089930,40.6591750,0
            -73.8088480,40.6591080,0
            -73.8086240,40.6589470,0
            -73.8085570,40.6588730,0
            -73.8084490,40.6586950,0
            -73.8083680,40.6584490,0
            -73.8083160,40.6583840,0
            -73.8083270,40.6582400,0
            -73.8083070,40.6581110,0
            -73.8081980,40.6578450,0
            -73.8080890,40.6576710,0
            -73.8076890,40.6574450,0
            -73.8074770,40.6573770,0
            -73.8072450,40.6573440,0
            -73.8070040,40.6573490,0
            -73.8068710,40.6573710,0
            -73.8065820,40.6574550,0
            -73.8063500,40.6575840,0
            -73.8061410,40.6577630,0
            -73.8059670,40.6579800,0
            -73.8056700,40.6581340,0
            -73.8055820,40.6581630,0
            -73.8053820,40.6581980,0
            -73.8030780,40.6581860,0
            -73.8027620,40.6582410,0
            -73.8025840,40.6583070,0
            -73.8023990,40.6584430,0
            -73.8022630,40.6586840,0
            -73.8022140,40.6595540,0
            -73.8022360,40.6596870,0
            -73.8021820,40.6614780,0
            -73.8021000,40.6617250,0
            -73.8023980,40.6618320,0
            -73.8024940,40.6618460,0
            -73.8025780,40.6618330,0
            -73.8037450,40.6614250,0
            -73.8039270,40.6613860,0
            -73.8040100,40.6613440,0
            -73.8042550,40.6611460,0
            -73.8042700,40.6611200,0
            -73.8042750,40.6610700,0
            -73.8044700,40.6610760,0
            -73.8048200,40.6610240,0
            -73.8050290,40.6609060,0
            -73.8051330,40.6607940,0
            -73.8052310,40.6605560,0
            -73.8052800,40.6602240,0
            -73.8046850,40.6602140,0
            -73.8042880,40.6601760,0
            -73.8042860,40.6603200,0
          </coordinates>
        </LineString>
      </Placemark>
      <Placemark>
        <name>On a bus</name>
        <styleUrl>#line-01579B-5000</styleUrl>
        <ExtendedData>
          <Data name="Category">
            <value>On a bus</value>
          </Data>
          <Data name="Distance">
            <value>2856</value>
          </Data>
        </ExtendedData>
        <LineString>
          <tessellate>1</tessellate>
          <coordinates>
            -73.8035250,40.6597610,0
            -73.7894150,40.6432320,0
            -73.7828370,40.6440010,0
            -73.7821490,40.6443740,0
            -73.7823860,40.6441220,0
          </coordinates>
        </LineString>
      </Placemark>
      <Placemark>
        <name>John F. Kennedy International Airport</name>
        <styleUrl>#icon-1504-0288D1</styleUrl>
        <ExtendedData>
          <Data name="Category">
            <value>Airport</value>
          </Data>
          <Data name="Distance">
            <value>0</value>
          </Data>
        </ExtendedData>
        <Point>
          <coordinates>
            -73.778138,40.641311,0
          </coordinates>
        </Point>
      </Placemark>
    </Folder>
    <Folder>
      <name>2021-11-29</name>
      <Placemark>
        <name>Holiday Inn Express &amp; Suites Jersey City - Holland Tunnel, an IHG Hotel</name>
        <styleUrl>#icon-1602-0288D1</styleUrl>
        <ExtendedData>
          <Data name="Category">
            <value>Hotel</value>
          </Data>
          <Data name="Distance">
            <value>0</value>
          </Data>
        </ExtendedData>
        <Point>
          <coordinates>
            -74.040468,40.731846,0
          </coordinates>
        </Point>
      </Placemark>
      <Placemark>
        <name>Walking</name>
        <styleUrl>#line-0097A7-5000</styleUrl>
        <ExtendedData>
          <Data name="Category">
            <value>Walking</value>
          </Data>
          <Data name="Distance">
            <value>2045</value>
          </Data>
        </ExtendedData>
        <LineString>
          <tessellate>1</tessellate>
          <coordinates>
            -74.0394900,40.7316200,0
            -74.0394560,40.7316160,0
            -74.0393620,40.7316080,0
            -74.0391480,40.7315880,0
            -74.0379760,40.7314890,0
            -74.0375930,40.7314490,0
            -74.0372450,40.7313960,0
            -74.0370900,40.7313770,0
            -74.0369920,40.7313670,0
            -74.0369140,40.7313600,0
            -74.0363010,40.7313000,0
            -74.0356420,40.7312390,0
            -74.0351530,40.7311840,0
            -74.0346860,40.7311280,0
            -74.0346550,40.7311120,0
            -74.0345840,40.7310860,0
            -74.0345040,40.7310630,0
            -74.0346200,40.7303120,0
            -74.0346360,40.7302420,0
            -74.0346750,40.7300590,0
            -74.0347120,40.7298750,0
            -74.0347130,40.7298710,0
            -74.0347810,40.7295290,0
            -74.0347950,40.7294600,0
            -74.0348140,40.7293890,0
            -74.0348340,40.7293310,0
            -74.0348500,40.7292600,0
            -74.0348590,40.7291880,0
            -74.0348730,40.7290890,0
            -74.0348840,40.7289590,0
            -74.0348830,40.7289490,0
            -74.0348840,40.7288580,0
            -74.0348650,40.7287630,0
            -74.0348470,40.7286920,0
            -74.0347780,40.7284350,0
            -74.0347460,40.7283100,0
            -74.0347290,40.7282380,0
            -74.0346930,40.7280690,0
            -74.0346580,40.7279010,0
            -74.0346390,40.7277510,0
            -74.0346410,40.7276290,0
            -74.0346500,40.7275090,0
            -74.0346810,40.7273590,0
            -74.0347180,40.7272730,0
            -74.0350110,40.7267800,0
            -74.0351200,40.7266140,0
            -74.0351640,40.7266280,0
            -74.0352190,40.7266440,0
            -74.0352870,40.7266690,0
            -74.0353290,40.7266860,0
            -74.0353410,40.7266930,0
            -74.0353790,40.7267150,0
            -74.0354510,40.7267390,0
            -74.0354970,40.7267440,0
            -74.0355460,40.7267510,0
            -74.0355590,40.7267540,0
            -74.0356250,40.7267700,0
            -74.0357010,40.7267870,0
            -74.0357890,40.7267970,0
            -74.0359360,40.7268080,0
            -74.0360300,40.7268160,0
            -74.0362170,40.7268330,0
            -74.0362840,40.7268380,0
            -74.0363500,40.7268430,0
            -74.0363550,40.7268440,0
            -74.0364260,40.7268500,0
            -74.0364640,40.7268540,0
            -74.0365050,40.7268570,0
            -74.0367300,40.7268760,0
            -74.0372070,40.7269250,0
            -74.0374290,40.7269410,0
            -74.0374690,40.7269440,0
            -74.0375720,40.7269520,0
            -74.0376370,40.7269590,0
            -74.0376890,40.7269760,0
            -74.0377220,40.7269820,0
            -74.0381710,40.7270260,0
            -74.0381450,40.7272040,0
            -74.0381190,40.7273830,0
            -74.0380930,40.7275690,0
            -74.0381740,40.7275770,0
            -74.0381960,40.7275790,0
            -74.0384180,40.7276010,0
            -74.0386670,40.7276260,0
            -74.0387250,40.7276320,0
            -74.0387350,40.7276330,0
            -74.0388020,40.7276410,0
            -74.0390410,40.7276580,0
            -74.0392800,40.7276590,0
            -74.0393950,40.7276600,0
            -74.0395170,40.7276580,0
            -74.0395380,40.7276580,0
            -74.0395660,40.7276580,0
          </coordinates>
        </LineString>
      </Placemark>
      <Placemark>
        <name>Newport Centre</name>
        <styleUrl>#icon-1739-0288D1</styleUrl>
        <ExtendedData>
          <Data name="Category">
            <value>Shopping mall</value>
          </Data>
          <Data name="Distance">
            <value>0</value>
          </Data>
        </ExtendedData>
        <Point>
          <coordinates>
            -74.038118,40.727141,0
          </coordinates>
        </Point>
      </Placemark>
      <Placemark>
        <name>Driving</name>
        <styleUrl>#line-0097A7-5000</styleUrl>
        <ExtendedData>
          <Data name="Category">
            <value>Driving</value>
          </Data>
          <Data name="Distance">
            <value>1986</value>
          </Data>
        </ExtendedData>
        <LineString>
          <tessellate>1</tessellate>
          <coordinates>
            -74.0386680,40.7277460,0
            -74.0386560,40.7278290,0
            -74.0386270,40.7280070,0
            -74.0384660,40.7289800,0
            -74.0384290,40.7290570,0
            -74.0384150,40.7291020,0
            -74.0384040,40.7291390,0
            -74.0383940,40.7291620,0
            -74.0383690,40.7292180,0
            -74.0383490,40.7292520,0
            -74.0383290,40.7292750,0
            -74.0383060,40.7292960,0
            -74.0382730,40.7293220,0
            -74.0380950,40.7293480,0
            -74.0378830,40.7293750,0
            -74.0377380,40.7294200,0
            -74.0374130,40.7294440,0
            -74.0372230,40.7294530,0
            -74.0369760,40.7294560,0
            -74.0368530,40.7294530,0
            -74.0367180,40.7294500,0
            -74.0365850,40.7294450,0
            -74.0364540,40.7294360,0
            -74.0359110,40.7294070,0
            -74.0357590,40.7293950,0
            -74.0349490,40.7293100,0
            -74.0347990,40.7292900,0
            -74.0346030,40.7292540,0
            -74.0345710,40.7293950,0
            -74.0345400,40.7295930,0
            -74.0345040,40.7297950,0
            -74.0345040,40.7297990,0
            -74.0345010,40.7298140,0
            -74.0344530,40.7300900,0
            -74.0342300,40.7310630,0
            -74.0342110,40.7311560,0
            -74.0344370,40.7311910,0
            -74.0345340,40.7311850,0
            -74.0346300,40.7311720,0
            -74.0346670,40.7311630,0
            -74.0351460,40.7312190,0
            -74.0356360,40.7312750,0
            -74.0362950,40.7313360,0
            -74.0369080,40.7313950,0
            -74.0370420,40.7314080,0
            -74.0372360,40.7314320,0
            -74.0375850,40.7314850,0
            -74.0379710,40.7315250,0
            -74.0391430,40.7316230,0
            -74.0394040,40.7316480,0
            -74.0394850,40.7316550,0
            -74.0395040,40.7315590,0
            -74.0397240,40.7315810,0
            -74.0399700,40.7316000,0
            -74.0401250,40.7316150,0
            -74.0401010,40.7317910,0
          </coordinates>
        </LineString>
      </Placemark>
      <Placemark>
        <name>Holiday Inn Express &amp; Suites Jersey City - Holland Tunnel, an IHG Hotel</name>
        <styleUrl>#icon-1602-0288D1</styleUrl>
        <ExtendedData>
          <Data name="Category">
            <value>Hotel</value>
          </Data>
          <Data name="Distance">
            <value>0</value>
          </Data>
        </ExtendedData>
        <Point>
          <coordinates>
            -74.040468,40.731846,0
          </coordinates>
        </Point>
      </Placemark>
      <Placemark>
        <name>Driving</name>
        <styleUrl>#line-0097A7-5000</styleUrl>
        <ExtendedData>
          <Data name="Category">
            <value>Driving</value>
          </Data>
          <Data name="Distance">
            <value>142676</value>
          </Data>
        </ExtendedData>
        <LineString>
          <tessellate>1</tessellate>
          <coordinates>
            -74.0401010,40.7317910,0
            -74.0401250,40.7316150,0
            -74.0448750,40.7320470,0
            -74.0454910,40.7320290,0
            -74.0484420,40.7316300,0
            -74.0499430,40.7312960,0
            -74.0501760,40.7313270,0
            -74.0508420,40.7312760,0
            -74.0518270,40.7314500,0
            -74.0526420,40.7319190,0
            -74.0552580,40.7299570,0
            -74.0555760,40.7303640,0
            -74.0561450,40.7298660,0
            -74.0595860,40.7325980,0
            -74.0606510,40.7327510,0
            -74.0605630,40.7331330,0
            -74.0606510,40.7327510,0
            -74.0595860,40.7325980,0
            -74.0548580,40.7288120,0
            -74.0545760,40.7280920,0
            -74.0517110,40.7253370,0
            -74.0438620,40.7246510,0
            -74.0437490,40.7253530,0
            -74.0406260,40.7250790,0
            -74.0404520,40.7250110,0
            -74.0400630,40.7249660,0
            -74.0393230,40.7247230,0
            -74.0357510,40.7243830,0
            -74.0352560,40.7258080,0
            -74.0344640,40.7271360,0
            -74.0343530,40.7277140,0
            -74.0346140,40.7287440,0
            -74.0346040,40.7292540,0
            -74.0342110,40.7311560,0
            -74.0344370,40.7311910,0
            -74.0346670,40.7311630,0
            -74.0394850,40.7316550,0
            -74.0395040,40.7315590,0
            -74.0448750,40.7320480,0
            -74.0454910,40.7320290,0
            -74.0484420,40.7316300,0
            -74.0499430,40.7312960,0
            -74.0501760,40.7313270,0
            -74.0508420,40.7312760,0
            -74.0518270,40.7314500,0
            -74.0523810,40.7317380,0
            -74.0618180,40.7396990,0
            -74.0533940,40.7517980,0
            -74.0529440,40.7522510,0
            -74.0512440,40.7530860,0
            -74.0511180,40.7532040,0
            -74.0488530,40.7536920,0
            -74.0480900,40.7541850,0
            -74.0458410,40.7573850,0
            -74.0492070,40.7586220,0
            -74.0496680,40.7594030,0
            -74.0498890,40.7596070,0
            -74.0508040,40.7601010,0
            -74.0494470,40.7620640,0
            -74.0495320,40.7623140,0
            -74.0421340,40.7724390,0
            -74.0420740,40.7728620,0
            -74.0421720,40.7733330,0
            -74.0423890,40.7736780,0
            -74.0436310,40.7747450,0
            -74.0447590,40.7760510,0
            -74.0453870,40.7770780,0
            -74.0456020,40.7778290,0
            -74.0454860,40.7781300,0
            -74.0454240,40.7781870,0
            -74.0452830,40.7782400,0
            -74.0449880,40.7781940,0
            -74.0448560,40.7781240,0
            -74.0447090,40.7779530,0
            -74.0446900,40.7777620,0
            -74.0448000,40.7776520,0
            -74.0449500,40.7776060,0
            -74.0450640,40.7776160,0
            -74.0459010,40.7778890,0
            -74.0459870,40.7778790,0
            -74.0514910,40.7798950,0
            -74.0515500,40.7799970,0
            -74.0519210,40.7802370,0
            -74.0521850,40.7805150,0
            -74.0523760,40.7808880,0
            -74.0524230,40.7811760,0
            -74.0518390,40.7841630,0
            -74.0514650,40.7851460,0
            -74.0510840,40.7857090,0
            -74.0493840,40.7876050,0
            -74.0493980,40.7877280,0
            -74.0341840,40.8035580,0
            -74.0320360,40.8063270,0
            -74.0300100,40.8099020,0
            -74.0286060,40.8139430,0
            -74.0266450,40.8255650,0
            -74.0261880,40.8267280,0
            -74.0252300,40.8282950,0
            -74.0221960,40.8320060,0
            -74.0181090,40.8408260,0
            -74.0178740,40.8417000,0
            -74.0175730,40.8461610,0
            -74.0173180,40.8472720,0
            -74.0120070,40.8585130,0
            -74.0116250,40.8598210,0
            -74.0115270,40.8609510,0
            -74.0115910,40.8619370,0
            -74.0115340,40.8620370,0
            -74.0116330,40.8629880,0
            -74.0118700,40.8638790,0
            -74.0121050,40.8642900,0
            -74.0125010,40.8647210,0
            -74.0130200,40.8650100,0
            -74.0140730,40.8652610,0
            -74.0171450,40.8655650,0
            -74.0172600,40.8656330,0
            -74.0283060,40.8671490,0
            -74.0311400,40.8673180,0
            -74.0452270,40.8672360,0
            -74.0513250,40.8677620,0
            -74.0529850,40.8680910,0
            -74.0540550,40.8684320,0
            -74.0552710,40.8689790,0
            -74.0569550,40.8700950,0
            -74.0593620,40.8723540,0
            -74.0614500,40.8747700,0
            -74.0614650,40.8748870,0
            -74.0629690,40.8777420,0
            -74.0631260,40.8778450,0
            -74.0667200,40.8851450,0
            -74.0684780,40.8870350,0
            -74.0688190,40.8875290,0
            -74.0729930,40.8968040,0
            -74.0732160,40.8977860,0
            -74.0732210,40.8984830,0
            -74.0706970,40.9097860,0
            -74.0706860,40.9107150,0
            -74.0708930,40.9119200,0
            -74.0720310,40.9144200,0
            -74.0724530,40.9156880,0
            -74.0725830,40.9169940,0
            -74.0723350,40.9199480,0
            -74.0705440,40.9283360,0
            -74.0704430,40.9308020,0
            -74.0722660,40.9503820,0
            -74.0726830,40.9525950,0
            -74.0735680,40.9555400,0
            -74.0829190,40.9784860,0
            -74.0837430,40.9797170,0
            -74.0852770,40.9811600,0
            -74.0890320,40.9833550,0
            -74.0903250,40.9843970,0
            -74.0917800,40.9858720,0
            -74.0944160,40.9890150,0
            -74.0949730,40.9898950,0
            -74.0954010,40.9908910,0
            -74.0959330,40.9927880,0
            -74.0966490,40.9945170,0
            -74.0978440,40.9964940,0
            -74.0998320,40.9989110,0
            -74.1005620,41.0000020,0
            -74.1014060,41.0019770,0
            -74.1017650,41.0037390,0
            -74.1025870,41.0058620,0
            -74.1034150,41.0071440,0
            -74.1063920,41.0103710,0
            -74.1067030,41.0109750,0
            -74.1069290,41.0118630,0
            -74.1075450,41.0165830,0
            -74.1117900,41.0349360,0
            -74.1128370,41.0379800,0
            -74.1217780,41.0588270,0
            -74.1229540,41.0605860,0
            -74.1245140,41.0621130,0
            -74.1263050,41.0633400,0
            -74.1308660,41.0654160,0
            -74.1323410,41.0663120,0
            -74.1350720,41.0684820,0
            -74.1463040,41.0761720,0
            -74.1474420,41.0770800,0
            -74.1487740,41.0785260,0
            -74.1496900,41.0799960,0
            -74.1533750,41.0894850,0
            -74.1557530,41.0943370,0
            -74.1563260,41.0952480,0
            -74.1569630,41.0960070,0
            -74.1581970,41.0970900,0
            -74.1592140,41.0977490,0
            -74.1658550,41.1013240,0
            -74.1663380,41.1017040,0
            -74.1670010,41.1024790,0
            -74.1672480,41.1029490,0
            -74.1674910,41.1039280,0
            -74.1673620,41.1047810,0
            -74.1670250,41.1054810,0
            -74.1651650,41.1082890,0
            -74.1651860,41.1084120,0
            -74.1639270,41.1108940,0
            -74.1618290,41.1138440,0
            -74.1613760,41.1150500,0
            -74.1613450,41.1166990,0
            -74.1621600,41.1208430,0
            -74.1623990,41.1215190,0
            -74.1629180,41.1224270,0
            -74.1647650,41.1243290,0
            -74.1654760,41.1252920,0
            -74.1656340,41.1253830,0
            -74.1672070,41.1291660,0
            -74.1679200,41.1321820,0
            -74.1682330,41.1359560,0
            -74.1685620,41.1371360,0
            -74.1693360,41.1385970,0
            -74.1702510,41.1396950,0
            -74.1709990,41.1403670,0
            -74.1725270,41.1413730,0
            -74.1743190,41.1421480,0
            -74.1761120,41.1426090,0
            -74.1808230,41.1432580,0
            -74.1822050,41.1436010,0
            -74.1833900,41.1440410,0
            -74.1848060,41.1447790,0
            -74.1856070,41.1453290,0
            -74.1870290,41.1467030,0
            -74.1878390,41.1479160,0
            -74.1886850,41.1500830,0
            -74.1889640,41.1518220,0
            -74.1888940,41.1534170,0
            -74.1886980,41.1543930,0
            -74.1881230,41.1559390,0
            -74.1875720,41.1569300,0
            -74.1849180,41.1605390,0
            -74.1843220,41.1620340,0
            -74.1841850,41.1628160,0
            -74.1841890,41.1642460,0
            -74.1846220,41.1659630,0
            -74.1861570,41.1697990,0
            -74.1863200,41.1712320,0
            -74.1862430,41.1720770,0
            -74.1859430,41.1732580,0
            -74.1816150,41.1828100,0
            -74.1812530,41.1838900,0
            -74.1809240,41.1859300,0
            -74.1809750,41.1875360,0
            -74.1818300,41.1933280,0
            -74.1818900,41.1956380,0
            -74.1811970,41.1995460,0
            -74.1811060,41.2010440,0
            -74.1815600,41.2048060,0
            -74.1812610,41.2098860,0
            -74.1813520,41.2121110,0
            -74.1821430,41.2155930,0
            -74.1839990,41.2203490,0
            -74.1842070,41.2214720,0
            -74.1842310,41.2228370,0
            -74.1840250,41.2240140,0
            -74.1835970,41.2251680,0
            -74.1828010,41.2264290,0
            -74.1821670,41.2271350,0
            -74.1772670,41.2310310,0
            -74.1758700,41.2324560,0
            -74.1740970,41.2348300,0
            -74.1732840,41.2363100,0
            -74.1696760,41.2450610,0
            -74.1675970,41.2485450,0
            -74.1658350,41.2508290,0
            -74.1608020,41.2563250,0
            -74.1588620,41.2588350,0
            -74.1576090,41.2610260,0
            -74.1529920,41.2708260,0
            -74.1520050,41.2723480,0
            -74.1428880,41.2827790,0
            -74.1419510,41.2840760,0
            -74.1411490,41.2855530,0
            -74.1387900,41.2933340,0
            -74.1376810,41.2960040,0
            -74.1366240,41.2978000,0
            -74.1353510,41.2995420,0
            -74.1327800,41.3025090,0
            -74.1284790,41.3067310,0
            -74.1264210,41.3082520,0
            -74.1196620,41.3124920,0
            -74.1180080,41.3137870,0
            -74.1168030,41.3149500,0
            -74.1151220,41.3169950,0
            -74.1140750,41.3186950,0
            -74.1130980,41.3209320,0
            -74.1125600,41.3230000,0
            -74.1123600,41.3248050,0
            -74.1125290,41.3275870,0
            -74.1133710,41.3305740,0
            -74.1165340,41.3376920,0
            -74.1171500,41.3402810,0
            -74.1172400,41.3417860,0
            -74.1171080,41.3434870,0
            -74.1165170,41.3458120,0
            -74.1158970,41.3472380,0
            -74.1149080,41.3488180,0
            -74.1142610,41.3496090,0
            -74.1088490,41.3550210,0
            -74.1072600,41.3569030,0
            -74.1055930,41.3593290,0
            -74.1041480,41.3618860,0
            -74.1018920,41.3668750,0
            -74.1014400,41.3688390,0
            -74.1014840,41.3711050,0
            -74.1029620,41.3758930,0
            -74.1032050,41.3773020,0
            -74.1031940,41.3787680,0
            -74.1029030,41.3802640,0
            -74.1019960,41.3823150,0
            -74.0950240,41.3915560,0
            -74.0836400,41.4031360,0
            -74.0712080,41.4143620,0
            -74.0701560,41.4157610,0
            -74.0694020,41.4173220,0
            -74.0689900,41.4190400,0
            -74.0669510,41.4407530,0
            -74.0643570,41.4516810,0
            -74.0643010,41.4537560,0
            -74.0648490,41.4564560,0
            -74.0652960,41.4575860,0
            -74.0780040,41.4796680,0
            -74.0789330,41.4818710,0
            -74.0792770,41.4833550,0
            -74.0793870,41.4856630,0
            -74.0792140,41.4874170,0
            -74.0765130,41.5015450,0
            -74.0749450,41.5072560,0
            -74.0748980,41.5072720,0
            -74.0745920,41.5078850,0
            -74.0742670,41.5083150,0
            -74.0738130,41.5087170,0
            -74.0729710,41.5091720,0
            -74.0714760,41.5095770,0
            -74.0707170,41.5099460,0
            -74.0703660,41.5103960,0
            -74.0692400,41.5128700,0
            -74.0686940,41.5135270,0
            -74.0681510,41.5139260,0
            -74.0677420,41.5140870,0
            -74.0671460,41.5141910,0
            -74.0662580,41.5142310,0
            -74.0525800,41.5133790,0
            -74.0498340,41.5134660,0
            -74.0480900,41.5136650,0
            -74.0451060,41.5142760,0
            -74.0428260,41.5150020,0
            -74.0326970,41.5190400,0
            -74.0309890,41.5194340,0
            -74.0297100,41.5195430,0
            -74.0236320,41.5194610,0
            -74.0235440,41.5194080,0
            -74.0219760,41.5191870,0
            -74.0201760,41.5191190,0
            -74.0212310,41.5211350,0
            -74.0213790,41.5217020,0
            -74.0213470,41.5225890,0
            -74.0211780,41.5231200,0
            -74.0182950,41.5288120,0
            -74.0174070,41.5299600,0
            -74.0152370,41.5339160,0
            -74.0151430,41.5340120,0
            -74.0137190,41.5366680,0
            -74.0132120,41.5379650,0
            -74.0130410,41.5387200,0
            -74.0128110,41.5414100,0
            -74.0123270,41.5429720,0
            -74.0117360,41.5440890,0
            -74.0099490,41.5456820,0
            -74.0069850,41.5476310,0
            -74.0065900,41.5480900,0
            -74.0053230,41.5508630,0
            -74.0048720,41.5547980,0
            -74.0031790,41.5603100,0
            -74.0013040,41.5637130,0
            -74.0010440,41.5640150,0
            -73.9973360,41.5664240,0
            -73.9972300,41.5664590,0
            -73.9947480,41.5681480,0
            -73.9947310,41.5681950,0
            -73.9917300,41.5711870,0
            -73.9899610,41.5743200,0
            -73.9891650,41.5768490,0
            -73.9890610,41.5769530,0
            -73.9883050,41.5793260,0
            -73.9883420,41.5793940,0
            -73.9866620,41.5824750,0
            -73.9846930,41.5844780,0
            -73.9826610,41.5871140,0
            -73.9817120,41.5891000,0
            -73.9774230,41.5944990,0
            -73.9760240,41.5956130,0
            -73.9753470,41.5963600,0
            -73.9740080,41.5986090,0
            -73.9728070,41.6002710,0
            -73.9725130,41.6012490,0
            -73.9722740,41.6045160,0
            -73.9722080,41.6046810,0
            -73.9676970,41.6107470,0
            -73.9651880,41.6147170,0
            -73.9648600,41.6155720,0
            -73.9642180,41.6190380,0
            -73.9642010,41.6197160,0
            -73.9645680,41.6225950,0
            -73.9637700,41.6259960,0
            -73.9636610,41.6275320,0
            -73.9631250,41.6304300,0
            -73.9626570,41.6319700,0
            -73.9626210,41.6325110,0
            -73.9630430,41.6347020,0
            -73.9626880,41.6382760,0
            -73.9616340,41.6432210,0
            -73.9614890,41.6448470,0
            -73.9616350,41.6457920,0
            -73.9626070,41.6481460,0
            -73.9627240,41.6488530,0
            -73.9626430,41.6507730,0
            -73.9615870,41.6542910,0
            -73.9614690,41.6554700,0
            -73.9615980,41.6571400,0
            -73.9615650,41.6572190,0
            -73.9618720,41.6614220,0
            -73.9618250,41.6630310,0
            -73.9605130,41.6686090,0
            -73.9603940,41.6711470,0
            -73.9597780,41.6758370,0
            -73.9597780,41.6769840,0
            -73.9609310,41.6813020,0
            -73.9614800,41.6858390,0
            -73.9617740,41.6867090,0
            -73.9622560,41.6875380,0
            -73.9650070,41.6909970,0
            -73.9654400,41.6918670,0
            -73.9658750,41.6939590,0
            -73.9658600,41.6940540,0
            -73.9662650,41.6950720,0
            -73.9679390,41.6977010,0
            -73.9681070,41.6988220,0
            -73.9679290,41.6995760,0
            -73.9678620,41.6996460,0
            -73.9675030,41.7009130,0
            -73.9675410,41.7044460,0
            -73.9673370,41.7054030,0
            -73.9669980,41.7062630,0
            -73.9667130,41.7065480,0
            -73.9612810,41.7087000,0
            -73.9596200,41.7091920,0
            -73.9581830,41.7094210,0
            -73.9568760,41.7094860,0
            -73.9557490,41.7093900,0
            -73.9550470,41.7092550,0
            -73.9540400,41.7088680,0
            -73.9533160,41.7083840,0
            -73.9527500,41.7077760,0
            -73.9523600,41.7069870,0
            -73.9522760,41.7060320,0
            -73.9523980,41.7055170,0
            -73.9528490,41.7045020,0
            -73.9528640,41.7042890,0
            -73.9527840,41.7040240,0
            -73.9526590,41.7038480,0
            -73.9524740,41.7036990,0
            -73.9520240,41.7035190,0
            -73.9391160,41.7021570,0
            -73.9370490,41.7024570,0
            -73.9366550,41.7024000,0
            -73.9365320,41.7022750,0
            -73.9365160,41.7021770,0
            -73.9368400,41.7012040,0
            -73.9368990,41.7011440,0
            -73.9368730,41.7009150,0
            -73.9367420,41.7006920,0
            -73.9365920,41.7005980,0
            -73.9364480,41.7005780,0
            -73.9363270,41.7006020,0
            -73.9360700,41.7008280,0
            -73.9360990,41.7035610,0
            -73.9362400,41.7041460,0
            -73.9370290,41.7060430,0
            -73.9374680,41.7089520,0
            -73.9373780,41.7095340,0
            -73.9368530,41.7110200,0
            -73.9361940,41.7139080,0
            -73.9356310,41.7148010,0
            -73.9348130,41.7155280,0
            -73.9332570,41.7165250,0
            -73.9327940,41.7169220,0
            -73.9323930,41.7174360,0
            -73.9319690,41.7182670,0
            -73.9313190,41.7202860,0
            -73.9313280,41.7210180,0
            -73.9325430,41.7277790,0
            -73.9326240,41.7278590,0
            -73.9330830,41.7299580,0
            -73.9330510,41.7301230,0
            -73.9337560,41.7333540,0
            -73.9337590,41.7341150,0
            -73.9335980,41.7346840,0
            -73.9330320,41.7355720,0
            -73.9310610,41.7372920,0
            -73.9308270,41.7375790,0
            -73.9308320,41.7376420,0
            -73.9303090,41.7386280,0
            -73.9301990,41.7391760,0
            -73.9302000,41.7397600,0
            -73.9310350,41.7427300,0
            -73.9310060,41.7438850,0
            -73.9309200,41.7439990,0
            -73.9280340,41.7437160,0
            -73.9256340,41.7436820,0
            -73.9245120,41.7439100,0
            -73.9237600,41.7438670,0
            -73.9227530,41.7435380,0
            -73.9200910,41.7433620,0
            -73.9196070,41.7434430,0
            -73.9168800,41.7442360,0
            -73.9154730,41.7444650,0
            -73.9149830,41.7443970,0
            -73.9147090,41.7443110,0
            -73.9138190,41.7441820,0
            -73.9131820,41.7443050,0
            -73.9115330,41.7450930,0
            -73.9116920,41.7456350,0
            -73.9117230,41.7467120,0
            -73.9116210,41.7472420,0
            -73.9114360,41.7475550,0
            -73.9100620,41.7489170,0
            -73.9084770,41.7509640,0
            -73.9082120,41.7514830,0
            -73.9081040,41.7521220,0
            -73.9081620,41.7526540,0
            -73.9085720,41.7536300,0
            -73.9086150,41.7548380,0
            -73.9088570,41.7560050,0
            -73.9087240,41.7569250,0
            -73.9084270,41.7575540,0
            -73.9067930,41.7598850,0
            -73.9065940,41.7603650,0
            -73.9064350,41.7611350,0
            -73.9065140,41.7624060,0
            -73.9070240,41.7634800,0
            -73.9038830,41.7633970,0
            -73.9022540,41.7630060,0
            -73.9014440,41.7630240,0
            -73.9012630,41.7629530,0
            -73.9009000,41.7625320,0
            -73.9006020,41.7623580,0
            -73.9004000,41.7621070,0
          </coordinates>
        </LineString>
      </Placemark>
      <Placemark>
        <name>Eleanor Roosevelt National Historic Site</name>
        <styleUrl>#icon-1535-0288D1</styleUrl>
        <ExtendedData>
          <Data name="Category">
            <value>Historical place</value>
          </Data>
          <Data name="Distance">
            <value>0</value>
          </Data>
        </ExtendedData>
        <Point>
          <coordinates>
            -73.899263,41.761831,0
          </coordinates>
        </Point>
      </Placemark>
      <Placemark>
        <name>Driving</name>
        <styleUrl>#line-0097A7-5000</styleUrl>
        <ExtendedData>
          <Data name="Category">
            <value>Driving</value>
          </Data>
          <Data name="Distance">
            <value>4725</value>
          </Data>
        </ExtendedData>
        <LineString>
          <tessellate>1</tessellate>
          <coordinates>
            -73.9002380,41.7619980,0
            -73.9002590,41.7620040,0
            -73.9003150,41.7620320,0
            -73.9004250,41.7621290,0
            -73.9006020,41.7623580,0
            -73.9006810,41.7624200,0
            -73.9009000,41.7625320,0
            -73.9009820,41.7626070,0
            -73.9010990,41.7627380,0
            -73.9011910,41.7628820,0
            -73.9012630,41.7629530,0
            -73.9013400,41.7629950,0
            -73.9014440,41.7630240,0
            -73.9017600,41.7630260,0
            -73.9022540,41.7630060,0
            -73.9023710,41.7630170,0
            -73.9026300,41.7630720,0
            -73.9034170,41.7633090,0
            -73.9036480,41.7633470,0
            -73.9038830,41.7633970,0
            -73.9041320,41.7634170,0
            -73.9042850,41.7634170,0
            -73.9045210,41.7633990,0
            -73.9061450,41.7634670,0
            -73.9070240,41.7634800,0
            -73.9070990,41.7634570,0
            -73.9070610,41.7633560,0
            -73.9069780,41.7631960,0
            -73.9066600,41.7624540,0
            -73.9065100,41.7620050,0
            -73.9064440,41.7616620,0
            -73.9064330,41.7615240,0
            -73.9064350,41.7611350,0
            -73.9064760,41.7607990,0
            -73.9065940,41.7603650,0
            -73.9066780,41.7601350,0
            -73.9067930,41.7598850,0
            -73.9070880,41.7593750,0
            -73.9072520,41.7591320,0
            -73.9080970,41.7580290,0
            -73.9084270,41.7575540,0
            -73.9085170,41.7574700,0
            -73.9085730,41.7573980,0
            -73.9087780,41.7570510,0
            -73.9088530,41.7568320,0
            -73.9090390,41.7566110,0
            -73.9091410,41.7565410,0
            -73.9092730,41.7564920,0
            -73.9093740,41.7564780,0
            -73.9094640,41.7564740,0
            -73.9098600,41.7564870,0
            -73.9103050,41.7566050,0
            -73.9107340,41.7567610,0
            -73.9110370,41.7569050,0
            -73.9120170,41.7574550,0
            -73.9123310,41.7576040,0
            -73.9125500,41.7576910,0
            -73.9127760,41.7577670,0
            -73.9131000,41.7578590,0
            -73.9133110,41.7579060,0
            -73.9136730,41.7579650,0
            -73.9140490,41.7580030,0
            -73.9190910,41.7581590,0
            -73.9196970,41.7582250,0
            -73.9201270,41.7583030,0
            -73.9203030,41.7583430,0
            -73.9206770,41.7584490,0
            -73.9209780,41.7585480,0
            -73.9234070,41.7594620,0
            -73.9239020,41.7596080,0
            -73.9242260,41.7596790,0
            -73.9245020,41.7597230,0
            -73.9248870,41.7597630,0
            -73.9262220,41.7598170,0
            -73.9263570,41.7598360,0
            -73.9287660,41.7599560,0
            -73.9289970,41.7599390,0
            -73.9304550,41.7599720,0
            -73.9304490,41.7602580,0
            -73.9300630,41.7646920,0
            -73.9300430,41.7651840,0
            -73.9300700,41.7652430,0
            -73.9299940,41.7665500,0
            -73.9299640,41.7668200,0
            -73.9299230,41.7675450,0
            -73.9299420,41.7679800,0
            -73.9302060,41.7702050,0
            -73.9301890,41.7702920,0
            -73.9303230,41.7715750,0
            -73.9309020,41.7715760,0
            -73.9336000,41.7714230,0
            -73.9336750,41.7714030,0
            -73.9337050,41.7713880,0
            -73.9337630,41.7713410,0
            -73.9337890,41.7713090,0
            -73.9338050,41.7712740,0
            -73.9338110,41.7712320,0
            -73.9337870,41.7704860,0
            -73.9343630,41.7704480,0
            -73.9343310,41.7699620,0
          </coordinates>
        </LineString>
      </Placemark>
      <Placemark>
        <name>Home of Franklin D. Roosevelt National Historic Site</name>
        <styleUrl>#icon-1535-0288D1</styleUrl>
        <ExtendedData>
          <Data name="Category">
            <value>National park</value>
          </Data>
          <Data name="Distance">
            <value>0</value>
          </Data>
        </ExtendedData>
        <Point>
          <coordinates>
            -73.935295,41.767554,0
          </coordinates>
        </Point>
      </Placemark>
      <Placemark>
        <name>Driving</name>
        <styleUrl>#line-0097A7-5000</styleUrl>
        <ExtendedData>
          <Data name="Category">
            <value>Driving</value>
          </Data>
          <Data name="Distance">
            <value>1586</value>
          </Data>
        </ExtendedData>
        <LineString>
          <tessellate>1</tessellate>
          <coordinates>
            -73.9343310,41.7699620,0
            -73.9343550,41.7703210,0
            -73.9343630,41.7704470,0
            -73.9345010,41.7704240,0
            -73.9345360,41.7704160,0
            -73.9345710,41.7707650,0
            -73.9345680,41.7707740,0
            -73.9345600,41.7707960,0
            -73.9345310,41.7708220,0
            -73.9344820,41.7708390,0
            -73.9343720,41.7708550,0
            -73.9340410,41.7708740,0
            -73.9338040,41.7708850,0
            -73.9330110,41.7709170,0
            -73.9325830,41.7709340,0
            -73.9324500,41.7709460,0
            -73.9322940,41.7709740,0
            -73.9321980,41.7708610,0
            -73.9322070,41.7708410,0
            -73.9322160,41.7708030,0
            -73.9322220,41.7707530,0
            -73.9322240,41.7707240,0
            -73.9322240,41.7706930,0
            -73.9322240,41.7706690,0
            -73.9322260,41.7706420,0
            -73.9322180,41.7706120,0
            -73.9321960,41.7705870,0
            -73.9321680,41.7705580,0
            -73.9321190,41.7705040,0
            -73.9320020,41.7704020,0
            -73.9319420,41.7703590,0
            -73.9318840,41.7703250,0
            -73.9318340,41.7702980,0
            -73.9317770,41.7702740,0
            -73.9317320,41.7702540,0
            -73.9316790,41.7702410,0
            -73.9316320,41.7702280,0
            -73.9315750,41.7702170,0
            -73.9315200,41.7702090,0
            -73.9314640,41.7702070,0
            -73.9312130,41.7702150,0
            -73.9303280,41.7702730,0
            -73.9302430,41.7702880,0
            -73.9302060,41.7702050,0
            -73.9301250,41.7695080,0
            -73.9300970,41.7692690,0
            -73.9300320,41.7687470,0
            -73.9299420,41.7679800,0
            -73.9299270,41.7677720,0
            -73.9299240,41.7677020,0
            -73.9299230,41.7675450,0
            -73.9299290,41.7673890,0
            -73.9299480,41.7670760,0
            -73.9299640,41.7668200,0
            -73.9299940,41.7665500,0
            -73.9300220,41.7660530,0
            -73.9300700,41.7652430,0
            -73.9301030,41.7651910,0
            -73.9301250,41.7650180,0
            -73.9301500,41.7646970,0
            -73.9302740,41.7634020,0
            -73.9302820,41.7633060,0
            -73.9303480,41.7625990,0
            -73.9303740,41.7623460,0
            -73.9305350,41.7623540,0
            -73.9306250,41.7623580,0
          </coordinates>
        </LineString>
      </Placemark>
      <Placemark>
        <name>Dunkin'</name>
        <styleUrl>#icon-1739-0288D1</styleUrl>
        <ExtendedData>
          <Data name="Category">
            <value>Coffee shop</value>
          </Data>
          <Data name="Distance">
            <value>0</value>
          </Data>
        </ExtendedData>
        <Point>
          <coordinates>
            -73.930639,41.762196,0
          </coordinates>
        </Point>
      </Placemark>
      <Placemark>
        <name>Driving</name>
        <styleUrl>#line-0097A7-5000</styleUrl>
        <ExtendedData>
          <Data name="Category">
            <value>Driving</value>
          </Data>
          <Data name="Distance">
            <value>121106</value>
          </Data>
        </ExtendedData>
        <LineString>
          <tessellate>1</tessellate>
          <coordinates>
            -73.9304800,41.7620370,0
            -73.9304000,41.7620100,0
            -73.9309790,41.7496910,0
            -73.9308430,41.7463580,0
            -73.9310500,41.7440080,0
            -73.9310060,41.7438850,0
            -73.9310350,41.7427300,0
            -73.9302000,41.7397600,0
            -73.9303090,41.7386270,0
            -73.9308320,41.7376420,0
            -73.9309320,41.7376160,0
            -73.9330800,41.7357020,0
            -73.9335340,41.7351180,0
            -73.9337970,41.7345430,0
            -73.9339190,41.7335770,0
            -73.9331830,41.7300950,0
            -73.9330830,41.7299580,0
            -73.9326240,41.7278590,0
            -73.9326650,41.7277500,0
            -73.9314570,41.7209330,0
            -73.9315270,41.7199370,0
            -73.9324910,41.7174990,0
            -73.9330130,41.7168850,0
            -73.9353010,41.7152970,0
            -73.9360660,41.7144030,0
            -73.9364720,41.7134530,0
            -73.9375440,41.7092290,0
            -73.9371040,41.7055990,0
            -73.9371950,41.7035890,0
            -73.9366180,41.7027920,0
            -73.9366470,41.7026700,0
            -73.9367240,41.7025940,0
            -73.9370490,41.7024570,0
            -73.9391160,41.7021570,0
            -73.9515280,41.7034860,0
            -73.9521340,41.7036300,0
            -73.9525280,41.7038560,0
            -73.9527450,41.7042210,0
            -73.9527510,41.7044140,0
            -73.9522130,41.7058070,0
            -73.9521740,41.7065570,0
            -73.9524130,41.7073910,0
            -73.9527750,41.7079610,0
            -73.9532900,41.7084740,0
            -73.9544020,41.7091250,0
            -73.9553580,41.7094040,0
            -73.9577520,41.7095910,0
            -73.9588810,41.7095150,0
            -73.9602550,41.7092330,0
            -73.9613820,41.7088470,0
            -73.9636900,41.7077760,0
            -73.9644200,41.7076600,0
            -73.9648960,41.7077110,0
            -73.9653250,41.7078660,0
            -73.9656930,41.7081400,0
            -73.9657890,41.7083740,0
            -73.9657480,41.7088010,0
            -73.9646500,41.7110820,0
            -73.9646510,41.7112620,0
            -73.9633020,41.7153600,0
            -73.9632170,41.7154420,0
            -73.9623810,41.7179900,0
            -73.9612450,41.7197850,0
            -73.9608490,41.7208390,0
            -73.9607650,41.7214200,0
            -73.9617880,41.7299870,0
            -73.9610100,41.7343440,0
            -73.9611330,41.7354100,0
            -73.9641850,41.7421750,0
            -73.9658110,41.7418410,0
            -73.9669380,41.7417230,0
            -73.9670410,41.7416810,0
            -73.9679980,41.7416690,0
            -73.9701050,41.7418890,0
            -73.9804150,41.7447830,0
            -73.9827150,41.7451640,0
            -73.9843910,41.7452030,0
            -73.9867670,41.7449120,0
            -74.0039660,41.7403520,0
            -74.0112820,41.7388540,0
            -74.0172630,41.7380180,0
            -74.0237410,41.7374850,0
            -74.0297180,41.7372860,0
            -74.0319820,41.7373690,0
            -74.0510580,41.7396680,0
            -74.0578120,41.7408300,0
            -74.0616140,41.7411740,0
            -74.0623770,41.7364620,0
            -74.0625700,41.7362420,0
            -74.0630270,41.7360230,0
            -74.0634350,41.7359670,0
            -74.0674960,41.7362240,0
            -74.0679740,41.7360510,0
            -74.0682850,41.7357750,0
            -74.0683900,41.7355820,0
            -74.0684100,41.7352350,0
            -74.0682680,41.7349200,0
            -74.0670160,41.7336400,0
            -74.0666750,41.7331030,0
            -74.0665030,41.7324980,0
            -74.0665030,41.7318710,0
            -74.0664420,41.7317780,0
            -74.0671380,41.7293990,0
            -74.0686500,41.7261150,0
            -74.0716420,41.7210140,0
            -74.0747020,41.7104210,0
            -74.0790230,41.7025310,0
            -74.0797380,41.6995250,0
            -74.0798060,41.6973160,0
            -74.0793820,41.6947570,0
            -74.0778530,41.6898200,0
            -74.0777160,41.6877340,0
            -74.0778750,41.6861400,0
            -74.0784840,41.6839640,0
            -74.0801530,41.6800190,0
            -74.0805020,41.6786110,0
            -74.0806860,41.6763090,0
            -74.0805500,41.6747630,0
            -74.0788080,41.6681490,0
            -74.0784240,41.6652740,0
            -74.0784380,41.6589890,0
            -74.0770450,41.6483710,0
            -74.0772070,41.6449260,0
            -74.0786760,41.6375020,0
            -74.0790510,41.6283760,0
            -74.0795080,41.6256700,0
            -74.0817690,41.6175240,0
            -74.0834300,41.6059530,0
            -74.0887430,41.5887880,0
            -74.0890080,41.5858400,0
            -74.0888220,41.5838630,0
            -74.0880950,41.5811850,0
            -74.0858330,41.5761990,0
            -74.0851010,41.5739600,0
            -74.0835650,41.5658990,0
            -74.0814560,41.5589330,0
            -74.0809430,41.5561350,0
            -74.0806770,41.5514520,0
            -74.0802750,41.5489820,0
            -74.0771940,41.5397290,0
            -74.0762920,41.5354860,0
            -74.0755080,41.5277040,0
            -74.0738480,41.5183930,0
            -74.0737250,41.5160820,0
            -74.0739140,41.5128930,0
            -74.0744370,41.5100460,0
            -74.0770880,41.5001880,0
            -74.0795770,41.4866210,0
            -74.0796600,41.4846740,0
            -74.0791540,41.4812360,0
            -74.0777910,41.4778000,0
            -74.0656730,41.4578620,0
            -74.0648090,41.4556320,0
            -74.0644860,41.4527980,0
            -74.0647550,41.4506090,0
            -74.0669910,41.4419200,0
            -74.0693160,41.4186790,0
            -74.0698630,41.4168720,0
            -74.0709420,41.4150610,0
            -74.0718940,41.4139940,0
            -74.0901760,41.3976220,0
            -74.0933260,41.3942080,0
            -74.1022850,41.3823300,0
            -74.1029690,41.3808860,0
            -74.1034200,41.3791130,0
            -74.1034690,41.3772680,0
            -74.1031870,41.3757200,0
            -74.1018900,41.3718490,0
            -74.1016890,41.3706880,0
            -74.1017360,41.3684940,0
            -74.1020420,41.3671940,0
            -74.1043290,41.3620480,0
            -74.1060570,41.3590240,0
            -74.1081630,41.3561420,0
            -74.1152570,41.3487310,0
            -74.1164760,41.3465760,0
            -74.1172350,41.3441810,0
            -74.1174500,41.3426390,0
            -74.1174260,41.3405360,0
            -74.1171970,41.3391100,0
            -74.1166300,41.3372630,0
            -74.1130940,41.3290180,0
            -74.1126620,41.3266980,0
            -74.1126000,41.3251660,0
            -74.1128600,41.3227630,0
            -74.1132530,41.3212380,0
            -74.1141830,41.3190020,0
            -74.1153480,41.3170730,0
            -74.1165320,41.3155810,0
            -74.1188280,41.3133780,0
            -74.1286730,41.3067700,0
            -74.1324890,41.3030550,0
            -74.1358360,41.2991890,0
            -74.1369330,41.2976390,0
            -74.1385410,41.2945780,0
            -74.1411920,41.2862220,0
            -74.1427180,41.2834490,0
            -74.1517350,41.2731530,0
            -74.1534780,41.2705610,0
            -74.1590160,41.2592770,0
            -74.1598980,41.2579380,0
            -74.1667630,41.2501470,0
            -74.1679490,41.2485430,0
            -74.1699180,41.2452200,0
            -74.1735800,41.2363610,0
            -74.1750520,41.2339210,0
            -74.1763110,41.2323770,0
            -74.1780250,41.2307240,0
            -74.1823880,41.2273100,0
            -74.1835950,41.2258160,0
            -74.1842450,41.2243620,0
            -74.1844830,41.2234080,0
            -74.1845140,41.2213710,0
            -74.1842610,41.2201510,0
            -74.1820560,41.2142030,0
            -74.1816430,41.2118790,0
            -74.1819010,41.2055360,0
            -74.1814190,41.2009850,0
            -74.1814780,41.1998770,0
            -74.1821330,41.1964580,0
            -74.1821620,41.1935170,0
            -74.1813010,41.1875630,0
            -74.1812560,41.1858040,0
            -74.1817080,41.1834760,0
            -74.1862800,41.1732080,0
            -74.1865870,41.1718940,0
            -74.1865220,41.1700080,0
            -74.1846450,41.1650270,0
            -74.1845000,41.1642120,0
            -74.1845520,41.1624960,0
            -74.1847280,41.1617740,0
            -74.1852480,41.1605750,0
            -74.1880140,41.1567720,0
            -74.1886770,41.1554120,0
            -74.1890720,41.1541310,0
            -74.1892790,41.1525030,0
            -74.1892160,41.1512040,0
            -74.1888860,41.1497040,0
            -74.1880230,41.1477810,0
            -74.1874330,41.1468960,0
            -74.1864710,41.1458120,0
            -74.1848130,41.1445630,0
            -74.1837840,41.1440230,0
            -74.1824590,41.1435040,0
            -74.1805210,41.1430330,0
            -74.1751850,41.1422270,0
            -74.1737280,41.1417430,0
            -74.1724000,41.1410970,0
            -74.1715880,41.1405720,0
            -74.1701230,41.1392750,0
            -74.1691200,41.1378440,0
            -74.1684400,41.1357980,0
            -74.1678450,41.1304510,0
            -74.1661170,41.1258430,0
            -74.1648060,41.1235720,0
            -74.1648570,41.1234750,0
            -74.1635190,41.1213140,0
            -74.1617020,41.1174680,0
            -74.1614710,41.1162240,0
            -74.1615080,41.1153490,0
            -74.1618390,41.1142350,0
            -74.1640490,41.1110680,0
            -74.1655220,41.1082890,0
            -74.1672100,41.1061680,0
            -74.1673820,41.1060470,0
            -74.1688350,41.1035560,0
            -74.1692720,41.1022630,0
            -74.1695790,41.1000630,0
            -74.1684430,41.0877290,0
            -74.1686480,41.0851310,0
            -74.1694350,41.0821250,0
            -74.1701530,41.0804030,0
            -74.1715530,41.0779210,0
            -74.1833260,41.0632660,0
            -74.1854300,41.0597190,0
            -74.1916180,41.0452420,0
            -74.1920720,41.0438020,0
            -74.1924030,41.0419030,0
            -74.1926390,41.0383040,0
            -74.1931770,41.0362010,0
            -74.1938540,41.0347230,0
            -74.1951590,41.0328210,0
            -74.1973690,41.0306850,0
            -74.1993570,41.0293510,0
            -74.2040320,41.0269180,0
            -74.2098590,41.0232160,0
            -74.2124520,41.0218820,0
            -74.2156980,41.0207810,0
            -74.2171580,41.0204790,0
            -74.2172650,41.0205170,0
            -74.2179280,41.0205350,0
            -74.2192270,41.0208930,0
            -74.2196250,41.0209320,0
            -74.2203470,41.0208350,0
            -74.2206900,41.0206910,0
            -74.2210900,41.0204060,0
            -74.2213280,41.0200960,0
            -74.2214590,41.0196960,0
            -74.2214300,41.0192930,0
            -74.2212180,41.0188780,0
            -74.2209350,41.0185970,0
            -74.2203110,41.0182960,0
            -74.2186300,41.0179520,0
            -74.2174230,41.0175260,0
            -74.2173070,41.0175410,0
            -74.1945700,41.0081350,0
            -74.1919540,41.0067430,0
            -74.1900560,41.0054040,0
            -74.1625780,40.9826860,0
            -74.1615590,40.9815410,0
            -74.1610690,40.9807940,0
            -74.1604720,40.9794940,0
            -74.1601590,40.9780350,0
            -74.1601380,40.9748850,0
            -74.1598350,40.9734490,0
            -74.1591080,40.9719560,0
            -74.1582510,40.9708750,0
            -74.1566620,40.9694600,0
            -74.1566570,40.9693810,0
            -74.1563640,40.9690360,0
            -74.1563000,40.9687510,0
            -74.1563990,40.9679120,0
            -74.1562560,40.9674940,0
            -74.1559100,40.9670860,0
            -74.1558980,40.9669770,0
            -74.1560600,40.9667040,0
            -74.1579180,40.9655320,0
            -74.1587280,40.9647370,0
            -74.1603170,40.9624280,0
            -74.1631500,40.9535600,0
            -74.1645650,40.9451270,0
            -74.1639520,40.9413510,0
            -74.1639860,40.9402480,0
            -74.1648400,40.9375510,0
            -74.1647770,40.9372940,0
            -74.1650560,40.9370810,0
            -74.1674830,40.9342440,0
            -74.1685610,40.9310170,0
            -74.1680400,40.9276090,0
            -74.1697130,40.9253570,0
            -74.1700250,40.9243670,0
            -74.1699640,40.9243090,0
            -74.1717280,40.9231760,0
            -74.1727810,40.9227560,0
            -74.1727290,40.9226690,0
            -74.1728280,40.9205830,0
            -74.1736130,40.9205140,0
            -74.1753080,40.9198270,0
            -74.1754770,40.9196670,0
            -74.1756370,40.9191210,0
            -74.1753260,40.9182440,0
            -74.1754360,40.9181400,0
            -74.1779660,40.9171970,0
            -74.1780710,40.9170850,0
            -74.1780580,40.9169480,0
            -74.1776310,40.9162310,0
            -74.1777500,40.9161250,0
            -74.1786270,40.9157980,0
            -74.1796090,40.9149320,0
            -74.1796670,40.9150620,0
            -74.1796770,40.9153870,0
            -74.1799020,40.9154200,0
            -74.1798520,40.9156930,0
            -74.1799640,40.9152420,0
          </coordinates>
        </LineString>
      </Placemark>
      <Placemark>
        <name>Paterson Great Falls National Historical Park</name>
        <styleUrl>#icon-1535-0288D1</styleUrl>
        <ExtendedData>
          <Data name="Category">
            <value>National park</value>
          </Data>
          <Data name="Distance">
            <value>0</value>
          </Data>
        </ExtendedData>
        <Point>
          <coordinates>
            -74.18004,40.91495,0
          </coordinates>
        </Point>
      </Placemark>
      <Placemark>
        <name>Driving</name>
        <styleUrl>#line-0097A7-5000</styleUrl>
        <ExtendedData>
          <Data name="Category">
            <value>Driving</value>
          </Data>
          <Data name="Distance">
            <value>11547</value>
          </Data>
        </ExtendedData>
        <LineString>
          <tessellate>1</tessellate>
          <coordinates>
            -74.1797470,40.9148120,0
            -74.1798580,40.9147310,0
            -74.1801090,40.9145960,0
            -74.1800220,40.9145360,0
            -74.1797640,40.9142590,0
            -74.1791110,40.9133800,0
            -74.1783120,40.9121080,0
            -74.1775820,40.9123570,0
            -74.1774400,40.9122900,0
            -74.1773950,40.9122460,0
            -74.1772170,40.9119630,0
            -74.1770980,40.9118910,0
            -74.1765930,40.9111080,0
            -74.1757180,40.9100280,0
            -74.1729020,40.9074470,0
            -74.1724210,40.9068820,0
            -74.1722270,40.9065840,0
            -74.1720120,40.9061510,0
            -74.1718300,40.9056090,0
            -74.1717540,40.9052030,0
            -74.1713280,40.9000090,0
            -74.1712250,40.8994650,0
            -74.1710540,40.8989000,0
            -74.1706730,40.8980970,0
            -74.1687370,40.8948000,0
            -74.1684070,40.8940600,0
            -74.1682900,40.8936860,0
            -74.1681550,40.8930440,0
            -74.1681010,40.8924980,0
            -74.1681250,40.8917470,0
            -74.1683990,40.8894510,0
            -74.1684010,40.8887930,0
            -74.1683230,40.8881490,0
            -74.1665430,40.8793890,0
            -74.1664520,40.8786440,0
            -74.1663610,40.8785630,0
            -74.1663730,40.8772960,0
            -74.1667060,40.8742070,0
            -74.1669500,40.8728980,0
            -74.1672300,40.8719470,0
            -74.1677870,40.8705760,0
            -74.1683890,40.8693820,0
            -74.1690860,40.8682690,0
            -74.1719410,40.8642850,0
            -74.1725750,40.8632020,0
            -74.1729490,40.8623970,0
            -74.1733390,40.8613690,0
            -74.1743910,40.8576440,0
            -74.1746900,40.8568150,0
            -74.1760380,40.8539930,0
            -74.1766170,40.8529250,0
            -74.1765700,40.8528390,0
            -74.1769240,40.8520110,0
            -74.1769530,40.8518580,0
            -74.1769560,40.8515880,0
            -74.1769330,40.8514460,0
            -74.1768750,40.8512700,0
            -74.1766710,40.8509440,0
            -74.1764410,40.8507330,0
            -74.1762690,40.8506160,0
            -74.1760700,40.8505100,0
            -74.1759430,40.8504620,0
            -74.1755520,40.8503630,0
            -74.1746920,40.8502350,0
            -74.1744510,40.8502370,0
            -74.1740030,40.8503160,0
            -74.1739550,40.8503160,0
            -74.1738420,40.8502900,0
            -74.1737150,40.8502220,0
            -74.1732360,40.8498200,0
            -74.1730360,40.8497300,0
            -74.1690140,40.8453430,0
            -74.1682260,40.8446070,0
            -74.1673230,40.8438520,0
            -74.1665700,40.8432940,0
            -74.1650000,40.8422860,0
            -74.1638990,40.8416870,0
            -74.1499170,40.8349830,0
            -74.1414880,40.8310950,0
            -74.1415030,40.8310490,0
            -74.1414420,40.8309130,0
            -74.1414400,40.8308620,0
            -74.1414630,40.8307970,0
            -74.1415880,40.8306670,0
            -74.1416330,40.8306450,0
            -74.1416980,40.8306320,0
            -74.1417760,40.8306340,0
            -74.1418550,40.8306530,0
            -74.1423120,40.8308650,0
            -74.1424310,40.8309440,0
            -74.1424680,40.8309850,0
            -74.1418410,40.8315340,0
            -74.1410380,40.8320420,0
            -74.1400040,40.8326030,0
            -74.1399510,40.8325500,0
            -74.1391270,40.8321130,0
            -74.1388440,40.8318940,0
            -74.1386250,40.8316600,0
            -74.1382260,40.8313510,0
            -74.1374480,40.8309730,0
          </coordinates>
        </LineString>
      </Placemark>
      <Placemark>
        <name>Costco Wholesale</name>
        <styleUrl>#icon-1739-0288D1</styleUrl>
        <ExtendedData>
          <Data name="Category">
            <value>Warehouse store</value>
          </Data>
          <Data name="Distance">
            <value>0</value>
          </Data>
        </ExtendedData>
        <Point>
          <coordinates>
            -74.136791,40.831489,0
          </coordinates>
        </Point>
      </Placemark>
      <Placemark>
        <name>Driving</name>
        <styleUrl>#line-0097A7-5000</styleUrl>
        <ExtendedData>
          <Data name="Category">
            <value>Driving</value>
          </Data>
          <Data name="Distance">
            <value>20559</value>
          </Data>
        </ExtendedData>
        <LineString>
          <tessellate>1</tessellate>
          <coordinates>
            -74.1386320,40.8319860,0
            -74.1386270,40.8319600,0
            -74.1386010,40.8319060,0
            -74.1384980,40.8317850,0
            -74.1384500,40.8317450,0
            -74.1382800,40.8316660,0
            -74.1382480,40.8316650,0
            -74.1382380,40.8316720,0
            -74.1381040,40.8318230,0
            -74.1379950,40.8317650,0
            -74.1383010,40.8314070,0
            -74.1386250,40.8316600,0
            -74.1386830,40.8317360,0
            -74.1388440,40.8318940,0
            -74.1391270,40.8321130,0
            -74.1399500,40.8325500,0
            -74.1400040,40.8326030,0
            -74.1401480,40.8325100,0
            -74.1410380,40.8320420,0
            -74.1418410,40.8315340,0
            -74.1424680,40.8309850,0
            -74.1424310,40.8309440,0
            -74.1423120,40.8308650,0
            -74.1420610,40.8307380,0
            -74.1418550,40.8306530,0
            -74.1417760,40.8306340,0
            -74.1416980,40.8306320,0
            -74.1416330,40.8306450,0
            -74.1413520,40.8307570,0
            -74.1412540,40.8307800,0
            -74.1411610,40.8307910,0
            -74.1410510,40.8307830,0
            -74.1409290,40.8307520,0
            -74.1406490,40.8307140,0
            -74.1262380,40.8240640,0
            -74.1239780,40.8229070,0
            -74.1218320,40.8216750,0
            -74.1170280,40.8186280,0
            -74.1148620,40.8173450,0
            -74.1107280,40.8150750,0
            -74.1100100,40.8147220,0
            -74.1020100,40.8111550,0
            -74.1013780,40.8109290,0
            -74.1006580,40.8107210,0
            -74.0998950,40.8105610,0
            -74.0987040,40.8103850,0
            -74.0975060,40.8103100,0
            -74.0968580,40.8103170,0
            -74.0956520,40.8103760,0
            -74.0905280,40.8109090,0
            -74.0897160,40.8109700,0
            -74.0886700,40.8109910,0
            -74.0875150,40.8109470,0
            -74.0862660,40.8108140,0
            -74.0854970,40.8106840,0
            -74.0845960,40.8104840,0
            -74.0840510,40.8103380,0
            -74.0828570,40.8099470,0
            -74.0818610,40.8095380,0
            -74.0785480,40.8079790,0
            -74.0782190,40.8078430,0
            -74.0770180,40.8072380,0
            -74.0762460,40.8067520,0
            -74.0757300,40.8063840,0
            -74.0749680,40.8057390,0
            -74.0744190,40.8052100,0
            -74.0738710,40.8046190,0
            -74.0734900,40.8041160,0
            -74.0729670,40.8032400,0
            -74.0724080,40.8020710,0
            -74.0720110,40.8013850,0
            -74.0715830,40.8007880,0
            -74.0712540,40.8004150,0
            -74.0706030,40.7998590,0
            -74.0699850,40.7994360,0
            -74.0675200,40.7979640,0
            -74.0667610,40.7975760,0
            -74.0665150,40.7974770,0
            -74.0659840,40.7972960,0
            -74.0629770,40.7964410,0
            -74.0618270,40.7960580,0
            -74.0610220,40.7957260,0
            -74.0601560,40.7953120,0
            -74.0596850,40.7950570,0
            -74.0590140,40.7946520,0
            -74.0517120,40.7894890,0
            -74.0511610,40.7890650,0
            -74.0503460,40.7883370,0
            -74.0498440,40.7878060,0
            -74.0493740,40.7872480,0
            -74.0487440,40.7863410,0
            -74.0484730,40.7858700,0
            -74.0481240,40.7851500,0
            -74.0477470,40.7840930,0
            -74.0476770,40.7839500,0
            -74.0469690,40.7817130,0
            -74.0470350,40.7816270,0
            -74.0469870,40.7813720,0
            -74.0470070,40.7810940,0
            -74.0472160,40.7802930,0
            -74.0472170,40.7801320,0
            -74.0471880,40.7799520,0
            -74.0471250,40.7797790,0
            -74.0470090,40.7795850,0
            -74.0467970,40.7793200,0
            -74.0467690,40.7792430,0
            -74.0459650,40.7783350,0
            -74.0458470,40.7781300,0
            -74.0457950,40.7780020,0
            -74.0455100,40.7770520,0
            -74.0447000,40.7756640,0
            -74.0441550,40.7750600,0
            -74.0436060,40.7745900,0
            -74.0426780,40.7738610,0
            -74.0425310,40.7737260,0
            -74.0423360,40.7734570,0
            -74.0421940,40.7730770,0
            -74.0422540,40.7727170,0
            -74.0423530,40.7724220,0
            -74.0424660,40.7722010,0
            -74.0431870,40.7711030,0
            -74.0469760,40.7661010,0
            -74.0500060,40.7617960,0
            -74.0500600,40.7617770,0
            -74.0500890,40.7617610,0
            -74.0502370,40.7616240,0
            -74.0506260,40.7613290,0
            -74.0512020,40.7609760,0
            -74.0513320,40.7608820,0
            -74.0518080,40.7604160,0
            -74.0499590,40.7595380,0
            -74.0498700,40.7594840,0
            -74.0497090,40.7593190,0
            -74.0496370,40.7592220,0
            -74.0493170,40.7586290,0
            -74.0492660,40.7585700,0
            -74.0492350,40.7585470,0
            -74.0485660,40.7583180,0
            -74.0484200,40.7582970,0
            -74.0458410,40.7573850,0
            -74.0477710,40.7545500,0
            -74.0480900,40.7541850,0
            -74.0485320,40.7538590,0
            -74.0488530,40.7536920,0
            -74.0493320,40.7535630,0
            -74.0509210,40.7532740,0
            -74.0509290,40.7532750,0
            -74.0513240,40.7531340,0
            -74.0520940,40.7527360,0
            -74.0530420,40.7522970,0
            -74.0532440,40.7521340,0
            -74.0534450,40.7518870,0
            -74.0544490,40.7504860,0
            -74.0583200,40.7447260,0
            -74.0619710,40.7396770,0
            -74.0618790,40.7396180,0
            -74.0591430,40.7373180,0
            -74.0536900,40.7325260,0
            -74.0535640,40.7323630,0
            -74.0528740,40.7317550,0
            -74.0550720,40.7300770,0
            -74.0552580,40.7299570,0
            -74.0546450,40.7282180,0
            -74.0545760,40.7280920,0
            -74.0543770,40.7278690,0
            -74.0534140,40.7269020,0
            -74.0517110,40.7253370,0
            -74.0438620,40.7246510,0
            -74.0437490,40.7253530,0
            -74.0406260,40.7250790,0
            -74.0404520,40.7250110,0
            -74.0400630,40.7249660,0
            -74.0393230,40.7247230,0
            -74.0389290,40.7246670,0
            -74.0357510,40.7243830,0
            -74.0355440,40.7249270,0
            -74.0354750,40.7252940,0
            -74.0352560,40.7258080,0
            -74.0344640,40.7271360,0
            -74.0344050,40.7273040,0
            -74.0343750,40.7274420,0
            -74.0343530,40.7277140,0
            -74.0343740,40.7278500,0
            -74.0344070,40.7279650,0
          </coordinates>
        </LineString>
      </Placemark>
      <Placemark>
        <name>Chef Tan</name>
        <styleUrl>#icon-1739-0288D1</styleUrl>
        <ExtendedData>
          <Data name="Category">
            <value>Chinese</value>
          </Data>
          <Data name="Distance">
            <value>0</value>
          </Data>
        </ExtendedData>
        <Point>
          <coordinates>
            -74.034219,40.728367,0
          </coordinates>
        </Point>
      </Placemark>
      <Placemark>
        <name>Newport</name>
        <styleUrl>#icon-1739-0288D1</styleUrl>
        <ExtendedData>
          <Data name="Category">
            <value />
          </Data>
          <Data name="Distance">
            <value>0</value>
          </Data>
        </ExtendedData>
        <Point>
          <coordinates>
            -74.034419,40.729029,0
          </coordinates>
        </Point>
      </Placemark>
      <Placemark>
        <name>Driving</name>
        <styleUrl>#line-0097A7-5000</styleUrl>
        <ExtendedData>
          <Data name="Category">
            <value>Driving</value>
          </Data>
          <Data name="Distance">
            <value>43874</value>
          </Data>
        </ExtendedData>
        <LineString>
          <tessellate>1</tessellate>
          <coordinates>
            -74.0376130,40.7252070,0
            -74.0376960,40.7246770,0
            -74.0390820,40.7247860,0
            -74.0398720,40.7250300,0
            -74.0399200,40.7250790,0
            -74.0402160,40.7251680,0
            -74.0402990,40.7252290,0
            -74.0403980,40.7253520,0
            -74.0400320,40.7276720,0
            -74.0399940,40.7277000,0
            -74.0397290,40.7294940,0
            -74.0396510,40.7297080,0
            -74.0395920,40.7297780,0
            -74.0394560,40.7298390,0
            -74.0390940,40.7299160,0
            -74.0366480,40.7297880,0
            -74.0357060,40.7296260,0
            -74.0321950,40.7287000,0
            -74.0269670,40.7282630,0
            -74.0151090,40.7264170,0
            -74.0122740,40.7261350,0
            -74.0118670,40.7260320,0
            -74.0111190,40.7257180,0
            -74.0065950,40.7225000,0
            -74.0065340,40.7223920,0
            -74.0065250,40.7220810,0
            -74.0065830,40.7219200,0
            -74.0066430,40.7218310,0
            -74.0067810,40.7217200,0
            -74.0069290,40.7216570,0
            -74.0070670,40.7216240,0
            -74.0076010,40.7216070,0
            -74.0077780,40.7215460,0
            -74.0079220,40.7214340,0
            -74.0079910,40.7213140,0
            -74.0080070,40.7211840,0
            -74.0079930,40.7211080,0
            -74.0078640,40.7209420,0
            -74.0077540,40.7208730,0
            -74.0075430,40.7208170,0
            -74.0074190,40.7208160,0
            -74.0072040,40.7208720,0
            -74.0071240,40.7209170,0
            -74.0070280,40.7210080,0
            -74.0068240,40.7214800,0
            -74.0067450,40.7215930,0
            -74.0065110,40.7217950,0
            -74.0064690,40.7218150,0
            -74.0063690,40.7218360,0
            -74.0050860,40.7216910,0
            -73.9986280,40.7170720,0
            -73.9961960,40.7162080,0
            -73.9960910,40.7161240,0
            -73.9958350,40.7157130,0
            -73.9958050,40.7156250,0
            -73.9957170,40.7155160,0
            -73.9950840,40.7149450,0
            -73.9853610,40.6975640,0
            -73.9834480,40.6937140,0
            -73.9842760,40.6937710,0
            -73.9843160,40.6937180,0
            -73.9843190,40.6936880,0
            -73.9842850,40.6936130,0
            -73.9832000,40.6935820,0
            -73.9842060,40.6955670,0
            -73.9841570,40.6956960,0
            -73.9841440,40.6959340,0
            -73.9822430,40.6958740,0
            -73.9821520,40.6959070,0
            -73.9816480,40.6959740,0
            -73.9808180,40.6962280,0
            -73.9804500,40.6962860,0
            -73.9797390,40.6962700,0
            -73.9796310,40.6963110,0
            -73.9653100,40.6957470,0
            -73.9648800,40.6957890,0
            -73.9641110,40.6959880,0
            -73.9636710,40.6961960,0
            -73.9634340,40.6963430,0
            -73.9629770,40.6967440,0
            -73.9627580,40.6970300,0
            -73.9625720,40.6973870,0
            -73.9618970,40.6995830,0
            -73.9613730,40.7008620,0
            -73.9568130,40.7088820,0
            -73.9541680,40.7128460,0
            -73.9537050,40.7134080,0
            -73.9516500,40.7152600,0
            -73.9504560,40.7161440,0
            -73.9460610,40.7189790,0
            -73.9418630,40.7214670,0
            -73.9402390,40.7226070,0
            -73.9382100,40.7236920,0
            -73.9375760,40.7239370,0
            -73.9352600,40.7245280,0
            -73.9350470,40.7245430,0
            -73.9326850,40.7250770,0
            -73.9320380,40.7252970,0
            -73.9313710,40.7255960,0
            -73.9307070,40.7259850,0
            -73.9302970,40.7262830,0
            -73.9273840,40.7288220,0
            -73.9269040,40.7293640,0
            -73.9251160,40.7319820,0
            -73.9249800,40.7320280,0
            -73.9246230,40.7325290,0
            -73.9243890,40.7327180,0
            -73.9240850,40.7328560,0
            -73.9237880,40.7329190,0
            -73.9235520,40.7329250,0
            -73.9200290,40.7323390,0
            -73.9193400,40.7321210,0
            -73.9188960,40.7318930,0
            -73.9180670,40.7315570,0
            -73.9141860,40.7304540,0
            -73.9121400,40.7299750,0
            -73.9112480,40.7297040,0
            -73.9103270,40.7293270,0
            -73.9097980,40.7290230,0
            -73.9094840,40.7287080,0
            -73.9070510,40.7271370,0
            -73.9060800,40.7266730,0
            -73.9053300,40.7264090,0
            -73.9041950,40.7261280,0
            -73.8947130,40.7252250,0
            -73.8940680,40.7252020,0
            -73.8926870,40.7253040,0
            -73.8912810,40.7256150,0
            -73.8900620,40.7261010,0
            -73.8879540,40.7273400,0
            -73.8868380,40.7278510,0
            -73.8858780,40.7281350,0
            -73.8847490,40.7283260,0
            -73.8812840,40.7286050,0
            -73.8802890,40.7287790,0
            -73.8792010,40.7291060,0
            -73.8763480,40.7302140,0
            -73.8696140,40.7322480,0
            -73.8656080,40.7335790,0
            -73.8559590,40.7364400,0
            -73.8521270,40.7372220,0
            -73.8504180,40.7377360,0
            -73.8481200,40.7386510,0
            -73.8392650,40.7428080,0
            -73.8382720,40.7431130,0
            -73.8372620,40.7433030,0
            -73.8365370,40.7433740,0
            -73.8358780,40.7433850,0
            -73.8301980,40.7428660,0
            -73.8300500,40.7427840,0
            -73.8285540,40.7425520,0
            -73.8284380,40.7424860,0
            -73.8276800,40.7424070,0
            -73.8273790,40.7423310,0
            -73.8265920,40.7418910,0
            -73.8252740,40.7417470,0
            -73.8249330,40.7400430,0
            -73.8249000,40.7395070,0
            -73.8254060,40.7340800,0
            -73.8253770,40.7337210,0
            -73.8252230,40.7332950,0
            -73.8245560,40.7320030,0
            -73.8246950,40.7319820,0
            -73.8302600,40.7303280,0
            -73.8303450,40.7302810,0
            -73.8310600,40.7295790,0
            -73.8317980,40.7299960,0
            -73.8320780,40.7300790,0
            -73.8323260,40.7301010,0
            -73.8326710,40.7300610,0
            -73.8330750,40.7299290,0
            -73.8338730,40.7305590,0
            -73.8342240,40.7309350,0
            -73.8343790,40.7311780,0
            -73.8345500,40.7313000,0
            -73.8358970,40.7339240,0
            -73.8361460,40.7345430,0
            -73.8363150,40.7352470,0
            -73.8362400,40.7353220,0
            -73.8361450,40.7358640,0
            -73.8357530,40.7370150,0
            -73.8357240,40.7375410,0
            -73.8358760,40.7380770,0
            -73.8365510,40.7392440,0
            -73.8367150,40.7396150,0
            -73.8371060,40.7413840,0
            -73.8370840,40.7418400,0
            -73.8369480,40.7421920,0
            -73.8368960,40.7422640,0
            -73.8371390,40.7435610,0
            -73.8371170,40.7437540,0
            -73.8370040,40.7440020,0
            -73.8367640,40.7442200,0
            -73.8359290,40.7447410,0
            -73.8355030,40.7452960,0
            -73.8346280,40.7468790,0
            -73.8344420,40.7471170,0
            -73.8341320,40.7473690,0
            -73.8331130,40.7479990,0
            -73.8330050,40.7481510,0
            -73.8321730,40.7516230,0
            -73.8321750,40.7517780,0
            -73.8341990,40.7580970,0
            -73.8341520,40.7581380,0
            -73.8338210,40.7582950,0
            -73.8338160,40.7583260,0
            -73.8301320,40.7595660,0
            -73.8244270,40.7609980,0
            -73.8259870,40.7644070,0
            -73.8281080,40.7640590,0
            -73.8332800,40.7628210,0
            -73.8360190,40.7628590,0
            -73.8380920,40.7626720,0
            -73.8384850,40.7627460,0
            -73.8386620,40.7628260,0
            -73.8388640,40.7629900,0
            -73.8392820,40.7635660,0
            -73.8394470,40.7636670,0
            -73.8396300,40.7637140,0
            -73.8398920,40.7637100,0
            -73.8400630,40.7636670,0
            -73.8402310,40.7635660,0
            -73.8403710,40.7633930,0
            -73.8404130,40.7632280,0
            -73.8404040,40.7631190,0
            -73.8403130,40.7629540,0
            -73.8397520,40.7624770,0
            -73.8390470,40.7612500,0
            -73.8389250,40.7608370,0
            -73.8388790,40.7599340,0
            -73.8388220,40.7598470,0
            -73.8389540,40.7585900,0
            -73.8388980,40.7578900,0
            -73.8382580,40.7550180,0
            -73.8378600,40.7541970,0
            -73.8352440,40.7503140,0
            -73.8349960,40.7498240,0
            -73.8348460,40.7493310,0
            -73.8347810,40.7486150,0
            -73.8349280,40.7478150,0
            -73.8351590,40.7472800,0
            -73.8354000,40.7469000,0
            -73.8372010,40.7447570,0
            -73.8376000,40.7439770,0
            -73.8377770,40.7432080,0
            -73.8377840,40.7421810,0
            -73.8376610,40.7415450,0
            -73.8368910,40.7389010,0
            -73.8366960,40.7378540,0
            -73.8364920,40.7352470,0
            -73.8362380,40.7342960,0
            -73.8324350,40.7269480,0
            -73.8320240,40.7264270,0
            -73.8315600,40.7259920,0
            -73.8295090,40.7245980,0
            -73.8289200,40.7241280,0
            -73.8283040,40.7235240,0
            -73.8276160,40.7226630,0
            -73.8265230,40.7207870,0
            -73.8263640,40.7202710,0
            -73.8262870,40.7194370,0
            -73.8263720,40.7174830,0
            -73.8262570,40.7165330,0
            -73.8259580,40.7156720,0
            -73.8251800,40.7144070,0
            -73.8242960,40.7132410,0
            -73.8242080,40.7131840,0
            -73.8236140,40.7125140,0
            -73.8230580,40.7119860,0
            -73.8213570,40.7106080,0
            -73.8203500,40.7095030,0
            -73.8199850,40.7089790,0
            -73.8200260,40.7088870,0
            -73.8194580,40.7075100,0
            -73.8183060,40.7058210,0
            -73.8182150,40.7057810,0
            -73.8176810,40.7048680,0
            -73.8175620,40.7048330,0
            -73.8142420,40.6979860,0
            -73.8127020,40.6954860,0
            -73.8071830,40.6856660,0
            -73.8072240,40.6855540,0
            -73.8065470,40.6836510,0
            -73.8065640,40.6835250,0
            -73.8062200,40.6828010,0
            -73.8254650,40.6773510,0
            -73.8256180,40.6772240,0
            -73.8295970,40.6778720,0
            -73.8309170,40.6781770,0
            -73.8308950,40.6780580,0
            -73.8311430,40.6771730,0
            -73.8311520,40.6766720,0
            -73.8312380,40.6763590,0
            -73.8313670,40.6761140,0
            -73.8315560,40.6758760,0
            -73.8317460,40.6757070,0
            -73.8319220,40.6756040,0
            -73.8321900,40.6755340,0
            -73.8316360,40.6754020,0
            -73.8315460,40.6753980,0
            -73.8314640,40.6754200,0
            -73.8314170,40.6754500,0
            -73.8312410,40.6757540,0
            -73.8311800,40.6757860,0
            -73.8310600,40.6757900,0
            -73.8309980,40.6757680,0
            -73.8309050,40.6756830,0
            -73.8309010,40.6755940,0
            -73.8311110,40.6751030,0
            -73.8308990,40.6756100,0
            -73.8308620,40.6756530,0
            -73.8308460,40.6757140,0
            -73.8309060,40.6760590,0
            -73.8308000,40.6764160,0
            -73.8308790,40.6764510,0
            -73.8310820,40.6764920,0
            -73.8309980,40.6771200,0
            -73.8311500,40.6771240,0
            -73.8311520,40.6766720,0
            -73.8312380,40.6763590,0
            -73.8313670,40.6761140,0
            -73.8315560,40.6758760,0
            -73.8317460,40.6757070,0
            -73.8319220,40.6756040,0
            -73.8321900,40.6755340,0
            -73.8323220,40.6754370,0
            -73.8333240,40.6750470,0
            -73.8336690,40.6748480,0
          </coordinates>
        </LineString>
      </Placemark>
      <Placemark>
        <name>Hyatt Regency Jfk Airport At Resorts World New York</name>
        <styleUrl>#icon-1602-0288D1</styleUrl>
        <ExtendedData>
          <Data name="Category">
            <value>Hotel</value>
          </Data>
          <Data name="Distance">
            <value>0</value>
          </Data>
        </ExtendedData>
        <Point>
          <coordinates>
            -73.832745,40.673723,0
          </coordinates>
        </Point>
      </Placemark>
    </Folder>
    <Folder>
      <name>2021-11-28</name>
      <Placemark>
        <name>Holiday Inn Express &amp; Suites Jersey City - Holland Tunnel, an IHG Hotel</name>
        <styleUrl>#icon-1602-0288D1</styleUrl>
        <ExtendedData>
          <Data name="Category">
            <value>Hotel</value>
          </Data>
          <Data name="Distance">
            <value>0</value>
          </Data>
        </ExtendedData>
        <Point>
          <coordinates>
            -74.040468,40.731846,0
          </coordinates>
        </Point>
      </Placemark>
      <Placemark>
        <name>In a taxi</name>
        <styleUrl>#line-7CB342-5000</styleUrl>
        <ExtendedData>
          <Data name="Category">
            <value>In a taxi</value>
          </Data>
          <Data name="Distance">
            <value>1459</value>
          </Data>
        </ExtendedData>
        <LineString>
          <tessellate>1</tessellate>
          <coordinates>
            -74.0402540,40.7316260,0
            -74.0407240,40.7316680,0
            -74.0410970,40.7317010,0
            -74.0411410,40.7314310,0
            -74.0411710,40.7312760,0
            -74.0411820,40.7312110,0
            -74.0412010,40.7310710,0
            -74.0412410,40.7308250,0
            -74.0412440,40.7307940,0
            -74.0412560,40.7307120,0
            -74.0412790,40.7305630,0
            -74.0412930,40.7304800,0
            -74.0413100,40.7303530,0
            -74.0413350,40.7301900,0
            -74.0413740,40.7299360,0
            -74.0413990,40.7297340,0
            -74.0414250,40.7295550,0
            -74.0414780,40.7291980,0
            -74.0414800,40.7291790,0
            -74.0415240,40.7289340,0
            -74.0415390,40.7288320,0
            -74.0416580,40.7280820,0
            -74.0416690,40.7279290,0
            -74.0416800,40.7278510,0
            -74.0417420,40.7273770,0
            -74.0417860,40.7270680,0
            -74.0418680,40.7266410,0
            -74.0419620,40.7260030,0
            -74.0419750,40.7259250,0
            -74.0420870,40.7252120,0
            -74.0418510,40.7251900,0
            -74.0416150,40.7251690,0
            -74.0408230,40.7250980,0
            -74.0406260,40.7250790,0
            -74.0404520,40.7250110,0
            -74.0403670,40.7250000,0
            -74.0402310,40.7249900,0
            -74.0401480,40.7249810,0
            -74.0400630,40.7249660,0
            -74.0399960,40.7249470,0
            -74.0399270,40.7249270,0
            -74.0398110,40.7248860,0
            -74.0396850,40.7248390,0
            -74.0395520,40.7247950,0
            -74.0394370,40.7247540,0
            -74.0393230,40.7247230,0
            -74.0391070,40.7246890,0
            -74.0389290,40.7246670,0
            -74.0384580,40.7246270,0
            -74.0382160,40.7246080,0
            -74.0380820,40.7245950,0
            -74.0377180,40.7245670,0
            -74.0370680,40.7245100,0
            -74.0369710,40.7245080,0
            -74.0369220,40.7245020,0
            -74.0364320,40.7244600,0
            -74.0359080,40.7244040,0
            -74.0357510,40.7243830,0
            -74.0357070,40.7244790,0
            -74.0356630,40.7245830,0
            -74.0355440,40.7249270,0
            -74.0355330,40.7249830,0
            -74.0355100,40.7251100,0
            -74.0355090,40.7251110,0
            -74.0355090,40.7251150,0
            -74.0354750,40.7252940,0
            -74.0353950,40.7254820,0
            -74.0353860,40.7255070,0
            -74.0353420,40.7256100,0
            -74.0353350,40.7256310,0
            -74.0352560,40.7258080,0
            -74.0350100,40.7262310,0
            -74.0349090,40.7264050,0
            -74.0346980,40.7267320,0
            -74.0345600,40.7269580,0
            -74.0344640,40.7271350,0
            -74.0344430,40.7272010,0
          </coordinates>
        </LineString>
      </Placemark>
      <Placemark>
        <name>Newport</name>
        <styleUrl>#icon-1739-0288D1</styleUrl>
        <ExtendedData>
          <Data name="Category">
            <value>Train station</value>
          </Data>
          <Data name="Distance">
            <value>0</value>
          </Data>
        </ExtendedData>
        <Point>
          <coordinates>
            -74.033758,40.726984,0
          </coordinates>
        </Point>
      </Placemark>
      <Placemark>
        <name>On a train</name>
        <styleUrl>#line-7CB342-5000</styleUrl>
        <ExtendedData>
          <Data name="Category">
            <value>On a train</value>
          </Data>
          <Data name="Distance">
            <value>5366</value>
          </Data>
        </ExtendedData>
        <LineString>
          <tessellate>1</tessellate>
          <coordinates>
            -74.0343170,40.7270070,0
            -74.0338900,40.7274490,0
            -74.0291560,40.7357510,0
            -74.0281090,40.7354670,0
            -73.9988980,40.7341340,0
            -73.9891220,40.7479190,0
          </coordinates>
        </LineString>
      </Placemark>
      <Placemark>
        <name>Walking</name>
        <styleUrl>#line-7CB342-5000</styleUrl>
        <ExtendedData>
          <Data name="Category">
            <value>Walking</value>
          </Data>
          <Data name="Distance">
            <value>751</value>
          </Data>
        </ExtendedData>
        <LineString>
          <tessellate>1</tessellate>
          <coordinates>
            -73.9885140,40.7485610,0
            -73.9884880,40.7485960,0
            -73.9884270,40.7487050,0
            -73.9882110,40.7489940,0
            -73.9881940,40.7490440,0
            -73.9880980,40.7490020,0
            -73.9880850,40.7490200,0
            -73.9880410,40.7490850,0
            -73.9880180,40.7491180,0
            -73.9880940,40.7491510,0
            -73.9880160,40.7492580,0
            -73.9879010,40.7494140,0
            -73.9878150,40.7495300,0
            -73.9877000,40.7496930,0
            -73.9876970,40.7496910,0
            -73.9876060,40.7498160,0
            -73.9875850,40.7498460,0
            -73.9875650,40.7498380,0
            -73.9875350,40.7499170,0
            -73.9875010,40.7499920,0
            -73.9874200,40.7500640,0
            -73.9872180,40.7503610,0
            -73.9872120,40.7503590,0
            -73.9871240,40.7504760,0
            -73.9871280,40.7504780,0
            -73.9870110,40.7506470,0
            -73.9868920,40.7508080,0
            -73.9867980,40.7509400,0
            -73.9867770,40.7509730,0
            -73.9866890,40.7509360,0
            -73.9860640,40.7506740,0
            -73.9856480,40.7504990,0
            -73.9854390,40.7504120,0
            -73.9852670,40.7503390,0
            -73.9852310,40.7503240,0
            -73.9841890,40.7498880,0
            -73.9841760,40.7498830,0
            -73.9837880,40.7497210,0
            -73.9838480,40.7496390,0
            -73.9839210,40.7495390,0
            -73.9839780,40.7494580,0
            -73.9841480,40.7492250,0
            -73.9841630,40.7492310,0
            -73.9842310,40.7491330,0
            -73.9842430,40.7491150,0
            -73.9842390,40.7491130,0
            -73.9844240,40.7488660,0
            -73.9844860,40.7487790,0
            -73.9845760,40.7486580,0
            -73.9846300,40.7485860,0
            -73.9849440,40.7487180,0
            -73.9850570,40.7487740,0
            -73.9853040,40.7488840,0
          </coordinates>
        </LineString>
      </Placemark>
      <Placemark>
        <name>Empire State Building</name>
        <styleUrl>#icon-1535-0288D1</styleUrl>
        <ExtendedData>
          <Data name="Category">
            <value>Tourist attraction</value>
          </Data>
          <Data name="Distance">
            <value>0</value>
          </Data>
        </ExtendedData>
        <Point>
          <coordinates>
            -73.985664,40.74844,0
          </coordinates>
        </Point>
      </Placemark>
      <Placemark>
        <name>Walking</name>
        <styleUrl>#line-7CB342-5000</styleUrl>
        <ExtendedData>
          <Data name="Category">
            <value>Walking</value>
          </Data>
          <Data name="Distance">
            <value>603</value>
          </Data>
        </ExtendedData>
        <LineString>
          <tessellate>1</tessellate>
          <coordinates>
            -73.9857430,40.7481540,0
            -73.9856640,40.7481200,0
            -73.9851250,40.7478890,0
            -73.9849370,40.7481410,0
            -73.9848670,40.7482410,0
            -73.9847380,40.7484140,0
            -73.9847600,40.7484230,0
            -73.9846530,40.7485680,0
            -73.9846370,40.7485890,0
            -73.9846300,40.7485860,0
            -73.9845760,40.7486580,0
            -73.9844860,40.7487790,0
            -73.9844250,40.7488660,0
            -73.9842390,40.7491130,0
            -73.9842440,40.7491150,0
            -73.9842310,40.7491330,0
            -73.9841630,40.7492310,0
            -73.9841480,40.7492250,0
            -73.9839780,40.7494580,0
            -73.9839210,40.7495390,0
            -73.9838480,40.7496390,0
            -73.9837890,40.7497210,0
            -73.9841760,40.7498830,0
            -73.9841890,40.7498880,0
            -73.9852310,40.7503240,0
            -73.9852670,40.7503390,0
            -73.9854400,40.7504120,0
            -73.9856480,40.7504990,0
            -73.9857170,40.7505280,0
          </coordinates>
        </LineString>
      </Placemark>
      <Placemark>
        <name>Best Western Premier Herald Square</name>
        <styleUrl>#icon-1739-0288D1</styleUrl>
        <ExtendedData>
          <Data name="Category">
            <value>Hotel</value>
          </Data>
          <Data name="Distance">
            <value>0</value>
          </Data>
        </ExtendedData>
        <Point>
          <coordinates>
            -73.985716,40.750311,0
          </coordinates>
        </Point>
      </Placemark>
      <Placemark>
        <name>On the subway</name>
        <styleUrl>#line-7CB342-5000</styleUrl>
        <ExtendedData>
          <Data name="Category">
            <value>On the subway</value>
          </Data>
          <Data name="Distance">
            <value>15224</value>
          </Data>
        </ExtendedData>
        <LineString>
          <tessellate>1</tessellate>
          <coordinates>
            -73.9857160,40.7503110,0
            -73.9865160,40.7505750,0
            -73.9867300,40.7559410,0
            -73.9824870,40.7542300,0
            -73.9541030,40.7426700,0
            -73.9481870,40.7424390,0
            -73.9444780,40.7490470,0
            -73.9383640,40.7497350,0
            -73.9291920,40.7442250,0
            -73.9182320,40.7432020,0
            -73.9123980,40.7442150,0
            -73.8957300,40.7463620,0
            -73.8853820,40.7474140,0
            -73.8715150,40.7489280,0
            -73.8603790,40.7500840,0
            -73.8474090,40.7537020,0
            -73.8374240,40.7575680,0
            -73.8300990,40.7595620,0
          </coordinates>
        </LineString>
      </Placemark>
      <Placemark>
        <name>Walking</name>
        <styleUrl>#line-7CB342-5000</styleUrl>
        <ExtendedData>
          <Data name="Category">
            <value>Walking</value>
          </Data>
          <Data name="Distance">
            <value>1887</value>
          </Data>
        </ExtendedData>
        <LineString>
          <tessellate>1</tessellate>
          <coordinates>
            -73.8300780,40.7595170,0
            -73.8298120,40.7595840,0
            -73.8290880,40.7597650,0
            -73.8288850,40.7598130,0
            -73.8288310,40.7598270,0
            -73.8286590,40.7598820,0
            -73.8284190,40.7599420,0
            -73.8282120,40.7599830,0
            -73.8278780,40.7600690,0
            -73.8276870,40.7601170,0
            -73.8276660,40.7601230,0
            -73.8265860,40.7603930,0
            -73.8265800,40.7603800,0
            -73.8264300,40.7604270,0
            -73.8264020,40.7604350,0
            -73.8263970,40.7604360,0
            -73.8264610,40.7605730,0
            -73.8249100,40.7609590,0
            -73.8246850,40.7610160,0
            -73.8245710,40.7610440,0
            -73.8245750,40.7610510,0
            -73.8243510,40.7610990,0
            -73.8243500,40.7610970,0
            -73.8239750,40.7611980,0
            -73.8237510,40.7612590,0
            -73.8236540,40.7612850,0
            -73.8235580,40.7613120,0
            -73.8234320,40.7613450,0
            -73.8232120,40.7614050,0
            -73.8231890,40.7614120,0
            -73.8231360,40.7614280,0
            -73.8230280,40.7614540,0
            -73.8227280,40.7615330,0
            -73.8222110,40.7616710,0
            -73.8222020,40.7616520,0
            -73.8221550,40.7615560,0
            -73.8221450,40.7615350,0
            -73.8221500,40.7615340,0
            -73.8219960,40.7612080,0
            -73.8219600,40.7611190,0
            -73.8219440,40.7610860,0
            -73.8218600,40.7609180,0
            -73.8218350,40.7608670,0
            -73.8217070,40.7605920,0
            -73.8217060,40.7605920,0
            -73.8216450,40.7604560,0
            -73.8216360,40.7604350,0
            -73.8216280,40.7604370,0
            -73.8215050,40.7601640,0
            -73.8213010,40.7597280,0
            -73.8212980,40.7597290,0
            -73.8212890,40.7597100,0
            -73.8212480,40.7596190,0
            -73.8212520,40.7596180,0
            -73.8211370,40.7593730,0
            -73.8211020,40.7592880,0
            -73.8209350,40.7589330,0
            -73.8209070,40.7589020,0
            -73.8209740,40.7588830,0
            -73.8209300,40.7588680,0
            -73.8206620,40.7587800,0
            -73.8206580,40.7587800,0
            -73.8206240,40.7587660,0
            -73.8205130,40.7586930,0
            -73.8201980,40.7584910,0
            -73.8201960,40.7584930,0
            -73.8201730,40.7584770,0
            -73.8200480,40.7583950,0
            -73.8200450,40.7583970,0
            -73.8193520,40.7579430,0
            -73.8193540,40.7579420,0
            -73.8192700,40.7578840,0
            -73.8192650,40.7578880,0
            -73.8186780,40.7575130,0
            -73.8187080,40.7574930,0
            -73.8185880,40.7574520,0
            -73.8181650,40.7571840,0
            -73.8180160,40.7570860,0
            -73.8180180,40.7570850,0
            -73.8179270,40.7570270,0
            -73.8179320,40.7570240,0
            -73.8178870,40.7570000,0
            -73.8173120,40.7566240,0
            -73.8173110,40.7566250,0
            -73.8171830,40.7565450,0
            -73.8171840,40.7565450,0
            -73.8170430,40.7564550,0
            -73.8165710,40.7561530,0
            -73.8165110,40.7561100,0
            -73.8164860,40.7560930,0
            -73.8162170,40.7559190,0
            -73.8161720,40.7558910,0
            -73.8161070,40.7558490,0
            -73.8157780,40.7556330,0
            -73.8157770,40.7556340,0
            -73.8157640,40.7556240,0
            -73.8156600,40.7555470,0
            -73.8156620,40.7555450,0
            -73.8156240,40.7555240,0
          </coordinates>
        </LineString>
      </Placemark>
      <Placemark>
        <name>刘阿姨私房菜 Aunt Liu's Private Kitchen</name>
        <styleUrl>#icon-1739-0288D1</styleUrl>
        <ExtendedData>
          <Data name="Category">
            <value>Sichuan</value>
          </Data>
          <Data name="Distance">
            <value>0</value>
          </Data>
        </ExtendedData>
        <Point>
          <coordinates>
            -73.815612,40.755366,0
          </coordinates>
        </Point>
      </Placemark>
      <Placemark>
        <name>Walking</name>
        <styleUrl>#line-7CB342-5000</styleUrl>
        <ExtendedData>
          <Data name="Category">
            <value>Walking</value>
          </Data>
          <Data name="Distance">
            <value>1513</value>
          </Data>
        </ExtendedData>
        <LineString>
          <tessellate>1</tessellate>
          <coordinates>
            -73.8157560,40.7556480,0
            -73.8157780,40.7556330,0
            -73.8161070,40.7558490,0
            -73.8161730,40.7558900,0
            -73.8162170,40.7559190,0
            -73.8164860,40.7560930,0
            -73.8165110,40.7561100,0
            -73.8165720,40.7561530,0
            -73.8170430,40.7564550,0
            -73.8171840,40.7565450,0
            -73.8173110,40.7566250,0
            -73.8173120,40.7566240,0
            -73.8178870,40.7570000,0
            -73.8179330,40.7570240,0
            -73.8179270,40.7570270,0
            -73.8180180,40.7570840,0
            -73.8180160,40.7570860,0
            -73.8181650,40.7571840,0
            -73.8185830,40.7574490,0
            -73.8185960,40.7574580,0
            -73.8185990,40.7574560,0
            -73.8186060,40.7574580,0
            -73.8187080,40.7574930,0
            -73.8186780,40.7575130,0
            -73.8192650,40.7578880,0
            -73.8192700,40.7578840,0
            -73.8193550,40.7579420,0
            -73.8193520,40.7579430,0
            -73.8200450,40.7583970,0
            -73.8200480,40.7583950,0
            -73.8200680,40.7584080,0
            -73.8201730,40.7584770,0
            -73.8201960,40.7584920,0
            -73.8201980,40.7584910,0
            -73.8205130,40.7586930,0
            -73.8206240,40.7587660,0
            -73.8206580,40.7587800,0
            -73.8206620,40.7587800,0
            -73.8207030,40.7587930,0
            -73.8209300,40.7588680,0
            -73.8209740,40.7588830,0
            -73.8209070,40.7589020,0
            -73.8209350,40.7589330,0
            -73.8211020,40.7592880,0
            -73.8211370,40.7593720,0
            -73.8212520,40.7596180,0
            -73.8212480,40.7596190,0
            -73.8212890,40.7597100,0
            -73.8212980,40.7597290,0
            -73.8213010,40.7597280,0
            -73.8215050,40.7601640,0
            -73.8216280,40.7604370,0
            -73.8216360,40.7604350,0
            -73.8216450,40.7604560,0
            -73.8216970,40.7605720,0
            -73.8217060,40.7605920,0
            -73.8217070,40.7605920,0
            -73.8218350,40.7608670,0
            -73.8218610,40.7609180,0
            -73.8219200,40.7610380,0
            -73.8219440,40.7610860,0
            -73.8219600,40.7611190,0
            -73.8219960,40.7612080,0
            -73.8221500,40.7615340,0
            -73.8226650,40.7613960,0
            -73.8229110,40.7613310,0
            -73.8230190,40.7613030,0
            -73.8230970,40.7612830,0
            -73.8231430,40.7612690,0
            -73.8233680,40.7612090,0
            -73.8234930,40.7611750,0
            -73.8235140,40.7611700,0
            -73.8236380,40.7611350,0
            -73.8237430,40.7611060,0
            -73.8237910,40.7610930,0
            -73.8242620,40.7609660,0
            -73.8243060,40.7609550,0
            -73.8244860,40.7609080,0
            -73.8245200,40.7609000,0
            -73.8245210,40.7609030,0
            -73.8246250,40.7608770,0
            -73.8248500,40.7608210,0
            -73.8264020,40.7604350,0
            -73.8264300,40.7604270,0
            -73.8265570,40.7603870,0
            -73.8265800,40.7603800,0
            -73.8265860,40.7603930,0
            -73.8276670,40.7601230,0
            -73.8276870,40.7601170,0
            -73.8278790,40.7600690,0
            -73.8283080,40.7599580,0
          </coordinates>
        </LineString>
      </Placemark>
      <Placemark>
        <name>Downtown Flushing</name>
        <styleUrl>#icon-1739-0288D1</styleUrl>
        <ExtendedData>
          <Data name="Category">
            <value />
          </Data>
          <Data name="Distance">
            <value>0</value>
          </Data>
        </ExtendedData>
        <Point>
          <coordinates>
            -73.830127,40.759515,0
          </coordinates>
        </Point>
      </Placemark>
      <Placemark>
        <name>On a train</name>
        <styleUrl>#line-7CB342-5000</styleUrl>
        <ExtendedData>
          <Data name="Category">
            <value>On a train</value>
          </Data>
          <Data name="Distance">
            <value>15952</value>
          </Data>
        </ExtendedData>
        <LineString>
          <tessellate>1</tessellate>
          <coordinates>
            -73.8282190,40.7599330,0
            -73.8293920,40.7597670,0
            -73.8454010,40.7546890,0
            -73.8580280,40.7510880,0
            -73.8685460,40.7492530,0
            -73.8780460,40.7483620,0
            -73.8899940,40.7471280,0
            -73.9006590,40.7460140,0
            -73.9115180,40.7444460,0
            -73.9231760,40.7437540,0
            -73.9342380,40.7458860,0
            -73.9427640,40.7510390,0
            -73.9464750,40.7428820,0
            -73.9539890,40.7427410,0
            -73.9750580,40.7511270,0
            -73.9873360,40.7553440,0
            -74.0002190,40.7554500,0
          </coordinates>
        </LineString>
      </Placemark>
      <Placemark>
        <name>Walking</name>
        <styleUrl>#line-7CB342-5000</styleUrl>
        <ExtendedData>
          <Data name="Category">
            <value>Walking</value>
          </Data>
          <Data name="Distance">
            <value>258</value>
          </Data>
        </ExtendedData>
        <LineString>
          <tessellate>1</tessellate>
          <coordinates>
            -74.0004510,40.7552540,0
            -74.0005120,40.7552790,0
            -74.0005290,40.7552610,0
            -74.0006480,40.7551300,0
            -74.0006540,40.7551240,0
            -74.0006230,40.7551110,0
            -74.0007640,40.7549430,0
            -74.0008930,40.7547900,0
            -74.0009810,40.7546850,0
            -74.0009800,40.7545900,0
            -74.0010800,40.7544470,0
            -74.0011050,40.7544170,0
            -74.0011550,40.7543560,0
            -74.0012070,40.7542940,0
            -74.0012150,40.7542850,0
            -74.0014040,40.7540560,0
            -74.0014600,40.7539890,0
            -74.0014640,40.7539840,0
            -74.0014790,40.7539670,0
            -74.0015290,40.7539060,0
            -74.0015890,40.7538350,0
            -74.0016040,40.7538160,0
          </coordinates>
        </LineString>
      </Placemark>
      <Placemark>
        <name>Hudson Yards</name>
        <styleUrl>#icon-1739-0288D1</styleUrl>
        <ExtendedData>
          <Data name="Category">
            <value>Shopping mall</value>
          </Data>
          <Data name="Distance">
            <value>0</value>
          </Data>
        </ExtendedData>
        <Point>
          <coordinates>
            -74.001065,40.75338,0
          </coordinates>
        </Point>
      </Placemark>
      <Placemark>
        <name>On a bus</name>
        <styleUrl>#line-7CB342-5000</styleUrl>
        <ExtendedData>
          <Data name="Category">
            <value>On a bus</value>
          </Data>
          <Data name="Distance">
            <value>1848</value>
          </Data>
        </ExtendedData>
        <LineString>
          <tessellate>1</tessellate>
          <coordinates>
            -74.0016250,40.7535080,0
            -74.0029260,40.7561610,0
            -74.0016160,40.7545690,0
            -73.9978020,40.7540690,0
            -73.9933370,40.7520540,0
            -73.9885180,40.7485650,0
          </coordinates>
        </LineString>
      </Placemark>
      <Placemark>
        <name>33rd Street</name>
        <styleUrl>#icon-1739-0288D1</styleUrl>
        <ExtendedData>
          <Data name="Category">
            <value>Subway station</value>
          </Data>
          <Data name="Distance">
            <value>0</value>
          </Data>
        </ExtendedData>
        <Point>
          <coordinates>
            -73.988518,40.748565,0
          </coordinates>
        </Point>
      </Placemark>
      <Placemark>
        <name>On the subway</name>
        <styleUrl>#line-7CB342-5000</styleUrl>
        <ExtendedData>
          <Data name="Category">
            <value>On the subway</value>
          </Data>
          <Data name="Distance">
            <value>6165</value>
          </Data>
        </ExtendedData>
        <LineString>
          <tessellate>1</tessellate>
          <coordinates>
            -73.9885180,40.7485650,0
            -73.9882250,40.7492250,0
            -74.0071300,40.7329950,0
            -74.0291640,40.7357460,0
            -74.0342850,40.7270760,0
            -74.0404680,40.7318460,0
          </coordinates>
        </LineString>
      </Placemark>
      <Placemark>
        <name>Holiday Inn Express &amp; Suites Jersey City - Holland Tunnel, an IHG Hotel</name>
        <styleUrl>#icon-1602-0288D1</styleUrl>
        <ExtendedData>
          <Data name="Category">
            <value>Hotel</value>
          </Data>
          <Data name="Distance">
            <value>0</value>
          </Data>
        </ExtendedData>
        <Point>
          <coordinates>
            -74.040468,40.731846,0
          </coordinates>
        </Point>
      </Placemark>
    </Folder>
    <Folder>
      <name>2021-11-27</name>
      <Placemark>
        <name>Holiday Inn Express &amp; Suites Jersey City - Holland Tunnel, an IHG Hotel</name>
        <styleUrl>#icon-1602-0288D1</styleUrl>
        <ExtendedData>
          <Data name="Category">
            <value>Hotel</value>
          </Data>
          <Data name="Distance">
            <value>0</value>
          </Data>
        </ExtendedData>
        <Point>
          <coordinates>
            -74.040468,40.731846,0
          </coordinates>
        </Point>
      </Placemark>
      <Placemark>
        <name>In a taxi</name>
        <styleUrl>#line-FFEA00-5000</styleUrl>
        <ExtendedData>
          <Data name="Category">
            <value>In a taxi</value>
          </Data>
          <Data name="Distance">
            <value>1186</value>
          </Data>
        </ExtendedData>
        <LineString>
          <tessellate>1</tessellate>
          <coordinates>
            -74.0401010,40.7317910,0
            -74.0401250,40.7316150,0
            -74.0407240,40.7316680,0
            -74.0410970,40.7317010,0
            -74.0411410,40.7314310,0
            -74.0411710,40.7312760,0
            -74.0411820,40.7312110,0
            -74.0412010,40.7310710,0
            -74.0412410,40.7308250,0
            -74.0412440,40.7307940,0
            -74.0412560,40.7307120,0
            -74.0412790,40.7305630,0
            -74.0412930,40.7304800,0
            -74.0413100,40.7303530,0
            -74.0413350,40.7301900,0
            -74.0413730,40.7299360,0
            -74.0413990,40.7297340,0
            -74.0414250,40.7295550,0
            -74.0414780,40.7291980,0
            -74.0414800,40.7291790,0
            -74.0415240,40.7289340,0
            -74.0415390,40.7288320,0
            -74.0416580,40.7280820,0
            -74.0416690,40.7279290,0
            -74.0416800,40.7278510,0
            -74.0417420,40.7273770,0
            -74.0417860,40.7270680,0
            -74.0418680,40.7266410,0
            -74.0419620,40.7260030,0
            -74.0419750,40.7259250,0
            -74.0420870,40.7252120,0
            -74.0421150,40.7250330,0
            -74.0421160,40.7250290,0
            -74.0421470,40.7248290,0
            -74.0422020,40.7245080,0
            -74.0422100,40.7244460,0
            -74.0422990,40.7237930,0
            -74.0423900,40.7232440,0
            -74.0424110,40.7230880,0
            -74.0425220,40.7223900,0
            -74.0426270,40.7216660,0
            -74.0426810,40.7213600,0
            -74.0427450,40.7209530,0
            -74.0427980,40.7206100,0
            -74.0428540,40.7202460,0
          </coordinates>
        </LineString>
      </Placemark>
      <Placemark>
        <name>On the subway</name>
        <styleUrl>#line-FFEA00-5000</styleUrl>
        <ExtendedData>
          <Data name="Category">
            <value>On the subway</value>
          </Data>
          <Data name="Distance">
            <value>2885</value>
          </Data>
        </ExtendedData>
        <LineString>
          <tessellate>1</tessellate>
          <coordinates>
            -74.0426340,40.7218780,0
            -74.0115100,40.7116340,0
            -74.0118070,40.7116750,0
          </coordinates>
        </LineString>
      </Placemark>
      <Placemark>
        <name>Walking</name>
        <styleUrl>#line-FFEA00-5000</styleUrl>
        <ExtendedData>
          <Data name="Category">
            <value>Walking</value>
          </Data>
          <Data name="Distance">
            <value>931</value>
          </Data>
        </ExtendedData>
        <LineString>
          <tessellate>1</tessellate>
          <coordinates>
            -74.0107040,40.7112790,0
            -74.0105280,40.7115510,0
            -74.0104760,40.7116130,0
            -74.0104530,40.7116050,0
            -74.0103240,40.7115570,0
            -74.0103340,40.7115380,0
            -74.0091320,40.7109980,0
            -74.0087920,40.7113940,0
            -74.0088000,40.7113970,0
            -74.0087130,40.7115120,0
            -74.0087050,40.7115090,0
            -74.0086150,40.7116020,0
            -74.0082710,40.7120090,0
            -74.0081790,40.7121240,0
            -74.0078810,40.7124700,0
            -74.0078090,40.7125300,0
            -74.0078340,40.7125410,0
            -74.0077320,40.7126540,0
            -74.0077340,40.7126550,0
            -74.0076660,40.7127240,0
            -74.0073860,40.7130560,0
            -74.0073930,40.7130620,0
            -74.0073160,40.7131620,0
            -74.0072990,40.7131840,0
            -74.0072880,40.7131780,0
            -74.0071070,40.7133970,0
            -74.0069170,40.7136240,0
            -74.0069220,40.7136250,0
            -74.0069090,40.7136420,0
            -74.0068440,40.7137240,0
            -74.0068280,40.7137440,0
            -74.0068180,40.7137390,0
            -74.0064590,40.7141770,0
            -74.0064630,40.7141790,0
            -74.0064480,40.7141980,0
            -74.0063880,40.7142710,0
            -74.0063730,40.7142900,0
            -74.0063690,40.7142890,0
            -74.0063640,40.7142950,0
            -74.0063380,40.7142840,0
            -74.0061880,40.7142190,0
            -74.0061630,40.7142080,0
            -74.0060090,40.7143960,0
            -74.0058500,40.7145900,0
            -74.0058430,40.7145870,0
            -74.0058280,40.7146040,0
            -74.0057500,40.7146980,0
            -74.0057360,40.7146920,0
            -74.0054180,40.7150970,0
          </coordinates>
        </LineString>
      </Placemark>
      <Placemark>
        <name>African Burial Ground National Monument</name>
        <styleUrl>#icon-1535-0288D1</styleUrl>
        <ExtendedData>
          <Data name="Category">
            <value>National reserve</value>
          </Data>
          <Data name="Distance">
            <value>0</value>
          </Data>
        </ExtendedData>
        <Point>
          <coordinates>
            -74.004329,40.714549,0
          </coordinates>
        </Point>
      </Placemark>
      <Placemark>
        <name>Walking</name>
        <styleUrl>#line-FFEA00-5000</styleUrl>
        <ExtendedData>
          <Data name="Category">
            <value>Walking</value>
          </Data>
          <Data name="Distance">
            <value>1855</value>
          </Data>
        </ExtendedData>
        <LineString>
          <tessellate>1</tessellate>
          <coordinates>
            -74.0048820,40.7149850,0
            -74.0053390,40.7151980,0
            -74.0057360,40.7146920,0
            -74.0057500,40.7146980,0
            -74.0058430,40.7145870,0
            -74.0058500,40.7145900,0
            -74.0061660,40.7142050,0
            -74.0062570,40.7140330,0
            -74.0062690,40.7140390,0
            -74.0062740,40.7140320,0
            -74.0064600,40.7141750,0
            -74.0068180,40.7137390,0
            -74.0068280,40.7137440,0
            -74.0069220,40.7136260,0
            -74.0069170,40.7136240,0
            -74.0072890,40.7131790,0
            -74.0072990,40.7131840,0
            -74.0073930,40.7130620,0
            -74.0073860,40.7130560,0
            -74.0076660,40.7127240,0
            -74.0077340,40.7126550,0
            -74.0077320,40.7126540,0
            -74.0078340,40.7125410,0
            -74.0078090,40.7125300,0
            -74.0078810,40.7124700,0
            -74.0086150,40.7116020,0
            -74.0087050,40.7115090,0
            -74.0087130,40.7115120,0
            -74.0088000,40.7113970,0
            -74.0087920,40.7113940,0
            -74.0091320,40.7109980,0
            -74.0091280,40.7109960,0
            -74.0092010,40.7109000,0
            -74.0092030,40.7109010,0
            -74.0095320,40.7105050,0
            -74.0095290,40.7105030,0
            -74.0096000,40.7104230,0
            -74.0096070,40.7104260,0
            -74.0100440,40.7099060,0
            -74.0100490,40.7099080,0
            -74.0101250,40.7098110,0
            -74.0101090,40.7098040,0
            -74.0104370,40.7094280,0
            -74.0105220,40.7093500,0
            -74.0105840,40.7092790,0
            -74.0105830,40.7092780,0
            -74.0107050,40.7091410,0
            -74.0106960,40.7091370,0
            -74.0108960,40.7088940,0
            -74.0109740,40.7088240,0
            -74.0108370,40.7087050,0
            -74.0108190,40.7087250,0
            -74.0106300,40.7085860,0
            -74.0101860,40.7083030,0
            -74.0099130,40.7081410,0
            -74.0102240,40.7077870,0
            -74.0102850,40.7077350,0
            -74.0102200,40.7076910,0
            -74.0106830,40.7071730,0
            -74.0116860,40.7077260,0
            -74.0116280,40.7077920,0
            -74.0117720,40.7078310,0
            -74.0120160,40.7075280,0
            -74.0120250,40.7075310,0
            -74.0120720,40.7074610,0
            -74.0120860,40.7074650,0
            -74.0131070,40.7062280,0
            -74.0131770,40.7061130,0
            -74.0133430,40.7059370,0
            -74.0133580,40.7059420,0
            -74.0133960,40.7058900,0
            -74.0133830,40.7058860,0
            -74.0138710,40.7053020,0
            -74.0140450,40.7050440,0
            -74.0141400,40.7048600,0
            -74.0141620,40.7047970,0
            -74.0141940,40.7047340,0
            -74.0142190,40.7047030,0
            -74.0142330,40.7047130,0
            -74.0142880,40.7047330,0
            -74.0144330,40.7045320,0
            -74.0143500,40.7044960,0
            -74.0143880,40.7044820,0
            -74.0147520,40.7043220,0
            -74.0147920,40.7043620,0
            -74.0149860,40.7045030,0
            -74.0150850,40.7045450,0
            -74.0152550,40.7044920,0
            -74.0154660,40.7044710,0
            -74.0156260,40.7044200,0
            -74.0157890,40.7043570,0
            -74.0158730,40.7042980,0
            -74.0159180,40.7042840,0
            -74.0161070,40.7041700,0
            -74.0162010,40.7040800,0
            -74.0162480,40.7040230,0
            -74.0162860,40.7039700,0
            -74.0163480,40.7039340,0
            -74.0164320,40.7038970,0
            -74.0163630,40.7038270,0
          </coordinates>
        </LineString>
      </Placemark>
      <Placemark>
        <name>Castle Clinton National Monument</name>
        <styleUrl>#icon-1535-0288D1</styleUrl>
        <ExtendedData>
          <Data name="Category">
            <value>Historical landmark</value>
          </Data>
          <Data name="Distance">
            <value>0</value>
          </Data>
        </ExtendedData>
        <Point>
          <coordinates>
            -74.016631,40.70348,0
          </coordinates>
        </Point>
      </Placemark>
      <Placemark>
        <name>On a ferry</name>
        <styleUrl>#line-FFEA00-5000</styleUrl>
        <ExtendedData>
          <Data name="Category">
            <value>On a ferry</value>
          </Data>
          <Data name="Distance">
            <value>3457</value>
          </Data>
        </ExtendedData>
        <LineString>
          <tessellate>1</tessellate>
          <coordinates>
            -74.0166310,40.7034800,0
            -74.0162610,40.7032330,0
            -74.0419870,40.6872840,0
            -74.0462860,40.6897110,0
            -74.0444490,40.6892840,0
          </coordinates>
        </LineString>
      </Placemark>
      <Placemark>
        <name>Statue of Liberty</name>
        <styleUrl>#icon-1535-0288D1</styleUrl>
        <ExtendedData>
          <Data name="Category">
            <value>Historical landmark</value>
          </Data>
          <Data name="Distance">
            <value>0</value>
          </Data>
        </ExtendedData>
        <Point>
          <coordinates>
            -74.0445,40.689249,0
          </coordinates>
        </Point>
      </Placemark>
      <Placemark>
        <name>On a ferry</name>
        <styleUrl>#line-FFEA00-5000</styleUrl>
        <ExtendedData>
          <Data name="Category">
            <value>On a ferry</value>
          </Data>
          <Data name="Distance">
            <value>3854</value>
          </Data>
        </ExtendedData>
        <LineString>
          <tessellate>1</tessellate>
          <coordinates>
            -74.0444490,40.6892840,0
            -74.0456250,40.6896220,0
            -74.0395900,40.6903800,0
            -74.0389700,40.6970340,0
            -74.0396210,40.6983030,0
            -74.0395810,40.6983930,0
            -74.0396300,40.6984900,0
            -74.0395850,40.6982290,0
            -74.0156410,40.7034780,0
            -74.0141060,40.7022590,0
          </coordinates>
        </LineString>
      </Placemark>
      <Placemark>
        <name>Walking</name>
        <styleUrl>#line-FFEA00-5000</styleUrl>
        <ExtendedData>
          <Data name="Category">
            <value>Walking</value>
          </Data>
          <Data name="Distance">
            <value>1816</value>
          </Data>
        </ExtendedData>
        <LineString>
          <tessellate>1</tessellate>
          <coordinates>
            -74.0162680,40.7020710,0
            -74.0163690,40.7022010,0
            -74.0164010,40.7022330,0
            -74.0162030,40.7023010,0
            -74.0162180,40.7023060,0
            -74.0162200,40.7023070,0
            -74.0162210,40.7023090,0
            -74.0162280,40.7023260,0
            -74.0162560,40.7023760,0
            -74.0163150,40.7024650,0
            -74.0164180,40.7026110,0
            -74.0164580,40.7026700,0
            -74.0164440,40.7027040,0
            -74.0164100,40.7027970,0
            -74.0163940,40.7028400,0
            -74.0163860,40.7028800,0
            -74.0163850,40.7029060,0
            -74.0163290,40.7029250,0
            -74.0162660,40.7029490,0
            -74.0163560,40.7031670,0
            -74.0162450,40.7033120,0
            -74.0161460,40.7034880,0
            -74.0161950,40.7036070,0
            -74.0163300,40.7037930,0
            -74.0164320,40.7038970,0
            -74.0163480,40.7039340,0
            -74.0162860,40.7039700,0
            -74.0162480,40.7040230,0
            -74.0162000,40.7040800,0
            -74.0161470,40.7041340,0
            -74.0161220,40.7041560,0
            -74.0161070,40.7041700,0
            -74.0160490,40.7042080,0
            -74.0159570,40.7042620,0
            -74.0159180,40.7042830,0
            -74.0158730,40.7042980,0
            -74.0157890,40.7043570,0
            -74.0156260,40.7044200,0
            -74.0154650,40.7044710,0
            -74.0152550,40.7044920,0
            -74.0150840,40.7045450,0
            -74.0149860,40.7045030,0
            -74.0149070,40.7044490,0
            -74.0147920,40.7043620,0
            -74.0147520,40.7043210,0
            -74.0144670,40.7044460,0
            -74.0143880,40.7044820,0
            -74.0143520,40.7044950,0
            -74.0143670,40.7045030,0
            -74.0144090,40.7045230,0
            -74.0144330,40.7045320,0
            -74.0142880,40.7047330,0
            -74.0142150,40.7047070,0
            -74.0141940,40.7047340,0
            -74.0141620,40.7047970,0
            -74.0141400,40.7048600,0
            -74.0140650,40.7050070,0
            -74.0140450,40.7050440,0
            -74.0140030,40.7051120,0
            -74.0139370,40.7052080,0
            -74.0138710,40.7053020,0
            -74.0138030,40.7053870,0
            -74.0133830,40.7058860,0
            -74.0133950,40.7058900,0
            -74.0133580,40.7059420,0
            -74.0133430,40.7059370,0
            -74.0131770,40.7061130,0
            -74.0131070,40.7062280,0
            -74.0129940,40.7063580,0
            -74.0129010,40.7064670,0
            -74.0128430,40.7065380,0
            -74.0126350,40.7067840,0
            -74.0125770,40.7068630,0
            -74.0123760,40.7071090,0
            -74.0123180,40.7071810,0
            -74.0120860,40.7074650,0
            -74.0120710,40.7074610,0
            -74.0120250,40.7075310,0
            -74.0120160,40.7075280,0
            -74.0119110,40.7076580,0
            -74.0118560,40.7077280,0
            -74.0117770,40.7078250,0
            -74.0115630,40.7080770,0
            -74.0113550,40.7083390,0
            -74.0113000,40.7084120,0
            -74.0111360,40.7086210,0
            -74.0111380,40.7086220,0
            -74.0111030,40.7086640,0
            -74.0111130,40.7086680,0
            -74.0109690,40.7088300,0
            -74.0108960,40.7088940,0
            -74.0107360,40.7090880,0
            -74.0105170,40.7090690,0
            -74.0105120,40.7090760,0
            -74.0101020,40.7088960,0
            -74.0097470,40.7087340,0
            -74.0097180,40.7087230,0
            -74.0096910,40.7087140,0
            -74.0096170,40.7088400,0
            -74.0093000,40.7091580,0
          </coordinates>
        </LineString>
      </Placemark>
      <Placemark>
        <name>Xi'an Famous Foods 西安名吃</name>
        <styleUrl>#icon-1739-0288D1</styleUrl>
        <ExtendedData>
          <Data name="Category">
            <value>Chinese</value>
          </Data>
          <Data name="Distance">
            <value>0</value>
          </Data>
        </ExtendedData>
        <Point>
          <coordinates>
            -74.009286,40.709199,0
          </coordinates>
        </Point>
      </Placemark>
      <Placemark>
        <name>Walking</name>
        <styleUrl>#line-FFEA00-5000</styleUrl>
        <ExtendedData>
          <Data name="Category">
            <value>Walking</value>
          </Data>
          <Data name="Distance">
            <value>464</value>
          </Data>
        </ExtendedData>
        <LineString>
          <tessellate>1</tessellate>
          <coordinates>
            -74.0093020,40.7091560,0
            -74.0092790,40.7091790,0
            -74.0091730,40.7092850,0
            -74.0092610,40.7093460,0
            -74.0094060,40.7094550,0
            -74.0094400,40.7094790,0
            -74.0095920,40.7095650,0
            -74.0099350,40.7097360,0
            -74.0099430,40.7097400,0
            -74.0099300,40.7097530,0
            -74.0098740,40.7098110,0
            -74.0098590,40.7098260,0
            -74.0098660,40.7098300,0
            -74.0097970,40.7099170,0
            -74.0095150,40.7102420,0
            -74.0095130,40.7102410,0
            -74.0095090,40.7102460,0
            -74.0094420,40.7103100,0
            -74.0094470,40.7103130,0
            -74.0093900,40.7103820,0
            -74.0093200,40.7104590,0
            -74.0093480,40.7104670,0
            -74.0095230,40.7105150,0
            -74.0095320,40.7105050,0
            -74.0106770,40.7110340,0
            -74.0106690,40.7110440,0
            -74.0106760,40.7110480,0
            -74.0107910,40.7111000,0
            -74.0108170,40.7111110,0
            -74.0108610,40.7110500,0
            -74.0109190,40.7110700,0
            -74.0111330,40.7111440,0
            -74.0113470,40.7112170,0
            -74.0115610,40.7112910,0
            -74.0117750,40.7113650,0
            -74.0117810,40.7113670,0
          </coordinates>
        </LineString>
      </Placemark>
      <Placemark>
        <name>World Trade Center</name>
        <styleUrl>#icon-1739-0288D1</styleUrl>
        <ExtendedData>
          <Data name="Category">
            <value />
          </Data>
          <Data name="Distance">
            <value>0</value>
          </Data>
        </ExtendedData>
        <Point>
          <coordinates>
            -74.01312,40.711801,0
          </coordinates>
        </Point>
      </Placemark>
      <Placemark>
        <name>On the subway</name>
        <styleUrl>#line-FFEA00-5000</styleUrl>
        <ExtendedData>
          <Data name="Category">
            <value>On the subway</value>
          </Data>
          <Data name="Distance">
            <value>11956</value>
          </Data>
        </ExtendedData>
        <LineString>
          <tessellate>1</tessellate>
          <coordinates>
            -74.0115520,40.7113970,0
            -74.0115600,40.7117140,0
            -74.0093650,40.7104980,0
            -74.0112380,40.7110960,0
            -74.0046680,40.7126960,0
            -74.0001870,40.7185130,0
            -73.9898710,40.7343240,0
            -73.9681350,40.7623530,0
            -73.9441950,40.7526340,0
            -73.9385400,40.7498070,0
            -73.9297920,40.7566540,0
            -73.9251630,40.7618360,0
          </coordinates>
        </LineString>
      </Placemark>
      <Placemark>
        <name>Walking</name>
        <styleUrl>#line-FFEA00-5000</styleUrl>
        <ExtendedData>
          <Data name="Category">
            <value>Walking</value>
          </Data>
          <Data name="Distance">
            <value>799</value>
          </Data>
        </ExtendedData>
        <LineString>
          <tessellate>1</tessellate>
          <coordinates>
            -73.9251930,40.7617990,0
            -73.9247270,40.7615860,0
            -73.9247330,40.7615770,0
            -73.9247080,40.7615650,0
            -73.9245940,40.7615120,0
            -73.9245920,40.7615140,0
            -73.9244500,40.7614440,0
            -73.9243270,40.7613890,0
            -73.9239440,40.7612080,0
            -73.9239340,40.7612030,0
            -73.9239380,40.7611970,0
            -73.9239130,40.7611850,0
            -73.9238020,40.7611340,0
            -73.9237770,40.7611230,0
            -73.9237750,40.7611250,0
            -73.9236470,40.7610660,0
            -73.9231220,40.7608230,0
            -73.9231260,40.7608180,0
            -73.9231220,40.7608170,0
            -73.9229910,40.7607580,0
            -73.9229890,40.7607600,0
            -73.9223260,40.7604470,0
            -73.9223280,40.7604450,0
            -73.9223040,40.7604340,0
            -73.9222130,40.7603920,0
            -73.9221910,40.7603820,0
            -73.9221890,40.7603840,0
            -73.9215240,40.7600710,0
            -73.9215270,40.7600680,0
            -73.9214130,40.7600150,0
            -73.9213870,40.7600040,0
            -73.9213850,40.7600060,0
            -73.9211160,40.7598780,0
            -73.9209650,40.7598070,0
            -73.9207330,40.7596960,0
            -73.9207330,40.7596950,0
            -73.9207080,40.7596840,0
            -73.9205960,40.7596320,0
            -73.9202240,40.7594600,0
            -73.9200780,40.7593900,0
            -73.9199370,40.7593250,0
            -73.9199220,40.7593440,0
            -73.9198410,40.7594450,0
            -73.9198250,40.7594650,0
            -73.9198230,40.7594640,0
            -73.9184660,40.7611290,0
            -73.9183420,40.7612820,0
            -73.9180210,40.7616760,0
            -73.9182240,40.7617710,0
          </coordinates>
        </LineString>
      </Placemark>
      <Placemark>
        <name>Koyo</name>
        <styleUrl>#icon-1739-0288D1</styleUrl>
        <ExtendedData>
          <Data name="Category">
            <value>Japanese</value>
          </Data>
          <Data name="Distance">
            <value>0</value>
          </Data>
        </ExtendedData>
        <Point>
          <coordinates>
            -73.918362,40.761735,0
          </coordinates>
        </Point>
      </Placemark>
      <Placemark>
        <name>Walking</name>
        <styleUrl>#line-FFEA00-5000</styleUrl>
        <ExtendedData>
          <Data name="Category">
            <value>Walking</value>
          </Data>
          <Data name="Distance">
            <value>964</value>
          </Data>
        </ExtendedData>
        <LineString>
          <tessellate>1</tessellate>
          <coordinates>
            -73.9183600,40.7618340,0
            -73.9186820,40.7619840,0
            -73.9186840,40.7619820,0
            -73.9186850,40.7619820,0
            -73.9188220,40.7620460,0
            -73.9188200,40.7620490,0
            -73.9194730,40.7623580,0
            -73.9194770,40.7623530,0
            -73.9196210,40.7624160,0
            -73.9196130,40.7624250,0
            -73.9202780,40.7627360,0
            -73.9202790,40.7627350,0
            -73.9203950,40.7627850,0
            -73.9204200,40.7627950,0
            -73.9204150,40.7628020,0
            -73.9210770,40.7631130,0
            -73.9210780,40.7631120,0
            -73.9212160,40.7631760,0
            -73.9212140,40.7631780,0
            -73.9218570,40.7634820,0
            -73.9218590,40.7634790,0
            -73.9220170,40.7635500,0
            -73.9220160,40.7635530,0
            -73.9225510,40.7638050,0
            -73.9225700,40.7638150,0
            -73.9226170,40.7638160,0
            -73.9226430,40.7638170,0
            -73.9226650,40.7638270,0
            -73.9226920,40.7638400,0
            -73.9226790,40.7638550,0
            -73.9226890,40.7638610,0
            -73.9228080,40.7639290,0
            -73.9227980,40.7639420,0
            -73.9234060,40.7642300,0
            -73.9238560,40.7636750,0
            -73.9242290,40.7632150,0
            -73.9249240,40.7623570,0
            -73.9250230,40.7622340,0
            -73.9252160,40.7619970,0
          </coordinates>
        </LineString>
      </Placemark>
      <Placemark>
        <name>Broadway</name>
        <styleUrl>#icon-1739-0288D1</styleUrl>
        <ExtendedData>
          <Data name="Category">
            <value>Subway station</value>
          </Data>
          <Data name="Distance">
            <value>0</value>
          </Data>
        </ExtendedData>
        <Point>
          <coordinates>
            -73.925519,40.761966,0
          </coordinates>
        </Point>
      </Placemark>
      <Placemark>
        <name>On the subway</name>
        <styleUrl>#line-FFEA00-5000</styleUrl>
        <ExtendedData>
          <Data name="Category">
            <value>On the subway</value>
          </Data>
          <Data name="Distance">
            <value>9583</value>
          </Data>
        </ExtendedData>
        <LineString>
          <tessellate>1</tessellate>
          <coordinates>
            -73.9255190,40.7619660,0
            -73.9253960,40.7620740,0
            -73.9331830,40.7521460,0
            -73.9410560,40.7510040,0
            -74.0290760,40.7357030,0
          </coordinates>
        </LineString>
      </Placemark>
      <Placemark>
        <name>In a taxi</name>
        <styleUrl>#line-FFEA00-5000</styleUrl>
        <ExtendedData>
          <Data name="Category">
            <value>In a taxi</value>
          </Data>
          <Data name="Distance">
            <value>2300</value>
          </Data>
        </ExtendedData>
        <LineString>
          <tessellate>1</tessellate>
          <coordinates>
            -74.0345500,40.7267050,0
            -74.0346980,40.7267320,0
            -74.0345600,40.7269580,0
            -74.0344640,40.7271350,0
            -74.0344430,40.7272010,0
            -74.0344070,40.7272990,0
            -74.0344050,40.7273040,0
            -74.0343750,40.7274420,0
            -74.0343590,40.7275770,0
            -74.0343530,40.7277140,0
            -74.0343740,40.7278500,0
            -74.0344070,40.7279650,0
            -74.0344180,40.7280240,0
            -74.0344350,40.7280900,0
            -74.0344840,40.7282860,0
            -74.0345510,40.7285170,0
            -74.0345810,40.7286270,0
            -74.0346140,40.7287440,0
            -74.0346140,40.7287470,0
            -74.0346260,40.7288300,0
            -74.0346290,40.7288780,0
            -74.0346310,40.7289440,0
            -74.0346230,40.7290220,0
            -74.0346180,40.7290910,0
            -74.0346130,40.7291500,0
            -74.0346040,40.7292540,0
            -74.0345720,40.7293950,0
            -74.0345400,40.7295930,0
            -74.0345040,40.7297950,0
            -74.0345040,40.7297990,0
            -74.0345010,40.7298140,0
            -74.0344530,40.7300900,0
            -74.0342300,40.7310630,0
            -74.0342110,40.7311560,0
            -74.0341490,40.7313890,0
            -74.0340310,40.7319880,0
            -74.0339690,40.7324010,0
            -74.0339650,40.7324220,0
            -74.0339460,40.7325100,0
            -74.0339290,40.7325980,0
            -74.0339510,40.7327230,0
            -74.0339700,40.7327880,0
            -74.0339910,40.7328580,0
            -74.0340250,40.7329170,0
            -74.0340390,40.7329390,0
            -74.0340590,40.7329780,0
            -74.0341000,40.7330400,0
            -74.0341520,40.7331030,0
            -74.0341670,40.7331160,0
            -74.0342650,40.7332040,0
            -74.0343150,40.7332460,0
            -74.0343690,40.7332840,0
            -74.0344240,40.7333160,0
            -74.0344790,40.7333480,0
            -74.0345370,40.7333760,0
            -74.0345960,40.7334040,0
            -74.0346910,40.7334420,0
            -74.0347500,40.7334620,0
            -74.0347930,40.7334750,0
            -74.0348660,40.7334930,0
            -74.0349450,40.7335080,0
            -74.0351010,40.7335230,0
            -74.0357640,40.7335820,0
            -74.0359160,40.7335940,0
            -74.0362970,40.7336250,0
            -74.0375080,40.7337340,0
            -74.0376350,40.7337540,0
            -74.0377580,40.7337780,0
            -74.0378710,40.7338050,0
            -74.0379700,40.7338330,0
            -74.0380260,40.7338520,0
            -74.0381360,40.7338940,0
            -74.0382320,40.7339370,0
            -74.0390130,40.7343000,0
            -74.0390290,40.7342100,0
            -74.0390620,40.7339170,0
            -74.0390900,40.7337700,0
            -74.0391240,40.7335630,0
            -74.0392320,40.7329390,0
            -74.0393160,40.7324200,0
            -74.0393400,40.7322260,0
            -74.0393690,40.7320130,0
            -74.0393760,40.7319620,0
            -74.0394070,40.7317310,0
            -74.0394850,40.7316550,0
            -74.0395040,40.7315590,0
            -74.0397240,40.7315810,0
            -74.0399700,40.7315990,0
            -74.0401250,40.7316150,0
            -74.0401010,40.7317910,0
          </coordinates>
        </LineString>
      </Placemark>
      <Placemark>
        <name>Holiday Inn Express &amp; Suites Jersey City - Holland Tunnel, an IHG Hotel</name>
        <styleUrl>#icon-1602-0288D1</styleUrl>
        <ExtendedData>
          <Data name="Category">
            <value>Hotel</value>
          </Data>
          <Data name="Distance">
            <value>0</value>
          </Data>
        </ExtendedData>
        <Point>
          <coordinates>
            -74.040468,40.731846,0
          </coordinates>
        </Point>
      </Placemark>
    </Folder>
    <Folder>
      <name>2021-11-26</name>
      <Placemark>
        <name>Holiday Inn Express &amp; Suites Jersey City - Holland Tunnel, an IHG Hotel</name>
        <styleUrl>#icon-1602-0288D1</styleUrl>
        <ExtendedData>
          <Data name="Category">
            <value>Hotel</value>
          </Data>
          <Data name="Distance">
            <value>0</value>
          </Data>
        </ExtendedData>
        <Point>
          <coordinates>
            -74.040468,40.731846,0
          </coordinates>
        </Point>
      </Placemark>
      <Placemark>
        <name>In a taxi</name>
        <styleUrl>#line-F9A825-5000</styleUrl>
        <ExtendedData>
          <Data name="Category">
            <value>In a taxi</value>
          </Data>
          <Data name="Distance">
            <value>1283</value>
          </Data>
        </ExtendedData>
        <LineString>
          <tessellate>1</tessellate>
          <coordinates>
            -74.0401010,40.7317910,0
            -74.0401250,40.7316150,0
            -74.0407240,40.7316680,0
            -74.0410970,40.7317010,0
            -74.0411410,40.7314310,0
            -74.0411710,40.7312760,0
            -74.0411820,40.7312110,0
            -74.0412010,40.7310710,0
            -74.0412410,40.7308250,0
            -74.0412440,40.7307940,0
            -74.0412560,40.7307120,0
            -74.0412790,40.7305630,0
            -74.0412930,40.7304800,0
            -74.0413100,40.7303530,0
            -74.0413350,40.7301900,0
            -74.0413730,40.7299360,0
            -74.0413990,40.7297340,0
            -74.0414250,40.7295550,0
            -74.0414780,40.7291980,0
            -74.0414800,40.7291790,0
            -74.0415240,40.7289340,0
            -74.0415390,40.7288320,0
            -74.0416580,40.7280820,0
            -74.0416690,40.7279290,0
            -74.0416800,40.7278510,0
            -74.0417420,40.7273770,0
            -74.0417860,40.7270680,0
            -74.0418680,40.7266410,0
            -74.0419620,40.7260030,0
            -74.0419750,40.7259250,0
            -74.0420870,40.7252120,0
            -74.0418510,40.7251900,0
            -74.0416150,40.7251690,0
            -74.0408230,40.7250980,0
            -74.0406260,40.7250790,0
            -74.0404520,40.7250110,0
            -74.0403670,40.7250000,0
            -74.0402310,40.7249900,0
            -74.0401480,40.7249810,0
            -74.0400630,40.7249660,0
            -74.0399960,40.7249470,0
            -74.0399270,40.7249270,0
            -74.0398110,40.7248860,0
            -74.0396850,40.7248390,0
            -74.0395520,40.7247950,0
            -74.0394370,40.7247540,0
            -74.0393230,40.7247230,0
            -74.0391070,40.7246890,0
            -74.0389290,40.7246670,0
            -74.0384580,40.7246270,0
            -74.0382160,40.7246080,0
            -74.0380820,40.7245950,0
            -74.0377180,40.7245670,0
            -74.0370680,40.7245100,0
            -74.0369710,40.7245080,0
            -74.0369220,40.7245020,0
            -74.0364320,40.7244600,0
            -74.0359080,40.7244040,0
            -74.0357510,40.7243830,0
            -74.0357070,40.7244790,0
            -74.0356630,40.7245830,0
            -74.0355440,40.7249270,0
            -74.0355330,40.7249830,0
            -74.0355100,40.7251100,0
            -74.0355090,40.7251110,0
            -74.0355090,40.7251150,0
            -74.0354750,40.7252940,0
            -74.0353950,40.7254820,0
            -74.0353860,40.7255070,0
            -74.0353420,40.7256100,0
            -74.0353350,40.7256310,0
            -74.0352560,40.7258080,0
            -74.0350100,40.7262310,0
            -74.0349090,40.7264050,0
            -74.0346980,40.7267320,0
            -74.0345600,40.7269580,0
            -74.0344640,40.7271350,0
            -74.0344430,40.7272010,0
          </coordinates>
        </LineString>
      </Placemark>
      <Placemark>
        <name>Newport</name>
        <styleUrl>#icon-1739-0288D1</styleUrl>
        <ExtendedData>
          <Data name="Category">
            <value>Train station</value>
          </Data>
          <Data name="Distance">
            <value>0</value>
          </Data>
        </ExtendedData>
        <Point>
          <coordinates>
            -74.033758,40.726984,0
          </coordinates>
        </Point>
      </Placemark>
      <Placemark>
        <name>On a train</name>
        <styleUrl>#line-F9A825-5000</styleUrl>
        <ExtendedData>
          <Data name="Category">
            <value>On a train</value>
          </Data>
          <Data name="Distance">
            <value>3462</value>
          </Data>
        </ExtendedData>
        <LineString>
          <tessellate>1</tessellate>
          <coordinates>
            -74.0337580,40.7269840,0
            -74.0411670,40.7191930,0
            -74.0573390,40.7274720,0
            -74.0626160,40.7318160,0
            -74.0626900,40.7326500,0
          </coordinates>
        </LineString>
      </Placemark>
      <Placemark>
        <name>Journal Square</name>
        <styleUrl>#icon-1739-0288D1</styleUrl>
        <ExtendedData>
          <Data name="Category">
            <value>Train station</value>
          </Data>
          <Data name="Distance">
            <value>0</value>
          </Data>
        </ExtendedData>
        <Point>
          <coordinates>
            -74.06269,40.73265,0
          </coordinates>
        </Point>
      </Placemark>
      <Placemark>
        <name>On a train</name>
        <styleUrl>#line-F9A825-5000</styleUrl>
        <ExtendedData>
          <Data name="Category">
            <value>On a train</value>
          </Data>
          <Data name="Distance">
            <value>5650</value>
          </Data>
        </ExtendedData>
        <LineString>
          <tessellate>1</tessellate>
          <coordinates>
            -74.0626900,40.7326500,0
            -74.0605990,40.7304180,0
            -74.0341670,40.7270720,0
            -73.9987640,40.7342460,0
          </coordinates>
        </LineString>
      </Placemark>
      <Placemark>
        <name>9 St</name>
        <styleUrl>#icon-1739-0288D1</styleUrl>
        <ExtendedData>
          <Data name="Category">
            <value>Train station</value>
          </Data>
          <Data name="Distance">
            <value>0</value>
          </Data>
        </ExtendedData>
        <Point>
          <coordinates>
            -73.998764,40.734246,0
          </coordinates>
        </Point>
      </Placemark>
      <Placemark>
        <name>On a bus</name>
        <styleUrl>#line-F9A825-5000</styleUrl>
        <ExtendedData>
          <Data name="Category">
            <value>On a bus</value>
          </Data>
          <Data name="Distance">
            <value>1115</value>
          </Data>
        </ExtendedData>
        <LineString>
          <tessellate>1</tessellate>
          <coordinates>
            -73.9987640,40.7342460,0
            -73.9992780,40.7336200,0
            -73.9968270,40.7324500,0
            -73.9931270,40.7308830,0
            -73.9888370,40.7290550,0
            -73.9887110,40.7291870,0
          </coordinates>
        </LineString>
      </Placemark>
      <Placemark>
        <name>CheLi</name>
        <styleUrl>#icon-1739-0288D1</styleUrl>
        <ExtendedData>
          <Data name="Category">
            <value>Shanghainese</value>
          </Data>
          <Data name="Distance">
            <value>0</value>
          </Data>
        </ExtendedData>
        <Point>
          <coordinates>
            -73.988711,40.729187,0
          </coordinates>
        </Point>
      </Placemark>
      <Placemark>
        <name>Walking</name>
        <styleUrl>#line-F9A825-5000</styleUrl>
        <ExtendedData>
          <Data name="Category">
            <value>Walking</value>
          </Data>
          <Data name="Distance">
            <value>1267</value>
          </Data>
        </ExtendedData>
        <LineString>
          <tessellate>1</tessellate>
          <coordinates>
            -73.9892500,40.7293360,0
            -73.9897070,40.7295290,0
            -73.9897270,40.7295380,0
            -73.9898060,40.7294550,0
            -73.9898290,40.7294320,0
            -73.9898280,40.7294310,0
            -73.9898230,40.7294380,0
            -73.9898490,40.7294490,0
            -73.9901200,40.7295650,0
            -73.9901960,40.7296010,0
            -73.9907020,40.7297810,0
            -73.9907090,40.7297610,0
            -73.9907320,40.7297730,0
            -73.9908290,40.7298250,0
            -73.9908520,40.7298380,0
            -73.9908420,40.7298710,0
            -73.9910990,40.7299760,0
            -73.9911080,40.7299700,0
            -73.9912540,40.7300330,0
            -73.9912810,40.7300450,0
            -73.9912540,40.7300620,0
            -73.9921740,40.7304540,0
            -73.9923040,40.7305300,0
            -73.9923400,40.7305460,0
            -73.9923730,40.7305060,0
            -73.9923990,40.7305170,0
            -73.9925380,40.7305770,0
            -73.9925400,40.7305740,0
            -73.9926780,40.7306310,0
            -73.9928230,40.7306810,0
            -73.9932390,40.7308670,0
            -73.9932500,40.7308540,0
            -73.9933660,40.7309130,0
            -73.9933450,40.7309380,0
            -73.9940260,40.7312260,0
            -73.9940580,40.7311880,0
            -73.9940740,40.7311970,0
            -73.9941580,40.7312460,0
            -73.9941410,40.7312660,0
            -73.9947510,40.7315230,0
            -73.9947720,40.7314980,0
            -73.9947800,40.7315020,0
            -73.9949120,40.7315600,0
            -73.9949410,40.7315730,0
            -73.9949320,40.7315840,0
            -73.9949850,40.7316050,0
            -73.9950260,40.7316220,0
            -73.9952680,40.7317240,0
            -73.9954810,40.7318130,0
            -73.9956880,40.7319000,0
            -73.9957630,40.7319320,0
            -73.9958660,40.7319740,0
            -73.9960810,40.7320570,0
            -73.9962080,40.7321080,0
            -73.9962820,40.7321380,0
            -73.9963100,40.7321470,0
            -73.9963070,40.7321520,0
            -73.9963450,40.7321670,0
            -73.9964990,40.7322310,0
            -73.9964910,40.7322410,0
            -73.9967320,40.7323440,0
            -73.9969540,40.7324430,0
            -73.9972810,40.7325840,0
            -73.9973090,40.7325960,0
            -73.9973160,40.7326020,0
            -73.9976040,40.7327250,0
            -73.9977980,40.7328070,0
            -73.9979610,40.7328510,0
            -73.9979990,40.7328680,0
            -73.9980050,40.7328610,0
            -73.9981170,40.7329130,0
            -73.9981110,40.7329190,0
            -73.9986680,40.7331530,0
            -73.9990990,40.7333380,0
            -73.9992140,40.7333750,0
            -73.9993860,40.7334490,0
            -73.9994880,40.7334960,0
            -73.9995110,40.7334660,0
            -73.9996720,40.7337000,0
            -73.9997510,40.7335940,0
            -73.9998100,40.7335130,0
            -73.9999760,40.7332900,0
            -74.0000360,40.7332030,0
            -74.0001490,40.7330510,0
            -74.0006320,40.7332850,0
            -74.0006330,40.7332830,0
            -74.0007000,40.7333170,0
            -74.0006990,40.7333180,0
            -74.0010470,40.7334910,0
            -74.0011490,40.7338150,0
            -74.0012560,40.7337840,0
            -74.0012540,40.7337780,0
            -74.0013370,40.7337630,0
            -74.0013790,40.7337610,0
            -74.0016260,40.7337400,0
            -74.0017740,40.7337210,0
            -74.0017960,40.7337180,0
            -74.0018870,40.7337200,0
            -74.0019490,40.7337130,0
            -74.0021570,40.7336850,0
          </coordinates>
        </LineString>
      </Placemark>
      <Placemark>
        <name>The Stonewall Inn</name>
        <styleUrl>#icon-1739-0288D1</styleUrl>
        <ExtendedData>
          <Data name="Category">
            <value>Gay bar</value>
          </Data>
          <Data name="Distance">
            <value>0</value>
          </Data>
        </ExtendedData>
        <Point>
          <coordinates>
            -74.002163,40.733833,0
          </coordinates>
        </Point>
      </Placemark>
      <Placemark>
        <name>On a bus</name>
        <styleUrl>#line-F9A825-5000</styleUrl>
        <ExtendedData>
          <Data name="Category">
            <value>On a bus</value>
          </Data>
          <Data name="Distance">
            <value>1249</value>
          </Data>
        </ExtendedData>
        <LineString>
          <tessellate>1</tessellate>
          <coordinates>
            -74.0021630,40.7338330,0
            -74.0013150,40.7335790,0
            -73.9951580,40.7317780,0
            -73.9892900,40.7293060,0
            -73.9887110,40.7291870,0
          </coordinates>
        </LineString>
      </Placemark>
      <Placemark>
        <name>CheLi</name>
        <styleUrl>#icon-1739-0288D1</styleUrl>
        <ExtendedData>
          <Data name="Category">
            <value>Shanghainese</value>
          </Data>
          <Data name="Distance">
            <value>0</value>
          </Data>
        </ExtendedData>
        <Point>
          <coordinates>
            -73.988711,40.729187,0
          </coordinates>
        </Point>
      </Placemark>
      <Placemark>
        <name>On the subway</name>
        <styleUrl>#line-F9A825-5000</styleUrl>
        <ExtendedData>
          <Data name="Category">
            <value>On the subway</value>
          </Data>
          <Data name="Distance">
            <value>3609</value>
          </Data>
        </ExtendedData>
        <LineString>
          <tessellate>1</tessellate>
          <coordinates>
            -73.9887110,40.7291870,0
            -73.9888920,40.7291790,0
            -73.9910710,40.7301280,0
            -73.9923830,40.7305740,0
            -73.9908810,40.7352960,0
            -73.9890610,40.7413020,0
            -73.9880640,40.7501470,0
            -73.9848160,40.7592520,0
          </coordinates>
        </LineString>
      </Placemark>
      <Placemark>
        <name>Walking</name>
        <styleUrl>#line-F9A825-5000</styleUrl>
        <ExtendedData>
          <Data name="Category">
            <value>Walking</value>
          </Data>
          <Data name="Distance">
            <value>13</value>
          </Data>
        </ExtendedData>
        <LineString>
          <tessellate>1</tessellate>
          <coordinates>
            -73.984939,40.759168,0
          </coordinates>
        </LineString>
      </Placemark>
      <Placemark>
        <name>TKTS Times Square</name>
        <styleUrl>#icon-1739-0288D1</styleUrl>
        <ExtendedData>
          <Data name="Category">
            <value>Event ticket seller</value>
          </Data>
          <Data name="Distance">
            <value>0</value>
          </Data>
        </ExtendedData>
        <Point>
          <coordinates>
            -73.984939,40.759168,0
          </coordinates>
        </Point>
      </Placemark>
      <Placemark>
        <name>Walking</name>
        <styleUrl>#line-F9A825-5000</styleUrl>
        <ExtendedData>
          <Data name="Category">
            <value>Walking</value>
          </Data>
          <Data name="Distance">
            <value>2133</value>
          </Data>
        </ExtendedData>
        <LineString>
          <tessellate>1</tessellate>
          <coordinates>
            -73.9848180,40.7590870,0
            -73.9851000,40.7586810,0
            -73.9852290,40.7585760,0
            -73.9853330,40.7584410,0
            -73.9854170,40.7583480,0
            -73.9856150,40.7580910,0
            -73.9856930,40.7579680,0
            -73.9857100,40.7579430,0
            -73.9854940,40.7578510,0
            -73.9855250,40.7578070,0
            -73.9855260,40.7577750,0
            -73.9858070,40.7573550,0
            -73.9858770,40.7572240,0
            -73.9861060,40.7566400,0
            -73.9862170,40.7563740,0
            -73.9863780,40.7559260,0
            -73.9864460,40.7559530,0
            -73.9865750,40.7557680,0
            -73.9865590,40.7557610,0
            -73.9865920,40.7556660,0
            -73.9866180,40.7555800,0
            -73.9867600,40.7551670,0
            -73.9867630,40.7551680,0
            -73.9868020,40.7550270,0
            -73.9867910,40.7550230,0
            -73.9868030,40.7549850,0
            -73.9868320,40.7549050,0
            -73.9869200,40.7546230,0
            -73.9869550,40.7545350,0
            -73.9869770,40.7544650,0
            -73.9869760,40.7544650,0
            -73.9870230,40.7543240,0
            -73.9869280,40.7542760,0
            -73.9871110,40.7537200,0
            -73.9872190,40.7537650,0
            -73.9872590,40.7536120,0
            -73.9872460,40.7536070,0
            -73.9873240,40.7533270,0
            -73.9873940,40.7531050,0
            -73.9873950,40.7530180,0
            -73.9874450,40.7530400,0
            -73.9874740,40.7528780,0
            -73.9874640,40.7528740,0
            -73.9874960,40.7527610,0
            -73.9876110,40.7522980,0
            -73.9876270,40.7523050,0
            -73.9876680,40.7521540,0
            -73.9876380,40.7521420,0
            -73.9877480,40.7515680,0
            -73.9877520,40.7515580,0
            -73.9877690,40.7515650,0
            -73.9877960,40.7514150,0
            -73.9877720,40.7514050,0
            -73.9878780,40.7508140,0
            -73.9878840,40.7507910,0
            -73.9879090,40.7508010,0
            -73.9879340,40.7506720,0
            -73.9878450,40.7506210,0
            -73.9878560,40.7505520,0
            -73.9878030,40.7505350,0
            -73.9877920,40.7505290,0
            -73.9877840,40.7505220,0
            -73.9877800,40.7505150,0
            -73.9877750,40.7505030,0
            -73.9877760,40.7504700,0
            -73.9877690,40.7504300,0
            -73.9877640,40.7503420,0
            -73.9877720,40.7500960,0
            -73.9877660,40.7500520,0
            -73.9877720,40.7500260,0
            -73.9877810,40.7499800,0
            -73.9877730,40.7499600,0
            -73.9878000,40.7499190,0
            -73.9878020,40.7499200,0
            -73.9879100,40.7497760,0
            -73.9878840,40.7497650,0
            -73.9879030,40.7497380,0
            -73.9877220,40.7496620,0
            -73.9880310,40.7492370,0
            -73.9880490,40.7491320,0
            -73.9880180,40.7491180,0
            -73.9880980,40.7490030,0
            -73.9880710,40.7489910,0
            -73.9880960,40.7488110,0
            -73.9881210,40.7486890,0
            -73.9881640,40.7484280,0
            -73.9881740,40.7483790,0
            -73.9882730,40.7484180,0
            -73.9883050,40.7482640,0
            -73.9882840,40.7482550,0
            -73.9882940,40.7482190,0
            -73.9883830,40.7476580,0
            -73.9884110,40.7476690,0
            -73.9884340,40.7475400,0
            -73.9884040,40.7475280,0
            -73.9884080,40.7475100,0
            -73.9882160,40.7474320,0
            -73.9882140,40.7474400,0
            -73.9877320,40.7472390,0
            -73.9866210,40.7467560,0
          </coordinates>
        </LineString>
      </Placemark>
      <Placemark>
        <name>Osamil</name>
        <styleUrl>#icon-1739-0288D1</styleUrl>
        <ExtendedData>
          <Data name="Category">
            <value>Gastropub</value>
          </Data>
          <Data name="Distance">
            <value>0</value>
          </Data>
        </ExtendedData>
        <Point>
          <coordinates>
            -73.986475,40.746895,0
          </coordinates>
        </Point>
      </Placemark>
      <Placemark>
        <name>Walking</name>
        <styleUrl>#line-F9A825-5000</styleUrl>
        <ExtendedData>
          <Data name="Category">
            <value>Walking</value>
          </Data>
          <Data name="Distance">
            <value>1842</value>
          </Data>
        </ExtendedData>
        <LineString>
          <tessellate>1</tessellate>
          <coordinates>
            -73.9853880,40.7471170,0
            -73.9849900,40.7476740,0
            -73.9849680,40.7476640,0
            -73.9848760,40.7478000,0
            -73.9848900,40.7478060,0
            -73.9847020,40.7480580,0
            -73.9846440,40.7481380,0
            -73.9845020,40.7483290,0
            -73.9844930,40.7483260,0
            -73.9843770,40.7484810,0
            -73.9843940,40.7484880,0
            -73.9843420,40.7485580,0
            -73.9841340,40.7488360,0
            -73.9840010,40.7490130,0
            -73.9839950,40.7490100,0
            -73.9839210,40.7491140,0
            -73.9839310,40.7491190,0
            -73.9837730,40.7493370,0
            -73.9836740,40.7494740,0
            -73.9835650,40.7496240,0
            -73.9835530,40.7496190,0
            -73.9834620,40.7497420,0
            -73.9834740,40.7497470,0
            -73.9833070,40.7499760,0
            -73.9831030,40.7502460,0
            -73.9830940,40.7502410,0
            -73.9830000,40.7503750,0
            -73.9830100,40.7503800,0
            -73.9827300,40.7507770,0
            -73.9826670,40.7508600,0
            -73.9826490,40.7508530,0
            -73.9825690,40.7509640,0
            -73.9825530,40.7509860,0
            -73.9825650,40.7509910,0
            -73.9823530,40.7512990,0
            -73.9822190,40.7514780,0
            -73.9821940,40.7514670,0
            -73.9821020,40.7516000,0
            -73.9821130,40.7516050,0
            -73.9819260,40.7518700,0
            -73.9817560,40.7520950,0
            -73.9817470,40.7520910,0
            -73.9816730,40.7521950,0
            -73.9816590,40.7522140,0
            -73.9816780,40.7522210,0
            -73.9816030,40.7523170,0
            -73.9814620,40.7525140,0
            -73.9813180,40.7527120,0
            -73.9813010,40.7527050,0
            -73.9812240,40.7528120,0
            -73.9812110,40.7528310,0
            -73.9812220,40.7528360,0
            -73.9811480,40.7529350,0
            -73.9809720,40.7531730,0
            -73.9809370,40.7532190,0
            -73.9808650,40.7533170,0
            -73.9808390,40.7533530,0
            -73.9808270,40.7533480,0
            -73.9807060,40.7535230,0
            -73.9807160,40.7535270,0
            -73.9806630,40.7536000,0
            -73.9803410,40.7540440,0
            -73.9803350,40.7540540,0
            -73.9803250,40.7540500,0
            -73.9802350,40.7541690,0
            -73.9802400,40.7541710,0
            -73.9801720,40.7542670,0
            -73.9800320,40.7544530,0
            -73.9799660,40.7545390,0
            -73.9799180,40.7546090,0
            -73.9798620,40.7546850,0
            -73.9798570,40.7546820,0
            -73.9797890,40.7547820,0
            -73.9797760,40.7548020,0
            -73.9797920,40.7548090,0
            -73.9794200,40.7553060,0
            -73.9794110,40.7553020,0
            -73.9793240,40.7554220,0
            -73.9793250,40.7554230,0
            -73.9791760,40.7556260,0
            -73.9790500,40.7557940,0
            -73.9789570,40.7559260,0
            -73.9789510,40.7559240,0
            -73.9788620,40.7560470,0
            -73.9788780,40.7560540,0
            -73.9785770,40.7564630,0
            -73.9785240,40.7565360,0
            -73.9785130,40.7565480,0
            -73.9785010,40.7565430,0
            -73.9784090,40.7566760,0
            -73.9784190,40.7566800,0
            -73.9780540,40.7572010,0
            -73.9780360,40.7571930,0
            -73.9779490,40.7573170,0
            -73.9779450,40.7573150,0
            -73.9777700,40.7575410,0
            -73.9776610,40.7576940,0
            -73.9775920,40.7577830,0
            -73.9775790,40.7578000,0
            -73.9775110,40.7577710,0
          </coordinates>
        </LineString>
      </Placemark>
      <Placemark>
        <name>Saks Fifth Avenue</name>
        <styleUrl>#icon-1739-0288D1</styleUrl>
        <ExtendedData>
          <Data name="Category">
            <value>Department store</value>
          </Data>
          <Data name="Distance">
            <value>0</value>
          </Data>
        </ExtendedData>
        <Point>
          <coordinates>
            -73.976966,40.758096,0
          </coordinates>
        </Point>
      </Placemark>
      <Placemark>
        <name>Walking</name>
        <styleUrl>#line-F9A825-5000</styleUrl>
        <ExtendedData>
          <Data name="Category">
            <value>Walking</value>
          </Data>
          <Data name="Distance">
            <value>905</value>
          </Data>
        </ExtendedData>
        <LineString>
          <tessellate>1</tessellate>
          <coordinates>
            -73.9777950,40.7579400,0
            -73.9778340,40.7578880,0
            -73.9778940,40.7578100,0
            -73.9779300,40.7577640,0
            -73.9779940,40.7576740,0
            -73.9781970,40.7574120,0
            -73.9782010,40.7574140,0
            -73.9782170,40.7573920,0
            -73.9782750,40.7573130,0
            -73.9782880,40.7572960,0
            -73.9783670,40.7573250,0
            -73.9785000,40.7573760,0
            -73.9785810,40.7574100,0
            -73.9787400,40.7574760,0
            -73.9788660,40.7575330,0
            -73.9790880,40.7576270,0
            -73.9791960,40.7576730,0
            -73.9793440,40.7577360,0
            -73.9794680,40.7577780,0
            -73.9812660,40.7585380,0
            -73.9812680,40.7585350,0
            -73.9812900,40.7585450,0
            -73.9815160,40.7586420,0
            -73.9815110,40.7586490,0
            -73.9815380,40.7586590,0
            -73.9818510,40.7587920,0
            -73.9818850,40.7588060,0
            -73.9820850,40.7588830,0
            -73.9822680,40.7589720,0
            -73.9825840,40.7591060,0
            -73.9826220,40.7591220,0
            -73.9830590,40.7593080,0
            -73.9832540,40.7593910,0
            -73.9836200,40.7595460,0
            -73.9840900,40.7597460,0
            -73.9840970,40.7597370,0
            -73.9841200,40.7597460,0
            -73.9843250,40.7598300,0
            -73.9843540,40.7598420,0
            -73.9845420,40.7595710,0
            -73.9845910,40.7595000,0
            -73.9847160,40.7593410,0
            -73.9849240,40.7594290,0
            -73.9849220,40.7594340,0
            -73.9849480,40.7594460,0
            -73.9851400,40.7595340,0
            -73.9851640,40.7595450,0
            -73.9851680,40.7595360,0
            -73.9861550,40.7599440,0
          </coordinates>
        </LineString>
      </Placemark>
      <Placemark>
        <name>Barrymore Theatre</name>
        <styleUrl>#icon-1739-0288D1</styleUrl>
        <ExtendedData>
          <Data name="Category">
            <value>Performing arts theater</value>
          </Data>
          <Data name="Distance">
            <value>0</value>
          </Data>
        </ExtendedData>
        <Point>
          <coordinates>
            -73.98624,40.76001,0
          </coordinates>
        </Point>
      </Placemark>
      <Placemark>
        <name>On the subway</name>
        <styleUrl>#line-F9A825-5000</styleUrl>
        <ExtendedData>
          <Data name="Category">
            <value>On the subway</value>
          </Data>
          <Data name="Distance">
            <value>5914</value>
          </Data>
        </ExtendedData>
        <LineString>
          <tessellate>1</tessellate>
          <coordinates>
            -73.9862400,40.7600100,0
            -73.9861160,40.7599570,0
            -73.9883790,40.7485270,0
            -73.9930170,40.7430160,0
            -74.0341460,40.7271140,0
          </coordinates>
        </LineString>
      </Placemark>
      <Placemark>
        <name>Newport</name>
        <styleUrl>#icon-1739-0288D1</styleUrl>
        <ExtendedData>
          <Data name="Category">
            <value>Train station</value>
          </Data>
          <Data name="Distance">
            <value>0</value>
          </Data>
        </ExtendedData>
        <Point>
          <coordinates>
            -74.033758,40.726984,0
          </coordinates>
        </Point>
      </Placemark>
      <Placemark>
        <name>In a taxi</name>
        <styleUrl>#line-F9A825-5000</styleUrl>
        <ExtendedData>
          <Data name="Category">
            <value>In a taxi</value>
          </Data>
          <Data name="Distance">
            <value>903</value>
          </Data>
        </ExtendedData>
        <LineString>
          <tessellate>1</tessellate>
          <coordinates>
            -74.0344180,40.7272690,0
            -74.0344070,40.7272990,0
            -74.0344050,40.7273040,0
            -74.0343750,40.7274420,0
            -74.0343590,40.7275770,0
            -74.0343530,40.7277140,0
            -74.0343740,40.7278500,0
            -74.0344070,40.7279650,0
            -74.0344180,40.7280240,0
            -74.0344350,40.7280900,0
            -74.0344840,40.7282860,0
            -74.0345510,40.7285170,0
            -74.0345810,40.7286270,0
            -74.0346140,40.7287440,0
            -74.0346140,40.7287470,0
            -74.0346260,40.7288300,0
            -74.0346290,40.7288780,0
            -74.0346310,40.7289440,0
            -74.0346230,40.7290220,0
            -74.0346180,40.7290910,0
            -74.0346130,40.7291500,0
            -74.0346030,40.7292540,0
            -74.0345710,40.7293950,0
            -74.0345400,40.7295930,0
            -74.0345040,40.7297950,0
            -74.0345040,40.7297990,0
            -74.0345010,40.7298140,0
            -74.0344530,40.7300900,0
            -74.0342300,40.7310630,0
            -74.0342110,40.7311560,0
            -74.0344370,40.7311910,0
            -74.0345340,40.7311850,0
            -74.0346300,40.7311720,0
            -74.0346670,40.7311630,0
            -74.0351460,40.7312190,0
            -74.0356360,40.7312750,0
            -74.0362950,40.7313360,0
            -74.0369080,40.7313950,0
            -74.0370420,40.7314080,0
            -74.0372360,40.7314320,0
            -74.0375850,40.7314850,0
            -74.0379710,40.7315250,0
            -74.0391430,40.7316230,0
            -74.0394040,40.7316480,0
            -74.0394850,40.7316550,0
            -74.0395040,40.7315590,0
            -74.0397240,40.7315810,0
            -74.0399700,40.7316000,0
            -74.0401250,40.7316150,0
            -74.0401010,40.7317910,0
            -74.0400710,40.7320060,0
          </coordinates>
        </LineString>
      </Placemark>
      <Placemark>
        <name>Holiday Inn Express &amp; Suites Jersey City - Holland Tunnel, an IHG Hotel</name>
        <styleUrl>#icon-1602-0288D1</styleUrl>
        <ExtendedData>
          <Data name="Category">
            <value>Hotel</value>
          </Data>
          <Data name="Distance">
            <value>0</value>
          </Data>
        </ExtendedData>
        <Point>
          <coordinates>
            -74.040468,40.731846,0
          </coordinates>
        </Point>
      </Placemark>
    </Folder>
    <Folder>
      <name>2021-11-25</name>
      <Placemark>
        <name>Crowne Plaza New Orleans French Quarter, an IHG Hotel</name>
        <styleUrl>#icon-1602-0288D1</styleUrl>
        <ExtendedData>
          <Data name="Category">
            <value>Hotel</value>
          </Data>
          <Data name="Distance">
            <value>0</value>
          </Data>
        </ExtendedData>
        <Point>
          <coordinates>
            -90.069559,29.953836,0
          </coordinates>
        </Point>
      </Placemark>
      <Placemark>
        <name>Driving</name>
        <styleUrl>#line-0097A7-5000</styleUrl>
        <ExtendedData>
          <Data name="Category">
            <value>Driving</value>
          </Data>
          <Data name="Distance">
            <value>24105</value>
          </Data>
        </ExtendedData>
        <LineString>
          <tessellate>1</tessellate>
          <coordinates>
            -90.0694330,29.9543960,0
            -90.0691550,29.9547120,0
            -90.0682430,29.9540930,0
            -90.0689950,29.9532630,0
            -90.0732100,29.9561140,0
            -90.0700430,29.9596890,0
            -90.0698950,29.9599830,0
            -90.0698270,29.9602360,0
            -90.0698220,29.9605390,0
            -90.0698790,29.9607760,0
            -90.0700450,29.9610900,0
            -90.0706690,29.9617560,0
            -90.0707870,29.9619470,0
            -90.0710810,29.9628390,0
            -90.0712510,29.9630890,0
            -90.0738610,29.9648360,0
            -90.0739100,29.9650420,0
            -90.0739030,29.9651140,0
            -90.0738630,29.9652000,0
            -90.0734200,29.9656980,0
            -90.0733310,29.9657640,0
            -90.0731710,29.9658240,0
            -90.0730400,29.9658410,0
            -90.0728410,29.9658020,0
            -90.0726400,29.9656700,0
            -90.0725400,29.9654700,0
            -90.0725520,29.9653170,0
            -90.0725870,29.9652220,0
            -90.0727940,29.9649150,0
            -90.0727920,29.9648270,0
            -90.0808200,29.9558250,0
            -90.0811300,29.9555650,0
            -90.0819150,29.9550870,0
            -90.0828540,29.9547400,0
            -90.0838380,29.9544780,0
            -90.0849720,29.9543350,0
            -90.0857360,29.9543250,0
            -90.0864970,29.9543870,0
            -90.0896260,29.9550110,0
            -90.0900930,29.9551830,0
            -90.0905160,29.9554070,0
            -90.0963860,29.9595440,0
            -90.0965120,29.9595470,0
            -90.1052140,29.9657280,0
            -90.1081240,29.9684880,0
            -90.1085560,29.9690150,0
            -90.1089600,29.9696480,0
            -90.1104620,29.9725540,0
            -90.1115760,29.9758710,0
            -90.1158750,29.9869440,0
            -90.1161180,29.9882550,0
            -90.1161140,29.9911220,0
            -90.1162500,29.9917430,0
            -90.1166650,29.9926540,0
            -90.1172910,29.9934720,0
            -90.1177190,29.9938710,0
            -90.1182940,29.9942910,0
            -90.1205960,29.9956290,0
            -90.1211890,29.9958560,0
            -90.1220400,29.9960910,0
            -90.1671360,29.9980960,0
            -90.1954950,29.9999020,0
            -90.1971240,30.0001080,0
            -90.1987290,30.0004160,0
            -90.2010870,30.0012040,0
            -90.2023490,30.0017500,0
            -90.2040530,30.0026710,0
            -90.2100110,30.0063990,0
            -90.2111350,30.0069850,0
            -90.2121520,30.0073720,0
            -90.2134910,30.0077010,0
            -90.2141960,30.0077980,0
            -90.2354750,30.0091870,0
            -90.2356120,30.0092520,0
            -90.2388470,30.0097590,0
            -90.2408220,30.0099640,0
            -90.2414470,30.0098650,0
            -90.2420510,30.0096080,0
            -90.2424680,30.0093030,0
            -90.2426420,30.0091260,0
            -90.2428730,30.0087950,0
            -90.2430650,30.0082700,0
            -90.2437140,30.0044110,0
            -90.2437750,30.0042750,0
            -90.2438490,30.0038880,0
            -90.2478860,29.9912960,0
            -90.2479620,29.9907030,0
            -90.2479020,29.9895320,0
            -90.2479490,29.9889260,0
            -90.2481600,29.9881840,0
            -90.2494710,29.9858970,0
            -90.2507820,29.9820210,0
            -90.2513010,29.9816100,0
            -90.2513830,29.9814990,0
            -90.2514310,29.9813730,0
            -90.2515750,29.9812130,0
            -90.2536760,29.9816450,0
            -90.2537560,29.9816220,0
            -90.2556890,29.9820140,0
            -90.2557500,29.9817730,0
          </coordinates>
        </LineString>
      </Placemark>
      <Placemark>
        <name>Shell</name>
        <styleUrl>#icon-1739-0288D1</styleUrl>
        <ExtendedData>
          <Data name="Category">
            <value>Gas station</value>
          </Data>
          <Data name="Distance">
            <value>0</value>
          </Data>
        </ExtendedData>
        <Point>
          <coordinates>
            -90.256061,29.981849,0
          </coordinates>
        </Point>
      </Placemark>
      <Placemark>
        <name>Avis Car Rental</name>
        <styleUrl>#icon-1739-0288D1</styleUrl>
        <ExtendedData>
          <Data name="Category">
            <value>Car rental agency</value>
          </Data>
          <Data name="Distance">
            <value>0</value>
          </Data>
        </ExtendedData>
        <Point>
          <coordinates>
            -90.259829,29.985077,0
          </coordinates>
        </Point>
      </Placemark>
      <Placemark>
        <name>On a bus</name>
        <styleUrl>#line-0097A7-5000</styleUrl>
        <ExtendedData>
          <Data name="Category">
            <value>On a bus</value>
          </Data>
          <Data name="Distance">
            <value>3541</value>
          </Data>
        </ExtendedData>
        <LineString>
          <tessellate>1</tessellate>
          <coordinates>
            -90.2598290,29.9850770,0
            -90.2611940,29.9848550,0
            -90.2518240,29.9812760,0
            -90.2505900,29.9982680,0
            -90.2551680,29.9962040,0
            -90.2552790,29.9959350,0
          </coordinates>
        </LineString>
      </Placemark>
      <Placemark>
        <name>Louis Armstrong New Orleans International Airport</name>
        <styleUrl>#icon-1504-0288D1</styleUrl>
        <ExtendedData>
          <Data name="Category">
            <value>International airport</value>
          </Data>
          <Data name="Distance">
            <value>0</value>
          </Data>
        </ExtendedData>
        <Point>
          <coordinates>
            -90.25923,29.99109,0
          </coordinates>
        </Point>
      </Placemark>
      <Placemark>
        <name>Newark Liberty International Airport</name>
        <styleUrl>#icon-1504-0288D1</styleUrl>
        <ExtendedData>
          <Data name="Category">
            <value>Airport</value>
          </Data>
          <Data name="Distance">
            <value>0</value>
          </Data>
        </ExtendedData>
        <Point>
          <coordinates>
            -74.174462,40.689531,0
          </coordinates>
        </Point>
      </Placemark>
      <Placemark>
        <name>In a taxi</name>
        <styleUrl>#line-A52714-5000</styleUrl>
        <ExtendedData>
          <Data name="Category">
            <value>In a taxi</value>
          </Data>
          <Data name="Distance">
            <value>14132</value>
          </Data>
        </ExtendedData>
        <LineString>
          <tessellate>1</tessellate>
          <coordinates>
            -74.1768690,40.6926540,0
            -74.1767420,40.6931400,0
            -74.1767750,40.6932370,0
            -74.1768650,40.6941690,0
            -74.1770280,40.6945790,0
            -74.1771540,40.6947880,0
            -74.1774460,40.6950940,0
            -74.1777100,40.6952820,0
            -74.1781720,40.6954930,0
            -74.1785530,40.6955860,0
            -74.1789290,40.6956310,0
            -74.1794080,40.6956100,0
            -74.1797720,40.6955410,0
            -74.1801540,40.6954190,0
            -74.1814320,40.6948160,0
            -74.1822700,40.6942130,0
            -74.1828680,40.6935000,0
            -74.1828890,40.6934360,0
            -74.1832010,40.6931310,0
            -74.1835320,40.6929650,0
            -74.1838270,40.6929020,0
            -74.1842280,40.6929170,0
            -74.1847430,40.6930300,0
            -74.1853280,40.6932870,0
            -74.1858220,40.6936140,0
            -74.1860310,40.6938590,0
            -74.1861210,40.6940700,0
            -74.1861420,40.6942700,0
            -74.1861850,40.6943400,0
            -74.1860860,40.6946530,0
            -74.1859810,40.6947890,0
            -74.1852530,40.6954770,0
            -74.1851590,40.6956200,0
            -74.1850730,40.6958780,0
            -74.1850660,40.6960820,0
            -74.1851050,40.6962200,0
            -74.1854580,40.6969130,0
            -74.1855840,40.6974850,0
            -74.1856120,40.6991600,0
            -74.1855080,40.7004320,0
            -74.1855250,40.7006340,0
            -74.1852360,40.7013980,0
            -74.1841870,40.7031880,0
            -74.1832610,40.7043350,0
            -74.1814330,40.7060930,0
            -74.1795290,40.7075510,0
            -74.1790080,40.7078490,0
            -74.1781540,40.7081730,0
            -74.1776440,40.7082800,0
            -74.1772200,40.7083200,0
            -74.1686110,40.7081210,0
            -74.1666390,40.7082150,0
            -74.1644070,40.7084320,0
            -74.1643300,40.7084640,0
            -74.1620250,40.7089470,0
            -74.1610460,40.7093100,0
            -74.1593640,40.7101930,0
            -74.1582120,40.7109360,0
            -74.1569910,40.7118450,0
            -74.1525080,40.7157970,0
            -74.1516060,40.7168090,0
            -74.1494030,40.7196380,0
            -74.1477680,40.7213480,0
            -74.1469180,40.7220420,0
            -74.1452960,40.7231500,0
            -74.1313930,40.7310100,0
            -74.1313070,40.7311110,0
            -74.1294560,40.7321990,0
            -74.1294130,40.7322850,0
            -74.1264910,40.7339480,0
            -74.1253440,40.7344470,0
            -74.1240730,40.7348200,0
            -74.1225950,40.7350490,0
            -74.1214710,40.7351020,0
            -74.1038340,40.7344380,0
            -74.1015010,40.7344940,0
            -74.0897770,40.7355570,0
            -74.0717660,40.7388430,0
            -74.0684390,40.7390660,0
            -74.0683810,40.7390830,0
            -74.0651930,40.7392230,0
            -74.0628400,40.7390300,0
            -74.0616730,40.7388100,0
            -74.0610670,40.7385970,0
            -74.0601580,40.7380950,0
            -74.0528360,40.7318420,0
            -74.0523900,40.7315370,0
            -74.0519230,40.7313110,0
            -74.0514390,40.7311740,0
            -74.0510130,40.7311210,0
            -74.0500330,40.7311180,0
            -74.0498600,40.7310800,0
            -74.0454430,40.7306840,0
            -74.0445470,40.7305430,0
            -74.0444640,40.7304980,0
            -74.0444420,40.7304660,0
            -74.0396740,40.7299950,0
            -74.0394180,40.7315500,0
            -74.0401250,40.7316150,0
            -74.0401010,40.7317910,0
          </coordinates>
        </LineString>
      </Placemark>
      <Placemark>
        <name>Holiday Inn Express &amp; Suites Jersey City - Holland Tunnel, an IHG Hotel</name>
        <styleUrl>#icon-1602-0288D1</styleUrl>
        <ExtendedData>
          <Data name="Category">
            <value>Hotel</value>
          </Data>
          <Data name="Distance">
            <value>0</value>
          </Data>
        </ExtendedData>
        <Point>
          <coordinates>
            -74.040468,40.731846,0
          </coordinates>
        </Point>
      </Placemark>
      <Placemark>
        <name>Walking</name>
        <styleUrl>#line-A52714-5000</styleUrl>
        <ExtendedData>
          <Data name="Category">
            <value>Walking</value>
          </Data>
          <Data name="Distance">
            <value>2237</value>
          </Data>
        </ExtendedData>
        <LineString>
          <tessellate>1</tessellate>
          <coordinates>
            -74.0401010,40.7317910,0
            -74.0397100,40.7317610,0
            -74.0397200,40.7316260,0
            -74.0397300,40.7315360,0
            -74.0397490,40.7314010,0
            -74.0395760,40.7313800,0
            -74.0395800,40.7313480,0
            -74.0395950,40.7312510,0
            -74.0396600,40.7308200,0
            -74.0397020,40.7305660,0
            -74.0397380,40.7303580,0
            -74.0397680,40.7301330,0
            -74.0397860,40.7300570,0
            -74.0398000,40.7299670,0
            -74.0399320,40.7299890,0
            -74.0404880,40.7300550,0
            -74.0406570,40.7300760,0
            -74.0407060,40.7300810,0
            -74.0408880,40.7301000,0
            -74.0410520,40.7301140,0
            -74.0411870,40.7301290,0
            -74.0412950,40.7301400,0
            -74.0413260,40.7299320,0
            -74.0413510,40.7297300,0
            -74.0413780,40.7295510,0
            -74.0414300,40.7291940,0
            -74.0414330,40.7291750,0
            -74.0414760,40.7289300,0
            -74.0414870,40.7288630,0
            -74.0414980,40.7287920,0
            -74.0416090,40.7280920,0
            -74.0416180,40.7279860,0
            -74.0416220,40.7279260,0
            -74.0416320,40.7278470,0
            -74.0416940,40.7273740,0
            -74.0417390,40.7270630,0
            -74.0418140,40.7266730,0
            -74.0418260,40.7266020,0
            -74.0419140,40.7260000,0
            -74.0419300,40.7259030,0
            -74.0420340,40.7252430,0
            -74.0420450,40.7251720,0
            -74.0420680,40.7250290,0
            -74.0420680,40.7250240,0
            -74.0420940,40.7248610,0
            -74.0421060,40.7247890,0
            -74.0421550,40.7245040,0
            -74.0421630,40.7244430,0
            -74.0422520,40.7237890,0
            -74.0423430,40.7232400,0
            -74.0423640,40.7230840,0
            -74.0424690,40.7224200,0
            -74.0424800,40.7223490,0
            -74.0425750,40.7216960,0
            -74.0425860,40.7216250,0
            -74.0426340,40.7213560,0
            -74.0426920,40.7209850,0
            -74.0427030,40.7209140,0
            -74.0427510,40.7206060,0
            -74.0428010,40.7202780,0
            -74.0428140,40.7202060,0
            -74.0428570,40.7199890,0
            -74.0428820,40.7198660,0
          </coordinates>
        </LineString>
      </Placemark>
      <Placemark>
        <name>On the subway</name>
        <styleUrl>#line-A52714-5000</styleUrl>
        <ExtendedData>
          <Data name="Category">
            <value>On the subway</value>
          </Data>
          <Data name="Distance">
            <value>9802</value>
          </Data>
        </ExtendedData>
        <LineString>
          <tessellate>1</tessellate>
          <coordinates>
            -74.0427250,40.7209630,0
            -74.0118100,40.7119090,0
            -74.0116990,40.7115450,0
            -74.0096120,40.7105810,0
            -74.0048400,40.7127610,0
            -73.9969840,40.7222830,0
            -73.9677250,40.7616690,0
            -73.9675370,40.7617420,0
          </coordinates>
        </LineString>
      </Placemark>
      <Placemark>
        <name>Hutong New York</name>
        <styleUrl>#icon-1739-0288D1</styleUrl>
        <ExtendedData>
          <Data name="Category">
            <value>Chinese</value>
          </Data>
          <Data name="Distance">
            <value>0</value>
          </Data>
        </ExtendedData>
        <Point>
          <coordinates>
            -73.967537,40.761742,0
          </coordinates>
        </Point>
      </Placemark>
      <Placemark>
        <name>In a taxi</name>
        <styleUrl>#line-A52714-5000</styleUrl>
        <ExtendedData>
          <Data name="Category">
            <value>In a taxi</value>
          </Data>
          <Data name="Distance">
            <value>9267</value>
          </Data>
        </ExtendedData>
        <LineString>
          <tessellate>1</tessellate>
          <coordinates>
            -73.9676790,40.7614120,0
            -73.9677950,40.7612660,0
            -73.9672250,40.7610300,0
            -73.9670500,40.7609460,0
            -73.9648210,40.7599850,0
            -73.9648480,40.7599380,0
            -73.9650220,40.7596840,0
            -73.9662730,40.7580350,0
            -73.9667060,40.7573950,0
            -73.9667400,40.7573360,0
            -73.9712520,40.7511130,0
            -73.9719470,40.7501920,0
            -73.9725480,40.7493530,0
            -73.9731490,40.7485580,0
            -73.9731770,40.7485300,0
            -73.9739600,40.7474340,0
            -73.9740260,40.7473180,0
            -73.9745590,40.7465780,0
            -73.9750110,40.7459940,0
            -73.9774170,40.7426850,0
            -73.9786530,40.7410400,0
            -73.9793080,40.7401030,0
            -73.9853130,40.7318310,0
            -73.9854220,40.7316620,0
            -73.9859170,40.7310300,0
            -73.9860020,40.7308940,0
            -73.9865560,40.7301170,0
            -73.9868240,40.7297820,0
            -73.9868840,40.7296850,0
            -73.9878130,40.7284110,0
            -73.9879870,40.7281450,0
            -73.9889810,40.7268000,0
            -73.9892360,40.7264780,0
            -73.9909300,40.7241540,0
            -73.9910160,40.7240540,0
            -73.9910400,40.7240430,0
            -73.9910620,40.7240280,0
            -73.9911240,40.7239700,0
            -73.9912510,40.7238020,0
            -73.9923490,40.7241360,0
            -73.9925190,40.7241780,0
            -73.9943260,40.7248310,0
            -73.9952010,40.7251310,0
            -73.9956330,40.7252280,0
            -73.9959340,40.7253090,0
            -73.9965150,40.7254450,0
            -73.9965710,40.7254540,0
            -73.9968940,40.7255370,0
            -73.9971030,40.7256300,0
            -74.0026440,40.7283490,0
            -74.0026700,40.7283560,0
            -74.0027720,40.7283690,0
            -74.0030960,40.7283910,0
            -74.0053180,40.7286020,0
            -74.0056580,40.7265290,0
            -74.0057220,40.7264490,0
            -74.0060480,40.7244560,0
            -74.0060620,40.7244240,0
            -74.0060790,40.7243950,0
            -74.0061210,40.7243650,0
            -74.0062470,40.7242970,0
            -74.0063250,40.7242630,0
            -74.0063700,40.7242480,0
            -74.0064640,40.7242370,0
            -74.0065520,40.7242330,0
            -74.0066050,40.7242340,0
            -74.0066900,40.7242470,0
            -74.0067390,40.7242610,0
            -74.0068260,40.7242970,0
            -74.0068700,40.7243260,0
            -74.0069040,40.7243530,0
            -74.0069590,40.7244140,0
            -74.0069920,40.7244390,0
            -74.0069900,40.7246150,0
            -74.0070060,40.7247050,0
            -74.0069800,40.7248930,0
            -74.0069730,40.7251240,0
            -74.0070410,40.7253020,0
            -74.0071390,40.7254560,0
            -74.0072860,40.7256000,0
            -74.0074500,40.7257070,0
            -74.0075500,40.7257640,0
            -74.0076560,40.7258060,0
            -74.0078270,40.7258550,0
            -74.0105120,40.7261280,0
            -74.0114410,40.7262720,0
            -74.0121960,40.7263610,0
            -74.0149420,40.7266360,0
            -74.0269270,40.7285000,0
            -74.0320160,40.7289630,0
            -74.0323280,40.7290170,0
            -74.0327570,40.7291700,0
            -74.0354590,40.7300620,0
            -74.0358410,40.7302190,0
            -74.0360180,40.7303300,0
            -74.0363270,40.7305890,0
            -74.0365850,40.7307750,0
            -74.0368840,40.7309730,0
            -74.0371000,40.7310950,0
            -74.0375760,40.7313210,0
            -74.0376850,40.7313620,0
            -74.0377440,40.7313790,0
            -74.0378010,40.7313890,0
            -74.0404530,40.7316440,0
          </coordinates>
        </LineString>
      </Placemark>
      <Placemark>
        <name>Holiday Inn Express &amp; Suites Jersey City - Holland Tunnel, an IHG Hotel</name>
        <styleUrl>#icon-1602-0288D1</styleUrl>
        <ExtendedData>
          <Data name="Category">
            <value>Hotel</value>
          </Data>
          <Data name="Distance">
            <value>0</value>
          </Data>
        </ExtendedData>
        <Point>
          <coordinates>
            -74.040468,40.731846,0
          </coordinates>
        </Point>
      </Placemark>
    </Folder>
    <Folder>
      <name>2021-11-24</name>
      <Placemark>
        <name>Crowne Plaza New Orleans French Quarter, an IHG Hotel</name>
        <styleUrl>#icon-1602-0288D1</styleUrl>
        <ExtendedData>
          <Data name="Category">
            <value>Hotel</value>
          </Data>
          <Data name="Distance">
            <value>0</value>
          </Data>
        </ExtendedData>
        <Point>
          <coordinates>
            -90.069559,29.953836,0
          </coordinates>
        </Point>
      </Placemark>
      <Placemark>
        <name>Driving</name>
        <styleUrl>#line-7CB342-5000</styleUrl>
        <ExtendedData>
          <Data name="Category">
            <value>Driving</value>
          </Data>
          <Data name="Distance">
            <value>2428</value>
          </Data>
        </ExtendedData>
        <LineString>
          <tessellate>1</tessellate>
          <coordinates>
            -90.0696590,29.9537100,0
            -90.0698990,29.9538710,0
            -90.0705460,29.9543220,0
            -90.0707830,29.9544870,0
            -90.0711970,29.9547580,0
            -90.0715490,29.9549870,0
            -90.0716910,29.9550850,0
            -90.0718370,29.9551850,0
            -90.0726180,29.9557070,0
            -90.0725510,29.9557800,0
            -90.0718610,29.9565640,0
            -90.0718270,29.9566000,0
            -90.0717470,29.9566930,0
            -90.0714050,29.9570770,0
            -90.0712950,29.9572010,0
            -90.0711900,29.9573180,0
            -90.0704630,29.9581350,0
            -90.0701260,29.9585130,0
            -90.0698130,29.9588620,0
            -90.0697320,29.9589490,0
            -90.0696540,29.9590330,0
            -90.0690980,29.9596590,0
            -90.0684060,29.9604360,0
            -90.0680230,29.9608640,0
            -90.0679890,29.9609030,0
            -90.0678630,29.9610460,0
            -90.0676100,29.9613310,0
            -90.0669740,29.9620460,0
            -90.0669070,29.9621150,0
            -90.0661770,29.9629250,0
            -90.0657890,29.9633630,0
            -90.0654700,29.9637230,0
            -90.0648170,29.9644520,0
            -90.0647750,29.9644950,0
            -90.0640820,29.9652630,0
            -90.0635910,29.9658100,0
            -90.0635270,29.9657690,0
            -90.0633160,29.9656220,0
            -90.0631100,29.9654790,0
            -90.0626770,29.9651790,0
            -90.0625740,29.9651150,0
            -90.0624630,29.9650410,0
            -90.0617810,29.9645700,0
            -90.0617480,29.9645450,0
            -90.0615590,29.9644180,0
            -90.0609020,29.9639550,0
            -90.0608630,29.9639230,0
            -90.0607970,29.9638770,0
            -90.0606210,29.9637570,0
            -90.0599700,29.9633150,0
            -90.0598530,29.9632380,0
            -90.0590710,29.9627090,0
            -90.0588080,29.9625240,0
            -90.0584510,29.9622740,0
            -90.0580670,29.9620040,0
            -90.0578560,29.9618620,0
            -90.0576860,29.9617480,0
            -90.0575780,29.9616690,0
          </coordinates>
        </LineString>
      </Placemark>
      <Placemark>
        <name>New Orleans Jazz Museum</name>
        <styleUrl>#icon-1535-0288D1</styleUrl>
        <ExtendedData>
          <Data name="Category">
            <value>Heritage museum</value>
          </Data>
          <Data name="Distance">
            <value>0</value>
          </Data>
        </ExtendedData>
        <Point>
          <coordinates>
            -90.057848,29.961222,0
          </coordinates>
        </Point>
      </Placemark>
      <Placemark>
        <name>Driving</name>
        <styleUrl>#line-7CB342-5000</styleUrl>
        <ExtendedData>
          <Data name="Category">
            <value>Driving</value>
          </Data>
          <Data name="Distance">
            <value>32632</value>
          </Data>
        </ExtendedData>
        <LineString>
          <tessellate>1</tessellate>
          <coordinates>
            -90.0575320,29.9616360,0
            -90.0569040,29.9612040,0
            -90.0564130,29.9615510,0
            -90.0563040,29.9616510,0
            -90.0561940,29.9617970,0
            -90.0561680,29.9619120,0
            -90.0562210,29.9626310,0
            -90.0562490,29.9627040,0
            -90.0567440,29.9690730,0
            -90.0567090,29.9695520,0
            -90.0570360,29.9736200,0
            -90.0608050,29.9733750,0
            -90.0608910,29.9733330,0
            -90.0614560,29.9732300,0
            -90.0654170,29.9729790,0
            -90.0659570,29.9728340,0
            -90.0662240,29.9727160,0
            -90.0663790,29.9726140,0
            -90.0665890,29.9724250,0
            -90.0667560,29.9721950,0
            -90.0671090,29.9714420,0
            -90.0676080,29.9707300,0
            -90.0676260,29.9706130,0
            -90.0808200,29.9558250,0
            -90.0811300,29.9555650,0
            -90.0819150,29.9550870,0
            -90.0820030,29.9550050,0
            -90.0828790,29.9546000,0
            -90.0834720,29.9544120,0
            -90.0851920,29.9540970,0
            -90.0856610,29.9539360,0
            -90.0858230,29.9538550,0
            -90.0861690,29.9536180,0
            -90.0863500,29.9534510,0
            -90.0866260,29.9530920,0
            -90.0867250,29.9529020,0
            -90.0868220,29.9526270,0
            -90.0868850,29.9522310,0
            -90.0868250,29.9517970,0
            -90.0867380,29.9515060,0
            -90.0864010,29.9508760,0
            -90.0860600,29.9504310,0
            -90.0844320,29.9486680,0
            -90.0840230,29.9483090,0
            -90.0826420,29.9474490,0
            -90.0825280,29.9474600,0
            -90.0815600,29.9467980,0
            -90.0793700,29.9454670,0
            -90.0732220,29.9420380,0
            -90.0730600,29.9419260,0
            -90.0671830,29.9386600,0
            -90.0661010,29.9381840,0
            -90.0651840,29.9379180,0
            -90.0645780,29.9378050,0
            -90.0637010,29.9377220,0
            -90.0425890,29.9378480,0
            -90.0421820,29.9378210,0
            -90.0415300,29.9377170,0
            -90.0408820,29.9375130,0
            -90.0401720,29.9371730,0
            -90.0398280,29.9369490,0
            -90.0394530,29.9366540,0
            -90.0388970,29.9360610,0
            -90.0386380,29.9356650,0
            -90.0384130,29.9351530,0
            -90.0381930,29.9341050,0
            -90.0381730,29.9335500,0
            -90.0385100,29.9293990,0
            -90.0386570,29.9287400,0
            -90.0389510,29.9278820,0
            -90.0392880,29.9271870,0
            -90.0460560,29.9167120,0
            -90.0466580,29.9159870,0
            -90.0473610,29.9153520,0
            -90.0479990,29.9149050,0
            -90.0613470,29.9069090,0
            -90.0647770,29.9050620,0
            -90.0715370,29.9007370,0
            -90.0722640,29.9003970,0
            -90.0729610,29.9001310,0
            -90.0796820,29.8984950,0
            -90.0860670,29.8966120,0
            -90.0876050,29.8962930,0
            -90.0913740,29.8958090,0
            -90.0916000,29.8958490,0
            -90.0953450,29.8954620,0
            -90.0953880,29.8954670,0
            -90.0955120,29.8955190,0
            -90.1002190,29.8949270,0
            -90.0995730,29.8879890,0
            -90.0993350,29.8864370,0
            -90.0976500,29.8679680,0
            -90.0976330,29.8659220,0
            -90.0974360,29.8636590,0
            -90.0974490,29.8632970,0
            -90.0975670,29.8626830,0
            -90.0977990,29.8621740,0
            -90.0981410,29.8617130,0
            -90.1002400,29.8594340,0
            -90.1035920,29.8562100,0
            -90.1040470,29.8558740,0
            -90.1050740,29.8552860,0
            -90.1042320,29.8498160,0
            -90.0982360,29.8191220,0
            -90.0980000,29.8174610,0
            -90.0979630,29.8164590,0
            -90.1001650,29.7781390,0
            -90.1003720,29.7779410,0
            -90.1004750,29.7778910,0
            -90.1006080,29.7778520,0
            -90.1007320,29.7778430,0
            -90.1024600,29.7782250,0
            -90.1029340,29.7783890,0
            -90.1068580,29.7800600,0
            -90.1108810,29.7820640,0
            -90.1123550,29.7829390,0
            -90.1144150,29.7843640,0
            -90.1146680,29.7845710,0
            -90.1148660,29.7844030,0
            -90.1150950,29.7842840,0
            -90.1151580,29.7842320,0
            -90.1151750,29.7842060,0
            -90.1151850,29.7840850,0
            -90.1151610,29.7840050,0
          </coordinates>
        </LineString>
      </Placemark>
      <Placemark>
        <name>Barataria Preserve Visitor Center</name>
        <styleUrl>#icon-1535-0288D1</styleUrl>
        <ExtendedData>
          <Data name="Category">
            <value>Visitor center</value>
          </Data>
          <Data name="Distance">
            <value>0</value>
          </Data>
        </ExtendedData>
        <Point>
          <coordinates>
            -90.115498,29.78394,0
          </coordinates>
        </Point>
      </Placemark>
      <Placemark>
        <name>Driving</name>
        <styleUrl>#line-7CB342-5000</styleUrl>
        <ExtendedData>
          <Data name="Category">
            <value>Driving</value>
          </Data>
          <Data name="Distance">
            <value>9226</value>
          </Data>
        </ExtendedData>
        <LineString>
          <tessellate>1</tessellate>
          <coordinates>
            -90.1151610,29.7840050,0
            -90.1149190,29.7840540,0
            -90.1147220,29.7841110,0
            -90.1148660,29.7844030,0
            -90.1146680,29.7845710,0
            -90.1144150,29.7843640,0
            -90.1123550,29.7829390,0
            -90.1113540,29.7823260,0
            -90.1108810,29.7820640,0
            -90.1068580,29.7800600,0
            -90.1029340,29.7783890,0
            -90.1024600,29.7782250,0
            -90.1007320,29.7778430,0
            -90.1004590,29.7777570,0
            -90.1004220,29.7777400,0
            -90.1003740,29.7777050,0
            -90.1002870,29.7776030,0
            -90.1002000,29.7774470,0
            -90.1006480,29.7699670,0
            -90.1006440,29.7699520,0
            -90.1006270,29.7699220,0
            -90.1005820,29.7698910,0
            -90.1006020,29.7697660,0
            -90.1006030,29.7691880,0
            -90.1005510,29.7683180,0
            -90.0998440,29.7624760,0
            -90.0994530,29.7581570,0
            -90.0994640,29.7574630,0
            -90.0995060,29.7571110,0
            -90.0996270,29.7565770,0
            -90.0997770,29.7561290,0
            -90.0998810,29.7558940,0
            -90.1001670,29.7553520,0
            -90.1003820,29.7550270,0
            -90.1007330,29.7545950,0
            -90.1011210,29.7542190,0
            -90.1016570,29.7537980,0
            -90.1017330,29.7537870,0
            -90.1017900,29.7537640,0
            -90.1020610,29.7535980,0
            -90.1021980,29.7535390,0
            -90.1022860,29.7535150,0
            -90.1024070,29.7535020,0
            -90.1024880,29.7535050,0
            -90.1025970,29.7535260,0
            -90.1027390,29.7535910,0
            -90.1028390,29.7536630,0
            -90.1029000,29.7537350,0
            -90.1029640,29.7538450,0
            -90.1029880,29.7539130,0
            -90.1029970,29.7539820,0
            -90.1029830,29.7540980,0
            -90.1029500,29.7541950,0
            -90.1028330,29.7543900,0
            -90.1027100,29.7545360,0
            -90.1025810,29.7546550,0
            -90.1023670,29.7547750,0
            -90.1021700,29.7548540,0
            -90.1011430,29.7550910,0
            -90.1009800,29.7551410,0
            -90.1008090,29.7552110,0
            -90.1005940,29.7553380,0
            -90.1004220,29.7554840,0
            -90.1002720,29.7556770,0
            -90.1000820,29.7559950,0
            -90.0998960,29.7563980,0
            -90.0998290,29.7565920,0
            -90.0997090,29.7570660,0
            -90.0996690,29.7573750,0
            -90.0996540,29.7578070,0
            -90.0996680,29.7580940,0
            -90.0999310,29.7606590,0
            -90.1027760,29.7605370,0
            -90.1033440,29.7604830,0
            -90.1044040,29.7602910,0
            -90.1048780,29.7602400,0
            -90.1062240,29.7602010,0
            -90.1067300,29.7601550,0
            -90.1194530,29.7585060,0
            -90.1198720,29.7584000,0
            -90.1202260,29.7582550,0
            -90.1350930,29.7506530,0
            -90.1352040,29.7505850,0
            -90.1353540,29.7504730,0
            -90.1354810,29.7503390,0
            -90.1355630,29.7501970,0
            -90.1356140,29.7500480,0
            -90.1356350,29.7499160,0
            -90.1356380,29.7497970,0
            -90.1356130,29.7496210,0
            -90.1355960,29.7495610,0
            -90.1355370,29.7494290,0
            -90.1307140,29.7422350,0
            -90.1317240,29.7419880,0
            -90.1318590,29.7419320,0
            -90.1318760,29.7419160,0
            -90.1318850,29.7419000,0
            -90.1318900,29.7418600,0
            -90.1318100,29.7415710,0
            -90.1317830,29.7415030,0
          </coordinates>
        </LineString>
      </Placemark>
      <Placemark>
        <name>Airboat Adventures</name>
        <styleUrl>#icon-1535-0288D1</styleUrl>
        <ExtendedData>
          <Data name="Category">
            <value>Tourist attraction</value>
          </Data>
          <Data name="Distance">
            <value>0</value>
          </Data>
        </ExtendedData>
        <Point>
          <coordinates>
            -90.13162,29.74177,0
          </coordinates>
        </Point>
      </Placemark>
      <Placemark>
        <name>Boating</name>
        <styleUrl>#line-7CB342-5000</styleUrl>
        <ExtendedData>
          <Data name="Category">
            <value>Boating</value>
          </Data>
          <Data name="Distance">
            <value>5103</value>
          </Data>
        </ExtendedData>
        <LineString>
          <tessellate>1</tessellate>
          <coordinates>
            -90.1316200,29.7417700,0
            -90.1316940,29.7414670,0
            -90.1324500,29.7395240,0
            -90.1318040,29.7385000,0
            -90.1314980,29.7374580,0
            -90.1328500,29.7384740,0
            -90.1329310,29.7391480,0
            -90.1324650,29.7410090,0
            -90.1341160,29.7425560,0
            -90.1451850,29.7348090,0
            -90.1490930,29.7301360,0
            -90.1513790,29.7252100,0
            -90.1489360,29.7237430,0
            -90.1459810,29.7224080,0
            -90.1393050,29.7228980,0
            -90.1391230,29.7229360,0
            -90.1392970,29.7228580,0
          </coordinates>
        </LineString>
      </Placemark>
      <Placemark>
        <name>Princess and the Frog Filming</name>
        <styleUrl>#icon-1535-0288D1</styleUrl>
        <ExtendedData>
          <Data name="Category">
            <value>Tourist attraction</value>
          </Data>
          <Data name="Distance">
            <value>0</value>
          </Data>
        </ExtendedData>
        <Point>
          <coordinates>
            -90.139297,29.722858,0
          </coordinates>
        </Point>
      </Placemark>
      <Placemark>
        <name>Boating</name>
        <styleUrl>#line-7CB342-5000</styleUrl>
        <ExtendedData>
          <Data name="Category">
            <value>Boating</value>
          </Data>
          <Data name="Distance">
            <value>4776</value>
          </Data>
        </ExtendedData>
        <LineString>
          <tessellate>1</tessellate>
          <coordinates>
            -90.1392970,29.7228580,0
            -90.1391460,29.7229270,0
            -90.1418600,29.7209930,0
            -90.1496800,29.7241470,0
            -90.1522120,29.7258420,0
            -90.1508050,29.7285970,0
            -90.1468870,29.7323300,0
            -90.1424120,29.7382740,0
            -90.1387540,29.7428620,0
            -90.1361450,29.7450240,0
            -90.1317610,29.7414160,0
            -90.1316200,29.7417700,0
          </coordinates>
        </LineString>
      </Placemark>
      <Placemark>
        <name>Airboat Adventures</name>
        <styleUrl>#icon-1535-0288D1</styleUrl>
        <ExtendedData>
          <Data name="Category">
            <value>Tourist attraction</value>
          </Data>
          <Data name="Distance">
            <value>0</value>
          </Data>
        </ExtendedData>
        <Point>
          <coordinates>
            -90.13162,29.74177,0
          </coordinates>
        </Point>
      </Placemark>
      <Placemark>
        <name>Driving</name>
        <styleUrl>#line-7CB342-5000</styleUrl>
        <ExtendedData>
          <Data name="Category">
            <value>Driving</value>
          </Data>
          <Data name="Distance">
            <value>45355</value>
          </Data>
        </ExtendedData>
        <LineString>
          <tessellate>1</tessellate>
          <coordinates>
            -90.1317550,29.7414330,0
            -90.1316810,29.7412510,0
            -90.1316580,29.7412240,0
            -90.1315850,29.7411760,0
            -90.1314790,29.7411500,0
            -90.1313830,29.7411450,0
            -90.1309220,29.7412350,0
            -90.1301660,29.7414300,0
            -90.1355370,29.7494290,0
            -90.1356130,29.7496210,0
            -90.1356380,29.7497970,0
            -90.1356350,29.7499160,0
            -90.1356140,29.7500480,0
            -90.1355630,29.7501970,0
            -90.1354810,29.7503390,0
            -90.1353540,29.7504730,0
            -90.1350930,29.7506530,0
            -90.1202260,29.7582550,0
            -90.1198720,29.7584000,0
            -90.1194530,29.7585060,0
            -90.1067300,29.7601550,0
            -90.1062240,29.7602010,0
            -90.1048780,29.7602400,0
            -90.1044040,29.7602910,0
            -90.1033440,29.7604830,0
            -90.1027760,29.7605370,0
            -90.1000500,29.7606520,0
            -90.0997690,29.7580050,0
            -90.0997650,29.7575460,0
            -90.0998030,29.7571580,0
            -90.0999150,29.7566680,0
            -90.1001450,29.7560980,0
            -90.1003200,29.7557890,0
            -90.1004140,29.7556560,0
            -90.1005310,29.7555290,0
            -90.1006160,29.7554550,0
            -90.1007840,29.7553390,0
            -90.1009890,29.7552450,0
            -90.1022210,29.7549360,0
            -90.1025070,29.7548130,0
            -90.1026090,29.7547450,0
            -90.1028580,29.7545180,0
            -90.1030110,29.7543090,0
            -90.1030470,29.7542300,0
            -90.1030820,29.7541000,0
            -90.1030940,29.7539600,0
            -90.1030670,29.7538280,0
            -90.1029800,29.7536570,0
            -90.1027460,29.7533040,0
            -90.1026970,29.7532480,0
            -90.1026330,29.7532090,0
            -90.1026030,29.7531990,0
            -90.1025590,29.7531950,0
            -90.1025260,29.7531980,0
            -90.1024430,29.7532220,0
            -90.1023340,29.7532770,0
            -90.1017450,29.7536490,0
            -90.1017170,29.7536770,0
            -90.1016800,29.7537370,0
            -90.1016570,29.7537970,0
            -90.1011210,29.7542190,0
            -90.1007330,29.7545950,0
            -90.1003820,29.7550270,0
            -90.1001670,29.7553520,0
            -90.0997770,29.7561290,0
            -90.0996270,29.7565770,0
            -90.0995060,29.7571110,0
            -90.0994640,29.7574630,0
            -90.0994530,29.7581570,0
            -90.0998440,29.7624760,0
            -90.1005510,29.7683180,0
            -90.1006030,29.7691870,0
            -90.1006020,29.7697660,0
            -90.1005820,29.7698910,0
            -90.1005500,29.7699210,0
            -90.1005250,29.7699770,0
            -90.1003040,29.7714260,0
            -90.1002360,29.7721200,0
            -90.0976870,29.8165300,0
            -90.0977050,29.8171690,0
            -90.0978670,29.8186010,0
            -90.1041490,29.8507490,0
            -90.1048230,29.8548970,0
            -90.1047220,29.8551550,0
            -90.1046540,29.8552760,0
            -90.1046400,29.8553240,0
            -90.1041000,29.8556310,0
            -90.1037000,29.8558990,0
            -90.1032620,29.8562600,0
            -90.1006060,29.8588190,0
            -90.0985770,29.8609660,0
            -90.0979330,29.8616960,0
            -90.0976630,29.8620710,0
            -90.0974590,29.8624650,0
            -90.0973660,29.8627150,0
            -90.0973030,29.8629590,0
            -90.0972560,29.8632760,0
            -90.0972470,29.8635220,0
            -90.0974640,29.8660980,0
            -90.0974440,29.8674010,0
            -90.0974640,29.8679740,0
            -90.0990740,29.8859900,0
            -90.0994010,29.8880070,0
            -90.0999910,29.8942930,0
            -90.0959540,29.8947920,0
            -90.0957600,29.8948830,0
            -90.0955580,29.8949480,0
            -90.0930370,29.8952720,0
            -90.0922500,29.8954190,0
            -90.0921790,29.8954940,0
            -90.0874820,29.8960940,0
            -90.0869440,29.8961890,0
            -90.0792860,29.8980330,0
            -90.0731210,29.8998650,0
            -90.0720400,29.9002610,0
            -90.0713210,29.9006060,0
            -90.0706940,29.9009810,0
            -90.0647280,29.9048360,0
            -90.0638990,29.9053180,0
            -90.0611910,29.9067430,0
            -90.0478830,29.9147220,0
            -90.0473780,29.9150610,0
            -90.0470520,29.9153150,0
            -90.0466190,29.9157050,0
            -90.0462240,29.9161280,0
            -90.0458700,29.9165810,0
            -90.0395290,29.9263500,0
            -90.0390450,29.9271690,0
            -90.0386250,29.9279550,0
            -90.0383270,29.9285930,0
            -90.0376330,29.9304180,0
            -90.0375080,29.9308510,0
            -90.0373670,29.9315740,0
            -90.0372570,29.9327770,0
            -90.0372870,29.9344640,0
            -90.0373470,29.9348290,0
            -90.0374500,29.9352210,0
            -90.0376140,29.9355990,0
            -90.0377740,29.9358780,0
            -90.0381230,29.9363480,0
            -90.0386070,29.9368570,0
            -90.0389660,29.9371610,0
            -90.0392990,29.9374050,0
            -90.0397660,29.9376930,0
            -90.0400820,29.9378600,0
            -90.0406920,29.9381170,0
            -90.0411170,29.9382540,0
            -90.0417890,29.9384000,0
            -90.0421530,29.9384460,0
            -90.0495580,29.9388780,0
            -90.0513240,29.9389260,0
            -90.0646690,29.9388240,0
            -90.0650590,29.9388570,0
            -90.0654820,29.9389190,0
            -90.0659320,29.9390150,0
            -90.0674750,29.9394790,0
            -90.0675580,29.9395880,0
            -90.0682630,29.9398250,0
            -90.0689060,29.9401220,0
            -90.0699410,29.9407720,0
            -90.0709790,29.9413320,0
            -90.0711370,29.9414520,0
            -90.0712020,29.9415200,0
            -90.0713000,29.9416620,0
            -90.0713680,29.9418230,0
            -90.0713940,29.9420580,0
            -90.0713790,29.9421690,0
            -90.0711420,29.9430180,0
            -90.0711840,29.9431640,0
            -90.0688700,29.9510030,0
            -90.0685710,29.9519020,0
            -90.0683470,29.9524190,0
            -90.0681120,29.9526680,0
            -90.0767860,29.9585510,0
            -90.0760360,29.9593800,0
            -90.0771590,29.9601350,0
            -90.0792460,29.9577930,0
            -90.0793220,29.9576850,0
            -90.0799570,29.9569920,0
            -90.0801090,29.9567890,0
            -90.0825500,29.9540000,0
            -90.0826860,29.9538680,0
            -90.0842110,29.9521130,0
            -90.0843120,29.9520450,0
            -90.0845690,29.9518220,0
            -90.0848410,29.9516560,0
            -90.0848860,29.9516370,0
            -90.0850160,29.9516290,0
            -90.0851480,29.9516410,0
            -90.0853560,29.9516980,0
            -90.0855520,29.9518040,0
            -90.0855970,29.9518400,0
            -90.0858610,29.9521790,0
            -90.0859920,29.9523220,0
            -90.0863160,29.9526080,0
            -90.0865580,29.9527700,0
            -90.0873530,29.9531890,0
            -90.0890060,29.9542080,0
            -90.0890880,29.9542320,0
            -90.0891860,29.9542400,0
            -90.0902840,29.9550830,0
            -90.0987310,29.9611390,0
            -90.0992380,29.9614690,0
            -90.1012840,29.9629210,0
            -90.1018830,29.9633010,0
            -90.1046800,29.9653100,0
            -90.1052140,29.9657280,0
            -90.1081240,29.9684880,0
            -90.1085560,29.9690150,0
            -90.1089600,29.9696470,0
            -90.1104620,29.9725540,0
            -90.1105800,29.9728450,0
            -90.1115760,29.9758710,0
            -90.1157740,29.9866280,0
            -90.1158750,29.9869440,0
            -90.1160610,29.9878120,0
            -90.1161180,29.9882540,0
            -90.1161360,29.9889090,0
            -90.1160760,29.9902270,0
            -90.1160100,29.9903880,0
            -90.1158610,29.9916700,0
            -90.1155640,29.9975870,0
            -90.1154880,29.9981590,0
            -90.1152810,29.9988040,0
            -90.1150990,29.9992250,0
            -90.1140770,30.0128160,0
            -90.1140600,30.0128860,0
            -90.1135430,30.0202380,0
            -90.1139270,30.0202330,0
            -90.1140610,30.0202090,0
            -90.1144380,30.0200270,0
            -90.1145450,30.0199940,0
            -90.1147480,30.0198560,0
            -90.1150310,30.0197070,0
            -90.1152470,30.0196340,0
            -90.1153700,30.0196050,0
            -90.1157150,30.0195550,0
            -90.1196710,30.0197560,0
            -90.1197390,30.0197720,0
            -90.1199520,30.0197750,0
            -90.1203180,30.0198120,0
            -90.1204590,30.0198100,0
            -90.1218930,30.0199990,0
            -90.1227190,30.0200150,0
          </coordinates>
        </LineString>
      </Placemark>
      <Placemark>
        <name>Schaefer Seafood</name>
        <styleUrl>#icon-1739-0288D1</styleUrl>
        <ExtendedData>
          <Data name="Category">
            <value>Seafood</value>
          </Data>
          <Data name="Distance">
            <value>0</value>
          </Data>
        </ExtendedData>
        <Point>
          <coordinates>
            -90.123422,30.019339,0
          </coordinates>
        </Point>
      </Placemark>
      <Placemark>
        <name>Driving</name>
        <styleUrl>#line-7CB342-5000</styleUrl>
        <ExtendedData>
          <Data name="Category">
            <value>Driving</value>
          </Data>
          <Data name="Distance">
            <value>11921</value>
          </Data>
        </ExtendedData>
        <LineString>
          <tessellate>1</tessellate>
          <coordinates>
            -90.1230290,30.0197580,0
            -90.1230170,30.0200080,0
            -90.1224150,30.0200160,0
            -90.1218930,30.0199990,0
            -90.1204590,30.0198100,0
            -90.1203510,30.0197270,0
            -90.1196810,30.0195920,0
            -90.1193090,30.0195500,0
            -90.1157280,30.0193500,0
            -90.1152820,30.0193460,0
            -90.1151730,30.0193610,0
            -90.1150760,30.0193240,0
            -90.1148720,30.0192830,0
            -90.1148440,30.0192720,0
            -90.1147510,30.0192130,0
            -90.1147770,30.0190840,0
            -90.1151320,30.0144460,0
            -90.1151450,30.0143600,0
            -90.1152280,30.0130390,0
            -90.1152440,30.0129450,0
            -90.1153110,30.0121140,0
            -90.1153090,30.0120630,0
            -90.1155840,30.0085700,0
            -90.1162310,29.9996990,0
            -90.1162290,29.9990550,0
            -90.1162570,29.9990120,0
            -90.1160150,29.9984030,0
            -90.1158820,29.9979920,0
            -90.1158410,29.9977380,0
            -90.1160140,29.9943190,0
            -90.1161210,29.9936950,0
            -90.1163100,29.9930610,0
            -90.1166410,29.9921460,0
            -90.1167210,29.9918120,0
            -90.1167440,29.9915420,0
            -90.1167460,29.9912350,0
            -90.1167320,29.9910230,0
            -90.1164910,29.9897820,0
            -90.1164540,29.9891410,0
            -90.1164000,29.9889620,0
            -90.1164080,29.9887230,0
            -90.1163950,29.9885140,0
            -90.1162550,29.9876360,0
            -90.1160700,29.9867970,0
            -90.1129460,29.9786990,0
            -90.1128710,29.9785630,0
            -90.1116980,29.9757190,0
            -90.1107290,29.9727990,0
            -90.1106050,29.9724770,0
            -90.1089420,29.9693110,0
            -90.1087100,29.9689580,0
            -90.1083490,29.9685030,0
            -90.1056240,29.9658980,0
            -90.1047840,29.9652080,0
            -90.1004600,29.9620770,0
            -90.0936660,29.9572810,0
            -90.0936550,29.9571530,0
            -90.0936500,29.9571440,0
            -90.0933170,29.9568390,0
            -90.0925910,29.9560780,0
            -90.0924160,29.9559100,0
            -90.0921350,29.9556860,0
            -90.0919120,29.9555380,0
            -90.0917070,29.9554230,0
            -90.0914880,29.9553170,0
            -90.0912420,29.9552170,0
            -90.0910050,29.9551390,0
            -90.0907960,29.9550830,0
            -90.0840610,29.9537460,0
            -90.0837940,29.9537130,0
            -90.0835490,29.9537080,0
            -90.0833260,29.9537230,0
            -90.0831130,29.9537570,0
            -90.0829180,29.9538050,0
            -90.0826830,29.9538850,0
            -90.0825640,29.9539370,0
            -90.0823420,29.9540530,0
            -90.0821210,29.9542030,0
            -90.0819580,29.9543420,0
            -90.0799970,29.9565220,0
            -90.0799480,29.9566030,0
            -90.0719110,29.9656150,0
            -90.0718100,29.9656230,0
            -90.0718020,29.9656260,0
            -90.0716500,29.9657270,0
            -90.0711850,29.9659520,0
            -90.0709800,29.9661040,0
            -90.0700540,29.9670800,0
            -90.0699910,29.9671300,0
            -90.0698260,29.9673220,0
            -90.0697810,29.9673900,0
            -90.0697270,29.9675000,0
            -90.0696730,29.9676960,0
            -90.0695980,29.9678420,0
            -90.0694310,29.9680650,0
            -90.0693590,29.9682110,0
            -90.0669790,29.9709310,0
            -90.0671900,29.9710720,0
            -90.0673180,29.9711740,0
            -90.0675460,29.9709160,0
          </coordinates>
        </LineString>
      </Placemark>
      <Placemark>
        <name>Cajun Seafood</name>
        <styleUrl>#icon-1739-0288D1</styleUrl>
        <ExtendedData>
          <Data name="Category">
            <value>Cajun</value>
          </Data>
          <Data name="Distance">
            <value>0</value>
          </Data>
        </ExtendedData>
        <Point>
          <coordinates>
            -90.067697,29.971201,0
          </coordinates>
        </Point>
      </Placemark>
      <Placemark>
        <name>Driving</name>
        <styleUrl>#line-7CB342-5000</styleUrl>
        <ExtendedData>
          <Data name="Category">
            <value>Driving</value>
          </Data>
          <Data name="Distance">
            <value>2601</value>
          </Data>
        </ExtendedData>
        <LineString>
          <tessellate>1</tessellate>
          <coordinates>
            -90.0677180,29.9707190,0
            -90.0682210,29.9701530,0
            -90.0683810,29.9699630,0
            -90.0685250,29.9698180,0
            -90.0687540,29.9695740,0
            -90.0688630,29.9694510,0
            -90.0689830,29.9693080,0
            -90.0698860,29.9682930,0
            -90.0700620,29.9681200,0
            -90.0706180,29.9674920,0
            -90.0706740,29.9674390,0
            -90.0707590,29.9673490,0
            -90.0718970,29.9660710,0
            -90.0719150,29.9660470,0
            -90.0723040,29.9656290,0
            -90.0727760,29.9650700,0
            -90.0729010,29.9649290,0
            -90.0730680,29.9647350,0
            -90.0732600,29.9645290,0
            -90.0732930,29.9644670,0
            -90.0733850,29.9643590,0
            -90.0717800,29.9632870,0
            -90.0714940,29.9630780,0
            -90.0714230,29.9630120,0
            -90.0713780,29.9629680,0
            -90.0713260,29.9629100,0
            -90.0712800,29.9628480,0
            -90.0712420,29.9627920,0
            -90.0712230,29.9627590,0
            -90.0712050,29.9627230,0
            -90.0711900,29.9626880,0
            -90.0711780,29.9626550,0
            -90.0711370,29.9625120,0
            -90.0710380,29.9621920,0
            -90.0709730,29.9620210,0
            -90.0709590,29.9619890,0
            -90.0708940,29.9618070,0
            -90.0708460,29.9616980,0
            -90.0708020,29.9616180,0
            -90.0707060,29.9614710,0
            -90.0706360,29.9613600,0
            -90.0705040,29.9612000,0
            -90.0702520,29.9608860,0
            -90.0702150,29.9608350,0
            -90.0701710,29.9607860,0
            -90.0701210,29.9607200,0
            -90.0700890,29.9606450,0
            -90.0700710,29.9605810,0
            -90.0700570,29.9605220,0
            -90.0700520,29.9604810,0
            -90.0700480,29.9604390,0
            -90.0700470,29.9603540,0
            -90.0700580,29.9602590,0
            -90.0700710,29.9601930,0
            -90.0700810,29.9601560,0
            -90.0700990,29.9601040,0
            -90.0701510,29.9600200,0
            -90.0702140,29.9599280,0
            -90.0702190,29.9599200,0
            -90.0702650,29.9598590,0
            -90.0703250,29.9597860,0
            -90.0704670,29.9596230,0
            -90.0704640,29.9595770,0
            -90.0704600,29.9595510,0
            -90.0704570,29.9595320,0
            -90.0704510,29.9595140,0
            -90.0704390,29.9594910,0
            -90.0704300,29.9594800,0
            -90.0704180,29.9594700,0
            -90.0704050,29.9594620,0
            -90.0703870,29.9594560,0
            -90.0703630,29.9594520,0
            -90.0703330,29.9594480,0
            -90.0703090,29.9594480,0
            -90.0702810,29.9594510,0
            -90.0702310,29.9594620,0
            -90.0701250,29.9595980,0
            -90.0700430,29.9596890,0
            -90.0698570,29.9597560,0
            -90.0698390,29.9597620,0
            -90.0698080,29.9597700,0
            -90.0697750,29.9597750,0
            -90.0697020,29.9597820,0
            -90.0695700,29.9597770,0
            -90.0695030,29.9597760,0
            -90.0694170,29.9596920,0
            -90.0693970,29.9596710,0
            -90.0693850,29.9596490,0
            -90.0693740,29.9596120,0
            -90.0693610,29.9595570,0
            -90.0694610,29.9594530,0
            -90.0697660,29.9591050,0
            -90.0699230,29.9589380,0
            -90.0705680,29.9582060,0
            -90.0718520,29.9567690,0
            -90.0719780,29.9566330,0
            -90.0718610,29.9565640,0
            -90.0709290,29.9559330,0
            -90.0700450,29.9553160,0
            -90.0697700,29.9551300,0
          </coordinates>
        </LineString>
      </Placemark>
      <Placemark>
        <name>Crowne Plaza New Orleans French Quarter, an IHG Hotel</name>
        <styleUrl>#icon-1602-0288D1</styleUrl>
        <ExtendedData>
          <Data name="Category">
            <value>Hotel</value>
          </Data>
          <Data name="Distance">
            <value>0</value>
          </Data>
        </ExtendedData>
        <Point>
          <coordinates>
            -90.069559,29.953836,0
          </coordinates>
        </Point>
      </Placemark>
    </Folder>
    <Folder>
      <name>2021-11-23</name>
      <Placemark>
        <name>Crowne Plaza New Orleans French Quarter, an IHG Hotel</name>
        <styleUrl>#icon-1602-0288D1</styleUrl>
        <ExtendedData>
          <Data name="Category">
            <value>Hotel</value>
          </Data>
          <Data name="Distance">
            <value>0</value>
          </Data>
        </ExtendedData>
        <Point>
          <coordinates>
            -90.069559,29.953836,0
          </coordinates>
        </Point>
      </Placemark>
      <Placemark>
        <name>Driving</name>
        <styleUrl>#line-FFEA00-5000</styleUrl>
        <ExtendedData>
          <Data name="Category">
            <value>Driving</value>
          </Data>
          <Data name="Distance">
            <value>84406</value>
          </Data>
        </ExtendedData>
        <LineString>
          <tessellate>1</tessellate>
          <coordinates>
            -90.0699830,29.9539290,0
            -90.0716910,29.9550850,0
            -90.0709290,29.9559330,0
            -90.0700450,29.9553160,0
            -90.0708690,29.9543950,0
            -90.0720590,29.9533710,0
            -90.0721550,29.9532290,0
            -90.0730650,29.9502000,0
            -90.0749580,29.9506080,0
            -90.0777500,29.9515490,0
            -90.0785130,29.9518980,0
            -90.0795520,29.9522900,0
            -90.0844530,29.9545230,0
            -90.0845940,29.9545500,0
            -90.0872250,29.9557190,0
            -90.0874730,29.9557400,0
            -90.0876160,29.9557340,0
            -90.0878380,29.9556840,0
            -90.0879590,29.9556360,0
            -90.0881400,29.9555290,0
            -90.0884390,29.9552280,0
            -90.0885590,29.9551390,0
            -90.0887030,29.9550620,0
            -90.0888630,29.9550050,0
            -90.0890840,29.9549750,0
            -90.0894000,29.9549960,0
            -90.0894930,29.9549730,0
            -90.0900930,29.9551830,0
            -90.0905160,29.9554060,0
            -90.0963860,29.9595440,0
            -90.0965120,29.9595470,0
            -90.1012840,29.9629210,0
            -90.1018830,29.9633010,0
            -90.1052140,29.9657280,0
            -90.1081240,29.9684880,0
            -90.1085560,29.9690150,0
            -90.1089600,29.9696470,0
            -90.1104620,29.9725540,0
            -90.1115760,29.9758710,0
            -90.1158750,29.9869440,0
            -90.1160610,29.9878120,0
            -90.1161180,29.9882540,0
            -90.1161360,29.9889090,0
            -90.1160760,29.9902270,0
            -90.1161140,29.9911220,0
            -90.1162500,29.9917430,0
            -90.1164050,29.9921580,0
            -90.1166650,29.9926540,0
            -90.1169200,29.9930310,0
            -90.1172910,29.9934720,0
            -90.1177190,29.9938710,0
            -90.1182940,29.9942910,0
            -90.1200850,29.9953660,0
            -90.1205960,29.9956290,0
            -90.1211890,29.9958550,0
            -90.1218570,29.9960250,0
            -90.1220400,29.9960910,0
            -90.1224530,29.9961430,0
            -90.1671360,29.9980950,0
            -90.1783760,29.9988140,0
            -90.1785050,29.9988080,0
            -90.1954950,29.9999020,0
            -90.1971240,30.0001080,0
            -90.1987290,30.0004160,0
            -90.2010870,30.0012040,0
            -90.2023490,30.0017500,0
            -90.2040530,30.0026710,0
            -90.2100110,30.0063990,0
            -90.2106420,30.0067520,0
            -90.2111350,30.0069850,0
            -90.2121520,30.0073720,0
            -90.2128240,30.0075600,0
            -90.2134910,30.0077010,0
            -90.2141960,30.0077980,0
            -90.2418950,30.0095850,0
            -90.2432230,30.0095770,0
            -90.2807280,30.0067110,0
            -90.2809540,30.0066560,0
            -90.2818370,30.0065920,0
            -90.2819640,30.0066760,0
            -90.2829050,30.0067110,0
            -90.2841160,30.0068620,0
            -90.2851020,30.0070850,0
            -90.2874330,30.0078220,0
            -90.2881050,30.0079580,0
            -90.2886650,30.0080020,0
            -90.2890560,30.0079970,0
            -90.2895960,30.0079400,0
            -90.2899420,30.0078680,0
            -90.2907120,30.0076380,0
            -90.2911690,30.0074310,0
            -90.2914540,30.0072650,0
            -90.2918100,30.0070080,0
            -90.2920740,30.0067750,0
            -90.2924890,30.0063340,0
            -90.2928710,30.0057640,0
            -90.2930560,30.0053720,0
            -90.2947600,30.0006110,0
            -90.2961990,29.9974480,0
            -90.2970630,29.9958600,0
            -90.2976920,29.9948330,0
            -90.2987660,29.9932600,0
            -90.2995750,29.9921980,0
            -90.3009330,29.9906020,0
            -90.3024240,29.9890640,0
            -90.3044650,29.9872470,0
            -90.3222160,29.9729560,0
            -90.3235980,29.9719780,0
            -90.3256520,29.9706930,0
            -90.3273650,29.9697580,0
            -90.3302210,29.9684470,0
            -90.3330210,29.9674160,0
            -90.3345670,29.9669460,0
            -90.3368760,29.9663680,0
            -90.3385440,29.9660370,0
            -90.3562630,29.9635530,0
            -90.3574830,29.9633270,0
            -90.3582130,29.9631340,0
            -90.3591700,29.9628070,0
            -90.3598210,29.9625340,0
            -90.3609980,29.9619400,0
            -90.3616300,29.9615580,0
            -90.3622300,29.9611420,0
            -90.3632250,29.9603020,0
            -90.3640250,29.9594640,0
            -90.3646690,29.9586370,0
            -90.3651570,29.9578760,0
            -90.3790870,29.9337350,0
            -90.3800220,29.9324330,0
            -90.3811800,29.9311310,0
            -90.3819760,29.9303790,0
            -90.3829240,29.9295970,0
            -90.3835940,29.9291090,0
            -90.3846750,29.9284130,0
            -90.4024730,29.9190770,0
            -90.4025830,29.9190830,0
            -90.4078780,29.9166180,0
            -90.4084380,29.9164170,0
            -90.4092060,29.9162690,0
            -90.4095060,29.9162460,0
            -90.4099900,29.9162480,0
            -90.4105810,29.9163190,0
            -90.4113780,29.9165400,0
            -90.4116590,29.9166580,0
            -90.4122020,29.9169510,0
            -90.4126340,29.9172750,0
            -90.4129320,29.9175570,0
            -90.4132480,29.9179320,0
            -90.4133520,29.9179900,0
            -90.4323490,29.9517800,0
            -90.4330700,29.9528220,0
            -90.4339540,29.9538780,0
            -90.4349180,29.9548630,0
            -90.4360400,29.9558350,0
            -90.4373000,29.9567420,0
            -90.4981690,29.9928340,0
            -90.5024000,29.9950680,0
            -90.5024820,29.9950920,0
            -90.5288840,30.0107080,0
            -90.5306110,30.0115740,0
            -90.5319900,30.0121180,0
            -90.5334460,30.0125600,0
            -90.5352350,30.0129540,0
            -90.5748760,30.0184310,0
            -90.5763930,30.0185480,0
            -90.5777690,30.0185560,0
            -90.5790020,30.0184830,0
            -90.5801980,30.0183430,0
            -90.5819820,30.0180000,0
            -90.5839940,30.0174040,0
            -90.5851280,30.0169620,0
            -90.5865840,30.0162590,0
            -90.5879690,30.0154450,0
            -90.5888300,30.0148480,0
            -90.5975180,30.0079450,0
            -90.5982960,30.0073920,0
            -90.5995430,30.0066250,0
            -90.6003040,30.0062180,0
            -90.6210430,29.9971460,0
            -90.6228340,29.9965510,0
            -90.6237160,29.9963210,0
            -90.6247250,29.9961130,0
            -90.6265060,29.9958710,0
            -90.6275350,29.9958020,0
            -90.6291860,29.9957970,0
            -90.6304420,29.9958810,0
            -90.6458800,29.9978070,0
            -90.6470780,29.9979020,0
            -90.6492010,29.9978940,0
            -90.6513970,29.9976570,0
            -90.6532200,29.9972670,0
            -90.6541850,29.9969910,0
            -90.6553540,29.9965790,0
            -90.6564450,29.9961200,0
            -90.6764670,29.9867700,0
            -90.6765390,29.9867600,0
            -90.6794290,29.9856130,0
            -90.6837860,29.9836080,0
            -90.6870650,29.9818600,0
            -90.6871800,29.9817710,0
            -90.7105530,29.9708540,0
            -90.7115640,29.9704500,0
            -90.7131050,29.9699480,0
            -90.7157600,29.9693240,0
            -90.7300330,30.0073160,0
            -90.7333630,30.0057660,0
            -90.7366570,30.0050300,0
            -90.7393740,30.0042210,0
            -90.7395440,30.0041970,0
            -90.7398060,30.0042220,0
            -90.7407970,30.0045010,0
            -90.7421740,30.0047310,0
            -90.7425510,30.0047590,0
            -90.7427010,30.0047490,0
            -90.7434510,30.0046130,0
            -90.7437330,30.0046200,0
            -90.7524730,30.0063880,0
            -90.7589670,30.0074810,0
            -90.7630310,30.0079470,0
            -90.7634330,30.0079620,0
            -90.7678220,30.0075950,0
            -90.7680650,30.0075330,0
            -90.7682930,30.0074270,0
            -90.7687620,30.0070640,0
            -90.7689080,30.0069790,0
            -90.7690820,30.0069220,0
            -90.7710010,30.0067870,0
            -90.7730870,30.0069460,0
            -90.7738900,30.0069690,0
            -90.7762240,30.0069270,0
            -90.7763790,30.0068970,0
            -90.7767320,30.0067770,0
            -90.7769070,30.0066920,0
            -90.7774700,30.0063350,0
            -90.7777490,30.0060960,0
            -90.7778720,30.0059260,0
            -90.7780570,30.0055680,0
            -90.7782040,30.0053980,0
            -90.7783550,30.0052870,0
            -90.7789050,30.0049730,0
            -90.7783440,30.0026910,0
            -90.7782930,30.0025870,0
            -90.7782590,30.0025560,0
            -90.7782170,30.0025340,0
            -90.7775260,30.0026080,0
            -90.7774860,30.0024850,0
            -90.7771150,30.0024910,0
            -90.7770460,30.0024450,0
          </coordinates>
        </LineString>
      </Placemark>
      <Placemark>
        <name>Oak Alley Plantation</name>
        <styleUrl>#icon-1535-0288D1</styleUrl>
        <ExtendedData>
          <Data name="Category">
            <value>Tourist attraction</value>
          </Data>
          <Data name="Distance">
            <value>0</value>
          </Data>
        </ExtendedData>
        <Point>
          <coordinates>
            -90.775997,30.004236,0
          </coordinates>
        </Point>
      </Placemark>
      <Placemark>
        <name>Walking</name>
        <styleUrl>#line-FFEA00-5000</styleUrl>
        <ExtendedData>
          <Data name="Category">
            <value>Walking</value>
          </Data>
          <Data name="Distance">
            <value>1873</value>
          </Data>
        </ExtendedData>
        <LineString>
          <tessellate>1</tessellate>
          <coordinates>
            -90.7760100,30.0044810,0
            -90.7754720,30.0040980,0
            -90.7761240,30.0072240,0
            -90.7763600,30.0057760,0
            -90.7759850,30.0071870,0
            -90.7765080,30.0049840,0
            -90.7776220,30.0039900,0
            -90.7776570,30.0056420,0
            -90.7775830,30.0037960,0
            -90.7773080,30.0027760,0
            -90.7787300,30.0043270,0
          </coordinates>
        </LineString>
      </Placemark>
      <Placemark>
        <name>Driving</name>
        <styleUrl>#line-FFEA00-5000</styleUrl>
        <ExtendedData>
          <Data name="Category">
            <value>Driving</value>
          </Data>
          <Data name="Distance">
            <value>85232</value>
          </Data>
        </ExtendedData>
        <LineString>
          <tessellate>1</tessellate>
          <coordinates>
            -90.7787460,30.0043240,0
            -90.7789050,30.0049730,0
            -90.7783550,30.0052870,0
            -90.7782040,30.0053980,0
            -90.7781250,30.0054760,0
            -90.7780570,30.0055680,0
            -90.7778720,30.0059260,0
            -90.7777490,30.0060960,0
            -90.7776670,30.0061780,0
            -90.7774700,30.0063350,0
            -90.7769070,30.0066920,0
            -90.7767320,30.0067770,0
            -90.7763790,30.0068970,0
            -90.7762240,30.0069270,0
            -90.7759480,30.0069470,0
            -90.7738900,30.0069690,0
            -90.7730870,30.0069460,0
            -90.7710010,30.0067870,0
            -90.7690820,30.0069220,0
            -90.7689080,30.0069790,0
            -90.7687620,30.0070640,0
            -90.7682930,30.0074270,0
            -90.7680650,30.0075330,0
            -90.7678220,30.0075950,0
            -90.7634330,30.0079620,0
            -90.7630310,30.0079470,0
            -90.7589670,30.0074810,0
            -90.7524730,30.0063880,0
            -90.7437330,30.0046200,0
            -90.7434510,30.0046130,0
            -90.7432740,30.0046330,0
            -90.7427010,30.0047490,0
            -90.7425510,30.0047590,0
            -90.7421740,30.0047310,0
            -90.7407970,30.0045010,0
            -90.7404640,30.0044230,0
            -90.7398060,30.0042220,0
            -90.7395440,30.0041970,0
            -90.7393740,30.0042210,0
            -90.7366570,30.0050300,0
            -90.7334720,30.0057290,0
            -90.7333630,30.0057660,0
            -90.7300330,30.0073160,0
            -90.7157600,29.9693240,0
            -90.7131050,29.9699480,0
            -90.7115640,29.9704500,0
            -90.7105530,29.9708540,0
            -90.6871800,29.9817710,0
            -90.6870550,29.9818110,0
            -90.6765030,29.9867370,0
            -90.6764670,29.9867700,0
            -90.6564450,29.9961200,0
            -90.6553540,29.9965790,0
            -90.6541850,29.9969910,0
            -90.6532190,29.9972670,0
            -90.6523230,29.9974780,0
            -90.6513970,29.9976570,0
            -90.6506810,29.9977580,0
            -90.6492010,29.9978940,0
            -90.6479580,29.9979220,0
            -90.6470780,29.9979020,0
            -90.6458800,29.9978070,0
            -90.6304420,29.9958810,0
            -90.6291860,29.9957970,0
            -90.6275350,29.9958020,0
            -90.6265060,29.9958710,0
            -90.6247250,29.9961130,0
            -90.6237160,29.9963210,0
            -90.6228340,29.9965510,0
            -90.6216380,29.9969270,0
            -90.6210430,29.9971460,0
            -90.6011540,30.0058160,0
            -90.6003040,30.0062180,0
            -90.5995430,30.0066250,0
            -90.5982960,30.0073920,0
            -90.5975180,30.0079450,0
            -90.5888300,30.0148480,0
            -90.5879690,30.0154450,0
            -90.5865840,30.0162590,0
            -90.5851280,30.0169620,0
            -90.5839940,30.0174040,0
            -90.5830920,30.0176970,0
            -90.5819820,30.0180000,0
            -90.5811080,30.0181890,0
            -90.5801980,30.0183430,0
            -90.5790020,30.0184830,0
            -90.5777690,30.0185560,0
            -90.5763930,30.0185480,0
            -90.5748760,30.0184310,0
            -90.5352350,30.0129540,0
            -90.5343250,30.0127750,0
            -90.5334460,30.0125600,0
            -90.5319900,30.0121180,0
            -90.5306110,30.0115740,0
            -90.5300040,30.0112950,0
            -90.5288840,30.0107080,0
            -90.5024820,29.9950920,0
            -90.5024290,29.9950400,0
            -90.4379560,29.9568620,0
            -90.4368340,29.9561200,0
            -90.4357530,29.9552690,0
            -90.4351060,29.9546950,0
            -90.4343340,29.9539070,0
            -90.4337190,29.9532220,0
            -90.4331490,29.9524950,0
            -90.4325730,29.9516540,0
            -90.4154010,29.9210800,0
            -90.4153820,29.9209530,0
            -90.4146750,29.9193840,0
            -90.4140560,29.9175570,0
            -90.4139420,29.9173080,0
            -90.4137210,29.9169770,0
            -90.4135700,29.9168100,0
            -90.4132440,29.9165330,0
            -90.4130470,29.9164090,0
            -90.4128490,29.9163100,0
            -90.4125500,29.9161900,0
            -90.4116170,29.9159530,0
            -90.4104680,29.9157770,0
            -90.4095800,29.9157310,0
            -90.4091870,29.9157380,0
            -90.4078930,29.9158580,0
            -90.4068100,29.9160890,0
            -90.4056960,29.9164620,0
            -90.4051090,29.9167320,0
            -90.4044880,29.9170610,0
            -90.4040920,29.9173090,0
            -90.4016410,29.9191330,0
            -90.4013410,29.9193290,0
            -90.4012770,29.9194260,0
            -90.3850440,29.9279210,0
            -90.3844800,29.9282530,0
            -90.3837010,29.9287630,0
            -90.3829270,29.9293270,0
            -90.3823620,29.9297830,0
            -90.3816580,29.9304080,0
            -90.3809140,29.9311530,0
            -90.3803730,29.9317600,0
            -90.3797970,29.9324810,0
            -90.3789650,29.9337070,0
            -90.3650870,29.9577730,0
            -90.3646510,29.9584390,0
            -90.3642470,29.9589750,0
            -90.3636950,29.9596040,0
            -90.3632780,29.9600240,0
            -90.3626710,29.9605620,0
            -90.3617200,29.9612760,0
            -90.3606750,29.9619050,0
            -90.3599210,29.9622790,0
            -90.3592350,29.9625700,0
            -90.3587750,29.9627390,0
            -90.3573160,29.9631460,0
            -90.3565870,29.9632940,0
            -90.3553440,29.9634340,0
            -90.3395640,29.9656200,0
            -90.3373510,29.9660220,0
            -90.3355410,29.9664440,0
            -90.3334010,29.9670610,0
            -90.3315460,29.9677020,0
            -90.3302820,29.9681970,0
            -90.3283720,29.9690440,0
            -90.3267230,29.9698790,0
            -90.3258120,29.9703880,0
            -90.3242900,29.9713160,0
            -90.3225820,29.9724860,0
            -90.3215370,29.9732760,0
            -90.3043460,29.9871480,0
            -90.3027370,29.9885560,0
            -90.3018840,29.9893790,0
            -90.3004810,29.9908750,0
            -90.2991150,29.9925320,0
            -90.2984320,29.9934550,0
            -90.2975140,29.9948110,0
            -90.2965610,29.9964230,0
            -90.2956250,29.9982650,0
            -90.2944080,30.0010000,0
            -90.2941460,30.0015080,0
            -90.2938440,30.0019950,0
            -90.2933780,30.0026210,0
            -90.2927790,30.0032710,0
            -90.2922060,30.0037780,0
            -90.2918400,30.0040540,0
            -90.2914560,30.0043010,0
            -90.2911400,30.0044730,0
            -90.2905330,30.0047460,0
            -90.2899420,30.0049460,0
            -90.2887590,30.0052510,0
            -90.2862520,30.0057540,0
            -90.2846080,30.0059940,0
            -90.2831350,30.0061460,0
            -90.2831160,30.0061540,0
            -90.2830200,30.0062360,0
            -90.2809970,30.0063900,0
            -90.2807480,30.0063910,0
            -90.2752390,30.0068130,0
            -90.2748040,30.0068680,0
            -90.2438510,30.0092700,0
            -90.2419210,30.0093090,0
            -90.2142540,30.0075280,0
            -90.2131080,30.0073400,0
            -90.2124370,30.0071660,0
            -90.2119010,30.0069910,0
            -90.2109150,30.0065730,0
            -90.2102300,30.0061990,0
            -90.2040770,30.0023510,0
            -90.2032020,30.0018580,0
            -90.2021260,30.0013290,0
            -90.2005830,30.0007000,0
            -90.1995230,30.0003640,0
            -90.1979940,29.9999770,0
            -90.1965590,29.9997260,0
            -90.1954800,29.9996030,0
            -90.1639390,29.9976950,0
            -90.1255930,29.9960630,0
            -90.1253470,29.9959920,0
            -90.1219150,29.9954970,0
            -90.1214100,29.9953870,0
            -90.1204610,29.9951080,0
            -90.1198920,29.9948890,0
            -90.1194410,29.9946860,0
            -90.1189010,29.9944020,0
            -90.1181040,29.9938900,0
            -90.1176400,29.9934960,0
            -90.1173220,29.9931570,0
            -90.1171080,29.9928820,0
            -90.1167630,29.9923160,0
            -90.1165380,29.9917840,0
            -90.1164160,29.9913570,0
            -90.1163470,29.9909220,0
            -90.1163270,29.9904880,0
            -90.1163790,29.9890740,0
            -90.1164000,29.9889620,0
            -90.1163950,29.9885140,0
            -90.1162550,29.9876360,0
            -90.1160700,29.9867970,0
            -90.1129460,29.9786990,0
            -90.1128710,29.9785630,0
            -90.1116980,29.9757190,0
            -90.1106050,29.9724770,0
            -90.1089420,29.9693110,0
            -90.1087100,29.9689580,0
            -90.1083490,29.9685030,0
            -90.1056240,29.9658980,0
            -90.1047840,29.9652080,0
            -90.0936660,29.9572810,0
            -90.0936550,29.9571530,0
            -90.0936500,29.9571440,0
            -90.0933170,29.9568390,0
            -90.0924160,29.9559100,0
            -90.0921350,29.9556860,0
            -90.0919120,29.9555380,0
            -90.0914880,29.9553170,0
            -90.0912420,29.9552170,0
            -90.0907960,29.9550830,0
            -90.0866800,29.9542640,0
            -90.0866280,29.9542940,0
            -90.0865740,29.9543030,0
            -90.0839670,29.9538900,0
            -90.0836780,29.9538190,0
            -90.0825960,29.9533370,0
            -90.0818840,29.9530800,0
            -90.0817820,29.9530640,0
            -90.0817190,29.9530640,0
            -90.0777910,29.9514090,0
            -90.0750060,29.9504790,0
            -90.0718700,29.9497830,0
            -90.0712300,29.9519330,0
            -90.0709220,29.9527400,0
            -90.0698990,29.9538710,0
            -90.0716910,29.9550850,0
            -90.0709290,29.9559330,0
            -90.0707000,29.9557730,0
          </coordinates>
        </LineString>
      </Placemark>
      <Placemark>
        <name>Crowne Plaza New Orleans French Quarter, an IHG Hotel</name>
        <styleUrl>#icon-1602-0288D1</styleUrl>
        <ExtendedData>
          <Data name="Category">
            <value>Hotel</value>
          </Data>
          <Data name="Distance">
            <value>0</value>
          </Data>
        </ExtendedData>
        <Point>
          <coordinates>
            -90.069559,29.953836,0
          </coordinates>
        </Point>
      </Placemark>
      <Placemark>
        <name>Driving</name>
        <styleUrl>#line-FFEA00-5000</styleUrl>
        <ExtendedData>
          <Data name="Category">
            <value>Driving</value>
          </Data>
          <Data name="Distance">
            <value>10771</value>
          </Data>
        </ExtendedData>
        <LineString>
          <tessellate>1</tessellate>
          <coordinates>
            -90.0690990,29.9546740,0
            -90.0678640,29.9538240,0
            -90.0673660,29.9535000,0
            -90.0666800,29.9542740,0
            -90.0683950,29.9554390,0
            -90.0684530,29.9554850,0
            -90.0693560,29.9560850,0
            -90.0707830,29.9544870,0
            -90.0726180,29.9557070,0
            -90.0624850,29.9670550,0
            -90.0624570,29.9670770,0
            -90.0623120,29.9672320,0
            -90.0622040,29.9672120,0
            -90.0566560,29.9675550,0
            -90.0566550,29.9677860,0
            -90.0567200,29.9685610,0
            -90.0510110,29.9689030,0
            -90.0502130,29.9689550,0
            -90.0502010,29.9689530,0
            -90.0501110,29.9689190,0
            -90.0474040,29.9683080,0
            -90.0469070,29.9682090,0
            -90.0405040,29.9667420,0
            -90.0404010,29.9667260,0
            -90.0388130,29.9663630,0
            -90.0375920,29.9704400,0
            -90.0368540,29.9702810,0
            -90.0368100,29.9702660,0
            -90.0303480,29.9688060,0
            -90.0302110,29.9687640,0
            -90.0299630,29.9687150,0
            -90.0298140,29.9687080,0
            -90.0296380,29.9687300,0
            -90.0272550,29.9691970,0
            -90.0271060,29.9692100,0
            -90.0267960,29.9692180,0
            -90.0264880,29.9691750,0
            -90.0258880,29.9690470,0
            -90.0249730,29.9688270,0
            -90.0247680,29.9687660,0
            -90.0238880,29.9684480,0
            -90.0237860,29.9684170,0
            -90.0215580,29.9676190,0
            -90.0210130,29.9674490,0
            -90.0116810,29.9653270,0
            -90.0114970,29.9652970,0
            -90.0110980,29.9652100,0
            -90.0106520,29.9651280,0
            -90.0104100,29.9650680,0
            -90.0099900,29.9649420,0
            -90.0091040,29.9646290,0
            -90.0089520,29.9645620,0
            -90.0037730,29.9626730,0
            -90.0034140,29.9625240,0
            -90.0033500,29.9624850,0
            -90.0030100,29.9623280,0
            -90.0025810,29.9621500,0
            -89.9996330,29.9610770,0
            -89.9992470,29.9609800,0
            -89.9980110,29.9608350,0
            -89.9977260,29.9607840,0
            -89.9975960,29.9607530,0
            -89.9971580,29.9606140,0
            -89.9971500,29.9606140,0
            -89.9967390,29.9604680,0
            -89.9980480,29.9580010,0
            -89.9982260,29.9576950,0
            -89.9982990,29.9575390,0
            -89.9985490,29.9567380,0
            -89.9986540,29.9565000,0
            -89.9987260,29.9564120,0
            -89.9986490,29.9563950,0
            -89.9985980,29.9563720,0
            -89.9984890,29.9563010,0
            -89.9984630,29.9562790,0
            -89.9984150,29.9562280,0
            -89.9925700,29.9483510,0
            -89.9922650,29.9480250,0
            -89.9921140,29.9478830,0
            -89.9918970,29.9477020,0
            -89.9916920,29.9475480,0
            -89.9911910,29.9472260,0
            -89.9912370,29.9471370,0
            -89.9940050,29.9426460,0
            -89.9939710,29.9426250,0
            -89.9939350,29.9425930,0
            -89.9939070,29.9425530,0
            -89.9938730,29.9424590,0
            -89.9938720,29.9424270,0
            -89.9938830,29.9423750,0
            -89.9939020,29.9423350,0
            -89.9939390,29.9422860,0
            -89.9939620,29.9422440,0
            -89.9939740,29.9421970,0
            -89.9940080,29.9421680,0
            -89.9941900,29.9418910,0
            -89.9942080,29.9418810,0
            -89.9942270,29.9418780,0
            -89.9942500,29.9418790,0
            -89.9944080,29.9419420,0
          </coordinates>
        </LineString>
      </Placemark>
      <Placemark>
        <name>Chalmette Battlefield</name>
        <styleUrl>#icon-1535-0288D1</styleUrl>
        <ExtendedData>
          <Data name="Category">
            <value>National park</value>
          </Data>
          <Data name="Distance">
            <value>0</value>
          </Data>
        </ExtendedData>
        <Point>
          <coordinates>
            -89.99088,29.942628,0
          </coordinates>
        </Point>
      </Placemark>
      <Placemark>
        <name>Driving</name>
        <styleUrl>#line-FFEA00-5000</styleUrl>
        <ExtendedData>
          <Data name="Category">
            <value>Driving</value>
          </Data>
          <Data name="Distance">
            <value>10920</value>
          </Data>
        </ExtendedData>
        <LineString>
          <tessellate>1</tessellate>
          <coordinates>
            -89.9942500,29.9418790,0
            -89.9942270,29.9418780,0
            -89.9942080,29.9418810,0
            -89.9941900,29.9418910,0
            -89.9940080,29.9421680,0
            -89.9939740,29.9421970,0
            -89.9939620,29.9422440,0
            -89.9939390,29.9422860,0
            -89.9939020,29.9423350,0
            -89.9938830,29.9423750,0
            -89.9938720,29.9424270,0
            -89.9938730,29.9424590,0
            -89.9939070,29.9425530,0
            -89.9939350,29.9425930,0
            -89.9939710,29.9426250,0
            -89.9940050,29.9426460,0
            -89.9912370,29.9471370,0
            -89.9911920,29.9472260,0
            -89.9911220,29.9473190,0
            -89.9912600,29.9473960,0
            -89.9914360,29.9475060,0
            -89.9917440,29.9477230,0
            -89.9920600,29.9479890,0
            -89.9923480,29.9482770,0
            -89.9924780,29.9484250,0
            -89.9926230,29.9486080,0
            -89.9942770,29.9508380,0
            -89.9961000,29.9533210,0
            -89.9963530,29.9536370,0
            -89.9969340,29.9544360,0
            -89.9973960,29.9550400,0
            -89.9976030,29.9553330,0
            -89.9978530,29.9556570,0
            -89.9982610,29.9562190,0
            -89.9984000,29.9563780,0
            -89.9984370,29.9564080,0
            -89.9985190,29.9564570,0
            -89.9985670,29.9564740,0
            -89.9986540,29.9565000,0
            -89.9987390,29.9565160,0
            -89.9989060,29.9565260,0
            -90.0007740,29.9564580,0
            -90.0008920,29.9564600,0
            -90.0010920,29.9564820,0
            -90.0012270,29.9565050,0
            -90.0013570,29.9565360,0
            -90.0014720,29.9565710,0
            -90.0017840,29.9566900,0
            -90.0031330,29.9571470,0
            -90.0047260,29.9576540,0
            -90.0081590,29.9589330,0
            -90.0090960,29.9592590,0
            -90.0100340,29.9596210,0
            -90.0121740,29.9603970,0
            -90.0129800,29.9606730,0
            -90.0138700,29.9608690,0
            -90.0156890,29.9613090,0
            -90.0202880,29.9623430,0
            -90.0213400,29.9625940,0
            -90.0222240,29.9627490,0
            -90.0271590,29.9638640,0
            -90.0277140,29.9640110,0
            -90.0284000,29.9641520,0
            -90.0314000,29.9648350,0
            -90.0315390,29.9648940,0
            -90.0372110,29.9661720,0
            -90.0373690,29.9662130,0
            -90.0468610,29.9683760,0
            -90.0472150,29.9684380,0
            -90.0500960,29.9691150,0
            -90.0501630,29.9691260,0
            -90.0502380,29.9691320,0
            -90.0518030,29.9690200,0
            -90.0564840,29.9687400,0
            -90.0569860,29.9686880,0
            -90.0579720,29.9686190,0
            -90.0581610,29.9685960,0
            -90.0592800,29.9683720,0
            -90.0608970,29.9682780,0
            -90.0610560,29.9682060,0
            -90.0611760,29.9681760,0
            -90.0613710,29.9681090,0
            -90.0615220,29.9680460,0
            -90.0616250,29.9679950,0
            -90.0619060,29.9678270,0
            -90.0620270,29.9677380,0
            -90.0621710,29.9676120,0
            -90.0624300,29.9673360,0
            -90.0626020,29.9671380,0
            -90.0626210,29.9671110,0
            -90.0626240,29.9671050,0
            -90.0635590,29.9660500,0
            -90.0635950,29.9660200,0
            -90.0648950,29.9645820,0
            -90.0649220,29.9645440,0
            -90.0691250,29.9598280,0
            -90.0692020,29.9597330,0
            -90.0719780,29.9566330,0
            -90.0718610,29.9565640,0
            -90.0703270,29.9555130,0
          </coordinates>
        </LineString>
      </Placemark>
      <Placemark>
        <name>Crowne Plaza New Orleans French Quarter, an IHG Hotel</name>
        <styleUrl>#icon-1602-0288D1</styleUrl>
        <ExtendedData>
          <Data name="Category">
            <value>Hotel</value>
          </Data>
          <Data name="Distance">
            <value>0</value>
          </Data>
        </ExtendedData>
        <Point>
          <coordinates>
            -90.069559,29.953836,0
          </coordinates>
        </Point>
      </Placemark>
    </Folder>
    <Folder>
      <name>2021-11-22</name>
      <Placemark>
        <name>Crowne Plaza New Orleans French Quarter, an IHG Hotel</name>
        <styleUrl>#icon-1602-0288D1</styleUrl>
        <ExtendedData>
          <Data name="Category">
            <value>Hotel</value>
          </Data>
          <Data name="Distance">
            <value>0</value>
          </Data>
        </ExtendedData>
        <Point>
          <coordinates>
            -90.069559,29.953836,0
          </coordinates>
        </Point>
      </Placemark>
      <Placemark>
        <name>Oceana Grill</name>
        <styleUrl>#icon-1739-0288D1</styleUrl>
        <ExtendedData>
          <Data name="Category">
            <value>Seafood</value>
          </Data>
          <Data name="Distance">
            <value>0</value>
          </Data>
        </ExtendedData>
        <Point>
          <coordinates>
            -90.067563,29.956229,0
          </coordinates>
        </Point>
      </Placemark>
      <Placemark>
        <name>Walking</name>
        <styleUrl>#line-F9A825-5000</styleUrl>
        <ExtendedData>
          <Data name="Category">
            <value>Walking</value>
          </Data>
          <Data name="Distance">
            <value>351</value>
          </Data>
        </ExtendedData>
        <LineString>
          <tessellate>1</tessellate>
          <coordinates>
            -90.0675720,29.9562030,0
            -90.0676850,29.9562810,0
            -90.0677560,29.9563260,0
            -90.0678110,29.9562680,0
            -90.0679090,29.9561580,0
            -90.0680360,29.9560150,0
            -90.0684590,29.9555390,0
            -90.0685120,29.9554790,0
            -90.0685170,29.9554740,0
            -90.0685840,29.9554020,0
            -90.0691430,29.9547760,0
            -90.0691610,29.9547580,0
            -90.0692140,29.9546950,0
            -90.0692460,29.9546550,0
            -90.0698750,29.9539590,0
            -90.0698030,29.9539140,0
            -90.0696430,29.9538060,0
          </coordinates>
        </LineString>
      </Placemark>
      <Placemark>
        <name>Crowne Plaza New Orleans French Quarter, an IHG Hotel</name>
        <styleUrl>#icon-1602-0288D1</styleUrl>
        <ExtendedData>
          <Data name="Category">
            <value>Hotel</value>
          </Data>
          <Data name="Distance">
            <value>0</value>
          </Data>
        </ExtendedData>
        <Point>
          <coordinates>
            -90.069559,29.953836,0
          </coordinates>
        </Point>
      </Placemark>
      <Placemark>
        <name>Driving</name>
        <styleUrl>#line-F9A825-5000</styleUrl>
        <ExtendedData>
          <Data name="Category">
            <value>Driving</value>
          </Data>
          <Data name="Distance">
            <value>2349</value>
          </Data>
        </ExtendedData>
        <LineString>
          <tessellate>1</tessellate>
          <coordinates>
            -90.0700940,29.9552610,0
            -90.0707830,29.9544870,0
            -90.0708690,29.9543950,0
            -90.0709640,29.9543100,0
            -90.0716800,29.9537010,0
            -90.0718400,29.9535660,0
            -90.0719630,29.9534610,0
            -90.0720160,29.9534150,0
            -90.0720590,29.9533710,0
            -90.0721090,29.9532990,0
            -90.0721550,29.9532290,0
            -90.0721850,29.9531590,0
            -90.0723730,29.9525430,0
            -90.0724140,29.9524020,0
            -90.0726050,29.9517410,0
            -90.0728200,29.9510520,0
            -90.0730100,29.9503890,0
            -90.0730240,29.9503400,0
            -90.0730650,29.9502000,0
            -90.0731020,29.9500520,0
            -90.0733580,29.9491700,0
            -90.0734510,29.9488750,0
            -90.0737380,29.9479170,0
            -90.0741680,29.9464880,0
            -90.0745010,29.9453730,0
            -90.0746170,29.9449770,0
            -90.0746590,29.9448620,0
            -90.0747880,29.9447120,0
            -90.0747410,29.9446670,0
            -90.0746390,29.9445960,0
            -90.0738240,29.9440730,0
            -90.0736620,29.9439810,0
            -90.0735530,29.9439020,0
            -90.0734920,29.9438680,0
            -90.0732910,29.9437410,0
            -90.0731340,29.9436360,0
            -90.0729420,29.9434960,0
            -90.0729490,29.9434760,0
            -90.0729550,29.9434490,0
            -90.0729580,29.9434290,0
            -90.0729590,29.9434230,0
            -90.0729660,29.9433800,0
            -90.0729670,29.9433730,0
            -90.0729700,29.9433410,0
            -90.0729720,29.9433200,0
            -90.0729710,29.9432980,0
            -90.0729660,29.9432550,0
            -90.0729540,29.9432000,0
            -90.0729390,29.9431580,0
            -90.0729360,29.9431540,0
            -90.0729110,29.9431130,0
            -90.0728890,29.9430800,0
            -90.0728580,29.9430440,0
            -90.0728270,29.9430120,0
            -90.0727970,29.9429860,0
            -90.0727660,29.9429640,0
            -90.0727350,29.9429510,0
            -90.0726730,29.9429240,0
            -90.0726060,29.9429000,0
            -90.0725900,29.9428980,0
            -90.0725430,29.9428880,0
            -90.0724930,29.9428870,0
            -90.0724390,29.9428900,0
            -90.0723980,29.9428930,0
            -90.0723510,29.9429010,0
            -90.0723070,29.9429120,0
            -90.0722700,29.9429240,0
            -90.0722250,29.9429440,0
            -90.0721900,29.9429630,0
            -90.0721500,29.9429880,0
            -90.0721240,29.9430090,0
            -90.0720980,29.9430310,0
            -90.0720740,29.9430550,0
            -90.0720530,29.9430800,0
            -90.0720340,29.9431070,0
            -90.0720170,29.9431360,0
            -90.0720030,29.9431650,0
            -90.0719910,29.9431960,0
            -90.0719820,29.9432270,0
            -90.0717560,29.9431720,0
            -90.0716550,29.9431480,0
          </coordinates>
        </LineString>
      </Placemark>
      <Placemark>
        <name>The National WWII Museum</name>
        <styleUrl>#icon-1535-0288D1</styleUrl>
        <ExtendedData>
          <Data name="Category">
            <value>War museum</value>
          </Data>
          <Data name="Distance">
            <value>0</value>
          </Data>
        </ExtendedData>
        <Point>
          <coordinates>
            -90.070532,29.943071,0
          </coordinates>
        </Point>
      </Placemark>
      <Placemark>
        <name>Driving</name>
        <styleUrl>#line-F9A825-5000</styleUrl>
        <ExtendedData>
          <Data name="Category">
            <value>Driving</value>
          </Data>
          <Data name="Distance">
            <value>4725</value>
          </Data>
        </ExtendedData>
        <LineString>
          <tessellate>1</tessellate>
          <coordinates>
            -90.0706790,29.9429160,0
            -90.0703540,29.9428440,0
            -90.0695580,29.9426910,0
            -90.0674300,29.9422060,0
            -90.0674020,29.9421140,0
            -90.0675040,29.9421090,0
            -90.0675420,29.9420810,0
            -90.0675650,29.9420430,0
            -90.0681030,29.9402170,0
            -90.0681930,29.9399440,0
            -90.0684370,29.9399590,0
            -90.0685630,29.9399870,0
            -90.0687500,29.9400440,0
            -90.0689540,29.9401270,0
            -90.0692900,29.9402990,0
            -90.0700210,29.9407100,0
            -90.0705250,29.9409750,0
            -90.0726620,29.9420080,0
            -90.0726690,29.9420090,0
            -90.0726860,29.9420080,0
            -90.0727650,29.9419830,0
            -90.0729760,29.9420950,0
            -90.0780200,29.9449270,0
            -90.0791670,29.9455090,0
            -90.0795630,29.9457210,0
            -90.0813350,29.9468000,0
            -90.0836180,29.9483710,0
            -90.0838210,29.9485320,0
            -90.0839100,29.9486110,0
            -90.0840730,29.9487730,0
            -90.0841430,29.9488520,0
            -90.0842870,29.9490430,0
            -90.0844680,29.9493380,0
            -90.0852740,29.9508530,0
            -90.0852630,29.9509090,0
            -90.0852620,29.9509650,0
            -90.0852740,29.9510320,0
            -90.0854110,29.9514190,0
            -90.0854890,29.9517210,0
            -90.0855330,29.9519810,0
            -90.0855390,29.9520820,0
            -90.0855310,29.9522700,0
            -90.0855050,29.9524280,0
            -90.0854670,29.9525490,0
            -90.0853820,29.9527430,0
            -90.0853100,29.9528580,0
            -90.0852320,29.9529610,0
            -90.0851130,29.9530900,0
            -90.0850640,29.9531350,0
            -90.0849450,29.9532290,0
            -90.0848420,29.9533000,0
            -90.0847160,29.9533720,0
            -90.0845270,29.9534530,0
            -90.0843950,29.9534960,0
            -90.0842570,29.9535310,0
            -90.0834800,29.9536520,0
            -90.0834380,29.9536620,0
            -90.0834040,29.9536730,0
            -90.0833640,29.9536950,0
            -90.0833260,29.9537230,0
            -90.0831130,29.9537570,0
            -90.0829180,29.9538050,0
            -90.0826830,29.9538850,0
            -90.0825640,29.9539370,0
            -90.0823420,29.9540530,0
            -90.0821210,29.9542030,0
            -90.0819580,29.9543420,0
            -90.0818660,29.9544340,0
            -90.0799970,29.9565220,0
            -90.0799690,29.9565630,0
            -90.0799470,29.9566030,0
            -90.0746670,29.9625210,0
            -90.0743910,29.9628460,0
            -90.0719110,29.9656150,0
            -90.0718100,29.9656230,0
            -90.0718010,29.9656260,0
            -90.0716500,29.9657270,0
            -90.0715090,29.9658010,0
            -90.0712930,29.9658960,0
            -90.0711850,29.9659520,0
            -90.0711140,29.9659990,0
            -90.0709800,29.9661040,0
            -90.0700540,29.9670800,0
            -90.0700180,29.9671060,0
            -90.0699910,29.9671300,0
            -90.0698820,29.9672510,0
            -90.0698260,29.9673220,0
            -90.0697810,29.9673900,0
            -90.0697530,29.9674400,0
            -90.0697270,29.9675000,0
            -90.0696730,29.9676960,0
            -90.0696160,29.9678140,0
            -90.0695980,29.9678420,0
            -90.0694310,29.9680650,0
            -90.0693590,29.9682110,0
            -90.0688610,29.9687980,0
            -90.0669790,29.9709310,0
            -90.0671900,29.9710720,0
            -90.0673180,29.9711740,0
            -90.0673800,29.9711030,0
          </coordinates>
        </LineString>
      </Placemark>
      <Placemark>
        <name>Cajun Seafood</name>
        <styleUrl>#icon-1739-0288D1</styleUrl>
        <ExtendedData>
          <Data name="Category">
            <value>Cajun</value>
          </Data>
          <Data name="Distance">
            <value>0</value>
          </Data>
        </ExtendedData>
        <Point>
          <coordinates>
            -90.067697,29.971201,0
          </coordinates>
        </Point>
      </Placemark>
      <Placemark>
        <name>Driving</name>
        <styleUrl>#line-F9A825-5000</styleUrl>
        <ExtendedData>
          <Data name="Category">
            <value>Driving</value>
          </Data>
          <Data name="Distance">
            <value>3079</value>
          </Data>
        </ExtendedData>
        <LineString>
          <tessellate>1</tessellate>
          <coordinates>
            -90.0675000,29.9709670,0
            -90.0682210,29.9701530,0
            -90.0683810,29.9699630,0
            -90.0685250,29.9698180,0
            -90.0687540,29.9695740,0
            -90.0689830,29.9693080,0
            -90.0698860,29.9682930,0
            -90.0700620,29.9681200,0
            -90.0706180,29.9674920,0
            -90.0706740,29.9674390,0
            -90.0707590,29.9673490,0
            -90.0718970,29.9660710,0
            -90.0719150,29.9660470,0
            -90.0723040,29.9656290,0
            -90.0727760,29.9650700,0
            -90.0730680,29.9647350,0
            -90.0732600,29.9645290,0
            -90.0732930,29.9644670,0
            -90.0733850,29.9643590,0
            -90.0717800,29.9632870,0
            -90.0714940,29.9630780,0
            -90.0714230,29.9630120,0
            -90.0713780,29.9629680,0
            -90.0713260,29.9629100,0
            -90.0712800,29.9628480,0
            -90.0712420,29.9627920,0
            -90.0712230,29.9627590,0
            -90.0712050,29.9627230,0
            -90.0711900,29.9626880,0
            -90.0711780,29.9626550,0
            -90.0711370,29.9625120,0
            -90.0710380,29.9621920,0
            -90.0709730,29.9620210,0
            -90.0709590,29.9619890,0
            -90.0708940,29.9618070,0
            -90.0708460,29.9616980,0
            -90.0708020,29.9616180,0
            -90.0706360,29.9613600,0
            -90.0702520,29.9608860,0
            -90.0702150,29.9608350,0
            -90.0701710,29.9607860,0
            -90.0701210,29.9607200,0
            -90.0700890,29.9606450,0
            -90.0700710,29.9605810,0
            -90.0700570,29.9605220,0
            -90.0700520,29.9604810,0
            -90.0700480,29.9604390,0
            -90.0700470,29.9603540,0
            -90.0700580,29.9602590,0
            -90.0700710,29.9601930,0
            -90.0700810,29.9601560,0
            -90.0700990,29.9601040,0
            -90.0701510,29.9600200,0
            -90.0702140,29.9599280,0
            -90.0702190,29.9599200,0
            -90.0702650,29.9598590,0
            -90.0703250,29.9597860,0
            -90.0704670,29.9596230,0
            -90.0704640,29.9595770,0
            -90.0704570,29.9595320,0
            -90.0704510,29.9595140,0
            -90.0704390,29.9594910,0
            -90.0704300,29.9594800,0
            -90.0704180,29.9594700,0
            -90.0704050,29.9594620,0
            -90.0703870,29.9594560,0
            -90.0703630,29.9594520,0
            -90.0703330,29.9594480,0
            -90.0703090,29.9594480,0
            -90.0702810,29.9594510,0
            -90.0702310,29.9594620,0
            -90.0701250,29.9595980,0
            -90.0700430,29.9596890,0
            -90.0698390,29.9597620,0
            -90.0698080,29.9597700,0
            -90.0697750,29.9597750,0
            -90.0697020,29.9597820,0
            -90.0695030,29.9597760,0
            -90.0694170,29.9596920,0
            -90.0693970,29.9596710,0
            -90.0693850,29.9596490,0
            -90.0693610,29.9595570,0
            -90.0694610,29.9594530,0
            -90.0697660,29.9591050,0
            -90.0699230,29.9589380,0
            -90.0718520,29.9567690,0
            -90.0719780,29.9566330,0
            -90.0718610,29.9565640,0
            -90.0709290,29.9559330,0
            -90.0700450,29.9553160,0
            -90.0682430,29.9540930,0
            -90.0682890,29.9540490,0
            -90.0688930,29.9533730,0
            -90.0689950,29.9532630,0
            -90.0698990,29.9538710,0
            -90.0707830,29.9544870,0
            -90.0715490,29.9549870,0
            -90.0716910,29.9550850,0
            -90.0709290,29.9559330,0
            -90.0707080,29.9557790,0
          </coordinates>
        </LineString>
      </Placemark>
      <Placemark>
        <name>Crowne Plaza New Orleans French Quarter, an IHG Hotel</name>
        <styleUrl>#icon-1602-0288D1</styleUrl>
        <ExtendedData>
          <Data name="Category">
            <value>Hotel</value>
          </Data>
          <Data name="Distance">
            <value>0</value>
          </Data>
        </ExtendedData>
        <Point>
          <coordinates>
            -90.069559,29.953836,0
          </coordinates>
        </Point>
      </Placemark>
      <Placemark>
        <name>Walking</name>
        <styleUrl>#line-F9A825-5000</styleUrl>
        <ExtendedData>
          <Data name="Category">
            <value>Walking</value>
          </Data>
          <Data name="Distance">
            <value>1053</value>
          </Data>
        </ExtendedData>
        <LineString>
          <tessellate>1</tessellate>
          <coordinates>
            -90.0692480,29.9535410,0
            -90.0698040,29.9539140,0
            -90.0691750,29.9546100,0
            -90.0690930,29.9547100,0
            -90.0684430,29.9554340,0
            -90.0684190,29.9554150,0
            -90.0667370,29.9542730,0
            -90.0653440,29.9558150,0
            -90.0653640,29.9558280,0
            -90.0652970,29.9559040,0
            -90.0652830,29.9558940,0
            -90.0646640,29.9565770,0
            -90.0646310,29.9566100,0
            -90.0646420,29.9566170,0
            -90.0645910,29.9566750,0
            -90.0645850,29.9566720,0
            -90.0642650,29.9570250,0
            -90.0642340,29.9570510,0
            -90.0641710,29.9570080,0
            -90.0638320,29.9573810,0
            -90.0638280,29.9574240,0
            -90.0634800,29.9578090,0
            -90.0633110,29.9576980,0
            -90.0633030,29.9577040,0
            -90.0632960,29.9577070,0
            -90.0632880,29.9577100,0
            -90.0632790,29.9577100,0
            -90.0632690,29.9577080,0
            -90.0632620,29.9577060,0
            -90.0632610,29.9577050,0
            -90.0632560,29.9577020,0
            -90.0632500,29.9576960,0
            -90.0632450,29.9576890,0
            -90.0632430,29.9576820,0
            -90.0632440,29.9576710,0
            -90.0632450,29.9576680,0
            -90.0632450,29.9576620,0
            -90.0631880,29.9576210,0
            -90.0630180,29.9575120,0
            -90.0630040,29.9575240,0
            -90.0629940,29.9575290,0
            -90.0629760,29.9575360,0
            -90.0629600,29.9575380,0
            -90.0629400,29.9575380,0
            -90.0629300,29.9575360,0
            -90.0629170,29.9575320,0
            -90.0628980,29.9575220,0
            -90.0628880,29.9575120,0
            -90.0628800,29.9575000,0
            -90.0628750,29.9574890,0
            -90.0628710,29.9574740,0
            -90.0628710,29.9574620,0
            -90.0628730,29.9574500,0
            -90.0628790,29.9574360,0
            -90.0628870,29.9574230,0
            -90.0622510,29.9570080,0
            -90.0622280,29.9569900,0
            -90.0622700,29.9569380,0
            -90.0622720,29.9569330,0
            -90.0622720,29.9569290,0
            -90.0622710,29.9569270,0
            -90.0622690,29.9569250,0
            -90.0621540,29.9568470,0
            -90.0620890,29.9567970,0
            -90.0620770,29.9567940,0
            -90.0620750,29.9567940,0
            -90.0620620,29.9567960,0
            -90.0620560,29.9567990,0
            -90.0619960,29.9568300,0
            -90.0616900,29.9566210,0
            -90.0609430,29.9574610,0
            -90.0608900,29.9575640,0
            -90.0608420,29.9576760,0
            -90.0607690,29.9577880,0
            -90.0609590,29.9579170,0
            -90.0609920,29.9579450,0
            -90.0611160,29.9580730,0
            -90.0611270,29.9581040,0
            -90.0611280,29.9581150,0
            -90.0611250,29.9581290,0
            -90.0611220,29.9581640,0
            -90.0611230,29.9581760,0
            -90.0611250,29.9581870,0
            -90.0611290,29.9581930,0
            -90.0611450,29.9582100,0
            -90.0612760,29.9582870,0
            -90.0612390,29.9583320,0
            -90.0613960,29.9584280,0
            -90.0614040,29.9584200,0
            -90.0623320,29.9590490,0
            -90.0623990,29.9590990,0
            -90.0632230,29.9596660,0
            -90.0632980,29.9597120,0
            -90.0641250,29.9602730,0
            -90.0641860,29.9602160,0
            -90.0648280,29.9594860,0
            -90.0656180,29.9586160,0
            -90.0656640,29.9585600,0
            -90.0663150,29.9578330,0
          </coordinates>
        </LineString>
      </Placemark>
      <Placemark>
        <name>Moving</name>
        <styleUrl>#line-F9A825-5000</styleUrl>
        <ExtendedData>
          <Data name="Category">
            <value>Moving</value>
          </Data>
          <Data name="Distance">
            <value>801</value>
          </Data>
        </ExtendedData>
        <LineString>
          <tessellate>1</tessellate>
          <coordinates>
            -90.0641050,29.9571290,0
            -90.0636860,29.9574870,0
            -90.0628430,29.9575620,0
            -90.0626680,29.9566620,0
            -90.0617210,29.9565840,0
            -90.0626380,29.9571010,0
            -90.0612120,29.9583580,0
            -90.0620310,29.9588080,0
            -90.0614010,29.9584120,0
          </coordinates>
        </LineString>
      </Placemark>
      <Placemark>
        <name>Walking</name>
        <styleUrl>#line-F9A825-5000</styleUrl>
        <ExtendedData>
          <Data name="Category">
            <value>Walking</value>
          </Data>
          <Data name="Distance">
            <value>1569</value>
          </Data>
        </ExtendedData>
        <LineString>
          <tessellate>1</tessellate>
          <coordinates>
            -90.0614010,29.9584120,0
            -90.0641720,29.9602720,0
            -90.0651040,29.9592880,0
            -90.0664940,29.9577110,0
            -90.0685960,29.9553230,0
            -90.0675120,29.9565670,0
            -90.0685910,29.9553350,0
            -90.0695590,29.9538360,0
          </coordinates>
        </LineString>
      </Placemark>
      <Placemark>
        <name>Crowne Plaza New Orleans French Quarter, an IHG Hotel</name>
        <styleUrl>#icon-1602-0288D1</styleUrl>
        <ExtendedData>
          <Data name="Category">
            <value>Hotel</value>
          </Data>
          <Data name="Distance">
            <value>0</value>
          </Data>
        </ExtendedData>
        <Point>
          <coordinates>
            -90.069559,29.953836,0
          </coordinates>
        </Point>
      </Placemark>
      <Placemark>
        <name>Driving</name>
        <styleUrl>#line-F9A825-5000</styleUrl>
        <ExtendedData>
          <Data name="Category">
            <value>Driving</value>
          </Data>
          <Data name="Distance">
            <value>2853</value>
          </Data>
        </ExtendedData>
        <LineString>
          <tessellate>1</tessellate>
          <coordinates>
            -90.0695590,29.9538360,0
            -90.0695790,29.9553270,0
            -90.0746740,29.9571370,0
            -90.0759790,29.9580000,0
            -90.0819070,29.9620140,0
            -90.0854630,29.9665630,0
            -90.0856620,29.9645900,0
            -90.0867600,29.9661250,0
            -90.0847420,29.9674250,0
          </coordinates>
        </LineString>
      </Placemark>
      <Placemark>
        <name>Whole Foods Market</name>
        <styleUrl>#icon-1739-0288D1</styleUrl>
        <ExtendedData>
          <Data name="Category">
            <value>Grocery store</value>
          </Data>
          <Data name="Distance">
            <value>0</value>
          </Data>
        </ExtendedData>
        <Point>
          <coordinates>
            -90.084742,29.967425,0
          </coordinates>
        </Point>
      </Placemark>
      <Placemark>
        <name>Driving</name>
        <styleUrl>#line-F9A825-5000</styleUrl>
        <ExtendedData>
          <Data name="Category">
            <value>Driving</value>
          </Data>
          <Data name="Distance">
            <value>2651</value>
          </Data>
        </ExtendedData>
        <LineString>
          <tessellate>1</tessellate>
          <coordinates>
            -90.0847420,29.9674250,0
            -90.0852500,29.9669240,0
            -90.0832920,29.9656970,0
            -90.0847100,29.9640850,0
            -90.0796720,29.9602690,0
            -90.0761300,29.9578530,0
            -90.0737860,29.9562830,0
            -90.0720140,29.9551150,0
            -90.0702420,29.9557140,0
            -90.0709630,29.9558490,0
            -90.0703030,29.9556900,0
            -90.0702100,29.9556010,0
            -90.0701220,29.9552290,0
            -90.0695590,29.9538360,0
          </coordinates>
        </LineString>
      </Placemark>
      <Placemark>
        <name>Crowne Plaza New Orleans French Quarter, an IHG Hotel</name>
        <styleUrl>#icon-1602-0288D1</styleUrl>
        <ExtendedData>
          <Data name="Category">
            <value>Hotel</value>
          </Data>
          <Data name="Distance">
            <value>0</value>
          </Data>
        </ExtendedData>
        <Point>
          <coordinates>
            -90.069559,29.953836,0
          </coordinates>
        </Point>
      </Placemark>
    </Folder>
    <Folder>
      <name>2021-11-21</name>
      <Placemark>
        <name>Louis Armstrong New Orleans International Airport</name>
        <styleUrl>#icon-1504-0288D1</styleUrl>
        <ExtendedData>
          <Data name="Category">
            <value>International airport</value>
          </Data>
          <Data name="Distance">
            <value>0</value>
          </Data>
        </ExtendedData>
        <Point>
          <coordinates>
            -90.25923,29.99109,0
          </coordinates>
        </Point>
      </Placemark>
      <Placemark>
        <name>Driving</name>
        <styleUrl>#line-A52714-5000</styleUrl>
        <ExtendedData>
          <Data name="Category">
            <value>Driving</value>
          </Data>
          <Data name="Distance">
            <value>34287</value>
          </Data>
        </ExtendedData>
        <LineString>
          <tessellate>1</tessellate>
          <coordinates>
            -90.2618410,29.9846180,0
            -90.2620100,29.9846560,0
            -90.2620640,29.9846570,0
            -90.2621480,29.9846370,0
            -90.2623640,29.9845320,0
            -90.2598460,29.9839100,0
            -90.2597800,29.9837040,0
            -90.2597290,29.9836340,0
            -90.2596510,29.9835620,0
            -90.2593340,29.9833200,0
            -90.2588620,29.9830020,0
            -90.2585210,29.9828520,0
            -90.2568340,29.9824070,0
            -90.2516860,29.9813710,0
            -90.2514310,29.9813730,0
            -90.2510290,29.9814970,0
            -90.2508830,29.9816070,0
            -90.2507250,29.9817810,0
            -90.2505680,29.9821110,0
            -90.2493330,29.9858780,0
            -90.2490550,29.9864460,0
            -90.2483120,29.9875900,0
            -90.2480990,29.9879820,0
            -90.2479310,29.9884270,0
            -90.2478200,29.9888760,0
            -90.2477750,29.9892410,0
            -90.2477660,29.9894640,0
            -90.2478300,29.9906100,0
            -90.2477810,29.9911130,0
            -90.2477260,29.9913350,0
            -90.2466270,29.9944550,0
            -90.2454590,29.9981000,0
            -90.2451160,29.9993900,0
            -90.2438450,30.0035180,0
            -90.2437490,30.0037350,0
            -90.2433870,30.0048920,0
            -90.2431480,30.0063510,0
            -90.2431610,30.0064210,0
            -90.2431640,30.0065670,0
            -90.2431920,30.0066990,0
            -90.2432060,30.0068480,0
            -90.2456990,30.0070220,0
            -90.2473310,30.0070270,0
            -90.2502260,30.0068490,0
            -90.2653350,30.0056790,0
            -90.2657060,30.0056260,0
            -90.2662190,30.0056030,0
            -90.2662190,30.0054590,0
            -90.2661770,30.0051230,0
            -90.2659560,30.0043640,0
            -90.2657590,30.0024950,0
            -90.2656910,30.0022350,0
            -90.2656010,30.0020350,0
            -90.2654670,30.0018330,0
            -90.2652870,30.0016260,0
            -90.2650660,30.0014450,0
            -90.2649400,30.0013680,0
            -90.2646310,30.0012210,0
            -90.2644590,30.0011660,0
            -90.2630010,30.0008290,0
            -90.2625200,30.0007830,0
            -90.2615230,30.0007800,0
            -90.2614520,30.0007710,0
            -90.2613690,30.0007400,0
            -90.2612670,30.0006820,0
            -90.2612090,30.0005990,0
            -90.2611430,30.0005400,0
            -90.2609830,30.0004670,0
            -90.2609070,30.0004540,0
            -90.2608290,30.0004520,0
            -90.2607520,30.0004620,0
            -90.2606780,30.0004830,0
            -90.2606100,30.0005150,0
            -90.2605200,30.0005840,0
            -90.2604560,30.0006640,0
            -90.2604470,30.0006840,0
            -90.2602270,30.0007590,0
            -90.2601470,30.0007710,0
            -90.2597880,30.0007670,0
            -90.2595950,30.0007430,0
            -90.2595100,30.0007230,0
            -90.2593070,30.0006510,0
            -90.2592040,30.0006040,0
            -90.2590040,30.0004740,0
            -90.2588600,30.0003360,0
            -90.2587750,30.0002290,0
            -90.2586930,30.0000910,0
            -90.2586180,29.9999000,0
            -90.2585860,29.9996880,0
            -90.2586090,29.9992300,0
            -90.2585900,29.9990680,0
            -90.2585350,29.9988720,0
            -90.2584630,29.9987200,0
            -90.2583300,29.9985260,0
            -90.2582310,29.9984190,0
            -90.2580540,29.9982760,0
            -90.2579080,29.9981880,0
            -90.2577930,29.9981320,0
            -90.2575200,29.9980370,0
            -90.2572000,29.9979980,0
            -90.2527710,29.9977590,0
            -90.2524650,29.9976920,0
            -90.2522250,29.9975990,0
            -90.2521460,29.9975590,0
            -90.2520560,29.9974750,0
            -90.2520230,29.9974150,0
            -90.2520050,29.9973490,0
            -90.2520030,29.9972800,0
            -90.2520130,29.9972300,0
            -90.2520440,29.9971680,0
            -90.2520860,29.9971100,0
            -90.2521460,29.9970630,0
            -90.2522770,29.9970010,0
            -90.2523700,29.9969870,0
            -90.2525480,29.9969880,0
            -90.2539440,29.9970800,0
            -90.2541300,29.9970780,0
            -90.2542030,29.9970670,0
            -90.2542800,29.9970440,0
            -90.2543720,29.9970020,0
            -90.2545260,29.9967420,0
            -90.2545820,29.9966020,0
            -90.2546030,29.9965180,0
            -90.2545920,29.9963350,0
            -90.2545690,29.9962500,0
            -90.2544870,29.9960900,0
            -90.2543590,29.9959460,0
            -90.2542130,29.9958560,0
            -90.2541310,29.9958200,0
            -90.2540640,29.9958000,0
            -90.2539560,29.9957820,0
            -90.2532760,29.9957440,0
            -90.2517340,29.9958370,0
            -90.2515760,29.9958680,0
            -90.2514410,29.9959330,0
            -90.2513640,29.9960010,0
            -90.2512930,29.9961120,0
            -90.2512690,29.9961850,0
            -90.2512550,29.9962710,0
            -90.2512490,29.9967830,0
            -90.2512990,29.9970260,0
            -90.2513840,29.9972260,0
            -90.2516290,29.9975220,0
            -90.2517050,29.9975910,0
            -90.2518320,29.9976680,0
            -90.2520570,29.9977650,0
            -90.2522110,29.9978050,0
            -90.2523780,29.9978260,0
            -90.2572120,29.9980900,0
            -90.2574760,29.9981310,0
            -90.2576640,29.9981860,0
            -90.2578420,29.9982570,0
            -90.2579830,29.9983430,0
            -90.2581550,29.9984860,0
            -90.2582730,29.9986270,0
            -90.2583470,29.9987480,0
            -90.2584000,29.9988610,0
            -90.2584420,29.9989940,0
            -90.2584620,29.9991020,0
            -90.2584680,29.9992820,0
            -90.2584430,29.9996400,0
            -90.2584520,29.9997770,0
            -90.2584810,29.9999230,0
            -90.2585840,30.0001790,0
            -90.2586940,30.0003460,0
            -90.2588150,30.0004800,0
            -90.2590370,30.0006580,0
            -90.2592180,30.0007590,0
            -90.2593710,30.0008280,0
            -90.2595030,30.0008630,0
            -90.2597270,30.0008900,0
            -90.2602480,30.0009000,0
            -90.2603200,30.0009160,0
            -90.2603770,30.0009420,0
            -90.2604630,30.0010050,0
            -90.2605030,30.0010630,0
            -90.2605540,30.0011140,0
            -90.2606140,30.0011570,0
            -90.2606820,30.0011910,0
            -90.2607550,30.0012130,0
            -90.2608310,30.0012240,0
            -90.2609080,30.0012240,0
            -90.2609840,30.0012120,0
            -90.2610550,30.0011890,0
            -90.2611210,30.0011550,0
            -90.2611800,30.0011120,0
            -90.2612420,30.0010400,0
            -90.2613460,30.0009880,0
            -90.2615240,30.0009270,0
            -90.2616230,30.0009180,0
            -90.2626620,30.0009310,0
            -90.2628540,30.0009490,0
            -90.2631270,30.0009970,0
            -90.2644290,30.0012970,0
            -90.2646440,30.0013750,0
            -90.2647450,30.0014230,0
            -90.2650520,30.0016050,0
            -90.2651650,30.0016980,0
            -90.2654040,30.0019630,0
            -90.2655020,30.0021200,0
            -90.2655890,30.0023140,0
            -90.2656420,30.0024960,0
            -90.2657340,30.0033820,0
            -90.2656980,30.0041150,0
            -90.2657110,30.0042980,0
            -90.2657900,30.0045780,0
            -90.2658810,30.0053960,0
            -90.2658700,30.0054790,0
            -90.2658790,30.0056190,0
            -90.2658720,30.0057830,0
            -90.2658880,30.0059220,0
            -90.2658060,30.0062440,0
            -90.2657240,30.0064030,0
            -90.2651110,30.0071950,0
            -90.2649250,30.0073640,0
            -90.2648470,30.0074200,0
            -90.2647110,30.0074930,0
            -90.2633360,30.0075850,0
            -90.2618030,30.0078090,0
            -90.2616590,30.0078870,0
            -90.2438510,30.0092700,0
            -90.2430500,30.0093030,0
            -90.2419210,30.0093090,0
            -90.2142540,30.0075280,0
            -90.2135580,30.0074270,0
            -90.2131080,30.0073400,0
            -90.2124370,30.0071660,0
            -90.2119010,30.0069910,0
            -90.2112490,30.0067280,0
            -90.2109150,30.0065730,0
            -90.2102300,30.0061990,0
            -90.2040770,30.0023520,0
            -90.2032020,30.0018580,0
            -90.2021260,30.0013290,0
            -90.2005830,30.0007000,0
            -90.1995230,30.0003640,0
            -90.1979940,29.9999770,0
            -90.1965590,29.9997260,0
            -90.1954800,29.9996030,0
            -90.1639390,29.9976950,0
            -90.1619250,29.9976130,0
            -90.1617380,29.9976160,0
            -90.1255930,29.9960630,0
            -90.1253470,29.9959920,0
            -90.1244760,29.9958880,0
            -90.1219150,29.9954970,0
            -90.1214100,29.9953870,0
            -90.1208400,29.9952320,0
            -90.1204610,29.9951080,0
            -90.1198920,29.9948890,0
            -90.1194410,29.9946860,0
            -90.1189010,29.9944020,0
            -90.1185050,29.9941640,0
            -90.1181040,29.9938900,0
            -90.1176400,29.9934960,0
            -90.1173220,29.9931570,0
            -90.1171080,29.9928820,0
            -90.1168740,29.9925200,0
            -90.1167630,29.9923160,0
            -90.1165370,29.9917840,0
            -90.1164160,29.9913570,0
            -90.1163470,29.9909230,0
            -90.1163270,29.9904880,0
            -90.1163790,29.9890740,0
            -90.1164000,29.9889620,0
            -90.1164080,29.9887230,0
            -90.1163950,29.9885150,0
            -90.1162540,29.9876360,0
            -90.1160700,29.9867970,0
            -90.1129460,29.9787000,0
            -90.1128710,29.9785630,0
            -90.1116980,29.9757190,0
            -90.1106040,29.9724770,0
            -90.1089420,29.9693110,0
            -90.1087100,29.9689580,0
            -90.1083490,29.9685030,0
            -90.1056240,29.9658980,0
            -90.1047840,29.9652080,0
            -90.0936660,29.9572810,0
            -90.0936550,29.9571540,0
            -90.0936500,29.9571440,0
            -90.0933170,29.9568390,0
            -90.0924150,29.9559100,0
            -90.0921350,29.9556860,0
            -90.0919120,29.9555380,0
            -90.0914880,29.9553170,0
            -90.0912420,29.9552170,0
            -90.0907960,29.9550840,0
            -90.0866800,29.9542640,0
            -90.0866280,29.9542940,0
            -90.0866030,29.9543010,0
            -90.0865740,29.9543030,0
            -90.0839670,29.9538900,0
            -90.0836780,29.9538190,0
            -90.0825950,29.9533370,0
            -90.0818830,29.9530800,0
            -90.0817820,29.9530640,0
            -90.0817190,29.9530640,0
            -90.0784180,29.9516940,0
            -90.0777910,29.9514090,0
            -90.0750060,29.9504790,0
            -90.0694000,29.9492110,0
            -90.0685710,29.9519020,0
            -90.0683470,29.9524190,0
            -90.0681120,29.9526690,0
            -90.0716910,29.9550850,0
            -90.0709290,29.9559330,0
            -90.0703430,29.9555240,0
          </coordinates>
        </LineString>
      </Placemark>
      <Placemark>
        <name>Crowne Plaza New Orleans French Quarter, an IHG Hotel</name>
        <styleUrl>#icon-1602-0288D1</styleUrl>
        <ExtendedData>
          <Data name="Category">
            <value>Hotel</value>
          </Data>
          <Data name="Distance">
            <value>0</value>
          </Data>
        </ExtendedData>
        <Point>
          <coordinates>
            -90.069559,29.953836,0
          </coordinates>
        </Point>
      </Placemark>
    </Folder>
  </Document>
</kml>