<?xml version="1.0" encoding="UTF-8"?><kml xmlns="http://www.opengis.net/kml/2.2" xmlns:gx="http://www.google.com/kml/ext/2.2"><Document><name> Location history from 2022-07-03 to 2022-07-03 </name><open>1</open><description></description><StyleMap id="multiTrack"><Pair><key>normal</key><styleUrl>#multiTrack_n</styleUrl></Pair><Pair><key>highlight</key><styleUrl>#multiTrack_h</styleUrl></Pair></StyleMap><Style id="multiTrack_n"><IconStyle><Icon><href>https://earth.google.com/images/kml-icons/track-directional/track-0.png</href></Icon></IconStyle><LineStyle><color>99ffac59</color><width>6</width></LineStyle></Style><Style id="multiTrack_h"><IconStyle><scale>1.2</scale><Icon><href>https://earth.google.com/images/kml-icons/track-directional/track-0.png</href></Icon></IconStyle><LineStyle><color>99ffac59</color><width>8</width></LineStyle></Style><Placemark><name>Hyatt Place Tucson-Central</name><address>1375 W Grant Rd, Tucson, AZ 85745</address><ExtendedData><Data name="Email"><value>syugen.zhou@gmail.com</value></Data><Data name="Category"><value>Hotel</value></Data><Data name="Distance"><value>0</value></Data></ExtendedData><description> Hotel from 2022-07-03T01:48:52.999Z to 2022-07-03T13:00:29.999Z. Distance 0m </description><Point><coordinates>-110.9944586,32.2494757,0</coordinates></Point><TimeSpan><begin>2022-07-03T01:48:52.999Z</begin><end>2022-07-03T13:00:29.999Z</end></TimeSpan></Placemark><Placemark><name>Driving</name><address></address><ExtendedData><Data name="Email"><value>syugen.zhou@gmail.com</value></Data><Data name="Category"><value>Driving</value></Data><Data name="Distance"><value>9582</value></Data></ExtendedData><description> Driving from 2022-07-03T13:00:29.999Z to 2022-07-03T13:07:39.999Z. Distance 9582m </description><LineString><altitudeMode>clampToGround</altitudeMode><extrude>1</extrude><tesselate>1</tesselate><coordinates>-110.9947428,32.249828,0 -110.99474169999999,32.2498291,0 -110.99473929999999,32.2498353,0 -110.9947342,32.249946,0 -110.99473789999999,32.2500236,0 -110.99474759999998,32.250035000000004,0 -110.99464769999997,32.250112200000004,0 -110.99465649999998,32.2501557,0 -110.99466959999998,32.250316000000005,0 -110.99354519999999,32.250283200000005,0 -110.99311479999999,32.2497757,0 -110.9927257,32.2493439,0 -110.99250219999998,32.24913480000001,0 -110.99089729999999,32.2474134,0 -110.99085809999998,32.247364,0 -110.99032979999998,32.246778400000004,0 -110.9901647,32.24673920000001,0 -110.98786229999999,32.243942600000004,0 -110.9872786,32.243149900000006,0 -110.9869715,32.24270030000001,0 -110.98653209999999,32.2420066,0 -110.98611079999999,32.2412688,0 -110.98561669999998,32.2403048,0 -110.98519399999998,32.2393526,0 -110.98486709999999,32.2384938,0 -110.98449009999999,32.2373256,0 -110.98424089999999,32.2363464,0 -110.98349349999998,32.23285,0 -110.98317449999998,32.2315743,0 -110.98272379999997,32.2300349,0 -110.98243209999997,32.2291507,0 -110.98191979999999,32.227703500000004,0 -110.98141839999998,32.2261532,0 -110.98108749999997,32.2249476,0 -110.98085879999998,32.2239694,0 -110.98031549999997,32.2214243,0 -110.98015819999998,32.2206051,0 -110.98005359999998,32.219952,0 -110.97992579999998,32.2189864,0 -110.97984789999997,32.2182024,0 -110.97979519999997,32.217492899999996,0 -110.97975369999996,32.2164415,0 -110.97967729999996,32.2069776,0 -110.97964949999997,32.206269,0 -110.97961859999997,32.2028118,0 -110.97957099999998,32.2018613,0 -110.97951219999997,32.201277999999995,0 -110.97941869999998,32.2005676,0 -110.97933199999999,32.20003729999999,0 -110.97913859999998,32.1991276,0 -110.97885109999997,32.198063399999995,0 -110.97855979999997,32.197177599999996,0 -110.97819889999997,32.19623349999999,0 -110.97788889999997,32.19552759999999,0 -110.97750679999997,32.19475599999999,0 -110.97708889999997,32.19400059999999,0 -110.97507479999997,32.190678199999994,0 -110.97474889999997,32.190199299999996,0 -110.97463749999997,32.19004989999999,0 -110.97437229999997,32.18973949999999,0 -110.97394989999997,32.18931429999999,0 -110.97373869999996,32.18912699999999,0 -110.97328179999995,32.188759799999985,0 -110.97292459999997,32.18851879999999,0 -110.97259929999997,32.188321399999985,0 -110.97236909999997,32.188194799999984,0 -110.97189789999997,32.18796479999999,0 -110.97163349999997,32.18785099999999,0 -110.97118999999996,32.187684899999994,0 -110.97094369999996,32.18760389999999,0 -110.97047619999996,32.187467899999994,0 -110.96983819999996,32.187310399999994,0 -110.96740379999996,32.1867982,0 -110.96536249999997,32.186285299999994,0 -110.96530069999997,32.186194099999994,0 -110.96294019999998,32.1854221,0 -110.96286849999997,32.185393299999994,0 -110.96275679999997,32.185325299999995,0 -110.95993559999997,32.1846184,0 -110.95931009999995,32.184411,0 -110.95914039999995,32.1843313,0 -110.95894699999995,32.18421539999999,0 -110.95883939999995,32.18413679999999,0 -110.95868139999995,32.18400719999999,0 -110.95786879999994,32.183181899999994,0 -110.95754219999993,32.182873699999995,0 -110.95716359999993,32.18248249999999,0 -110.95674189999994,32.18209019999999,0 -110.95632989999994,32.18167729999999,0 -110.95608119999994,32.181459399999994,0 -110.95609209999994,32.1816197,0 -110.95609249999994,32.1821604,0 -110.95607359999994,32.182712499999994,0 -110.95609099999993,32.18279309999999,0 -110.95611349999993,32.18520439999999,0 -110.95613529999993,32.1857377,0 -110.95619349999993,32.18629959999999,0 -110.95621659999993,32.18641999999999,0 -110.95623289999993,32.18673749999999,0 -110.95623469999994,32.1878089,0 </coordinates></LineString><TimeSpan><begin>2022-07-03T13:00:29.999Z</begin><end>2022-07-03T13:07:39.999Z</end></TimeSpan></Placemark><Placemark><name>McDonald's</name><address>1059 E Tucson Marketplace Blvd, Tucson, AZ 85713</address><ExtendedData><Data name="Email"><value>syugen.zhou@gmail.com</value></Data><Data name="Category"><value>Fast Food</value></Data><Data name="Distance"><value>0</value></Data></ExtendedData><description> Fast Food from 2022-07-03T13:07:39.999Z to 2022-07-03T13:12:20.000Z. Distance 0m </description><Point><coordinates>-110.95585829999999,32.1875557,0</coordinates></Point><TimeSpan><begin>2022-07-03T13:07:39.999Z</begin><end>2022-07-03T13:12:20.000Z</end></TimeSpan></Placemark><Placemark><name>Driving</name><address></address><ExtendedData><Data name="Email"><value>syugen.zhou@gmail.com</value></Data><Data name="Category"><value>Driving</value></Data><Data name="Distance"><value>147015</value></Data></ExtendedData><description> Driving from 2022-07-03T13:12:20.000Z to 2022-07-03T14:54:45.000Z. Distance 147015m </description><LineString><altitudeMode>clampToGround</altitudeMode><extrude>1</extrude><tesselate>1</tesselate><coordinates>-110.95567070000001,32.1876144,0 -110.95567520000002,32.1873717,0 -110.95566320000002,32.1873411,0 -110.95562600000001,32.187319599999995,0 -110.95550220000001,32.1873195,0 -110.95548420000001,32.1873266,0 -110.95547180000003,32.1873405,0 -110.95545930000002,32.187803900000006,0 -110.95516450000002,32.1877996,0 -110.95516370000003,32.187633700000006,0 -110.95496560000002,32.18763030000001,0 -110.95495930000001,32.187164100000004,0 -110.95635970000002,32.18716880000001,0 -110.95635780000002,32.18323560000001,0 -110.95393540000002,32.182262400000006,0 -110.95310470000003,32.18187050000001,0 -110.95292750000003,32.18185220000001,0 -110.90136830000003,32.152842500000006,0 -110.89955250000004,32.151680400000004,0 -110.89806010000004,32.15051580000001,0 -110.89614760000003,32.148712800000006,0 -110.89523310000003,32.14766690000001,0 -110.89404260000002,32.14606980000001,0 -110.89297500000004,32.144289500000006,0 -110.88785290000004,32.13440310000001,0 -110.88709860000003,32.13334410000001,0 -110.88648340000005,32.13264370000001,0 -110.88539330000005,32.13163900000001,0 -110.88443720000005,32.13094150000001,0 -110.74674160000005,32.04442690000001,0 -110.68663400000004,32.00435020000001,0 -110.68530810000004,32.00355560000001,0 -110.68374540000003,32.00276780000001,0 -110.67936520000003,32.00116560000001,0 -110.67837470000005,32.00088990000001,0 -110.65922990000004,31.996928500000013,0 -110.65771640000004,31.99667420000001,0 -110.65645310000005,31.996525900000012,0 -110.65454040000004,31.996407200000014,0 -110.65182270000004,31.996457800000012,0 -110.64468360000005,31.997165500000015,0 -110.64319870000004,31.997227600000016,0 -110.63847830000005,31.996991200000014,0 -110.63680020000004,31.997068900000016,0 -110.63543890000004,31.997251700000017,0 -110.63137870000003,31.998072600000018,0 -110.62955730000003,31.998256500000014,0 -110.62837130000003,31.998269300000015,0 -110.62666820000003,31.998145800000014,0 -110.62485090000003,31.997824100000013,0 -110.59302500000003,31.988898600000013,0 -110.58959020000003,31.988145600000014,0 -110.58745540000004,31.98783250000001,0 -110.56525850000004,31.98547290000001,0 -110.54642880000004,31.98319610000001,0 -110.51964470000003,31.978957500000007,0 -110.51824580000003,31.97865820000001,0 -110.51598400000003,31.978011500000008,0 -110.51228390000003,31.976662100000006,0 -110.50830970000004,31.975386300000007,0 -110.50181350000004,31.973767500000008,0 -110.47956410000005,31.969366600000008,0 -110.47771000000004,31.96906670000001,0 -110.47313460000004,31.96859310000001,0 -110.47124630000003,31.96832610000001,0 -110.46836960000003,31.96774830000001,0 -110.46682750000004,31.967350300000007,0 -110.45729500000004,31.964326400000008,0 -110.45495420000005,31.963772600000006,0 -110.45316510000005,31.96344540000001,0 -110.45119200000005,31.96317390000001,0 -110.44759440000004,31.96286430000001,0 -110.44465070000004,31.962754100000012,0 -110.35369150000004,31.963178900000013,0 -110.35342240000003,31.963101800000015,0 -110.35145210000003,31.963149500000014,0 -110.35009880000003,31.96327690000001,0 -110.34780890000003,31.963610100000015,0 -110.34644230000004,31.963879700000014,0 -110.34320090000004,31.956214300000013,0 -110.34222570000004,31.953057400000016,0 -110.34185730000006,31.951387100000016,0 -110.34162740000006,31.949864600000012,0 -110.34136870000006,31.946756200000017,0 -110.34145040000006,31.849387400000015,0 -110.34181970000006,31.845673400000017,0 -110.34262630000006,31.841074800000015,0 -110.34966670000007,31.80625360000002,0 -110.35005040000007,31.803275000000017,0 -110.35031870000006,31.798718500000017,0 -110.35031710000005,31.724316900000016,0 -110.35041050000007,31.721659700000018,0 -110.35037740000006,31.692363700000016,0 -110.35051040000006,31.687361400000015,0 -110.35036860000007,31.684286800000017,0 -110.35038690000006,31.66440840000002,0 -110.35031200000006,31.663485900000016,0 -110.35012720000006,31.662342500000015,0 -110.34962470000005,31.660534000000016,0 -110.34887790000006,31.658780500000017,0 -110.34828210000006,31.657731400000017,0 -110.34775940000007,31.656946200000014,0 -110.34296010000007,31.650521200000018,0 -110.34230540000007,31.649542600000018,0 -110.34149690000007,31.647990800000017,0 -110.34062360000007,31.645726300000018,0 -110.34053470000006,31.645634000000015,0 -110.33616540000007,31.633599400000016,0 -110.33569870000007,31.631751500000014,0 -110.33554740000007,31.630690000000016,0 -110.33548460000006,31.629597200000017,0 -110.33568590000006,31.619607600000016,0 -110.33552100000006,31.618582000000014,0 -110.33542040000006,31.618203700000016,0 -110.33506640000006,31.617268000000017,0 -110.31673230000006,31.577147600000018,0 -110.31671500000006,31.576957000000018,0 -110.31110300000006,31.56462860000002,0 -110.31013510000005,31.562981500000017,0 -110.30937850000005,31.561930700000016,0 -110.30903760000005,31.561363300000018,0 -110.30879280000005,31.56070610000002,0 -110.30870550000006,31.56016500000002,0 -110.30863500000005,31.55817970000002,0 -110.30854420000006,31.55760790000002,0 -110.30825820000007,31.556894600000017,0 -110.30713260000007,31.554954100000018,0 -110.29774550000006,31.534432900000017,0 -110.29745040000007,31.533920900000016,0 -110.29718220000007,31.533573400000016,0 -110.29686030000006,31.533244200000016,0 -110.29459710000006,31.531401700000014,0 -110.27290730000006,31.51207440000001,0 -110.27247270000007,31.51176190000001,0 -110.27192520000006,31.511462200000008,0 -110.27176910000006,31.511483800000008,0 -110.27151320000006,31.51139580000001,0 -110.27080310000005,31.51122550000001,0 -110.27037610000006,31.511167700000012,0 -110.26902600000005,31.51108260000001,0 -110.25973750000006,31.511077000000007,0 -110.25952500000005,31.51097330000001,0 -110.25890410000005,31.51083490000001,0 -110.25866600000005,31.51081670000001,0 -110.25855170000006,31.51078010000001,0 -110.25811580000006,31.51074690000001,0 -110.25747750000006,31.51075720000001,0 -110.25745500000006,31.49523050000001,0 -110.25739700000007,31.49510580000001,0 -110.25742610000006,31.448735600000006,0 -110.25736210000007,31.448192800000005,0 -110.25707020000006,31.447030700000006,0 -110.25665470000006,31.446077300000006,0 -110.25633320000006,31.445519700000006,0 -110.25582800000007,31.444822600000006,0 -110.25515340000005,31.444081800000003,0 -110.24955700000007,31.4392284,0 -110.24948820000007,31.439066400000005,0 -110.24700720000007,31.436925500000005,0 -110.24688530000007,31.436881300000007,0 -110.24323910000007,31.433702500000006,0 -110.24262610000008,31.433072700000004,0 -110.24229690000007,31.432668200000002,0 -110.24177770000007,31.431902200000003,0 -110.24132740000007,31.431005200000005,0 -110.24102680000007,31.430131300000006,0 -110.24082540000008,31.429066600000006,0 -110.24079210000008,31.406042200000005,0 -110.24084170000008,31.405967600000007,0 -110.24072640000007,31.401597400000007,0 -110.24060430000007,31.40094200000001,0 -110.24039410000007,31.400225900000013,0 -110.23988920000008,31.39909350000001,0 -110.23938760000009,31.398302700000006,0 -110.23862510000008,31.39740450000001,0 -110.23647000000008,31.39558950000001,0 -110.23645000000009,31.39554660000001,0 -110.23416870000008,31.39369270000001,0 -110.23410910000007,31.39367490000001,0 -110.23287440000007,31.392568600000008,0 -110.22581530000008,31.38488480000001,0 -110.22461270000008,31.38379460000001,0 -110.22357860000008,31.38304370000001,0 -110.22353780000007,31.38298970000001,0 -110.22274790000009,31.38248040000001,0 -110.22177500000008,31.38195490000001,0 -110.22052520000008,31.381407100000008,0 -110.21957200000008,31.381075800000012,0 -110.2194943000001,31.381071900000013,0 -110.2184173000001,31.380762800000014,0 -110.21586050000009,31.380263200000012,0 -110.21432040000009,31.380066000000014,0 -110.21351320000008,31.38001580000001,0 -110.21343970000008,31.379993200000012,0 -110.2071065000001,31.379942500000016,0 -110.20709130000009,31.351581500000016,0 -110.20714100000008,31.35136470000002,0 -110.20724620000009,31.351189900000016,0 -110.20731870000009,31.35111870000001,0 -110.20749680000009,31.35100950000001,0 -110.20770830000008,31.350954600000016,0 -110.21505370000008,31.350940500000014,0 -110.21533270000008,31.350912300000015,0 -110.21570120000007,31.350818700000016,0 -110.21604570000007,31.350690600000014,0 -110.21866320000007,31.349073100000012,0 -110.21905510000006,31.34888140000001,0 -110.21962380000006,31.348680900000012,0 -110.22008040000007,31.34857230000001,0 -110.22055530000006,31.348510600000015,0 -110.22417140000006,31.348445400000017,0 -110.22961870000006,31.349870000000017,0 -110.23030810000007,31.35000310000002,0 -110.23097470000008,31.35006260000002,0 -110.23549680000008,31.34997080000002,0 -110.23590110000008,31.34989950000002,0 -110.23627240000008,31.349754000000015,0 -110.23649550000007,31.349620700000017,0 -110.23670070000009,31.34945540000002,0 -110.23688390000007,31.34926420000002,0 -110.23742560000007,31.348520000000022,0 -110.23761970000007,31.348330000000022,0 -110.23785730000007,31.34817200000002,0 -110.23848750000008,31.34789650000002,0 -110.23871420000008,31.347835600000018,0 -110.24062080000009,31.347680000000015,0 -110.24400000000009,31.347825500000017,0 -110.24493010000008,31.347998500000013,0 -110.24532320000007,31.348015400000016,0 -110.24572530000007,31.347989000000016,0 -110.24807330000007,31.347608600000015,0 -110.24891290000006,31.347517500000016,0 -110.25020210000007,31.347172400000016,0 -110.25057350000007,31.347025500000015,0 -110.25090690000006,31.346821300000016,0 -110.25137650000006,31.346439500000013,0 -110.25158980000006,31.346354900000012,0 -110.25295710000006,31.346190800000016,0 -110.25319940000006,31.346137000000013,0 -110.25477440000004,31.345319200000013,0 -110.25496750000005,31.345255300000012,0 -110.25519480000006,31.34521100000001,0 -110.25642050000005,31.34510140000001,0 -110.25659580000004,31.34511840000001,0 -110.25718270000004,31.34533680000001,0 -110.25964000000003,31.345716500000012,0 -110.25984670000004,31.345780600000015,0 -110.26036280000004,31.346092500000015,0 -110.26053840000004,31.34616610000002,0 -110.26092910000004,31.34625760000002,0 -110.26102450000005,31.34629780000002,0 -110.26178540000004,31.34678500000002,0 -110.26197600000003,31.34687130000002,0 -110.26319320000003,31.34716000000002,0 -110.26377070000004,31.347439000000023,0 -110.26394660000004,31.347493100000023,0 -110.26413370000004,31.347499500000026,0 -110.26463170000004,31.347423500000026,0 -110.26485910000004,31.347422700000024,0 -110.26518960000003,31.347484200000025,0 -110.26590930000003,31.34772710000003,0 -110.26763380000004,31.34793780000003,0 -110.26780920000003,31.347915100000026,0 -110.26840970000003,31.347686100000026,0 -110.26859150000003,31.347664400000024,0 -110.26935180000002,31.347742500000027,0 -110.26959860000002,31.347799700000024,0 -110.26974800000002,31.347863100000023,0 -110.26988600000001,31.347952400000025,0 -110.27029450000002,31.348343400000026,0 -110.27035920000002,31.348381200000027,0 -110.27050780000002,31.34843320000003,0 -110.27067350000002,31.348457600000028,0 -110.27095380000002,31.348454700000026,0 -110.27198500000002,31.348331900000026,0 -110.27233260000001,31.34833030000003,0 -110.2730982,31.348436100000026,0 -110.27448090000001,31.348760700000028,0 -110.27454120000002,31.348801100000024,0 -110.27457690000001,31.348852000000026,0 -110.2745883,31.348917200000024,0 -110.27456620000001,31.348968900000024,0 -110.27450110000001,31.349045900000025,0 -110.2742826,31.349194300000022,0 -110.2737755,31.34944350000002,0 -110.2737571,31.349465200000022,0 -110.27375160000001,31.34948760000002,0 -110.2737767,31.349526100000023,0 -110.2738024,31.349540600000022,0 -110.2740558,31.34960140000002,0 -110.2742164,31.349696800000018,0 -110.27478649999999,31.350143100000018,0 -110.2748688,31.350237300000018,0 -110.2750829,31.350827000000017,0 -110.2751454,31.350901400000012,0 -110.2751867,31.35092460000001,0 -110.27556960000001,31.350972100000007,0 -110.27570030000001,31.35102530000001,0 -110.27591240000001,31.35118310000001,0 -110.27615340000001,31.35149300000001,0 -110.27625450000001,31.35157850000001,0 -110.27658720000001,31.35172770000001,0 -110.27699210000002,31.35196890000001,0 -110.27702800000002,31.35197460000001,0 -110.2770631,31.35196590000001,0 -110.2770892,31.351944800000012,0 -110.27710540000001,31.35188810000001,0 -110.27699890000001,31.35165070000001,0 -110.2769749,31.35150340000001,0 -110.2769898,31.35146280000001,0 -110.2770503,31.351394300000013,0 -110.277091,31.351373000000013,0 -110.27816209999999,31.351095700000013,0 -110.2783858,31.35107760000001,0 -110.2790606,31.35118390000001,0 -110.27926559999999,31.351241300000012,0 -110.27960639999999,31.35139210000001,0 -110.2797057,31.351412600000007,0 -110.2797496,31.351406500000003,0 -110.27978359999999,31.351389500000007,0 -110.27981639999999,31.351335100000007,0 -110.27981369999998,31.351169400000003,0 -110.27988719999998,31.351028900000003,0 -110.28021889999998,31.350753900000004,0 -110.28048129999998,31.350432300000005,0 -110.28048679999996,31.350398700000003,0 -110.28046729999997,31.350346800000004,0 -110.28044239999997,31.350325100000006,0 -110.27966419999996,31.350099400000005,0 -110.27961579999996,31.350051800000003,0 -110.27960679999997,31.3500222,0 -110.27961209999997,31.349995200000006,0 -110.27965209999996,31.349964100000005,0 -110.27970879999997,31.349967900000006,0 -110.27985259999997,31.350048500000003,0 -110.27996109999997,31.350074400000008,0 -110.28044029999997,31.350111100000007,0 -110.28081529999996,31.350103900000008,0 -110.28086679999996,31.35011310000001,0 -110.28090749999996,31.350133300000007,0 -110.28093249999996,31.350162000000008,0 -110.28094809999995,31.35023320000001,0 -110.28089069999996,31.35045040000001,0 -110.28095339999996,31.351172200000015,0 -110.28098889999995,31.351279300000016,0 -110.28113999999995,31.351525800000015,0 -110.28168769999995,31.35206470000002,0 -110.28174479999994,31.352153900000015,0 -110.28175329999993,31.35219560000002,0 -110.28172339999993,31.35226300000002,0 -110.28133309999994,31.35248350000002,0 -110.28065989999993,31.35278690000002,0 -110.28057059999993,31.352876200000022,0 -110.28054059999994,31.35294230000002,0 -110.28053179999993,31.353020600000022,0 -110.28066179999993,31.35348600000002,0 -110.28086229999994,31.353664500000022,0 -110.28108929999993,31.353934600000024,0 -110.28133149999994,31.354124200000026,0 -110.28156319999992,31.354223400000027,0 -110.28236669999993,31.35443850000003,0 -110.28294729999993,31.354646000000027,0 -110.28300939999993,31.354696100000027,0 -110.28301899999992,31.35476560000003,0 -110.28300089999992,31.354853400000028,0 -110.28283899999992,31.355131500000034,0 -110.28282779999992,31.355294500000035,0 -110.28296769999992,31.355598800000035,0 -110.28310979999992,31.355800500000033,0 -110.28316789999992,31.35582490000003,0 -110.28355579999992,31.35619870000003,0 -110.28367139999992,31.35627920000003,0 -110.28447449999992,31.35656540000003,0 -110.28478959999991,31.356910100000032,0 -110.28513499999991,31.357367300000035,0 -110.2851846999999,31.35737310000004,0 -110.28522829999991,31.35733870000004,0 -110.28522919999992,31.35727800000004,0 -110.28504069999993,31.356913200000044,0 -110.28482849999993,31.356341800000045,0 -110.28479499999993,31.356299100000047,0 -110.28440249999993,31.356093500000046,0 -110.28427059999993,31.355960800000048,0 -110.28401669999992,31.355527200000047,0 -110.28398549999991,31.355421000000046,0 -110.28398469999992,31.355289000000045,0 -110.28401949999993,31.355195100000046,0 -110.28413829999992,31.355071500000044,0 -110.28434649999993,31.354951500000045,0 -110.28438829999993,31.35489990000005,0 -110.28442699999994,31.35473850000005,0 -110.28426639999994,31.354122500000052,0 -110.28409779999993,31.35379970000005,0 -110.28410589999994,31.353685200000047,0 -110.28434609999994,31.353429600000045,0 -110.28443289999994,31.353295500000044,0 -110.28453969999994,31.353021100000046,0 -110.28453479999995,31.352904400000046,0 -110.28438469999993,31.352496600000045,0 -110.28438009999994,31.35242510000004,0 -110.28440289999995,31.352380200000038,0 -110.28453769999994,31.352250000000037,0 -110.28479079999995,31.352071100000042,0 -110.28483759999995,31.35202060000004,0 -110.28523919999995,31.35124480000004,0 -110.28530979999994,31.35118120000004,0 -110.28541929999994,31.351153200000034,0 -110.28564119999994,31.349819100000037,0 </coordinates></LineString><TimeSpan><begin>2022-07-03T13:12:20.000Z</begin><end>2022-07-03T14:54:45.000Z</end></TimeSpan></Placemark><Placemark><name>Walking</name><address></address><ExtendedData><Data name="Email"><value>syugen.zhou@gmail.com</value></Data><Data name="Category"><value>Walking</value></Data><Data name="Distance"><value>611</value></Data></ExtendedData><description> Walking from 2022-07-03T14:54:45.000Z to 2022-07-03T15:12:08.000Z. Distance 611m </description><LineString><altitudeMode>clampToGround</altitudeMode><extrude>1</extrude><tesselate>1</tesselate><coordinates>-110.2853898,31.3511427,0 -110.2850945,31.3479021,0 -110.2845722,31.3456958,0 -110.2845722,31.3456958,0 </coordinates></LineString><TimeSpan><begin>2022-07-03T14:54:45.000Z</begin><end>2022-07-03T15:12:08.000Z</end></TimeSpan></Placemark><Placemark><name>Driving</name><address></address><ExtendedData><Data name="Email"><value>syugen.zhou@gmail.com</value></Data><Data name="Category"><value>Driving</value></Data><Data name="Distance"><value>3176</value></Data></ExtendedData><description> Driving from 2022-07-03T15:12:08.000Z to 2022-07-03T15:17:38.000Z. Distance 3176m </description><LineString><altitudeMode>clampToGround</altitudeMode><extrude>1</extrude><tesselate>1</tesselate><coordinates>-110.28564120000001,31.349819099999998,0 -110.2854193,31.351153199999995,0 -110.28530980000001,31.3511812,0 -110.2852392,31.3512448,0 -110.28483760000002,31.3520206,0 -110.2843801,31.3524251,0 -110.28453970000001,31.353021100000007,0 -110.28443290000003,31.353295500000005,0 -110.28410590000003,31.353685200000008,0 -110.28409780000003,31.35379970000001,0 -110.28426640000002,31.354122500000013,0 -110.28442700000002,31.35473850000001,0 -110.28438830000003,31.35489990000001,0 -110.28401950000003,31.355195100000007,0 -110.28398470000002,31.355289000000006,0 -110.28401670000002,31.355527200000008,0 -110.28440250000003,31.356093500000007,0 -110.28479500000003,31.356299100000008,0 -110.28522830000003,31.357338700000007,0 -110.28518470000002,31.357373100000007,0 -110.28513500000003,31.357367300000003,0 -110.28447450000002,31.356565400000004,0 -110.28367140000002,31.356279200000003,0 -110.2831098,31.355800500000008,0 -110.2828278,31.35529450000001,0 -110.28283900000001,31.355131500000006,0 -110.2830009,31.354853400000003,0 -110.2830094,31.354696100000005,0 -110.2829473,31.35464600000001,0 -110.28133150000001,31.354124200000008,0 -110.28066180000002,31.353486000000007,0 -110.2805318,31.35302060000001,0 -110.28057060000002,31.352876200000008,0 -110.28065990000002,31.35278690000001,0 -110.2817234,31.352263000000008,0 -110.28175330000002,31.352195600000005,0 -110.2816877,31.352064700000007,0 -110.28114000000001,31.351525800000005,0 -110.28095340000002,31.3511722,0 -110.28089070000001,31.3504504,0 -110.28094810000002,31.350233199999998,0 -110.28093250000002,31.350161999999994,0 -110.28086680000003,31.350113099999994,0 -110.27985260000003,31.350048499999996,0 -110.27970880000002,31.3499679,0 -110.27965210000002,31.349964099999998,0 -110.27961210000001,31.3499952,0 -110.27961580000002,31.350051799999996,0 -110.27966420000001,31.350099399999998,0 -110.28044240000001,31.3503251,0 -110.28048680000002,31.350398700000003,0 -110.28021890000001,31.350753900000004,0 -110.27988720000002,31.351028900000003,0 -110.27981370000002,31.351169400000003,0 -110.27981640000003,31.351335100000007,0 -110.27978360000003,31.351389500000007,0 -110.27970570000002,31.351412600000007,0 -110.27926560000003,31.351241300000005,0 -110.27838580000004,31.351077600000007,0 -110.27705030000003,31.351394300000006,0 -110.27697490000004,31.35150340000001,0 -110.27710540000002,31.35188810000001,0 -110.27706310000003,31.35196590000001,0 -110.27699210000003,31.35196890000001,0 -110.27625450000004,31.35157850000001,0 -110.27591240000004,31.35118310000001,0 -110.27556960000004,31.350972100000007,0 -110.27518670000003,31.35092460000001,0 -110.27508290000003,31.35082700000001,0 -110.27486880000004,31.35023730000001,0 -110.27405580000004,31.34960140000001,0 -110.27377670000004,31.349526100000016,0 -110.27375160000004,31.349487600000018,0 -110.27377550000004,31.349443500000017,0 -110.27450110000005,31.349045900000018,0 -110.27458830000005,31.348917200000017,0 -110.27457690000004,31.34885200000002,0 -110.27448090000004,31.34876070000002,0 -110.27233260000004,31.348330300000022,0 -110.27050780000005,31.348433200000024,0 -110.27029450000006,31.348343400000026,0 -110.26988600000006,31.347952400000025,0 -110.26959860000007,31.347799700000024,0 -110.26859150000007,31.347664400000024,0 -110.26840970000006,31.347686100000026,0 -110.26780920000007,31.347915100000026,0 -110.26763380000007,31.34793780000003,0 -110.26590930000008,31.34772710000003,0 -110.26485910000008,31.34742270000003,0 -110.26394660000008,31.34749310000003,0 -110.26319320000007,31.347160000000034,0 -110.26197600000008,31.346871300000036,0 -110.26102450000008,31.34629780000003,0 -110.26036280000008,31.34609250000003,0 -110.25984670000007,31.345780600000026,0 -110.25718270000007,31.34533680000003,0 -110.25659580000008,31.34511840000003,0 -110.25519480000007,31.34521100000003,0 -110.25477440000007,31.345319200000034,0 -110.25376610000008,31.345851600000035,0 </coordinates></LineString><TimeSpan><begin>2022-07-03T15:12:08.000Z</begin><end>2022-07-03T15:17:38.000Z</end></TimeSpan></Placemark><Placemark><name>Coronado National Memorial</name><address>Hereford, AZ 85615</address><ExtendedData><Data name="Email"><value>syugen.zhou@gmail.com</value></Data><Data name="Category"><value>Memorial park</value></Data><Data name="Distance"><value>0</value></Data></ExtendedData><description> Memorial park from 2022-07-03T15:17:38.000Z to 2022-07-03T15:39:38.000Z. Distance 0m </description><Point><coordinates>-110.25377549999999,31.3458652,0</coordinates></Point><TimeSpan><begin>2022-07-03T15:17:38.000Z</begin><end>2022-07-03T15:39:38.000Z</end></TimeSpan></Placemark><Placemark><name>Driving</name><address></address><ExtendedData><Data name="Email"><value>syugen.zhou@gmail.com</value></Data><Data name="Category"><value>Driving</value></Data><Data name="Distance"><value>144317</value></Data></ExtendedData><description> Driving from 2022-07-03T15:39:38.000Z to 2022-07-03T17:27:21.999Z. Distance 144317m </description><LineString><altitudeMode>clampToGround</altitudeMode><extrude>1</extrude><tesselate>1</tesselate><coordinates>-110.28564120000001,31.349819099999998,0 -110.2854193,31.351153199999995,0 -110.28530980000001,31.3511812,0 -110.2852392,31.3512448,0 -110.28483760000002,31.3520206,0 -110.2843801,31.3524251,0 -110.28453970000001,31.353021100000007,0 -110.28443290000003,31.353295500000005,0 -110.28410590000003,31.353685200000008,0 -110.28409780000003,31.35379970000001,0 -110.28426640000002,31.354122500000013,0 -110.28442700000002,31.35473850000001,0 -110.28438830000003,31.35489990000001,0 -110.28401950000003,31.355195100000007,0 -110.28398470000002,31.355289000000006,0 -110.28401670000002,31.355527200000008,0 -110.28440250000003,31.356093500000007,0 -110.28479500000003,31.356299100000008,0 -110.28522830000003,31.357338700000007,0 -110.28518470000002,31.357373100000007,0 -110.28513500000003,31.357367300000003,0 -110.28447450000002,31.356565400000004,0 -110.28367140000002,31.356279200000003,0 -110.2831098,31.355800500000008,0 -110.2828278,31.35529450000001,0 -110.28283900000001,31.355131500000006,0 -110.2830009,31.354853400000003,0 -110.2830094,31.354696100000005,0 -110.2829473,31.35464600000001,0 -110.28133150000001,31.354124200000008,0 -110.28066180000002,31.353486000000007,0 -110.2805318,31.35302060000001,0 -110.28057060000002,31.352876200000008,0 -110.28065990000002,31.35278690000001,0 -110.2817234,31.352263000000008,0 -110.28175330000002,31.352195600000005,0 -110.2816877,31.352064700000007,0 -110.28114000000001,31.351525800000005,0 -110.28095340000002,31.3511722,0 -110.28089070000001,31.3504504,0 -110.28094810000002,31.350233199999998,0 -110.28093250000002,31.350161999999994,0 -110.28086680000003,31.350113099999994,0 -110.27985260000003,31.350048499999996,0 -110.27970880000002,31.3499679,0 -110.27965210000002,31.349964099999998,0 -110.27961210000001,31.3499952,0 -110.27961580000002,31.350051799999996,0 -110.27966420000001,31.350099399999998,0 -110.28044240000001,31.3503251,0 -110.28048680000002,31.350398700000003,0 -110.28021890000001,31.350753900000004,0 -110.27988720000002,31.351028900000003,0 -110.27981370000002,31.351169400000003,0 -110.27981640000003,31.351335100000007,0 -110.27978360000003,31.351389500000007,0 -110.27970570000002,31.351412600000007,0 -110.27926560000003,31.351241300000005,0 -110.27838580000004,31.351077600000007,0 -110.27705030000003,31.351394300000006,0 -110.27697490000004,31.35150340000001,0 -110.27710540000002,31.35188810000001,0 -110.27706310000003,31.35196590000001,0 -110.27699210000003,31.35196890000001,0 -110.27625450000004,31.35157850000001,0 -110.27591240000004,31.35118310000001,0 -110.27556960000004,31.350972100000007,0 -110.27518670000003,31.35092460000001,0 -110.27508290000003,31.35082700000001,0 -110.27486880000004,31.35023730000001,0 -110.27405580000004,31.34960140000001,0 -110.27377670000004,31.349526100000016,0 -110.27375160000004,31.349487600000018,0 -110.27377550000004,31.349443500000017,0 -110.27450110000005,31.349045900000018,0 -110.27458830000005,31.348917200000017,0 -110.27457690000004,31.34885200000002,0 -110.27448090000004,31.34876070000002,0 -110.27233260000004,31.348330300000022,0 -110.27050780000005,31.348433200000024,0 -110.27029450000006,31.348343400000026,0 -110.26988600000006,31.347952400000025,0 -110.26959860000007,31.347799700000024,0 -110.26859150000007,31.347664400000024,0 -110.26840970000006,31.347686100000026,0 -110.26780920000007,31.347915100000026,0 -110.26763380000007,31.34793780000003,0 -110.26590930000008,31.34772710000003,0 -110.26485910000008,31.34742270000003,0 -110.26394660000008,31.34749310000003,0 -110.26319320000007,31.347160000000034,0 -110.26197600000008,31.346871300000036,0 -110.26102450000008,31.34629780000003,0 -110.26036280000008,31.34609250000003,0 -110.25984670000007,31.345780600000026,0 -110.25718270000007,31.34533680000003,0 -110.25659580000008,31.34511840000003,0 -110.25519480000007,31.34521100000003,0 -110.25477440000007,31.345319200000034,0 -110.25319940000009,31.346137000000034,0 -110.25158980000008,31.346354900000033,0 -110.25137650000009,31.346439500000034,0 -110.25057350000009,31.347025500000036,0 -110.2489129000001,31.347517500000034,0 -110.24572530000009,31.347989000000034,0 -110.24493010000009,31.347998500000035,0 -110.24400000000009,31.347825500000038,0 -110.24062080000009,31.347680000000032,0 -110.23871420000009,31.347835600000035,0 -110.2378573000001,31.348172000000034,0 -110.2374256000001,31.348520000000036,0 -110.2368839000001,31.349264200000032,0 -110.2364955000001,31.34962070000003,0 -110.2359011000001,31.34989950000003,0 -110.2354968000001,31.349970800000033,0 -110.2303081000001,31.35000310000003,0 -110.2241714000001,31.348445400000028,0 -110.2205553000001,31.348510600000026,0 -110.21962380000011,31.348680900000026,0 -110.21866320000011,31.349073100000023,0 -110.21604570000011,31.35069060000003,0 -110.21533270000012,31.350912300000026,0 -110.20770830000012,31.350954600000026,0 -110.20749680000011,31.351009500000025,0 -110.20724620000013,31.351189900000023,0 -110.20714100000012,31.351364700000026,0 -110.20710810000011,31.380008800000027,0 -110.21351320000012,31.38001580000003,0 -110.21586050000012,31.38026320000003,0 -110.21949430000012,31.38107190000003,0 -110.22085290000012,31.38162520000003,0 -110.22357860000011,31.383043700000027,0 -110.22581530000011,31.384884800000027,0 -110.23287440000011,31.392568600000025,0 -110.23641140000011,31.395571200000028,0 -110.23647000000011,31.39558950000003,0 -110.2386251000001,31.39740450000003,0 -110.23938760000011,31.398302700000027,0 -110.2398892000001,31.399093500000028,0 -110.2403941000001,31.40022590000003,0 -110.2407264000001,31.40159740000003,0 -110.2407354000001,31.405957500000024,0 -110.2407921000001,31.406042200000027,0 -110.2408254000001,31.429066600000027,0 -110.2410268000001,31.430131300000024,0 -110.24177770000009,31.431902200000028,0 -110.2426261000001,31.433072700000025,0 -110.24688530000009,31.436881300000024,0 -110.2469457000001,31.437011200000025,0 -110.2493720000001,31.439158700000025,0 -110.24955700000011,31.439228400000022,0 -110.2551534000001,31.444081800000024,0 -110.25582800000011,31.444822600000023,0 -110.2566547000001,31.446077300000024,0 -110.2570702000001,31.447030700000024,0 -110.2574261000001,31.448735600000028,0 -110.2573970000001,31.49510580000003,0 -110.2573406000001,31.49520930000003,0 -110.25730180000009,31.510895600000033,0 -110.2583886000001,31.510916200000036,0 -110.2594021000001,31.511087900000035,0 -110.26902600000011,31.511082600000034,0 -110.27080310000011,31.511225500000037,0 -110.27176910000011,31.51148380000004,0 -110.27281920000011,31.51214530000004,0 -110.2967744000001,31.533399000000042,0 -110.2973025000001,31.53401760000004,0 -110.30676190000011,31.554523000000046,0 -110.3081928000001,31.556987900000042,0 -110.30844710000011,31.55766200000004,0 -110.3085865000001,31.56045020000004,0 -110.30895070000011,31.561481900000043,0 -110.3109771000001,31.564682000000044,0 -110.3166303000001,31.577050900000042,0 -110.3167323000001,31.577147600000043,0 -110.33542040000009,31.61820370000004,0 -110.33568590000009,31.61960760000004,0 -110.33548460000009,31.629597200000042,0 -110.3356987000001,31.63175150000004,0 -110.33616540000008,31.63359940000004,0 -110.34053470000009,31.645634000000044,0 -110.3405136000001,31.64576930000004,0 -110.34129210000009,31.64779080000004,0 -110.34300670000009,31.650918100000037,0 -110.34756930000009,31.657058500000037,0 -110.34860370000008,31.658756700000037,0 -110.34967230000008,31.66144780000004,0 -110.35015280000007,31.66428710000004,0 -110.35015040000008,31.692766800000037,0 -110.40006450000008,31.691708900000037,0 -110.40148790000008,31.691804300000033,0 -110.41880310000008,31.69545140000003,0 -110.42172790000008,31.69659690000003,0 -110.44576600000008,31.708830100000036,0 -110.46898600000007,31.71658800000003,0 -110.48521000000008,31.723442000000034,0 -110.48638810000007,31.723752000000033,0 -110.48805220000007,31.72395770000003,0 -110.52459730000008,31.724008000000033,0 -110.53004620000007,31.72333680000003,0 -110.53426310000008,31.722156400000028,0 -110.54917600000007,31.71651980000003,0 -110.55125910000007,31.71604410000003,0 -110.55473890000007,31.71574470000003,0 -110.55659980000006,31.715251200000033,0 -110.55773070000006,31.714747600000035,0 -110.56106660000006,31.712540300000036,0 -110.56286860000006,31.71166110000004,0 -110.56393500000006,31.711291200000037,0 -110.56613640000006,31.710811500000034,0 -110.57260350000006,31.710191900000037,0 -110.57484390000005,31.709660800000037,0 -110.57672380000005,31.708882400000036,0 -110.61982630000006,31.685744500000038,0 -110.62214700000006,31.68467170000004,0 -110.62541360000006,31.68354410000004,0 -110.62891580000006,31.682768300000042,0 -110.65936930000005,31.678853000000046,0 -110.66237570000006,31.67810170000005,0 -110.66467210000005,31.67717840000005,0 -110.66620200000004,31.676368500000052,0 -110.66826270000004,31.67495280000005,0 -110.67905480000005,31.665731800000053,0 -110.68074850000005,31.66453400000005,0 -110.68327270000005,31.663082300000053,0 -110.68520120000005,31.662175600000054,0 -110.68814690000005,31.661099900000053,0 -110.71046090000006,31.65514810000005,0 -110.71121180000004,31.654859900000048,0 -110.71250180000004,31.654162700000054,0 -110.71357830000004,31.65331360000005,0 -110.71420700000004,31.65262590000005,0 -110.71507720000004,31.65125110000005,0 -110.71560240000004,31.649590800000052,0 -110.71562990000004,31.647887500000053,0 -110.71340640000004,31.63711560000005,0 -110.71329170000003,31.63575230000005,0 -110.71341540000003,31.63386330000005,0 -110.71543470000003,31.627149700000054,0 -110.71832840000003,31.621644500000052,0 -110.71920840000004,31.619522500000052,0 -110.71975150000003,31.61732890000005,0 -110.72034230000003,31.612723100000053,0 -110.72202320000002,31.605092300000052,0 -110.72251590000002,31.60130730000005,0 -110.72328920000002,31.59847650000005,0 -110.72619880000002,31.590582800000053,0 -110.73090910000002,31.568416700000054,0 -110.73514230000004,31.557346100000053,0 -110.73809640000003,31.551785300000052,0 -110.73940990000003,31.549970400000053,0 -110.74151660000004,31.547891500000055,0 -110.74381480000004,31.546261000000058,0 -110.75820870000003,31.53814560000006,0 -110.76392290000003,31.533618500000063,0 -110.76443410000003,31.53304520000006,0 -110.76490110000003,31.532195100000063,0 -110.76625300000003,31.52857370000006,0 -110.76679390000004,31.527753700000062,0 -110.76764010000004,31.52700180000006,0 -110.76843420000003,31.526563900000067,0 -110.77098770000002,31.525553900000066,0 -110.77179690000003,31.525118100000068,0 -110.78427550000002,31.516189300000068,0 -110.78544590000003,31.515723900000072,0 -110.78645210000003,31.515516900000073,0 -110.79370460000003,31.515204900000075,0 -110.79469980000003,31.51493120000007,0 -110.79554490000004,31.51450890000007,0 -110.79610210000003,31.51409300000007,0 -110.79880500000003,31.51129550000007,0 -110.80092970000004,31.50989140000007,0 -110.80289480000003,31.50766010000007,0 -110.80345160000003,31.507208000000073,0 -110.80406770000003,31.506859300000073,0 -110.80679030000005,31.505779100000076,0 -110.80778310000004,31.505079200000072,0 -110.80847460000004,31.504306000000074,0 -110.80879480000004,31.503673800000072,0 -110.80936250000003,31.50117140000007,0 -110.81104610000004,31.497448000000073,0 -110.81138660000003,31.49471600000007,0 -110.81169400000003,31.493995600000073,0 -110.81201280000005,31.493516600000074,0 -110.81291610000004,31.492628700000072,0 -110.81526980000004,31.491063700000073,0 -110.81626130000005,31.49015450000007,0 -110.81692490000005,31.489175200000073,0 -110.81739730000005,31.48767020000007,0 -110.81737350000004,31.486190100000073,0 -110.81686420000005,31.484227200000078,0 -110.81681880000005,31.483068700000075,0 -110.81730560000004,31.479947000000077,0 -110.81787330000004,31.478801000000075,0 -110.81964900000006,31.476515300000077,0 -110.82004740000005,31.475572300000074,0 -110.82065680000005,31.470711200000075,0 -110.82109410000005,31.46872280000007,0 -110.82214970000005,31.46648430000007,0 -110.82535480000004,31.462468200000067,0 -110.82543590000004,31.46229380000007,0 -110.82746110000005,31.45981430000007,0 -110.82982050000005,31.45734660000007,0 -110.83269960000005,31.453459400000064,0 -110.83395710000005,31.45244040000006,0 -110.83611510000004,31.451345500000063,0 -110.83715190000004,31.450519000000064,0 -110.83913330000004,31.447992200000062,0 -110.84108160000004,31.446038300000062,0 -110.84165880000003,31.445054900000063,0 -110.84274350000004,31.440320500000063,0 -110.84428260000004,31.436780000000063,0 -110.84449090000004,31.435897600000065,0 -110.84446610000003,31.434924100000064,0 -110.84432760000004,31.434409300000066,0 -110.84270080000003,31.431185300000067,0 -110.84252000000004,31.430587600000067,0 -110.84245750000004,31.429735100000066,0 -110.84273300000004,31.42853950000007,0 -110.84332780000004,31.42758660000007,0 -110.84374340000004,31.42715920000007,0 -110.84661440000004,31.424902900000067,0 -110.84802640000004,31.42347090000007,0 -110.85522160000004,31.414367900000066,0 -110.85628260000003,31.413339700000062,0 -110.86384750000003,31.408038100000063,0 -110.86474690000003,31.407215200000064,0 -110.86649970000003,31.40520520000006,0 -110.86980510000002,31.399515100000066,0 -110.87008330000003,31.398756100000067,0 -110.87068590000003,31.395776700000063,0 -110.87077090000004,31.393769500000065,0 -110.87043610000003,31.391447500000062,0 -110.87048490000002,31.390748500000058,0 -110.87091270000003,31.389721000000062,0 -110.87163170000004,31.38894780000006,0 -110.87234350000003,31.388493400000062,0 -110.87489930000002,31.388955200000062,0 -110.87506200000003,31.389032400000065,0 -110.87607590000003,31.389961000000064,0 -110.87924840000004,31.391391000000063,0 -110.88335990000003,31.392629200000062,0 -110.88387210000003,31.392894800000057,0 -110.88509730000003,31.393869800000058,0 -110.88695510000002,31.395828000000062,0 -110.88794610000004,31.39655090000006,0 -110.88933770000003,31.397293300000058,0 -110.89208170000003,31.399683300000056,0 -110.89383260000004,31.400321600000055,0 -110.89413110000004,31.400604500000057,0 -110.89448070000005,31.401192900000055,0 -110.90064300000003,31.406825200000053,0 -110.90341940000003,31.408528700000055,0 -110.90692560000004,31.41213760000005,0 -110.90780780000003,31.413403600000052,0 -110.90850240000003,31.414120500000053,0 -110.90913130000003,31.41525100000005,0 -110.91106890000003,31.417812600000047,0 -110.91150790000003,31.41822200000005,0 -110.91343000000003,31.419495800000046,0 -110.91490050000003,31.420148200000046,0 -110.91958870000003,31.423883100000044,0 -110.92179800000004,31.425003800000045,0 -110.92315750000003,31.426238100000045,0 -110.92461470000003,31.428508800000042,0 -110.92555060000004,31.42926240000004,0 -110.92880950000003,31.430579200000043,0 -110.92915780000003,31.43062610000004,0 -110.92998980000003,31.43055680000004,0 -110.93063110000001,31.430317800000044,0 -110.93270440000002,31.429912000000044,0 -110.93372910000002,31.430191400000044,0 -110.93504260000002,31.43078680000005,0 -110.93568230000002,31.43089430000005,0 -110.93611350000002,31.430866200000047,0 -110.93685710000003,31.432126100000044,0 -110.93734430000002,31.431965100000042,0 -110.93822390000003,31.431884300000043,0 -110.93972960000002,31.432010300000044,0 -110.94261960000001,31.432804800000042,0 -110.94354090000002,31.432863200000043,0 -110.94612860000001,31.432537300000043,0 -110.95123950000001,31.432333000000042,0 -110.9541185,31.432625300000048,0 -110.9556038,31.432410100000048,0 -110.95622770000001,31.43217240000005,0 -110.95970360000001,31.430287300000046,0 -110.96022570000001,31.430159200000045,0 -110.96420590000001,31.430247000000044,0 -110.96503360000001,31.433030400000042,0 -110.96550580000002,31.435661400000047,0 -110.96559620000002,31.435758400000047,0 -110.96690370000002,31.444147600000047,0 -110.96741890000001,31.445495800000046,0 -110.96828130000002,31.44694740000005,0 -110.96979280000002,31.44865460000005,0 -110.97069900000002,31.44940590000005,0 -110.97244100000003,31.450503600000044,0 -110.97976130000002,31.453238700000043,0 -110.98252220000002,31.454575500000043,0 -110.98599480000003,31.45665470000004,0 -110.98876790000003,31.458755800000038,0 -110.99161710000003,31.461430800000034,0 -110.99359180000003,31.46370300000003,0 -110.99565850000002,31.46665650000003,0 -110.99712880000003,31.469348000000032,0 -111.00988610000003,31.501435900000033,0 -111.01204450000003,31.507789400000032,0 -111.01501070000003,31.515147900000034,0 -111.01651690000004,31.518154900000035,0 -111.01863700000003,31.52153030000003,0 -111.02035690000002,31.52379300000003,0 -111.02424550000003,31.527916300000026,0 -111.02690270000004,31.53019270000003,0 -111.03396450000004,31.53544050000003,0 -111.04080080000004,31.54175490000003,0 -111.04466940000005,31.54474270000003,0 -111.04676240000005,31.546859600000033,0 -111.04789170000005,31.54842810000003,0 -111.04871650000005,31.549918300000034,0 -111.04968220000005,31.552594600000038,0 -111.04965630000005,31.552720800000035,0 -111.05012890000005,31.556846400000037,0 -111.04858240000004,31.557150700000037,0 -111.04898630000004,31.559180500000032,0 -111.05140770000004,31.567069100000033,0 -111.05128710000004,31.56755160000003,0 -111.05133460000003,31.56783140000003,0 </coordinates></LineString><TimeSpan><begin>2022-07-03T15:39:38.000Z</begin><end>2022-07-03T17:27:21.999Z</end></TimeSpan></Placemark><Placemark><name>Tumacacori National Historical Park</name><address>1891 I-19 Frontage Rd, Tumacacori, AZ 85640</address><ExtendedData><Data name="Email"><value>syugen.zhou@gmail.com</value></Data><Data name="Category"><value>National park</value></Data><Data name="Distance"><value>0</value></Data></ExtendedData><description> National park from 2022-07-03T17:27:21.999Z to 2022-07-03T18:05:43.000Z. Distance 0m </description><Point><coordinates>-111.04791709999999,31.572811899999998,0</coordinates></Point><TimeSpan><begin>2022-07-03T17:27:21.999Z</begin><end>2022-07-03T18:05:43.000Z</end></TimeSpan></Placemark><Placemark><name>Driving</name><address></address><ExtendedData><Data name="Email"><value>syugen.zhou@gmail.com</value></Data><Data name="Category"><value>Driving</value></Data><Data name="Distance"><value>93828</value></Data></ExtendedData><description> Driving from 2022-07-03T18:05:43.000Z to 2022-07-03T19:13:43.999Z. Distance 93828m </description><LineString><altitudeMode>clampToGround</altitudeMode><extrude>1</extrude><tesselate>1</tesselate><coordinates>-111.0513666,31.568020100000002,0 -111.0515132,31.5688413,0 -111.0517196,31.5688295,0 -111.0526387,31.5779124,0 -111.05289690000001,31.589239,0 -111.0528195,31.590386399999996,0 -111.0523371,31.592640799999995,0 -111.0510454,31.596096199999998,0 -111.0505944,31.597844499999994,0 -111.0504619,31.598706699999994,0 -111.0503904,31.599999299999997,0 -111.05055259999999,31.602577499999995,0 -111.0505415,31.602939699999997,0 -111.05040969999999,31.603636599999994,0 -111.05019439999998,31.604139299999993,0 -111.04974899999999,31.60496289999999,0 -111.04943089999999,31.60574429999999,0 -111.0493142,31.606273399999992,0 -111.0493051,31.606973599999996,0 -111.0495907,31.6069282,0 -111.0496751,31.6068929,0 -111.0498371,31.606859900000003,0 -111.0508053,31.606793300000003,0 -111.05108729999999,31.607929300000002,0 -111.051752,31.609907600000007,0 -111.05204269999999,31.611441500000005,0 -111.0520621,31.611469900000007,0 -111.0521541,31.611531300000003,0 -111.058956,31.650454800000006,0 -111.06279169999999,31.66944120000001,0 -111.06372859999999,31.675726500000007,0 -111.06394519999999,31.677747800000006,0 -111.0652928,31.700367900000007,0 -111.06532349999999,31.70266410000001,0 -111.06523069999999,31.704836100000012,0 -111.06499819999999,31.70717390000001,0 -111.06434959999999,31.71085850000001,0 -111.06369699999999,31.71340550000001,0 -111.06249049999998,31.71695070000001,0 -111.06115469999999,31.72000720000001,0 -111.0552369,31.73173910000001,0 -111.0543419,31.733296800000012,0 -111.0491751,31.740719700000014,0 -111.04766649999999,31.743049000000013,0 -111.0459399,31.74605050000001,0 -111.03094119999999,31.774816800000007,0 -111.02995419999999,31.776528000000006,0 -111.02995309999999,31.77652760000001,0 -111.0283096,31.77916520000001,0 -111.02344959999999,31.786165300000008,0 -111.02260009999999,31.787603300000008,0 -111.0146923,31.802587400000004,0 -111.01181179999999,31.806907000000002,0 -111.01072299999998,31.808818600000002,0 -111.00283769999999,31.8251891,0 -111.00188979999999,31.8275172,0 -110.99835919999998,31.838611299999997,0 -110.99769799999999,31.840350799999996,0 -110.99490109999998,31.846461399999995,0 -110.99421829999999,31.848384199999995,0 -110.99381199999999,31.849773799999998,0 -110.99338779999998,31.8516631,0 -110.98553549999998,31.8991983,0 -110.98539229999999,31.9007324,0 -110.98533609999998,31.902901599999996,0 -110.98701229999998,31.952506699999994,0 -110.98744989999997,31.957275099999997,0 -110.99142369999998,31.986581599999994,0 -110.99177369999998,31.99025139999999,0 -110.99196679999997,31.994508399999994,0 -110.99320379999997,32.1006923,0 -110.99290659999998,32.104589399999995,0 -110.99249809999998,32.107318299999996,0 -110.99178489999998,32.11057139999999,0 -110.99121369999997,32.112607499999996,0 -110.98761649999999,32.12306729999999,0 -110.98705339999998,32.12504459999999,0 -110.98660979999998,32.12719369999999,0 -110.98634969999999,32.129842499999995,0 -110.9864661,32.151309399999995,0 -110.9863649,32.15327399999999,0 -110.9855637,32.161578999999996,0 -110.9854554,32.163780599999996,0 -110.98542959999999,32.172925299999996,0 -110.98536829999999,32.1730614,0 -110.98532299999998,32.1741304,0 -110.98502219999999,32.1770386,0 -110.9851025,32.1773142,0 -110.98518549999999,32.177452,0 -110.98547289999998,32.17773100000001,0 -110.98547609999997,32.17788110000001,0 -110.98987359999997,32.1778254,0 -110.99324559999997,32.1779202,0 -110.99480529999998,32.177904000000005,0 -110.99500279999998,32.1778701,0 -111.00149809999998,32.1778646,0 -111.00150729999999,32.1778772,0 -111.00157069999999,32.1779084,0 -111.00529399999998,32.1779551,0 -111.00562149999998,32.17789689999999,0 -111.01151399999999,32.1779092,0 -111.01163909999998,32.1779572,0 -111.01403169999999,32.1778578,0 -111.01543309999998,32.1776856,0 -111.01655879999998,32.17748759999999,0 -111.01916279999999,32.176884099999995,0 -111.02057669999999,32.1766544,0 -111.02269779999999,32.176476699999995,0 -111.02416749999999,32.1764824,0 -111.0444936,32.177806999999994,0 -111.04570739999998,32.177816099999994,0 -111.04702769999999,32.177749399999996,0 -111.04896609999999,32.177500599999995,0 -111.05044739999998,32.17719279999999,0 -111.06800289999998,32.17235869999999,0 -111.06826869999998,32.17242219999999,0 -111.06908949999998,32.17219169999999,0 -111.06934039999997,32.172090999999995,0 -111.07127829999999,32.171580799999994,0 -111.07131839999998,32.17158609999999,0 -111.07143029999999,32.171650799999995,0 -111.07155379999999,32.172169,0 -111.0717722,32.172742299999996,0 -111.07207139999998,32.173094899999995,0 -111.0725088,32.1733974,0 -111.0736204,32.174049,0 -111.07381269999999,32.1740998,0 -111.0798987,32.1778749,0 -111.0799172,32.1779225,0 -111.0799682,32.1779703,0 -111.08183489999999,32.1791845,0 -111.08547929999999,32.1813423,0 -111.08556479999999,32.181365099999994,0 -111.10860409999998,32.1953257,0 -111.10940039999998,32.195621499999994,0 -111.11073829999998,32.1962358,0 -111.11090639999998,32.1963473,0 -111.11323509999998,32.198352299999996,0 -111.11354609999998,32.198508999999994,0 -111.11427269999997,32.198733399999995,0 -111.11485039999998,32.1991169,0 -111.11512939999997,32.1992346,0 -111.11561349999998,32.1993014,0 -111.11590399999999,32.199404,0 -111.11641249999998,32.199645700000005,0 -111.11693969999999,32.200000900000006,0 -111.11707479999998,32.200068400000006,0 -111.11777449999998,32.2002467,0 -111.11857509999999,32.20053790000001,0 -111.11952619999998,32.20072520000001,0 -111.12155699999998,32.20148940000001,0 -111.12184259999998,32.20163120000001,0 -111.12345059999997,32.202965000000006,0 -111.12372249999997,32.20331480000001,0 -111.12389259999996,32.20361040000001,0 -111.12413649999996,32.20420990000001,0 -111.12426169999996,32.20437440000001,0 -111.12502209999995,32.20493150000001,0 -111.12549269999995,32.2053999,0 -111.12559619999996,32.205538700000005,0 -111.12689809999995,32.20801680000001,0 -111.12755819999995,32.21016780000001,0 -111.12800419999995,32.21125460000001,0 -111.12831239999996,32.21165640000001,0 -111.12838449999995,32.2117932,0 -111.12907689999996,32.212509100000005,0 -111.12971719999997,32.21354170000001,0 -111.13125499999997,32.21519100000001,0 -111.13141279999998,32.215416800000014,0 -111.13188549999997,32.21665100000001,0 -111.13224339999998,32.21741040000002,0 -111.13230079999998,32.21770960000002,0 -111.13230209999998,32.21790520000002,0 -111.13206699999998,32.21973340000002,0 -111.13208449999998,32.220224000000016,0 -111.13214479999998,32.22044180000002,0 -111.13213529999999,32.22154440000001,0 -111.13219229999999,32.22176190000002,0 -111.13226809999998,32.22190860000002,0 -111.13273749999998,32.222511900000015,0 -111.13294929999998,32.222730700000014,0 -111.13338579999999,32.223071800000014,0 -111.13559479999998,32.224292100000014,0 -111.13580959999997,32.22443670000002,0 -111.13696659999997,32.22573750000002,0 -111.13718629999997,32.22593020000002,0 -111.13826269999997,32.226661200000024,0 -111.13857189999996,32.22676510000002,0 -111.14041519999996,32.227119100000024,0 -111.14115109999996,32.22733240000002,0 -111.14163629999997,32.22754880000002,0 -111.14267609999996,32.22814200000003,0 -111.14334029999996,32.22870950000002,0 -111.14669699999996,32.23320200000003,0 -111.14739599999997,32.23399640000003,0 -111.14769309999997,32.23420300000003,0 -111.14814029999997,32.23440530000003,0 -111.14973469999995,32.23490160000003,0 -111.15028079999995,32.23515880000003,0 -111.15450219999995,32.23757870000002,0 -111.15464949999996,32.237729900000026,0 -111.15490709999996,32.238083700000026,0 -111.15520899999996,32.238349300000024,0 -111.15599729999997,32.23881370000002,0 -111.15829079999996,32.24055690000002,0 -111.15858119999996,32.24070910000002,0 -111.15880529999997,32.24077690000002,0 -111.15979029999997,32.240972100000015,0 -111.16024789999997,32.24114500000002,0 -111.16051249999997,32.24129270000002,0 -111.16135399999996,32.24202790000002,0 -111.16259869999998,32.24287140000002,0 -111.16276359999998,32.24303570000002,0 -111.16318829999997,32.243774600000016,0 -111.16333679999997,32.243953300000015,0 -111.16585509999997,32.24602890000002,0 -111.16612899999998,32.24619160000002,0 -111.16690739999999,32.24656370000002,0 -111.16720089999998,32.24674680000002,0 -111.16756309999998,32.24704620000002,0 -111.16803029999998,32.24735590000002,0 -111.16824809999999,32.24746120000002,0 -111.16852269999998,32.24755120000002,0 -111.16875769999999,32.247598300000014,0 -111.17246589999999,32.24778200000002,0 -111.17274409999999,32.24776150000002,0 -111.17844159999999,32.24627440000002,0 -111.18031179999998,32.246232900000024,0 -111.18061439999998,32.24624970000002,0 -111.18088289999999,32.246315600000024,0 -111.18240139999999,32.247133500000025,0 -111.18306059999999,32.24738980000002,0 -111.18395299999999,32.24798500000003,0 -111.18423489999998,32.24809200000002,0 -111.18444009999999,32.248126400000025,0 -111.1844251,32.24846640000003,0 -111.1844416,32.248527100000025,0 -111.1845082,32.248613500000026,0 -111.185114,32.24907340000003,0 -111.1859948,32.249877600000026,0 -111.1860386,32.24994940000003,0 -111.18607510000001,32.25008490000003,0 -111.1861237,32.25090340000003,0 -111.18620940000001,32.25113300000003,0 -111.18655050000001,32.251634300000035,0 -111.1866404,32.25171670000003,0 -111.18680410000002,32.25177430000004,0 -111.1869202,32.25178180000003,0 -111.1882968,32.25169830000003,0 -111.18908830000001,32.25176580000003,0 -111.1892448,32.25174640000003,0 -111.1898111,32.25151050000003,0 -111.19011710000001,32.25146290000003,0 -111.19051410000002,32.251470600000026,0 -111.19218230000001,32.25170080000003,0 -111.19250720000001,32.25169190000003,0 -111.19309310000001,32.25155450000003,0 -111.19322090000001,32.25154760000003,0 -111.19342740000002,32.251606900000034,0 -111.19534400000003,32.25277480000003,0 -111.19561300000002,32.25288960000003,0 -111.19618000000003,32.253017500000034,0 -111.19685650000002,32.253076600000036,0 -111.19711120000002,32.25312680000004,0 -111.19700600000002,32.253384900000036,0 -111.19699180000002,32.25351220000004,0 -111.19701060000003,32.253575200000036,0 -111.19700240000003,32.25364980000004,0 -111.19704080000002,32.253783100000035,0 -111.19708350000002,32.25386110000004,0 -111.19716660000002,32.25395800000004,0 -111.19736070000002,32.25409890000004,0 </coordinates></LineString><TimeSpan><begin>2022-07-03T18:05:43.000Z</begin><end>2022-07-03T19:13:43.999Z</end></TimeSpan></Placemark><Placemark><name>Red Hills Visitor Center</name><address>2700 N Kinney Rd, Tucson, AZ 85743</address><ExtendedData><Data name="Email"><value>syugen.zhou@gmail.com</value></Data><Data name="Category"><value>Visitor center</value></Data><Data name="Distance"><value>0</value></Data></ExtendedData><description> Visitor center from 2022-07-03T19:13:43.999Z to 2022-07-03T19:24:08.999Z. Distance 0m </description><Point><coordinates>-111.1973191,32.2544231,0</coordinates></Point><TimeSpan><begin>2022-07-03T19:13:43.999Z</begin><end>2022-07-03T19:24:08.999Z</end></TimeSpan></Placemark><Placemark><name>Driving</name><address></address><ExtendedData><Data name="Email"><value>syugen.zhou@gmail.com</value></Data><Data name="Category"><value>Driving</value></Data><Data name="Distance"><value>2769</value></Data></ExtendedData><description> Driving from 2022-07-03T19:24:08.999Z to 2022-07-03T19:27:32.999Z. Distance 2769m </description><LineString><altitudeMode>clampToGround</altitudeMode><extrude>1</extrude><tesselate>1</tesselate><coordinates>-111.1973191,32.2544231,0 -111.1973191,32.2544231,0 -111.1970999,32.2538064,0 -111.2134968,32.2652053,0 -111.208953,32.2701879,0 -111.20893129941894,32.2701788033801,0 -111.20893129941894,32.2701788033801,0 </coordinates></LineString><TimeSpan><begin>2022-07-03T19:24:08.999Z</begin><end>2022-07-03T19:27:32.999Z</end></TimeSpan></Placemark><Placemark><name>Saguaro National Park</name><address>Arizona</address><ExtendedData><Data name="Email"><value>syugen.zhou@gmail.com</value></Data><Data name="Category"><value>National park</value></Data><Data name="Distance"><value>0</value></Data></ExtendedData><description> National park from 2022-07-03T19:27:32.999Z to 2022-07-03T19:37:49.999Z. Distance 0m </description><Point><coordinates>-111.166615,32.2967359,0</coordinates></Point><TimeSpan><begin>2022-07-03T19:27:32.999Z</begin><end>2022-07-03T19:37:49.999Z</end></TimeSpan></Placemark><Placemark><name>Driving</name><address></address><ExtendedData><Data name="Email"><value>syugen.zhou@gmail.com</value></Data><Data name="Category"><value>Driving</value></Data><Data name="Distance"><value>216236</value></Data></ExtendedData><description> Driving from 2022-07-03T19:37:49.999Z to 2022-07-03T22:00:12.999Z. Distance 216236m </description><LineString><altitudeMode>clampToGround</altitudeMode><extrude>1</extrude><tesselate>1</tesselate><coordinates>-111.20885469999999,32.2693903,0 -111.20928319999999,32.269285599999996,0 -111.2110998,32.268787499999995,0 -111.21169069999999,32.26865299999999,0 -111.212424,32.268521299999996,0 -111.2125949,32.26849789999999,0 -111.21278960000001,32.2684845,0 -111.2128855,32.26848519999999,0 -111.21304760000001,32.26850029999999,0 -111.2131325,32.26851419999999,0 -111.21359849999999,32.268636099999995,0 -111.21401549999999,32.268730299999994,0 -111.21445039999999,32.2688522,0 -111.2146234,32.26889369999999,0 -111.2151284,32.2689623,0 -111.21603319999998,32.269140799999995,0 -111.21610489999999,32.26914349999999,0 -111.21617579999999,32.26913759999999,0 -111.216338,32.26909499999999,0 -111.21687779999999,32.270172499999994,0 -111.2173242,32.27101939999999,0 -111.21737059999998,32.271082699999994,0 -111.21739229999999,32.27110019999999,0 -111.2174194,32.27111469999999,0 -111.2174649,32.27113239999999,0 -111.21751769999999,32.271143499999994,0 -111.21754809999999,32.271146699999996,0 -111.21815369999999,32.2711587,0 -111.21816009999999,32.2661089,0 -111.21815179999999,32.2658561,0 -111.21820459999999,32.2572779,0 -111.21818219999999,32.248227899999996,0 -111.2181435,32.2465772,0 -111.21814899999998,32.23282619999999,0 -111.217998,32.21817859999999,0 -111.21798229999997,32.17230329999999,0 -111.21794879999997,32.170553699999985,0 -111.21792119999998,32.16295049999999,0 -111.21795269999997,32.161923299999984,0 -111.21799369999997,32.16146539999998,0 -111.21800729999997,32.16065219999999,0 -111.21775099999996,32.147459699999985,0 -111.21742079999996,32.11727539999998,0 -111.21738949999997,32.11702189999999,0 -111.21735849999996,32.11688629999999,0 -111.21728329999996,32.11664829999999,0 -111.21717689999996,32.11639399999999,0 -111.21660289999996,32.115374399999986,0 -111.26051869999996,32.097798799999985,0 -111.26074039999996,32.097734299999985,0 -111.26414829999996,32.096406499999986,0 -111.26700779999996,32.095254199999985,0 -111.26869529999996,32.094550099999985,0 -111.26914449999997,32.09434709999998,0 -111.31222549999997,32.077094099999975,0 -111.31303779999996,32.07681609999998,0 -111.31353399999996,32.07667279999998,0 -111.31436749999996,32.07652129999998,0 -111.31473439999996,32.076466599999975,0 -111.31513069999995,32.07642249999998,0 -111.33308999999996,32.07502389999998,0 -111.33362919999996,32.07500279999998,0 -111.33399489999996,32.07500409999998,0 -111.33451739999997,32.07502649999998,0 -111.33497909999997,32.07506859999998,0 -111.34077099999998,32.07591249999998,0 -111.34162239999998,32.07602379999998,0 -111.34199519999999,32.076055499999974,0 -111.34248099999998,32.076077499999975,0 -111.34300789999999,32.076076299999976,0 -111.34346849999999,32.076054399999975,0 -111.34398049999999,32.07600829999998,0 -111.34461909999999,32.07591659999997,0 -111.34513639999999,32.07580889999997,0 -111.3456933,32.075665299999976,0 -111.34622549999999,32.075496199999975,0 -111.34647129999999,32.07540659999997,0 -111.34705929999998,32.07516339999997,0 -111.36448339999998,32.06733469999997,0 -111.36513339999999,32.06706799999997,0 -111.36597909999999,32.06675719999997,0 -111.36671009999999,32.066525799999965,0 -111.36767409999999,32.066264399999966,0 -111.3897576,32.061801499999966,0 -111.39103159999999,32.061523599999965,0 -111.39199119999999,32.06128859999996,0 -111.3932564,32.06093649999996,0 -111.39407879999999,32.06068999999996,0 -111.39486889999999,32.06043469999995,0 -111.396486,32.05984609999995,0 -111.4379117,32.04358999999995,0 -111.4406003,32.04260349999995,0 -111.44135370000001,32.04235789999995,0 -111.44215050000001,32.04213829999995,0 -111.4426136,32.04202939999995,0 -111.4434674,32.04185859999995,0 -111.4443242,32.04173209999995,0 -111.4446528,32.04169299999995,0 -111.44533379999999,32.04163479999995,0 -111.44843979999999,32.04143439999995,0 -111.5005602,32.03900049999994,0 -111.5017984,32.03889989999995,0 -111.5031841,32.03874319999995,0 -111.5043198,32.03858019999994,0 -111.50829420000001,32.037937199999945,0 -111.5089093,32.03785059999994,0 -111.5100401,32.03771959999994,0 -111.5111295,32.03761899999994,0 -111.5118772,32.03756599999994,0 -111.537044,32.03639159999994,0 -111.5385201,32.036269099999934,0 -111.5402172,32.03607229999994,0 -111.5414821,32.03587969999993,0 -111.5422954,32.03573449999993,0 -111.54308560000001,32.03557629999993,0 -111.544091,32.03535629999994,0 -111.5452143,32.035073699999934,0 -111.56551909999999,32.02931609999993,0 -111.5674246,32.02886439999993,0 -111.5767757,32.02701229999993,0 -111.5776403,32.026825899999935,0 -111.5805493,32.02628189999993,0 -111.67041359999999,32.00852419999993,0 -111.6711764,32.00835919999993,0 -111.67207289999999,32.00814079999993,0 -111.6731826,32.007839099999934,0 -111.6739142,32.00762589999994,0 -111.6752649,32.007190899999934,0 -111.67651330000001,32.006744599999934,0 -111.67819550000002,32.00603919999993,0 -111.67937990000001,32.00550269999993,0 -111.68084000000002,32.00477799999993,0 -111.68938100000001,32.00021819999993,0 -111.69126270000001,31.999276199999933,0 -111.69244150000002,31.998742299999932,0 -111.7014972,31.994992199999935,0 -111.703146,31.994243199999936,0 -111.70417880000001,31.993742199999932,0 -111.70542080000001,31.993105499999935,0 -111.73168390000002,31.979079999999932,0 -111.73306200000002,31.97830579999993,0 -111.73423850000002,31.97757329999993,0 -111.73534070000001,31.976824099999927,0 -111.7363224,31.976113999999928,0 -111.73719610000002,31.975440299999928,0 -111.73775890000002,31.97497979999993,0 -111.73849580000002,31.97432919999993,0 -111.73931420000001,31.973570099999925,0 -111.7398141,31.97308479999992,0 -111.77732750000001,31.93424119999992,0 -111.77798790000001,31.93360719999992,0 -111.77861000000001,31.93307269999992,0 -111.77926630000002,31.932559999999917,0 -111.77973040000002,31.932220799999918,0 -111.78034310000002,31.931812699999917,0 -111.78082960000003,31.931508399999917,0 -111.78131170000002,31.931229399999914,0 -111.78220740000002,31.93076329999991,0 -111.78269030000003,31.93053359999991,0 -111.78344330000003,31.930207599999914,0 -111.78427280000002,31.929885999999918,0 -111.78496210000002,31.929653099999914,0 -111.78547450000002,31.929499199999917,0 -111.78655680000003,31.929216899999915,0 -111.82621870000003,31.92031959999991,0 -111.82710870000001,31.920133099999912,0 -111.82862840000001,31.91984659999991,0 -111.83055630000003,31.91953949999991,0 -111.85418560000002,31.91615389999991,0 -111.85507310000003,31.916050699999907,0 -111.85632200000002,31.915941799999906,0 -111.85706820000001,31.91589639999991,0 -111.85839720000001,31.915841599999908,0 -111.85939840000002,31.915830199999906,0 -111.86099930000002,31.915859499999907,0 -111.86216610000001,31.915913799999903,0 -111.86369880000001,31.916038599999904,0 -111.86447770000002,31.916126299999902,0 -111.87397280000002,31.917355699999902,0 -111.87521780000002,31.917547499999902,0 -111.87681540000001,31.9178316999999,0 -111.87768950000003,31.918002399999903,0 -111.88002900000002,31.9185295999999,0 -111.88207330000002,31.9190689999999,0 -111.88998770000002,31.9212862999999,0 -111.89078640000002,31.9215352999999,0 -111.89244440000002,31.9221034999999,0 -111.89319390000003,31.922386899999896,0 -111.89442220000002,31.922885399999895,0 -111.89520380000002,31.9232286999999,0 -111.89606120000002,31.923627499999895,0 -111.89730270000001,31.924251199999894,0 -111.89803090000001,31.924636599999896,0 -111.89849390000002,31.924896499999896,0 -111.89933,31.925390799999896,0 -111.9002688,31.925986299999895,0 -111.94327580000001,31.954840399999895,0 -111.94470780000002,31.955870299999894,0 -111.94549090000002,31.956464499999893,0 -111.94670180000001,31.95743989999989,0 -111.94788500000001,31.958443099999887,0 -111.94887490000002,31.959334599999888,0 -111.94990140000002,31.960304699999885,0 -111.95088670000001,31.961290999999886,0 -111.97216930000002,31.983796599999884,0 -111.9731452,31.984913699999883,0 -111.97357720000001,31.98542889999989,0 -112.04611900000002,32.07593589999989,0 -112.04682890000001,32.07684449999989,0 -112.0568794,32.08935059999989,0 -112.0573775,32.08992049999989,0 -112.05852739999999,32.09139869999989,0 -112.09961299999999,32.14253619999989,0 -112.0998315,32.14285319999989,0 -112.10586769999999,32.15220809999989,0 -112.1061197,32.152628499999885,0 -112.10734949999998,32.154852799999894,0 -112.10782409999999,32.155661899999885,0 -112.1081638,32.15616089999989,0 -112.10844089999999,32.15650329999989,0 -112.10915899999999,32.157298199999886,0 -112.1121795,32.16043479999989,0 -112.11253819999999,32.160825399999894,0 -112.1130419,32.16132599999989,0 -112.1134065,32.16166909999989,0 -112.11402679999999,32.162213599999895,0 -112.114211,32.16235999999989,0 -112.11545209999998,32.163283699999894,0 -112.11699469999999,32.164380099999896,0 -112.1174812,32.1646878999999,0 -112.1177745,32.1648489999999,0 -112.1182431,32.1650715999999,0 -112.1186171,32.16522179999989,0 -112.1189953,32.16535259999989,0 -112.1195413,32.1654989999999,0 -112.1198527,32.1655646999999,0 -112.12038799999999,32.1656442999999,0 -112.12081449999998,32.1656821999999,0 -112.1217071,32.165735899999895,0 -112.12216989999999,32.16577449999989,0 -112.12307089999999,32.16589419999989,0 -112.1232691,32.16592839999989,0 -112.1258727,32.16646689999989,0 -112.1261402,32.16654029999989,0 -112.1264358,32.16664199999989,0 -112.1267086,32.16675479999989,0 -112.1289386,32.16782579999989,0 -112.1293003,32.16797439999989,0 -112.1294417,32.168021999999894,0 -112.1296697,32.1680848999999,0 -112.1299206,32.168139999999894,0 -112.1303483,32.16820549999989,0 -112.1370738,32.16905679999989,0 -112.13755859999999,32.16910749999989,0 -112.1387311,32.16918299999989,0 -112.1389808,32.169208199999886,0 -112.14695410000002,32.17021659999989,0 -112.1472542,32.17026269999989,0 -112.14817920000002,32.1704445999999,0 -112.14881880000002,32.17060239999989,0 -112.14916740000001,32.17070689999989,0 -112.14990960000002,32.17095619999989,0 -112.15057460000001,32.17122449999989,0 -112.15090060000001,32.17137409999989,0 -112.1514958,32.171672299999884,0 -112.15249610000002,32.172240199999884,0 -112.15481640000002,32.173669099999884,0 -112.1553986,32.17399509999988,0 -112.1557645,32.174173799999885,0 -112.1560411,32.17429529999988,0 -112.156449,32.174457699999884,0 -112.1568646,32.17460219999988,0 -112.15715549999999,32.17469269999988,0 -112.15752239999999,32.17479399999988,0 -112.15819629999999,32.17494119999988,0 -112.15853569999999,32.17499949999988,0 -112.1590737,32.17507219999988,0 -112.15940959999999,32.17510179999988,0 -112.15993869999998,32.175132599999884,0 -112.16047959999999,32.17512789999988,0 -112.1608435,32.17511039999988,0 -112.1613784,32.175065899999886,0 -112.1616356,32.17503669999988,0 -112.1621221,32.17495809999988,0 -112.1623912,32.17490379999988,0 -112.162931,32.17477779999988,0 -112.16318100000001,32.17471059999988,0 -112.1644011,32.17433939999988,0 -112.1649665,32.17418579999988,0 -112.1656071,32.174053999999884,0 -112.1660133,32.17399299999988,0 -112.1662955,32.17396189999988,0 -112.16684710000001,32.17392779999988,0 -112.16718550000002,32.17392309999988,0 -112.1675302,32.17393079999988,0 -112.18087940000001,32.174839499999884,0 -112.1823028,32.17496629999988,0 -112.1831295,32.175061399999876,0 -112.18776079999999,32.175700299999875,0 -112.1882258,32.17578819999988,0 -112.1884686,32.17584649999988,0 -112.18915129999999,32.17606359999987,0 -112.19086429999999,32.17667999999987,0 -112.1909998,32.17671769999987,0 -112.1912296,32.176757999999865,0 -112.19133719999999,32.17676679999987,0 -112.1915495,32.17676749999987,0 -112.19180560000001,32.17673749999987,0 -112.19223690000001,32.17664709999987,0 -112.19314570000002,32.17642229999988,0 -112.1933668,32.176357699999876,0 -112.1960486,32.17546179999987,0 -112.19630240000001,32.17538949999987,0 -112.196556,32.17533409999988,0 -112.1986368,32.17493969999988,0 -112.1988228,32.17489709999988,0 -112.1990134,32.17484509999988,0 -112.1992701,32.17475769999988,0 -112.1995705,32.174635599999874,0 -112.20106390000001,32.17391839999988,0 -112.2013902,32.17378579999988,0 -112.2016921,32.17370629999987,0 -112.2018355,32.17368559999987,0 -112.2024098,32.17364129999987,0 -112.20262539999999,32.17361759999987,0 -112.2029192,32.17356469999987,0 -112.20316919999999,32.173494999999875,0 -112.20525069999998,32.17276879999987,0 -112.20543619999998,32.17271019999988,0 -112.20560089999998,32.172671099999874,0 -112.20572089999999,32.172650399999874,0 -112.20585909999998,32.17263319999987,0 -112.20607669999998,32.17262629999988,0 -112.20623729999998,32.172637099999875,0 -112.20637499999998,32.172653499999875,0 -112.20674559999999,32.17271929999987,0 -112.2075192,32.17288619999987,0 -112.20774789999999,32.17292709999987,0 -112.20822669999998,32.17298689999987,0 -112.21306379999999,32.17346949999987,0 -112.2134325,32.17348469999986,0 -112.21370409999999,32.17347699999986,0 -112.2138858,32.17345869999986,0 -112.2141173,32.173423699999866,0 -112.21506949999998,32.17325059999986,0 -112.21541489999998,32.17319879999987,0 -112.21561999999997,32.17318969999986,0 -112.21586569999998,32.17319479999986,0 -112.21604859999998,32.17321759999986,0 -112.21637239999997,32.17328659999986,0 -112.22035519999997,32.17426759999986,0 -112.22078209999998,32.17433809999986,0 -112.22115739999998,32.17438179999986,0 -112.22687109999998,32.17485509999986,0 -112.22711119999998,32.17488139999986,0 -112.22740319999998,32.17492519999986,0 -112.22780579999998,32.175010599999865,0 -112.23039459999998,32.17570039999986,0 -112.23074269999998,32.17577999999986,0 -112.23118549999998,32.17585909999986,0 -112.23492339999999,32.17636929999986,0 -112.23553989999998,32.17643429999986,0 -112.23598109999998,32.176444899999865,0 -112.23648279999996,32.17642649999987,0 -112.23728599999997,32.17637519999987,0 -112.23756089999996,32.176369399999864,0 -112.23798839999996,32.17638749999986,0 -112.24396279999996,32.176957399999864,0 -112.24462489999996,32.17699889999986,0 -112.24870429999996,32.17711979999986,0 -112.25568119999996,32.17711269999986,0 -112.25588779999995,32.17710199999986,0 -112.25611269999996,32.17708109999986,0 -112.25630669999995,32.17705359999986,0 -112.25651629999996,32.17701039999986,0 -112.25685899999996,32.176916999999854,0 -112.25708179999995,32.17683779999985,0 -112.25807149999996,32.17638589999985,0 -112.25843149999996,32.176243999999855,0 -112.25871789999997,32.17615769999985,0 -112.25900849999996,32.17609409999985,0 -112.25927759999996,32.17605399999985,0 -112.25961869999996,32.17602599999985,0 -112.25989769999997,32.17602289999985,0 -112.26014159999995,32.17603709999985,0 -112.26037439999996,32.17606199999985,0 -112.26066719999996,32.17610829999985,0 -112.26468039999996,32.17689449999985,0 -112.26543769999996,32.17701679999985,0 -112.27180049999996,32.177832499999845,0 -112.27217829999995,32.17789109999985,0 -112.27248019999996,32.17795999999985,0 -112.27273309999995,32.17803819999985,0 -112.27288049999996,32.17809169999985,0 -112.27306909999996,32.17816989999985,0 -112.27980689999997,32.181402799999844,0 -112.28014259999996,32.181551199999845,0 -112.28039059999996,32.18164469999984,0 -112.28074759999997,32.18175829999985,0 -112.28104359999996,32.18183169999985,0 -112.28136859999996,32.181891799999846,0 -112.28156589999996,32.181916099999846,0 -112.28193159999996,32.18194559999985,0 -112.30214979999997,32.18309279999985,0 -112.30285119999996,32.18311289999985,0 -112.30372919999996,32.18310289999985,0 -112.30474919999997,32.18305489999985,0 -112.30566529999996,32.18296539999985,0 -112.30644399999996,32.18286099999985,0 -112.30744669999996,32.18268149999985,0 -112.31411999999996,32.181268699999855,0 -112.31476319999996,32.18116069999985,0 -112.31578539999997,32.181033399999855,0 -112.31631559999997,32.18098429999986,0 -112.31741829999997,32.18092289999986,0 -112.31809549999997,32.18091279999986,0 -112.31898129999998,32.18092749999986,0 -112.34713329999997,32.18256189999986,0 -112.34831019999996,32.182670999999864,0 -112.39607839999996,32.188372999999864,0 -112.39638999999995,32.18841719999986,0 -112.53506019999995,32.20499679999987,0 -112.53565269999996,32.20503709999986,0 -112.53587779999995,32.20503939999987,0 -112.53610179999994,32.20503159999987,0 -112.53641389999994,32.20500599999987,0 -112.53715239999994,32.20490879999988,0 -112.54112029999995,32.204304299999876,0 -112.54189889999994,32.20420299999988,0 -112.54210889999995,32.20418749999988,0 -112.54251739999994,32.20417689999988,0 -112.54298719999994,32.20418519999988,0 -112.62198219999995,32.20978809999988,0 -112.62232869999994,32.20983259999988,0 -112.62260929999995,32.20988099999988,0 -112.62285879999995,32.20993969999988,0 -112.62308529999994,32.210007499999875,0 -112.62336399999995,32.21010499999988,0 -112.62992829999995,32.212851899999876,0 -112.63044489999994,32.213049399999875,0 -112.63094869999995,32.21321729999987,0 -112.63134019999994,32.21332689999987,0 -112.66848209999993,32.22193629999987,0 -112.66949869999993,32.22213379999987,0 -112.67675539999993,32.22320819999987,0 -112.67732519999994,32.223281099999866,0 -112.67798989999994,32.223329699999866,0 -112.67826749999995,32.22333709999987,0 -112.67895119999994,32.22331059999986,0 -112.68360459999995,32.22288089999986,0 -112.68426479999995,32.222799399999865,0 -112.68500439999994,32.22265609999987,0 -112.68626149999994,32.222376199999864,0 -112.68647619999994,32.222337899999864,0 -112.68677619999994,32.22230309999986,0 -112.68708009999995,32.22229009999986,0 -112.69636779999995,32.222515199999854,0 -112.69675799999995,32.222536499999855,0 -112.69703699999994,32.22256739999985,0 -112.69720449999994,32.22259329999986,0 -112.69754589999994,32.22266839999986,0 -112.69772579999994,32.222719799999865,0 -112.70123109999994,32.22395559999986,0 -112.70155589999995,32.22408139999986,0 -112.70207199999994,32.22432479999986,0 -112.70919399999995,32.22820629999986,0 -112.70969459999996,32.22849929999986,0 -112.71005259999997,32.228731799999856,0 -112.71033179999996,32.22892909999986,0 -112.71069169999997,32.22921539999986,0 -112.72656549999996,32.242987399999855,0 -112.72707939999997,32.24345149999986,0 -112.72733119999997,32.243710899999854,0 -112.72769549999995,32.24417819999985,0 -112.72790559999996,32.24450089999985,0 -112.72802629999995,32.244708699999855,0 -112.72822599999995,32.245091099999854,0 -112.73679759999995,32.26404409999985,0 -112.73689949999995,32.26424479999985,0 -112.73697689999996,32.264363799999856,0 -112.73712579999996,32.26454159999985,0 -112.73720919999997,32.26462289999986,0 -112.73733389999997,32.26471979999985,0 -112.73748119999996,32.26481819999985,0 -112.73764169999997,32.26490759999985,0 -112.73787319999997,32.264995899999846,0 -112.73975449999996,32.26554269999985,0 -112.73997109999996,32.26503129999985,0 -112.74017479999996,32.264477799999845,0 -112.74018099999996,32.26440769999984,0 -112.75472329999997,32.227599799999844,0 -112.75546329999996,32.22563989999985,0 -112.75587579999997,32.224342099999845,0 -112.75648449999996,32.222164799999845,0 -112.75673739999996,32.221106099999844,0 -112.75715079999996,32.21903359999984,0 -112.75728469999996,32.21819139999984,0 -112.75755079999995,32.216143599999846,0 -112.76001879999995,32.19507499999985,0 -112.76009039999995,32.19456399999985,0 -112.76723859999996,32.13365719999985,0 -112.76726639999995,32.133595699999844,0 -112.76773349999995,32.12995169999985,0 -112.76810419999995,32.12665839999985,0 -112.76808789999994,32.126557799999844,0 -112.77100439999995,32.10177259999985,0 -112.77114489999994,32.10096529999985,0 -112.77130589999994,32.10028379999985,0 -112.77148049999995,32.09965949999985,0 -112.77175089999994,32.098866799999854,0 -112.78020509999995,32.07793209999985,0 -112.78030849999996,32.07769769999985,0 -112.80050279999995,32.027562999999844,0 -112.80123109999995,32.02560159999985,0 -112.80184629999995,32.02380589999985,0 -112.80270329999995,32.02112609999985,0 -112.80360249999995,32.017896199999846,0 -112.80413979999996,32.01568029999985,0 -112.80443139999996,32.014353899999854,0 -112.80485079999995,32.01225629999985,0 -112.80521819999996,32.010172899999844,0 -112.80548709999995,32.008345899999846,0 -112.80579689999995,32.005914499999854,0 -112.80597579999996,32.004123199999846,0 -112.80614399999995,32.00191569999985,0 -112.80623779999995,32.00013239999985,0 -112.80630669999994,31.997704699999844,0 -112.80630089999994,31.995568999999847,0 -112.80622669999994,31.994040699999847,0 -112.80623029999994,31.993986299999847,0 -112.80608429999994,31.989240099999844,0 -112.80578409999994,31.981969999999848,0 -112.80572259999994,31.978548399999845,0 -112.80585059999993,31.976350199999846,0 -112.80602789999992,31.975014499999844,0 -112.80610229999994,31.97427729999984,0 -112.80611669999992,31.97398409999984,0 -112.80610909999993,31.973491699999833,0 -112.80607699999993,31.973134099999836,0 -112.80601699999993,31.972704099999834,0 -112.80593339999993,31.972314899999834,0 -112.80584509999994,31.97196959999983,0 -112.80577469999993,31.97173919999983,0 -112.80564119999993,31.971369999999833,0 -112.80552589999992,31.971098699999832,0 -112.80524839999993,31.970540099999834,0 -112.80181749999993,31.96437719999983,0 -112.80153919999994,31.96381579999983,0 -112.80128449999994,31.96324409999983,0 -112.80099499999993,31.962506799999833,0 -112.80073679999994,31.96171259999983,0 -112.80058169999994,31.96112479999983,0 -112.80048229999993,31.96068809999983,0 -112.80036589999993,31.960059199999833,0 -112.80031019999993,31.95969179999983,0 -112.79981979999994,31.95470169999983,0 -112.79975179999994,31.953834899999833,0 -112.80021469999994,31.953816199999835,0 -112.80034389999993,31.953817199999833,0 -112.80044979999994,31.95382909999983,0 -112.80056789999992,31.95385699999983,0 -112.80061879999992,31.95387439999983,0 -112.80104309999993,31.95405679999983,0 -112.80103909999993,31.95410119999983,0 -112.80104579999993,31.954142199999833,0 -112.80107259999991,31.954225299999834,0 -112.80132869999993,31.954624599999832,0 -112.80137109999993,31.954714899999832,0 </coordinates></LineString><TimeSpan><begin>2022-07-03T19:37:49.999Z</begin><end>2022-07-03T22:00:12.999Z</end></TimeSpan></Placemark><Placemark><name>Organ Pipe Cactus National Monument</name><address>Ajo, AZ 85321</address><ExtendedData><Data name="Email"><value>syugen.zhou@gmail.com</value></Data><Data name="Category"><value>Nature preserve</value></Data><Data name="Distance"><value>0</value></Data></ExtendedData><description> Nature preserve from 2022-07-03T22:00:12.999Z to 2022-07-03T22:18:12.000Z. Distance 0m </description><Point><coordinates>-112.83204119999999,32.0280019,0</coordinates></Point><TimeSpan><begin>2022-07-03T22:00:12.999Z</begin><end>2022-07-03T22:18:12.000Z</end></TimeSpan></Placemark><Placemark><name>Driving</name><address></address><ExtendedData><Data name="Email"><value>syugen.zhou@gmail.com</value></Data><Data name="Category"><value>Driving</value></Data><Data name="Distance"><value>251763</value></Data></ExtendedData><description> Driving from 2022-07-03T22:18:12.000Z to 2022-07-04T02:23:29.000Z. Distance 251763m </description><LineString><altitudeMode>clampToGround</altitudeMode><extrude>1</extrude><tesselate>1</tesselate><coordinates>-112.80117609999999,31.954382799999998,0 -112.8013287,31.9546246,0 -112.801436,31.9548602,0 -112.8014709,31.9548931,0 -112.8015004,31.954910299999998,0 -112.80155669999999,31.9549144,0 -112.8016372,31.954890900000002,0 -112.8016721,31.9548613,0 -112.8016855,31.9548044,0 -112.80166940000001,31.9547225,0 -112.8015527,31.954438,0 -112.80154060000001,31.954361800000004,0 -112.80157890000002,31.954167500000008,0 -112.80145620000002,31.95415730000001,0 -112.80104310000002,31.954056800000007,0 -112.80056790000002,31.953857000000006,0 -112.80034390000002,31.95381720000001,0 -112.79957060000002,31.95384180000001,0 -112.79941230000003,31.95382810000001,0 -112.79917690000002,31.95368870000001,0 -112.79795860000003,31.952513800000013,0 -112.79784020000002,31.952466100000013,0 -112.79770450000002,31.95245970000001,0 -112.79741670000003,31.95253400000001,0 -112.79694000000003,31.952847700000014,0 -112.79636470000003,31.95333200000001,0 -112.79614530000002,31.95358660000001,0 -112.79584230000002,31.954122500000008,0 -112.79347700000002,31.956792200000006,0 -112.79326960000003,31.956951300000007,0 -112.79258880000003,31.957302500000004,0 -112.79228900000004,31.957515500000007,0 -112.79210930000004,31.957694900000007,0 -112.79157350000003,31.958509700000008,0 -112.79141700000004,31.958658400000004,0 -112.79028460000004,31.959404400000004,0 -112.78992880000004,31.959771100000005,0 -112.78957580000004,31.960320200000005,0 -112.78902400000004,31.961440200000006,0 -112.78860930000003,31.961868800000005,0 -112.78727600000003,31.963014900000005,0 -112.78630960000004,31.963461300000006,0 -112.77694380000004,31.967175700000006,0 -112.77666810000004,31.967501700000003,0 -112.77655000000004,31.967999200000005,0 -112.77636930000004,31.96917360000001,0 -112.77630470000005,31.969349000000012,0 -112.77624020000005,31.96944310000001,0 -112.77612370000004,31.96955560000001,0 -112.77574980000004,31.969824000000013,0 -112.77561160000005,31.969948500000015,0 -112.77525680000005,31.970502800000016,0 -112.77503690000006,31.97079400000002,0 -112.77469430000005,31.97136960000002,0 -112.77453270000005,31.97171090000002,0 -112.77443840000005,31.972006500000024,0 -112.77420990000006,31.975085200000024,0 -112.77396100000006,31.975638400000022,0 -112.77341470000006,31.97649860000002,0 -112.77317540000006,31.976698000000024,0 -112.77121460000006,31.978755200000023,0 -112.76926520000006,31.97994070000002,0 -112.76752970000005,31.980860100000022,0 -112.76729170000006,31.980947000000025,0 -112.76701800000006,31.980990000000023,0 -112.76677320000006,31.98096490000002,0 -112.76640820000004,31.98085580000002,0 -112.76542300000006,31.98062910000002,0 -112.76492670000006,31.980583100000022,0 -112.76427400000006,31.980692300000022,0 -112.76373510000006,31.98083830000002,0 -112.76352380000006,31.98100200000002,0 -112.76336260000006,31.981182000000018,0 -112.76307440000005,31.98181900000002,0 -112.76291210000005,31.982013900000016,0 -112.76056700000007,31.984351200000013,0 -112.75990190000007,31.985276000000013,0 -112.75952630000008,31.986024800000013,0 -112.75887870000007,31.986939500000013,0 -112.75833380000007,31.987495300000013,0 -112.75775530000008,31.987835600000015,0 -112.75601670000007,31.988658100000016,0 -112.75563720000008,31.988876000000015,0 -112.75537670000008,31.989092000000017,0 -112.75470670000009,31.989880600000017,0 -112.75392570000008,31.990440000000017,0 -112.75266130000009,31.991646300000014,0 -112.75216590000008,31.991999500000013,0 -112.75134840000008,31.99237230000001,0 -112.75065330000008,31.99261560000001,0 -112.74830150000007,31.993708900000012,0 -112.74747980000008,31.99429770000001,0 -112.74685820000008,31.994608200000012,0 -112.74641410000008,31.99489280000001,0 -112.74499750000008,31.996309200000006,0 -112.74442470000007,31.99668060000001,0 -112.74427810000006,31.996804000000008,0 -112.74356060000007,31.99792410000001,0 -112.74236790000006,31.999338700000006,0 -112.74214780000005,31.999465800000007,0 -112.74036300000006,32.000075100000004,0 -112.73913240000006,32.00056010000001,0 -112.73876660000005,32.000875400000005,0 -112.73824740000005,32.001428800000006,0 -112.73732250000006,32.00181190000001,0 -112.73715210000006,32.0019283,0 -112.73657390000005,32.00291920000001,0 -112.73619690000005,32.0032623,0 -112.73596260000005,32.003367100000006,0 -112.73508410000005,32.0035161,0 -112.73494890000005,32.0035562,0 -112.73485090000004,32.0036193,0 -112.73476140000005,32.003695199999996,0 -112.73476300000006,32.0037969,0 -112.73480050000005,32.0039821,0 -112.73480020000004,32.0041065,0 -112.73473940000004,32.0042269,0 -112.73461510000004,32.004328900000004,0 -112.73446900000003,32.0045738,0 -112.73403810000003,32.0056382,0 -112.73388790000003,32.005734499999996,0 -112.73282990000003,32.0059841,0 -112.73261710000004,32.0061074,0 -112.73225250000004,32.0063655,0 -112.73165040000004,32.0065156,0 -112.73114700000004,32.006603299999995,0 -112.73076180000004,32.00659769999999,0 -112.73070100000004,32.0066263,0 -112.73065700000004,32.0066808,0 -112.73058870000004,32.0068304,0 -112.73059580000005,32.00703179999999,0 -112.73064700000003,32.007245399999995,0 -112.73115720000004,32.00832869999999,0 -112.73119440000004,32.0085207,0 -112.73127210000004,32.00870139999999,0 -112.73124310000004,32.009462799999994,0 -112.73126650000005,32.009580199999995,0 -112.73154970000004,32.00988519999999,0 -112.73163700000003,32.01001709999999,0 -112.73172210000004,32.01045409999999,0 -112.73182000000003,32.01060389999999,0 -112.73186900000003,32.01073929999999,0 -112.73191290000003,32.01152099999999,0 -112.73208200000003,32.01203739999999,0 -112.73206280000004,32.01213309999999,0 -112.73201310000005,32.01224509999999,0 -112.73192230000005,32.012364199999986,0 -112.73164340000005,32.01250319999999,0 -112.73143480000006,32.01257719999999,0 -112.73135810000005,32.01264149999999,0 -112.73135620000005,32.01269629999999,0 -112.73139230000005,32.012770299999985,0 -112.73144770000006,32.012831699999985,0 -112.73172650000005,32.01326239999998,0 -112.73176280000006,32.01338239999998,0 -112.73173720000005,32.01355199999998,0 -112.73169250000005,32.01361519999998,0 -112.73126880000005,32.01383849999998,0 -112.73120710000005,32.01390399999998,0 -112.73121730000004,32.01416049999998,0 -112.73128590000005,32.01443839999998,0 -112.73121790000005,32.014763299999984,0 -112.73109010000005,32.01512429999999,0 -112.73120680000004,32.01561079999999,0 -112.73117100000005,32.015961899999986,0 -112.73118380000005,32.01612439999999,0 -112.73099440000006,32.01684279999999,0 -112.73088070000006,32.017010699999986,0 -112.73080070000006,32.01721829999998,0 -112.73081140000005,32.01728679999998,0 -112.73089550000006,32.01737219999998,0 -112.73097950000006,32.017423999999984,0 -112.73104130000004,32.017479999999985,0 -112.73108190000005,32.01755879999998,0 -112.73108010000006,32.01763839999998,0 -112.73102710000005,32.01769769999998,0 -112.73067720000004,32.01791859999998,0 -112.73044310000006,32.01791859999998,0 -112.73033020000005,32.01794209999998,0 -112.73017490000005,32.018025099999974,0 -112.73006730000006,32.018104299999976,0 -112.72991310000006,32.01827779999998,0 -112.72981300000006,32.018317499999974,0 -112.72969810000006,32.01834279999997,0 -112.72958520000006,32.01838429999997,0 -112.72948940000005,32.018445699999965,0 -112.72935450000006,32.01858659999997,0 -112.72925310000005,32.01863519999997,0 -112.72917680000006,32.01868719999997,0 -112.72914330000005,32.01884749999997,0 -112.72911910000005,32.01890889999997,0 -112.72888280000005,32.019181899999964,0 -112.72875700000004,32.01929669999997,0 -112.72867400000004,32.019329699999965,0 -112.72858400000005,32.01933539999996,0 -112.72805890000005,32.019279199999964,0 -112.72792970000005,32.019248899999965,0 -112.72767220000006,32.01914769999996,0 -112.72746530000006,32.01898829999996,0 -112.72724950000006,32.01885729999996,0 -112.72714380000005,32.018832899999964,0 -112.72687690000004,32.018814699999965,0 -112.72671500000006,32.018828199999966,0 -112.72662480000005,32.018857899999965,0 -112.72656310000006,32.018894299999964,0 -112.72651350000005,32.018962499999965,0 -112.72640590000005,32.01918389999996,0 -112.72634990000005,32.01924109999996,0 -112.72628160000005,32.01928769999996,0 -112.72620110000005,32.01931039999996,0 -112.72607100000005,32.01930699999996,0 -112.72582100000005,32.01933979999996,0 -112.72572100000005,32.01938779999996,0 -112.72546620000006,32.01960489999996,0 -112.72490800000006,32.01973269999996,0 -112.72478220000005,32.01981079999996,0 -112.72469770000005,32.01989379999996,0 -112.72463780000005,32.01999889999996,0 -112.72460380000005,32.02011659999996,0 -112.72461590000005,32.02022799999996,0 -112.72468160000005,32.02037009999996,0 -112.72494190000005,32.02078279999996,0 -112.72500760000005,32.020854499999956,0 -112.72524500000006,32.021005699999954,0 -112.72540460000006,32.02116489999996,0 -112.72543540000005,32.021256999999956,0 -112.72555350000005,32.02240199999996,0 -112.72560450000005,32.02249639999996,0 -112.72611110000005,32.023050599999955,0 -112.72621190000005,32.023193499999955,0 -112.72624810000005,32.02327879999996,0 -112.72627610000004,32.02344859999996,0 -112.72626170000005,32.02438049999996,0 -112.72634880000004,32.02467499999995,0 -112.72635550000004,32.02519579999995,0 -112.72642120000005,32.02539249999995,0 -112.72642790000003,32.02553579999995,0 -112.72639980000004,32.025827999999954,0 -112.72763340000004,32.02827569999995,0 -112.72792600000004,32.029050999999946,0 -112.72790900000004,32.029183599999946,0 -112.72786750000004,32.02924949999995,0 -112.72777910000005,32.02934609999995,0 -112.72765700000005,32.02944999999995,0 -112.72751520000004,32.02949139999995,0 -112.72740870000004,32.02949589999995,0 -112.72689780000005,32.029432699999944,0 -112.72649130000003,32.029443599999944,0 -112.72617940000004,32.02949409999995,0 -112.72559450000003,32.02950849999995,0 -112.72518520000004,32.029688999999955,0 -112.72447200000003,32.02983149999995,0 -112.72430280000003,32.02990909999995,0 -112.72397720000004,32.030178899999946,0 -112.72386110000004,32.03021319999995,0 -112.72350220000004,32.03021499999995,0 -112.72257980000003,32.030290699999945,0 -112.72240820000003,32.03033499999995,0 -112.72229430000004,32.03039979999995,0 -112.72220470000005,32.03057149999995,0 -112.72221780000004,32.03071489999995,0 -112.72235720000003,32.03103889999995,0 -112.72236250000005,32.03112549999995,0 -112.72214750000005,32.031509999999955,0 -112.72190380000004,32.03246929999995,0 -112.72205820000003,32.03348529999995,0 -112.72203900000005,32.03393199999995,0 -112.72168250000004,32.03504549999995,0 -112.72167500000005,32.03514339999995,0 -112.72169390000005,32.035272399999954,0 -112.72177830000005,32.03548489999995,0 -112.72180990000004,32.03552509999995,0 -112.72199500000005,32.035656699999954,0 -112.72217660000005,32.03584199999996,0 -112.72219530000005,32.035955899999955,0 -112.72218990000006,32.035990099999964,0 -112.72215730000006,32.03606279999996,0 -112.72174850000006,32.036509499999966,0 -112.72163460000006,32.03667419999996,0 -112.72152580000005,32.03734459999996,0 -112.72146030000005,32.03748139999996,0 -112.72136630000006,32.03755819999996,0 -112.72050900000005,32.03797599999995,0 -112.71990300000004,32.038207299999954,0 -112.71982620000004,32.038224999999954,0 -112.71936610000004,32.03826499999995,0 -112.71920010000005,32.03832379999995,0 -112.71895990000004,32.038468799999954,0 -112.71887430000004,32.038506499999954,0 -112.71880760000003,32.03851629999995,0 -112.71871420000004,32.03850259999995,0 -112.71781710000005,32.03826929999995,0 -112.71752600000003,32.038260199999954,0 -112.71696510000004,32.03835939999995,0 -112.71660560000005,32.03837079999995,0 -112.71637920000005,32.03833349999996,0 -112.71615550000006,32.03824609999996,0 -112.71601090000006,32.038116699999954,0 -112.71587230000006,32.037927099999955,0 -112.71576810000006,32.03767859999995,0 -112.71562390000005,32.03692469999995,0 -112.71549470000005,32.03666879999995,0 -112.71529390000006,32.036383799999946,0 -112.71515140000005,32.03606049999995,0 -112.71489690000006,32.034789499999945,0 -112.71490300000005,32.03446079999995,0 -112.71484710000006,32.03426689999995,0 -112.71472720000004,32.034056399999955,0 -112.71455430000005,32.033827899999956,0 -112.71367300000004,32.032851899999955,0 -112.71341690000004,32.03249349999995,0 -112.71309500000004,32.03223029999995,0 -112.71300950000004,32.03210799999996,0 -112.71307420000004,32.03182089999996,0 -112.71309340000003,32.031779399999955,0 -112.71316570000003,32.031728899999955,0 -112.71330730000003,32.03170079999995,0 -112.71360730000004,32.03159849999995,0 -112.71372660000004,32.03154249999995,0 -112.71382130000003,32.03145129999995,0 -112.71389620000005,32.03134799999995,0 -112.71396410000004,32.03120089999995,0 -112.71398860000004,32.03109699999995,0 -112.71398620000005,32.03085309999995,0 -112.71406440000004,32.03020079999995,0 -112.71412730000004,32.03008129999995,0 -112.71422520000003,32.02978229999995,0 -112.71423180000004,32.02957909999996,0 -112.71415310000003,32.02915289999995,0 -112.71409680000004,32.028553699999954,0 -112.71390570000003,32.02822899999995,0 -112.71385440000003,32.02810729999996,0 -112.71381060000003,32.027815799999956,0 -112.71368950000002,32.027481199999954,0 -112.71336160000001,32.02703539999996,0 -112.71309860000002,32.026549699999954,0 -112.71279930000001,32.02562329999996,0 -112.71269530000001,32.02541069999996,0 -112.71268620000002,32.02529519999996,0 -112.71280270000003,32.02513799999996,0 -112.71313080000002,32.02481469999996,0 -112.71334320000003,32.02451839999996,0 -112.71351270000001,32.02416619999996,0 -112.71357660000001,32.023899099999966,0 -112.71370980000002,32.02355629999996,0 -112.71380310000002,32.02321029999996,0 -112.71390290000002,32.02305739999996,0 -112.71448120000002,32.02240719999996,0 -112.71499790000003,32.02165679999996,0 -112.71509810000003,32.02155609999996,0 -112.71531190000003,32.02140699999996,0 -112.71543550000003,32.02129769999996,0 -112.71550390000003,32.02117139999996,0 -112.71564100000003,32.02071229999996,0 -112.71565820000004,32.02056159999996,0 -112.71563380000005,32.02034889999996,0 -112.71546010000004,32.020098699999956,0 -112.71483620000005,32.019643199999955,0 -112.71476930000004,32.019544699999955,0 -112.71447060000004,32.01844039999995,0 -112.71387400000003,32.017640899999954,0 -112.71377710000003,32.01754839999995,0 -112.71367140000002,32.017517499999954,0 -112.71336060000003,32.01754189999995,0 -112.71315620000003,32.01752459999995,0 -112.71296540000003,32.01746799999996,0 -112.71285720000003,32.017334599999955,0 -112.71161000000004,32.01514529999996,0 -112.71152400000004,32.01476069999996,0 -112.71113010000003,32.01432709999996,0 -112.71071040000004,32.01397809999996,0 -112.71064760000004,32.01382489999995,0 -112.71064230000003,32.01347889999995,0 -112.71067980000004,32.013392099999955,0 -112.71104460000004,32.012975599999955,0 -112.71111140000004,32.01281159999996,0 -112.71108200000003,32.01264879999996,0 -112.71097390000003,32.01246749999996,0 -112.71070410000002,32.01210539999995,0 -112.71022930000002,32.01180669999996,0 -112.70989420000002,32.01140369999996,0 -112.70960440000002,32.01111419999996,0 -112.70916470000002,32.01083629999996,0 -112.7089796,32.01061759999996,0 -112.7088664,32.01041919999996,0 -112.70887330000002,32.010270799999965,0 -112.70922340000001,32.00970909999996,0 -112.70929910000001,32.009507099999965,0 -112.7093201,32.00934929999996,0 -112.7092963,32.00916739999996,0 -112.70895850000001,32.00817059999996,0 -112.7087935,32.00713849999996,0 -112.7087339,32.00693659999996,0 -112.70842219999999,32.00621649999996,0 -112.70775479999999,32.00569729999996,0 -112.7076702,32.00553909999996,0 -112.7076569,32.00545649999996,0 -112.7076787,32.00475469999996,0 -112.7078783,32.00432199999996,0 -112.70791469999999,32.004186899999965,0 -112.70792829999999,32.003761999999966,0 -112.7078856,32.00362949999996,0 -112.707779,32.00353659999996,0 -112.70709419999999,32.00313329999996,0 -112.70699029999999,32.00309369999996,0 -112.70678779999999,32.003048499999956,0 -112.70663669999999,32.002993199999956,0 -112.70652129999999,32.002931799999956,0 -112.70641549999999,32.002811899999955,0 -112.70587029999999,32.00121849999996,0 -112.7057907,32.00104329999996,0 -112.70575709999999,32.00086919999996,0 -112.7057509,32.000701499999956,0 -112.70587819999999,31.999738899999958,0 -112.7058589,31.999510199999953,0 -112.70581119999999,31.999330699999955,0 -112.70582489999998,31.999138499999958,0 -112.70600639999999,31.99849519999996,0 -112.7060305,31.99831339999996,0 -112.7060305,31.998139199999958,0 -112.7059598,31.997499099999956,0 -112.7059644,31.997230099999957,0 -112.7060135,31.997045499999953,0 -112.706066,31.99696269999995,0 -112.7065024,31.99646819999995,0 -112.7067153,31.996159799999948,0 -112.7069345,31.99575149999995,0 -112.7070642,31.99559249999995,0 -112.7072271,31.99545879999995,0 -112.7075136,31.99535189999995,0 -112.7079268,31.99524289999995,0 -112.7080264,31.995187499999954,0 -112.70809999999999,31.995112899999953,0 -112.708165,31.995014799999957,0 -112.7082207,31.99488539999996,0 -112.70826469999999,31.994647799999957,0 -112.70825479999999,31.994606799999953,0 -112.7079112,31.99383319999995,0 -112.70790139999998,31.99378889999995,0 -112.70789859999998,31.993622499999947,0 -112.70794729999997,31.993242599999952,0 -112.70799959999998,31.993035599999953,0 -112.70860189999998,31.99193189999995,0 -112.70870479999998,31.991684699999954,0 -112.70874299999998,31.991478099999952,0 -112.70890109999998,31.991103299999953,0 -112.70929169999998,31.990533699999958,0 -112.70990919999998,31.989811799999956,0 -112.71002749999998,31.989622699999956,0 -112.71029049999997,31.988965499999956,0 -112.71040269999999,31.988768799999953,0 -112.71055869999999,31.98859599999995,0 -112.7112197,31.98802599999995,0 -112.7118434,31.98763209999995,0 -112.712684,31.98703819999995,0 -112.7136128,31.98611089999995,0 -112.71507120000001,31.98495069999995,0 -112.71561050000001,31.98436279999995,0 -112.7157574,31.984140599999947,0 -112.71641670000001,31.983343499999947,0 -112.71700140000002,31.98286059999995,0 -112.71848570000002,31.981276199999947,0 -112.71881700000002,31.98104519999995,0 -112.72030010000002,31.980286199999952,0 -112.72110220000002,31.979803099999952,0 -112.72202150000001,31.97934029999995,0 -112.72231780000003,31.979140899999948,0 -112.72263880000001,31.97888269999995,0 -112.72332370000002,31.97843479999995,0 -112.72373550000002,31.978107799999947,0 -112.72396710000002,31.977990999999946,0 -112.72467170000002,31.977747299999947,0 -112.72555870000001,31.977524799999944,0 -112.72685030000002,31.976809599999946,0 -112.72720340000001,31.97631959999995,0 -112.7273365,31.976183899999953,0 -112.72745830000002,31.976088499999953,0 -112.72778930000001,31.97590809999996,0 -112.72872940000002,31.975497699999963,0 -112.72974730000001,31.974865099999963,0 -112.73026490000001,31.974385599999962,0 -112.7304468,31.974109999999964,0 -112.73060869999999,31.97392509999996,0 -112.7307423,31.97380169999996,0 -112.7327987,31.97243209999996,0 -112.73295660000001,31.97234679999996,0 -112.73329170000001,31.97224239999996,0 -112.7334784,31.97221269999996,0 -112.73358879999999,31.97216949999996,0 -112.7336939,31.97210029999996,0 -112.734727,31.971137899999963,0 -112.7348868,31.971025999999963,0 -112.73509920000001,31.970923599999963,0 -112.7353261,31.970873799999964,0 -112.7359008,31.970831499999964,0 -112.7364662,31.970737899999964,0 -112.7369015,31.970608799999965,0 -112.7370867,31.970581599999964,0 -112.7376953,31.970572699999966,0 -112.7386954,31.97071849999997,0 -112.73922609999998,31.97072349999997,0 -112.74043609999998,31.970610799999967,0 -112.7415767,31.970130199999964,0 -112.741897,31.970028399999965,0 -112.74301139999999,31.969981599999965,0 -112.7439685,31.969841299999967,0 -112.7442691,31.969754099999964,0 -112.7454767,31.969038899999966,0 -112.745881,31.968834699999963,0 -112.747024,31.96847369999996,0 -112.7473044,31.96826679999996,0 -112.7487147,31.96697569999996,0 -112.7490669,31.96628399999996,0 -112.7495163,31.96593639999996,0 -112.750371,31.96563459999996,0 -112.75073210000001,31.96532189999996,0 -112.7515828,31.96482729999996,0 -112.7521075,31.96468739999996,0 -112.7524027,31.96445499999996,0 -112.7532314,31.96328389999996,0 -112.7534489,31.96305009999996,0 -112.75353199999999,31.96300279999996,0 -112.75366749999999,31.96295339999996,0 -112.7539415,31.962908299999963,0 -112.7542658,31.962802199999967,0 -112.75448060000001,31.96268839999997,0 -112.7557482,31.96187189999997,0 -112.7559927,31.96164549999997,0 -112.756176,31.96152029999997,0 -112.7563998,31.961421299999973,0 -112.7564844,31.961395499999973,0 -112.7570113,31.961298099999976,0 -112.757129,31.961251799999978,0 -112.7573052,31.961129399999972,0 -112.75770960000001,31.96091369999997,0 -112.757997,31.96079039999997,0 -112.7582334,31.960723299999966,0 -112.75959519999999,31.960691699999966,0 -112.7598661,31.960632299999965,0 -112.7601839,31.960634599999967,0 -112.76088969999999,31.960842499999963,0 -112.7611111,31.961004999999965,0 -112.7611952,31.961039299999964,0 -112.7618648,31.961191999999965,0 -112.7620297,31.961244299999965,0 -112.7626865,31.961559499999968,0 -112.7629166,31.961615399999967,0 -112.7630681,31.961628499999968,0 -112.763154,31.96162279999997,0 -112.7632673,31.96158749999997,0 -112.7638245,31.96128259999997,0 -112.764388,31.961039799999973,0 -112.76478239999999,31.96093889999997,0 -112.76493879999998,31.96091879999997,0 -112.76510169999999,31.96092059999997,0 -112.76520919999999,31.96093769999997,0 -112.76534969999999,31.96099459999997,0 -112.76546679999998,31.96110479999997,0 -112.7657584,31.961307999999963,0 -112.7659415,31.961398299999964,0 -112.76605749999999,31.961497699999967,0 -112.76625769999998,31.961735199999964,0 -112.76677179999999,31.962529899999964,0 -112.76698999999999,31.962779099999967,0 -112.76706449999999,31.962907299999966,0 -112.7672082,31.963518699999966,0 -112.76728589999999,31.963664999999967,0 -112.7675084,31.963939499999963,0 -112.76763399999999,31.964044199999964,0 -112.76775319999999,31.964179699999967,0 -112.76786499999999,31.96435129999997,0 -112.76808319999999,31.96461499999997,0 -112.7682215,31.96483989999997,0 -112.7684399,31.96531299999997,0 -112.7685666,31.96571899999997,0 -112.7685662,31.96596029999997,0 -112.7683414,31.96679589999997,0 -112.76818519999999,31.967079299999966,0 -112.7680159,31.967944199999966,0 -112.76805319999998,31.968028199999967,0 -112.7680898,31.96806329999997,0 -112.76812349999999,31.96807989999997,0 -112.76852449999998,31.96817489999997,0 -112.76865299999999,31.96823569999997,0 -112.76908509999998,31.968849299999967,0 -112.76913609999998,31.968901999999968,0 -112.76928339999999,31.968999299999968,0 -112.76947289999998,31.969094499999972,0 -112.76960659999999,31.969190899999973,0 -112.76969469999999,31.96927469999997,0 -112.76972719999999,31.969335899999976,0 -112.7697432,31.969397699999977,0 -112.76983609999999,31.96954709999998,0 -112.7699258,31.969627399999975,0 -112.7700056,31.969673699999973,0 -112.77018360000001,31.969731599999974,0 -112.77180070000001,31.970094199999977,0 -112.77234190000001,31.970167999999973,0 -112.77286320000002,31.970402699999973,0 -112.77479570000001,31.970816799999973,0 -112.77488460000001,31.970816799999973,0 -112.7750369,31.970793999999973,0 -112.7752568,31.970502799999974,0 -112.77561159999999,31.96994849999997,0 -112.77574979999999,31.969823999999967,0 -112.7761237,31.969555599999968,0 -112.77624019999999,31.969443099999967,0 -112.7763047,31.969348999999966,0 -112.7763693,31.969173599999962,0 -112.77654999999999,31.967999199999962,0 -112.77666809999998,31.96750169999996,0 -112.77694379999998,31.967175699999963,0 -112.7863096,31.96346129999996,0 -112.78727599999999,31.963014899999962,0 -112.78860929999999,31.961868799999962,0 -112.78902399999998,31.961440199999963,0 -112.7895758,31.96032019999996,0 -112.78992879999998,31.959771099999962,0 -112.79028459999998,31.95940439999996,0 -112.79141699999998,31.958658399999962,0 -112.79157349999998,31.958509699999965,0 -112.79210929999998,31.95769489999996,0 -112.79228899999998,31.957515499999964,0 -112.79258879999998,31.95730249999996,0 -112.79326959999999,31.956951299999965,0 -112.79347699999998,31.95679219999996,0 -112.79584229999998,31.95412249999996,0 -112.79614529999998,31.953586599999966,0 -112.79636469999998,31.953331999999968,0 -112.79693999999998,31.952847699999968,0 -112.79741669999997,31.952533999999964,0 -112.79770449999998,31.952459699999967,0 -112.79784019999997,31.95246609999997,0 -112.79795859999997,31.952513799999966,0 -112.79917689999998,31.953688699999965,0 -112.79941229999997,31.953828099999967,0 -112.79957059999997,31.953841799999964,0 -112.79975179999997,31.953834899999965,0 -112.80031019999997,31.959691799999966,0 -112.80048229999997,31.960688099999967,0 -112.80073679999997,31.961712599999966,0 -112.80099499999997,31.962506799999964,0 -112.80128449999997,31.963244099999965,0 -112.80181749999997,31.964377199999966,0 -112.80524839999995,31.970540099999965,0 -112.80564119999997,31.97136999999997,0 -112.80584509999996,31.97196959999997,0 -112.80601699999995,31.972704099999966,0 -112.80610909999996,31.97349169999997,0 -112.80610229999996,31.97427729999997,0 -112.80585059999997,31.976350199999967,0 -112.80572259999997,31.978548399999966,0 -112.80630089999997,31.995568999999968,0 -112.80623779999996,32.00013239999997,0 -112.80597579999997,32.00412319999997,0 -112.80579689999996,32.005914499999975,0 -112.80521819999996,32.01017289999997,0 -112.80413979999996,32.01568029999997,0 -112.80360249999995,32.01789619999997,0 -112.80270329999995,32.02112609999997,0 -112.80123109999995,32.02560159999997,0 -112.80050279999995,32.027562999999965,0 -112.77175089999994,32.09886679999997,0 -112.77148049999995,32.099659499999966,0 -112.77114489999994,32.10096529999997,0 -112.77100439999995,32.10177259999997,0 -112.76808789999994,32.126557799999965,0 -112.76804879999995,32.12665159999997,0 -112.76722189999994,32.13359419999997,0 -112.76723859999994,32.13365719999997,0 -112.75728469999994,32.21819139999997,0 -112.75673739999993,32.22110609999997,0 -112.75648449999994,32.22216479999997,0 -112.75546329999993,32.22563989999997,0 -112.74018099999994,32.26440769999997,0 -112.74012679999993,32.26446819999997,0 -112.73968449999994,32.26552059999997,0 -112.73787319999992,32.26499589999997,0 -112.73764169999993,32.264907599999965,0 -112.73748119999993,32.264818199999965,0 -112.73720919999994,32.264622899999964,0 -112.73697689999995,32.26436379999997,0 -112.73689949999994,32.264244799999965,0 -112.72822599999995,32.24509109999997,0 -112.72790559999994,32.24450089999997,0 -112.72769549999994,32.24417819999997,0 -112.72733119999995,32.24371089999997,0 -112.72707939999995,32.24345149999997,0 -112.71033179999995,32.22892909999997,0 -112.70969459999996,32.22849929999997,0 -112.70207199999996,32.22432479999997,0 -112.70155589999996,32.22408139999997,0 -112.69772579999996,32.22271979999997,0 -112.69720449999996,32.22259329999997,0 -112.69675799999996,32.222536499999975,0 -112.68708009999996,32.222290099999974,0 -112.68647619999996,32.22233789999997,0 -112.68426479999995,32.22279939999997,0 -112.67895119999994,32.22331059999997,0 -112.67826749999995,32.22333709999997,0 -112.67732519999994,32.22328109999997,0 -112.66949869999993,32.22213379999997,0 -112.66848209999993,32.221936299999975,0 -112.63134019999994,32.21332689999998,0 -112.63044489999994,32.213049399999974,0 -112.62336399999995,32.21010499999998,0 -112.62285879999995,32.20993969999998,0 -112.62260929999997,32.20988099999998,0 -112.62198219999996,32.20978809999998,0 -112.54298719999996,32.204185199999976,0 -112.54251739999995,32.20417689999998,0 -112.54189889999995,32.20420299999998,0 -112.53641389999996,32.20500599999998,0 -112.53610179999995,32.20503159999998,0 -112.53565269999996,32.20503709999998,0 -112.53506019999995,32.20499679999998,0 -112.34831019999996,32.18267099999998,0 -112.34713329999995,32.182561899999975,0 -112.31898129999996,32.180927499999974,0 -112.31741829999996,32.18092289999997,0 -112.31631559999995,32.18098429999997,0 -112.31476319999996,32.18116069999997,0 -112.31411999999996,32.18126869999997,0 -112.30744669999996,32.182681499999966,0 -112.30644399999996,32.18286099999997,0 -112.30474919999996,32.183054899999966,0 -112.30285119999996,32.18311289999997,0 -112.28156589999996,32.18191609999997,0 -112.28104359999996,32.18183169999997,0 -112.28074759999997,32.18175829999997,0 -112.28014259999996,32.181551199999966,0 -112.27306909999996,32.17816989999997,0 -112.27248019999996,32.17795999999997,0 -112.27217829999995,32.17789109999997,0 -112.26543769999996,32.17701679999997,0 -112.26037439999996,32.176061999999966,0 -112.25989769999997,32.176022899999964,0 -112.25927759999996,32.176053999999965,0 -112.25871789999998,32.17615769999996,0 -112.25843149999997,32.17624399999997,0 -112.25708179999997,32.176837799999966,0 -112.25651629999997,32.177010399999965,0 -112.25611269999997,32.17708109999997,0 -112.25568119999997,32.17711269999997,0 -112.24870429999997,32.177119799999964,0 -112.24396279999998,32.176957399999964,0 -112.23798839999998,32.17638749999997,0 -112.23756089999998,32.17636939999997,0 -112.23598109999998,32.176444899999964,0 -112.23553989999998,32.17643429999997,0 -112.23118549999998,32.17585909999997,0 -112.23074269999998,32.17577999999997,0 -112.22780579999998,32.17501059999997,0 -112.22711119999998,32.174881399999975,0 -112.2207821,32.17433809999998,0 -112.22035519999999,32.17426759999998,0 -112.2160486,32.17321759999998,0 -112.21586569999998,32.17319479999998,0 -112.2154149,32.17319879999999,0 -112.2138858,32.17345869999998,0 -112.2134325,32.17348469999998,0 -112.21306379999999,32.17346949999999,0 -112.20774789999999,32.17292709999999,0 -112.20637499999998,32.172653499999996,0 -112.20607669999998,32.17262629999999,0 -112.20585909999998,32.17263319999999,0 -112.20543619999998,32.17271019999999,0 -112.20316919999999,32.17349499999999,0 -112.2029192,32.173564699999986,0 -112.20262539999999,32.173617599999986,0 -112.20169209999999,32.173706299999985,0 -112.20139019999999,32.17378579999999,0 -112.2010639,32.17391839999999,0 -112.1995705,32.17463559999999,0 -112.19901339999998,32.17484509999999,0 -112.19863679999999,32.174939699999996,0 -112.1963024,32.175389499999994,0 -112.1931457,32.1764223,0 -112.1918056,32.176737499999994,0 -112.1915495,32.1767675,0 -112.1912296,32.17675799999999,0 -112.1909998,32.1767177,0 -112.1884686,32.1758465,0 -112.18776079999999,32.175700299999995,0 -112.18312949999999,32.1750614,0 -112.18087939999998,32.1748395,0 -112.16753019999999,32.1739308,0 -112.16684709999998,32.1739278,0 -112.16629549999998,32.173961899999995,0 -112.16560709999997,32.174054,0 -112.16496649999998,32.1741858,0 -112.16293099999999,32.174777799999994,0 -112.16212209999999,32.17495809999999,0 -112.16163559999998,32.17503669999999,0 -112.16084349999998,32.175110399999994,0 -112.15993869999998,32.1751326,0 -112.1590737,32.175072199999995,0 -112.15819629999999,32.17494119999999,0 -112.15752239999999,32.174794,0 -112.156449,32.1744577,0 -112.1557645,32.1741738,0 -112.1548164,32.1736691,0 -112.15249610000001,32.1722402,0 -112.1514958,32.1716723,0 -112.1505746,32.171224499999994,0 -112.1499096,32.1709562,0 -112.1488188,32.1706024,0 -112.1481792,32.1704446,0 -112.14725419999999,32.1702627,0 -112.1387311,32.169183,0 -112.13755859999999,32.169107499999996,0 -112.1299206,32.168139999999994,0 -112.1293003,32.1679744,0 -112.1289386,32.167825799999996,0 -112.1267086,32.1667548,0 -112.1261402,32.1665403,0 -112.1258727,32.166466899999996,0 -112.12307089999999,32.1658942,0 -112.12216989999999,32.1657745,0 -112.12038799999999,32.1656443,0 -112.1198527,32.1655647,0 -112.1189953,32.1653526,0 -112.1182431,32.1650716,0 -112.1174812,32.1646879,0 -112.11699469999999,32.164380099999995,0 -112.11402679999999,32.1622136,0 -112.1134065,32.1616691,0 -112.11253819999999,32.1608254,0 -112.10844089999999,32.1565033,0 -112.1081638,32.156160899999996,0 -112.10782409999999,32.1556619,0 -112.10586769999999,32.152208099999996,0 -112.09961299999999,32.142536199999995,0 -112.0573775,32.0899205,0 -112.0568794,32.0893506,0 -111.97357720000001,31.985428900000002,0 -111.97216930000002,31.983796599999998,0 -111.94990140000002,31.960304700000002,0 -111.94788500000001,31.958443100000004,0 -111.94549090000002,31.9564645,0 -111.94327580000001,31.9548404,0 -111.89933000000002,31.9253908,0 -111.89803090000002,31.924636599999996,0 -111.89606120000003,31.9236275,0 -111.89442220000002,31.9228854,0 -111.89244440000002,31.922103499999995,0 -111.88998770000002,31.921286299999995,0 -111.88002900000002,31.918529599999996,0 -111.87768950000003,31.9180024,0 -111.87397280000003,31.917355699999995,0 -111.86369880000002,31.916038599999993,0 -111.86216610000002,31.91591379999999,0 -111.85939840000003,31.915830199999995,0 -111.85839720000003,31.915841599999997,0 -111.85632200000003,31.915941800000002,0 -111.85418560000004,31.916153900000005,0 -111.82862840000004,31.9198466,0 -111.82710870000004,31.9201331,0 -111.78655680000004,31.929216900000004,0 -111.78547450000005,31.929499200000006,0 -111.78427280000005,31.929886000000007,0 -111.78344330000004,31.930207600000003,0 -111.78220740000005,31.9307633,0 -111.78082960000005,31.9315084,0 -111.77973040000005,31.9322208,0 -111.77861000000004,31.9330727,0 -111.77798790000004,31.9336072,0 -111.77732750000004,31.934241200000002,0 -111.73981410000003,31.973084800000006,0 -111.73775890000003,31.974979800000003,0 -111.73632240000002,31.976114000000006,0 -111.73423850000003,31.977573300000003,0 -111.73306200000003,31.978305800000005,0 -111.70542080000003,31.993105500000002,0 -111.70314600000002,31.994243200000007,0 -111.70149720000002,31.994992200000002,0 -111.69244150000002,31.9987423,0 -111.69126270000002,31.999276200000004,0 -111.68938100000003,32.0002182,0 -111.68084000000003,32.004778,0 -111.67937990000003,32.0055027,0 -111.67651330000004,32.0067446,0 -111.67391420000004,32.0076259,0 -111.67117640000004,32.008359199999994,0 -111.56742460000004,32.028864399999996,0 -111.56551910000003,32.029316099999996,0 -111.54521430000004,32.0350737,0 -111.54409100000004,32.035356300000004,0 -111.54229540000004,32.035734500000004,0 -111.54021720000003,32.0360723,0 -111.53852010000003,32.0362691,0 -111.53704400000004,32.0363916,0 -111.51187720000003,32.037566000000005,0 -111.50890930000004,32.0378506,0 -111.50318410000004,32.038743200000006,0 -111.50056020000005,32.0390005,0 -111.44843980000005,32.04143440000001,0 -111.44465280000004,32.04169300000001,0 -111.44346740000005,32.041858600000005,0 -111.44215050000004,32.042138300000005,0 -111.44135370000005,32.042357900000006,0 -111.43791170000004,32.04359000000001,0 -111.39648600000005,32.05984610000001,0 -111.39486890000005,32.06043470000001,0 -111.39325640000004,32.06093650000001,0 -111.39103160000005,32.06152360000001,0 -111.36767410000004,32.06626440000001,0 -111.36597910000005,32.066757200000005,0 -111.36448340000004,32.0673347,0 -111.34647130000005,32.0754066,0 -111.34569330000005,32.075665300000004,0 -111.34461910000005,32.075916600000006,0 -111.34398050000003,32.076008300000005,0 -111.34300790000003,32.076076300000004,0 -111.34248100000003,32.076077500000004,0 -111.34162240000003,32.07602380000001,0 -111.33497910000004,32.07506860000001,0 -111.33451740000004,32.075026500000014,0 -111.33362920000005,32.075002800000014,0 -111.31473440000005,32.07646660000001,0 -111.31353400000005,32.07667280000001,0 -111.31222550000004,32.07709410000001,0 -111.26063550000005,32.09773220000001,0 -111.26051870000005,32.097798800000014,0 -111.21294240000005,32.116845700000006,0 -111.21002770000004,32.118143700000005,0 -111.20765680000004,32.11930210000001,0 -111.20064830000004,32.12301750000001,0 -111.19978400000004,32.12342310000001,0 -111.17927700000003,32.13161670000001,0 -111.17901430000003,32.1316647,0 -111.17732030000002,32.13217350000001,0 -111.17339660000002,32.1331288,0 -111.16355790000001,32.1361879,0 -111.16238340000002,32.13662910000001,0 -111.15999800000003,32.137644900000005,0 -111.15869910000002,32.138102200000006,0 -111.14303190000003,32.14296390000001,0 -111.14052440000002,32.14381510000001,0 -111.13747950000003,32.14499270000001,0 -111.12236970000002,32.151560700000005,0 -111.11838000000003,32.153094900000006,0 -111.11572520000003,32.154207400000004,0 -111.11549060000003,32.1543331,0 -111.10735650000002,32.1579114,0 -111.10417490000003,32.159551400000005,0 -111.09843290000003,32.16318330000001,0 -111.09739000000003,32.163754100000006,0 -111.09679060000003,32.1640372,0 -111.09553190000003,32.1645082,0 -111.09155730000003,32.1656964,0 -111.07505780000002,32.1702161,0 -111.07367360000003,32.1706508,0 -111.07145710000003,32.171263599999996,0 -111.06976820000003,32.1716449,0 -111.06926520000003,32.1718061,0 -111.04998330000002,32.1771216,0 -111.04885620000003,32.1773328,0 -111.04742960000003,32.1775329,0 -111.04589720000001,32.1776371,0 -111.04449200000002,32.1776268,0 -111.02417460000002,32.1763049,0 -111.02275390000001,32.1763105,0 -111.02061120000002,32.1764459,0 -111.01993710000002,32.1765499,0 -111.01602880000002,32.177416099999995,0 -111.01490100000002,32.1776291,0 -111.01401070000001,32.1777537,0 -111.01316980000003,32.177823499999995,0 -111.01163150000002,32.177862299999994,0 -111.01151400000002,32.177909199999995,0 -111.00562150000002,32.17789689999999,0 -111.00529460000003,32.17784749999999,0 -111.00237120000003,32.17780689999999,0 -111.00236660000002,32.17763839999999,0 -111.00284310000002,32.17760829999999,0 -111.00289470000001,32.177595499999995,0 -111.00290810000003,32.17758339999999,0 -111.00291640000002,32.17756589999999,0 -111.00291330000003,32.17745199999999,0 </coordinates></LineString><TimeSpan><begin>2022-07-03T22:18:12.000Z</begin><end>2022-07-04T02:23:29.000Z</end></TimeSpan></Placemark><Placemark><name>McDonald's</name><address>1785 W Ajo Way, Tucson, AZ 85713</address><ExtendedData><Data name="Email"><value>syugen.zhou@gmail.com</value></Data><Data name="Category"><value>Fast Food</value></Data><Data name="Distance"><value>0</value></Data></ExtendedData><description> Fast Food from 2022-07-04T02:23:29.000Z to 2022-07-04T02:30:02.000Z. Distance 0m </description><Point><coordinates>-111.00270019999999,32.1774104,0</coordinates></Point><TimeSpan><begin>2022-07-04T02:23:29.000Z</begin><end>2022-07-04T02:30:02.000Z</end></TimeSpan></Placemark><Placemark><name>Driving</name><address></address><ExtendedData><Data name="Email"><value>syugen.zhou@gmail.com</value></Data><Data name="Category"><value>Driving</value></Data><Data name="Distance"><value>10086</value></Data></ExtendedData><description> Driving from 2022-07-04T02:30:02.000Z to 2022-07-04T02:37:29.999Z. Distance 10086m </description><LineString><altitudeMode>clampToGround</altitudeMode><extrude>1</extrude><tesselate>1</tesselate><coordinates>-111.00291329999999,32.1774512,0 -111.00291639999999,32.177565900000005,0 -111.00290809999998,32.1775834,0 -111.00289469999998,32.1775955,0 -111.00284309999998,32.1776083,0 -111.00259729999999,32.1776329,0 -111.00236659999999,32.177638400000006,0 -111.00237119999998,32.1778069,0 -111.00164149999998,32.177827300000004,0 -111.00157039999998,32.1778375,0 -111.00150979999998,32.177858,0 -111.00149809999998,32.1778646,0 -110.99567389999999,32.177858099999995,0 -110.99500279999998,32.1778701,0 -110.99479949999998,32.1778087,0 -110.99361979999999,32.177802500000006,0 -110.99084239999998,32.1776807,0 -110.98982909999998,32.17767260000001,0 -110.98922329999998,32.177651000000004,0 -110.98642289999998,32.177746000000006,0 -110.98547289999998,32.17773100000001,0 -110.98547029999999,32.177776300000005,0 -110.98547609999999,32.17788110000001,0 -110.98531279999999,32.17797130000001,0 -110.98522799999999,32.17804050000001,0 -110.98516479999999,32.17810340000001,0 -110.98511439999999,32.17816800000001,0 -110.9849969,32.17835830000001,0 -110.9851329,32.179830500000016,0 -110.9851405,32.181403300000014,0 -110.9850833,32.18209490000002,0 -110.9849424,32.18281490000002,0 -110.9847575,32.183436100000016,0 -110.9847585,32.18345200000002,0 -110.98479400000001,32.18356320000002,0 -110.9845551,32.18416020000002,0 -110.9842974,32.184722200000024,0 -110.98404239999999,32.185213000000026,0 -110.9838055,32.18562860000002,0 -110.9804774,32.191118100000025,0 -110.980409,32.191262100000024,0 -110.97943599999999,32.19288590000002,0 -110.97941259999999,32.192933500000024,0 -110.97853059999998,32.19437380000002,0 -110.97835369999999,32.194716300000024,0 -110.97828069999998,32.19488880000002,0 -110.97816579999999,32.19522020000003,0 -110.97807249999998,32.195621200000026,0 -110.97801859999998,32.19600630000003,0 -110.97800269999998,32.19630080000003,0 -110.97800499999998,32.19645170000003,0 -110.97803529999997,32.19683510000003,0 -110.97806649999998,32.19704250000003,0 -110.97812939999997,32.19731280000003,0 -110.97885889999998,32.19959440000003,0 -110.97898569999997,32.20004370000003,0 -110.97907709999997,32.20045580000003,0 -110.97921169999996,32.20124250000003,0 -110.97931479999995,32.20134100000003,0 -110.97936109999996,32.20174980000003,0 -110.97941609999995,32.20264220000003,0 -110.97954229999996,32.21682220000003,0 -110.97957199999995,32.21749270000003,0 -110.97968179999995,32.21879270000003,0 -110.97974419999994,32.21933540000003,0 -110.97992609999994,32.22058190000003,0 -110.98007569999994,32.22144910000003,0 -110.98072189999995,32.22445870000003,0 -110.98105439999995,32.22574710000003,0 -110.98134359999996,32.22672360000003,0 -110.98253799999996,32.230239900000036,0 -110.98302929999997,32.231961000000034,0 -110.98332169999996,32.23319700000004,0 -110.98410089999996,32.23679050000003,0 -110.98432059999996,32.23758850000004,0 -110.98461899999997,32.23851030000004,0 -110.98507029999996,32.23967000000003,0 -110.98544519999996,32.240498900000034,0 -110.98592709999996,32.24143200000003,0 -110.98638889999995,32.24221880000003,0 -110.98678519999994,32.24284430000003,0 -110.98721879999994,32.24346680000003,0 -110.98787199999994,32.24433670000003,0 -110.98818339999994,32.24471990000003,0 -110.98817219999994,32.24487140000003,0 -110.98817619999994,32.24488270000003,0 -110.98959219999993,32.24675640000003,0 -110.99060669999994,32.24814430000003,0 -110.99074889999994,32.24843450000003,0 -110.99163109999994,32.24960630000003,0 -110.99219749999995,32.25027250000003,0 -110.99229959999994,32.25042330000003,0 -110.99464519999994,32.25043040000003,0 -110.99466959999992,32.25031600000003,0 -110.99465649999993,32.25015570000003,0 -110.99464769999993,32.25011220000003,0 -110.99474759999993,32.250035000000025,0 -110.99473789999993,32.25002360000003,0 -110.99473419999994,32.24994600000002,0 -110.99474059999994,32.24983110000003,0 </coordinates></LineString><TimeSpan><begin>2022-07-04T02:30:02.000Z</begin><end>2022-07-04T02:37:29.999Z</end></TimeSpan></Placemark><Placemark><name>Hyatt Place Tucson-Central</name><address>1375 W Grant Rd, Tucson, AZ 85745</address><ExtendedData><Data name="Email"><value>syugen.zhou@gmail.com</value></Data><Data name="Category"><value>Hotel</value></Data><Data name="Distance"><value>0</value></Data></ExtendedData><description> Hotel from 2022-07-04T02:37:29.999Z to 2022-07-04T15:12:54.999Z. Distance 0m </description><Point><coordinates>-110.9944586,32.2494757,0</coordinates></Point><TimeSpan><begin>2022-07-04T02:37:29.999Z</begin><end>2022-07-04T15:12:54.999Z</end></TimeSpan></Placemark></Document></kml>
