<?xml version="1.0" encoding="UTF-8"?><kml xmlns="http://www.opengis.net/kml/2.2" xmlns:gx="http://www.google.com/kml/ext/2.2"><Document><name> Location history from 2022-07-02 to 2022-07-02 </name><open>1</open><description></description><StyleMap id="multiTrack"><Pair><key>normal</key><styleUrl>#multiTrack_n</styleUrl></Pair><Pair><key>highlight</key><styleUrl>#multiTrack_h</styleUrl></Pair></StyleMap><Style id="multiTrack_n"><IconStyle><Icon><href>https://earth.google.com/images/kml-icons/track-directional/track-0.png</href></Icon></IconStyle><LineStyle><color>99ffac59</color><width>6</width></LineStyle></Style><Style id="multiTrack_h"><IconStyle><scale>1.2</scale><Icon><href>https://earth.google.com/images/kml-icons/track-directional/track-0.png</href></Icon></IconStyle><LineStyle><color>99ffac59</color><width>8</width></LineStyle></Style><Placemark><name>Hyatt Place Tucson-Central</name><address>1375 W Grant Rd, Tucson, AZ 85745</address><ExtendedData><Data name="Email"><value>syugen.zhou@gmail.com</value></Data><Data name="Category"><value>Hotel</value></Data><Data name="Distance"><value>0</value></Data></ExtendedData><description> Hotel from 2022-07-02T01:15:14.999Z to 2022-07-02T12:05:14.999Z. Distance 0m </description><Point><coordinates>-110.9944586,32.2494757,0</coordinates></Point><TimeSpan><begin>2022-07-02T01:15:14.999Z</begin><end>2022-07-02T12:05:14.999Z</end></TimeSpan></Placemark><Placemark><name>Driving</name><address></address><ExtendedData><Data name="Email"><value>syugen.zhou@gmail.com</value></Data><Data name="Category"><value>Driving</value></Data><Data name="Distance"><value>10448</value></Data></ExtendedData><description> Driving from 2022-07-02T12:05:14.999Z to 2022-07-02T12:13:40.000Z. Distance 10448m </description><LineString><altitudeMode>clampToGround</altitudeMode><extrude>1</extrude><tesselate>1</tesselate><coordinates>-110.99440519999999,32.2497979,0 -110.99463149999998,32.250055499999995,0 -110.99465649999998,32.2501557,0 -110.99466959999998,32.250316,0 -110.99354519999999,32.2502832,0 -110.9927257,32.2493439,0 -110.99250219999998,32.24913480000001,0 -110.99032979999998,32.246778400000004,0 -110.99016469999998,32.24673920000001,0 -110.98786229999997,32.243942600000004,0 -110.98727859999998,32.243149900000006,0 -110.98653209999998,32.2420066,0 -110.98611079999998,32.2412688,0 -110.98561669999997,32.2403048,0 -110.98519399999996,32.2393526,0 -110.98486709999997,32.2384938,0 -110.98449009999997,32.2373256,0 -110.98424089999997,32.2363464,0 -110.98349349999997,32.23285,0 -110.98317449999996,32.2315743,0 -110.98272379999996,32.2300349,0 -110.98141839999997,32.2261532,0 -110.98108749999997,32.2249476,0 -110.98015819999996,32.2206051,0 -110.97992579999996,32.2189864,0 -110.97979519999996,32.217492899999996,0 -110.97961859999995,32.20281179999999,0 -110.97957099999996,32.20186129999999,0 -110.97933199999996,32.20003729999999,0 -110.97913859999996,32.1991276,0 -110.97885109999996,32.198063399999995,0 -110.97855979999996,32.197177599999996,0 -110.97819889999995,32.19623349999999,0 -110.97788889999994,32.19552759999999,0 -110.97750679999994,32.19475599999999,0 -110.97708889999994,32.19400059999999,0 -110.97507479999994,32.190678199999994,0 -110.97463749999994,32.19004989999999,0 -110.97437229999994,32.18973949999999,0 -110.97394989999994,32.18931429999999,0 -110.97328179999994,32.18875979999999,0 -110.97292459999994,32.1885188,0 -110.97236909999994,32.18819479999999,0 -110.97163349999994,32.187850999999995,0 -110.97118999999994,32.1876849,0 -110.97047619999994,32.1874679,0 -110.96983819999993,32.1873104,0 -110.96740379999994,32.1867982,0 -110.96536249999994,32.1862853,0 -110.96530069999994,32.1861941,0 -110.96286849999994,32.1853933,0 -110.96275679999995,32.1853253,0 -110.95993559999994,32.184618400000005,0 -110.95931009999994,32.184411000000004,0 -110.95914039999992,32.184331300000004,0 -110.95894699999992,32.1842154,0 -110.95868139999992,32.1840072,0 -110.95632989999993,32.181677300000004,0 -110.95608119999993,32.18145940000001,0 -110.95609209999992,32.181619700000006,0 -110.95607359999993,32.18271250000001,0 -110.95609099999992,32.182793100000005,0 -110.95613529999991,32.185737700000004,0 -110.95621659999992,32.186420000000005,0 -110.95623419999993,32.187072500000006,0 -110.95399959999992,32.1870812,0 -110.95390539999991,32.1871007,0 -110.9538647999999,32.1871159,0 -110.95377769999992,32.1872002,0 -110.95373429999992,32.1872166,0 -110.95365849999992,32.18726409999999,0 -110.95329399999991,32.18757769999999,0 -110.95315199999992,32.18764959999999,0 -110.95298859999991,32.187683099999994,0 -110.95282789999992,32.187678799999986,0 -110.95268749999993,32.18764989999999,0 -110.95253219999992,32.18758379999999,0 -110.95127639999993,32.18675779999999,0 -110.95115259999993,32.186660899999985,0 -110.95107169999993,32.186555599999984,0 -110.95102279999992,32.18644589999998,0 -110.95020009999992,32.18377779999998,0 -110.95011339999992,32.18358159999998,0 -110.95007489999992,32.18351999999998,0 -110.94989149999992,32.18332779999999,0 -110.94978059999993,32.18324289999998,0 -110.94975639999993,32.18319779999999,0 -110.94964249999992,32.18314259999999,0 -110.94917559999992,32.18297019999999,0 -110.94905569999992,32.182905199999986,0 -110.94894039999991,32.18276519999999,0 -110.94892459999991,32.18269289999999,0 -110.9489014999999,32.182652499999996,0 -110.94886939999992,32.18261679999999,0 -110.94882949999992,32.18258719999999,0 -110.94878349999992,32.182564899999996,0 -110.94873319999992,32.18255069999999,0 -110.94829559999992,32.1824793,0 -110.94787119999992,32.182365,0 -110.94773669999992,32.18236649999999,0 </coordinates></LineString><TimeSpan><begin>2022-07-02T12:05:14.999Z</begin><end>2022-07-02T12:13:40.000Z</end></TimeSpan></Placemark><Placemark><name>Starbucks</name><address>1580 E Tucson Marketplace Blvd, Tucson, AZ 85713</address><ExtendedData><Data name="Email"><value>syugen.zhou@gmail.com</value></Data><Data name="Category"><value>Coffee shop</value></Data><Data name="Distance"><value>0</value></Data></ExtendedData><description> Coffee shop from 2022-07-02T12:13:40.000Z to 2022-07-02T12:16:22.000Z. Distance 0m </description><Point><coordinates>-110.94807,32.182795,0</coordinates></Point><TimeSpan><begin>2022-07-02T12:13:40.000Z</begin><end>2022-07-02T12:16:22.000Z</end></TimeSpan></Placemark><Placemark><name>Driving</name><address></address><ExtendedData><Data name="Email"><value>syugen.zhou@gmail.com</value></Data><Data name="Category"><value>Driving</value></Data><Data name="Distance"><value>243655</value></Data></ExtendedData><description> Driving from 2022-07-02T12:16:22.000Z to 2022-07-02T14:13:32.000Z. Distance 243655m </description><LineString><altitudeMode>clampToGround</altitudeMode><extrude>1</extrude><tesselate>1</tesselate><coordinates>-110.9477367,32.1823665,0 -110.94781389999999,32.1824384,0 -110.9481849,32.182547500000005,0 -110.9482427,32.18257400000001,0 -110.9482904,32.18260710000001,0 -110.9484125,32.18273810000001,0 -110.9484013,32.18290310000001,0 -110.9483748,32.18298310000001,0 -110.9483515,32.183099500000004,0 -110.9482844,32.1832982,0 -110.9476145,32.18446430000001,0 -110.9474672,32.18465360000001,0 -110.9473271,32.184786900000006,0 -110.9471511,32.18490070000001,0 -110.9469792,32.1849703,0 -110.9467006,32.1850499,0 -110.9465447,32.1850746,0 -110.9462933,32.1850839,0 -110.9445229,32.185055,0 -110.94451289999999,32.1849286,0 -110.94458459999998,32.178199299999996,0 -110.94461009999999,32.1777656,0 -110.94464609999999,32.1776457,0 -110.94466399999999,32.1775232,0 -110.94472769999999,32.176630100000004,0 -110.94474199999999,32.176562800000006,0 -110.94477499999999,32.1764723,0 -110.9448162,32.1764072,0 -110.9448663,32.176352300000005,0 -110.94495850000001,32.1762894,0 -110.94506190000001,32.1762436,0 -110.94513900000001,32.1762278,0 -110.94525180000002,32.1762235,0 -110.94534170000001,32.1762338,0 -110.94548600000002,32.1762768,0 -110.94564910000003,32.1763524,0 -110.94571110000003,32.1763893,0 -110.94582720000002,32.17648,0 -110.94591580000004,32.176580099999995,0 -110.94599680000003,32.176692599999996,0 -110.94603170000003,32.17675599999999,0 -110.94608850000003,32.1769305,0 -110.94610310000004,32.1770563,0 -110.94609730000003,32.1772095,0 -110.94608860000004,32.1772517,0 -110.94604160000004,32.177366,0 -110.94600160000003,32.1774228,0 -110.94592600000003,32.177491700000004,0 -110.94580230000003,32.177556,0 -110.94571510000003,32.177583500000004,0 -110.94566010000003,32.1775851,0 -110.94541910000004,32.177536399999994,0 -110.94517250000003,32.177415399999994,0 -110.94512720000002,32.17740309999999,0 -110.94503590000002,32.17739579999999,0 -110.90136830000002,32.15284249999999,0 -110.90023200000003,32.15213769999999,0 -110.89955250000003,32.15168039999999,0 -110.89879120000002,32.15111269999999,0 -110.89806010000002,32.15051579999999,0 -110.89708110000002,32.149643799999986,0 -110.89614760000002,32.14871279999999,0 -110.89523310000001,32.14766689999999,0 -110.89493110000002,32.14728709999999,0 -110.89404260000002,32.14606979999999,0 -110.8935977,32.145379199999994,0 -110.892975,32.14428949999999,0 -110.8881738,32.1349768,0 -110.88785290000001,32.13440309999999,0 -110.88739090000001,32.133723499999995,0 -110.88709860000002,32.133344099999995,0 -110.88648340000002,32.132643699999996,0 -110.88603880000001,32.13220309999999,0 -110.88539330000002,32.13163899999999,0 -110.88496220000002,32.13130849999999,0 -110.88443720000002,32.130941499999985,0 -110.86953400000002,32.12161399999999,0 -110.86893720000002,32.121216899999986,0 -110.74674160000002,32.04442689999998,0 -110.68663400000003,32.00435019999998,0 -110.68530810000001,32.003555599999984,0 -110.68442490000001,32.003090599999986,0 -110.68374540000002,32.00276779999998,0 -110.68115700000001,32.00177799999998,0 -110.67936520000002,32.00116559999998,0 -110.67837470000002,32.00088989999998,0 -110.65922990000003,31.996928499999985,0 -110.65771640000001,31.996674199999987,0 -110.65645310000002,31.996525899999988,0 -110.65557670000003,31.996455299999983,0 -110.65454040000002,31.996407199999982,0 -110.65335760000002,31.996398199999984,0 -110.65182270000001,31.99645779999998,0 -110.65108040000001,31.996515799999983,0 -110.64468360000001,31.997165499999983,0 -110.64404780000001,31.99720529999998,0 -110.64319870000001,31.997227599999977,0 -110.6423663,31.997215099999977,0 -110.64163620000002,31.997180599999975,0 -110.63953980000002,31.997025899999972,0 -110.63847830000002,31.996991199999975,0 -110.63768750000001,31.997007699999976,0 -110.63680020000001,31.997068899999977,0 -110.63594300000001,31.997172799999976,0 -110.63543890000001,31.997251699999982,0 -110.63226820000001,31.99791269999998,0 -110.6313787,31.99807259999998,0 -110.6303405,31.99819929999998,0 -110.6295573,31.998256499999975,0 -110.6283713,31.998269299999976,0 -110.6275919,31.998233399999975,0 -110.6266682,31.99814579999998,0 -110.6257659,31.998012999999975,0 -110.6248509,31.997824099999974,0 -110.6242362,31.997668399999977,0 -110.59316510000001,31.988947799999973,0 -110.59302500000001,31.988898599999974,0 -110.5912001,31.988461399999977,0 -110.5895902,31.988145599999974,0 -110.58745540000001,31.987832499999975,0 -110.56525850000001,31.985472899999973,0 -110.55765240000001,31.98448459999997,0 -110.55093120000002,31.98376949999997,0 -110.54642880000003,31.983196099999972,0 -110.51964470000003,31.97895749999997,0 -110.51824580000002,31.97865819999997,0 -110.51682710000003,31.978276299999973,0 -110.51598400000003,31.97801149999997,0 -110.51228390000003,31.97666209999997,0 -110.50830970000004,31.97538629999997,0 -110.50731820000003,31.975108199999966,0 -110.50181350000003,31.97376749999997,0 -110.49778220000003,31.97297059999997,0 -110.49758260000003,31.972917699999968,0 -110.47956410000003,31.96936659999997,0 -110.47771000000003,31.96906669999997,0 -110.47630030000003,31.96889599999997,0 -110.47313460000002,31.96859309999997,0 -110.47124630000002,31.96832609999997,0 -110.46962110000003,31.968024999999972,0 -110.46836960000003,31.967748299999972,0 -110.46682750000002,31.967350299999968,0 -110.46531660000002,31.96689969999997,0 -110.45886690000002,31.964781199999972,0 -110.45729500000003,31.96432639999997,0 -110.45631080000003,31.96407679999997,0 -110.45495420000002,31.96377259999997,0 -110.45316510000002,31.963445399999973,0 -110.45119200000002,31.963173899999973,0 -110.44899260000003,31.96296209999997,0 -110.44759440000001,31.96286429999997,0 -110.44465070000001,31.962754099999973,0 -110.36027500000002,31.963118099999978,0 -110.3597335,31.963104599999973,0 -110.3554694,31.963123999999976,0 -110.35369150000001,31.963178899999974,0 -110.35202190000001,31.963310999999972,0 -110.35067060000002,31.963488899999973,0 -110.34961990000001,31.96367209999997,0 -110.34846060000001,31.963921199999977,0 -110.33445260000002,31.967503399999973,0 -110.33396430000002,31.967653499999972,0 -110.33348860000001,31.967829199999976,0 -110.3331336,31.967978699999975,0 -110.33243,31.96832159999997,0 -110.33198259999999,31.968578299999972,0 -110.32864279999998,31.97067459999997,0 -110.3281804,31.97093359999997,0 -110.32725629999999,31.97140069999997,0 -110.3149633,31.976758699999973,0 -110.3142689,31.97704209999997,0 -110.3131739,31.977423799999972,0 -110.31183189999999,31.97780009999997,0 -110.31094219999999,31.977997099999975,0 -110.31001009999999,31.97816329999997,0 -110.30864099999998,31.97832789999997,0 -110.30733879999997,31.978399999999972,0 -110.29839309999997,31.978396099999973,0 -110.29769919999998,31.978373199999975,0 -110.29660639999997,31.978277399999975,0 -110.29596659999997,31.978183899999973,0 -110.29483809999998,31.977959999999975,0 -110.29397209999998,31.977733399999973,0 -110.29332849999997,31.97753459999997,0 -110.29278239999998,31.97734249999997,0 -110.29195129999998,31.97700189999997,0 -110.29128669999997,31.97669039999997,0 -110.29072969999997,31.97639709999997,0 -110.28978719999998,31.975827099999968,0 -110.28904819999998,31.975311799999968,0 -110.28270359999999,31.970509099999973,0 -110.28183569999999,31.96993279999997,0 -110.2807196,31.969249299999973,0 -110.27937069999999,31.968512799999974,0 -110.27778939999999,31.96777229999997,0 -110.27677299999999,31.967351299999972,0 -110.27607879999998,31.96708859999997,0 -110.27486759999998,31.966672599999974,0 -110.27344339999998,31.966253399999975,0 -110.27204819999997,31.965914899999973,0 -110.27096719999997,31.965696399999974,0 -110.26943449999997,31.96545079999997,0 -110.26832019999998,31.96531969999997,0 -110.26681659999998,31.96520779999997,0 -110.26563899999998,31.965164399999967,0 -110.25934459999998,31.965121499999967,0 -110.25806209999998,31.96518129999997,0 -110.25708599999997,31.965252599999967,0 -110.25494469999998,31.965487299999968,0 -110.25346779999998,31.96571489999997,0 -110.25232689999999,31.96592769999997,0 -110.25108109999998,31.96619499999997,0 -110.24996889999998,31.966469199999967,0 -110.24802909999998,31.967028099999965,0 -110.24647199999998,31.967551799999963,0 -110.24518979999998,31.968042099999963,0 -110.24381049999998,31.96861809999996,0 -110.24312539999998,31.968928799999965,0 -110.24135729999998,31.969816599999962,0 -110.24070019999998,31.970174099999962,0 -110.23922739999998,31.971035199999964,0 -110.23200489999998,31.97567919999996,0 -110.23120049999997,31.97615359999996,0 -110.23009559999998,31.976729599999963,0 -110.22951729999998,31.976983199999964,0 -110.22909089999999,31.97714759999996,0 -110.22848319999997,31.977350899999962,0 -110.22701939999997,31.977786299999963,0 -110.19782069999997,31.984922999999963,0 -110.19563279999997,31.985523499999967,0 -110.19357779999997,31.986148399999966,0 -110.19108499999997,31.986986699999964,0 -110.15529159999997,32.00014269999996,0 -110.15373559999998,32.00074209999996,0 -110.15228189999998,32.00124239999996,0 -110.13557009999997,32.00742059999996,0 -110.13329359999997,32.00821989999996,0 -110.12784649999998,32.010232199999955,0 -110.12624649999998,32.01088659999996,0 -110.12457359999998,32.011666499999954,0 -110.12335519999998,32.012276399999955,0 -110.12184079999997,32.01309969999995,0 -110.11978899999997,32.014335599999946,0 -110.11792669999997,32.01558099999994,0 -110.11645109999996,32.01666769999994,0 -110.11507239999996,32.017770799999944,0 -110.11433759999997,32.01839719999994,0 -110.11285579999996,32.019738799999935,0 -110.11158629999997,32.021029099999936,0 -110.11063119999999,32.02205949999993,0 -110.10914609999998,32.02380859999994,0 -110.10836249999997,32.02482659999993,0 -110.10736789999997,32.026222699999934,0 -110.10678629999998,32.027106799999935,0 -110.10207089999999,32.03495169999994,0 -110.10176059999998,32.03543329999994,0 -110.10134299999999,32.03600179999994,0 -110.1008959,32.03653569999994,0 -110.10041189999998,32.037060299999936,0 -110.09982019999998,32.03763339999993,0 -110.09908969999998,32.03825289999994,0 -110.09851139999998,32.038690999999936,0 -110.09325669999998,32.04229869999993,0 -110.09265829999998,32.04275579999993,0 -110.09217899999997,32.043151999999935,0 -110.09121849999998,32.044044499999934,0 -110.09071929999999,32.04456169999993,0 -110.09018679999998,32.04517009999993,0 -110.08708129999998,32.049066799999935,0 -110.08302189999998,32.05382529999993,0 -110.08087899999997,32.05620359999993,0 -110.07726209999997,32.05999529999993,0 -110.06097279999997,32.07587789999993,0 -110.05969869999997,32.07698919999993,0 -110.05913909999998,32.07743359999993,0 -110.05825109999998,32.078088099999924,0 -110.05735879999997,32.07869469999992,0 -110.05636329999997,32.079315199999925,0 -110.05561049999997,32.07974629999992,0 -110.05432829999997,32.08041369999992,0 -110.04906189999997,32.08278599999992,0 -110.04829679999997,32.08316119999993,0 -110.04709379999997,32.08379889999993,0 -110.04614129999997,32.084343599999926,0 -110.04467489999998,32.08525149999992,0 -110.04386959999998,32.08579569999993,0 -110.04266919999998,32.08666459999993,0 -110.04136969999998,32.08769449999993,0 -110.04000329999998,32.08889239999993,0 -110.03912929999998,32.089728099999924,0 -110.03774519999999,32.09118099999992,0 -110.03683119999998,32.09224869999992,0 -110.03603599999998,32.093262299999914,0 -110.02136909999999,32.113925399999914,0 -109.9976478,32.14493059999991,0 -109.99645009999999,32.14634309999991,0 -109.9954934,32.14736699999991,0 -109.9946448,32.14820319999991,0 -109.9934933,32.14925119999992,0 -109.9922787,32.150263499999916,0 -109.9915144,32.150854499999916,0 -109.9906312,32.15149669999992,0 -109.9896445,32.15216879999992,0 -109.988705,32.15276579999992,0 -109.9559794,32.17228809999992,0 -109.9532628,32.17398689999992,0 -109.8854128,32.21438519999992,0 -109.8844661,32.215037399999915,0 -109.8838428,32.21551689999991,0 -109.88295919999999,32.21627369999992,0 -109.88220879999999,32.21700839999992,0 -109.88185609999998,32.217384899999914,0 -109.88128949999998,32.21804859999992,0 -109.84120319999998,32.26962499999991,0 -109.83998239999998,32.27111149999991,0 -109.83877059999999,32.27250159999991,0 -109.83746519999998,32.27391559999991,0 -109.83634159999998,32.275070999999905,0 -109.83425759999999,32.27707039999991,0 -109.83239879999999,32.27872209999991,0 -109.83149829999999,32.27947589999991,0 -109.79113699999998,32.31184129999991,0 -109.78744229999998,32.31490379999991,0 -109.75051529999999,32.34441059999991,0 -109.74953579999998,32.34510609999991,0 -109.74890059999998,32.34551979999991,0 -109.74764509999999,32.34625889999992,0 -109.74605749999998,32.347058799999914,0 -109.74463429999997,32.34766589999991,0 -109.74377669999997,32.347987199999906,0 -109.74297039999998,32.34825879999991,0 -109.74172799999997,32.348626299999914,0 -109.74015599999997,32.348999599999914,0 -109.69168729999997,32.357440899999915,0 -109.68986149999996,32.35771589999991,0 -109.68662519999997,32.35809799999991,0 -109.68648729999997,32.35812269999991,0 -109.64949049999997,32.36222519999991,0 -109.64729059999998,32.36236079999991,0 -109.62419479999997,32.36262789999991,0 -109.62344339999997,32.362583899999905,0 -109.62266169999997,32.3625039999999,0 -109.62173579999997,32.362356499999905,0 -109.62104269999998,32.362206399999906,0 -109.61992149999998,32.3618989999999,0 -109.61886489999996,32.361524199999906,0 -109.61804759999997,32.361179399999905,0 -109.61716609999996,32.360747799999906,0 -109.61669579999997,32.360488699999905,0 -109.61557319999997,32.359779599999904,0 -109.61509069999997,32.359434899999904,0 -109.61423129999997,32.35872619999991,0 -109.61348799999996,32.358005599999906,0 -109.60785639999996,32.35158949999991,0 -109.60747229999996,32.35118279999991,0 -109.60659659999996,32.350372399999905,0 -109.60613729999996,32.34999669999991,0 -109.60557149999995,32.349575299999906,0 -109.60488249999996,32.3491165999999,0 -109.60435449999996,32.34880019999991,0 -109.60381979999995,32.3485083999999,0 -109.60269109999996,32.3479774999999,0 -109.60181559999995,32.3476400999999,0 -109.60122259999994,32.3474412999999,0 -109.60010399999994,32.3471276999999,0 -109.59955889999993,32.3470047999999,0 -109.52209429999994,32.3328476999999,0 -109.52049599999994,32.3324815999999,0 -109.51892979999992,32.33202239999991,0 -109.51738689999993,32.331468399999906,0 -109.51640229999994,32.331061499999905,0 -109.51540019999993,32.330593999999905,0 -109.51426959999993,32.33000499999991,0 -109.51351119999993,32.3295672999999,0 -109.49979659999993,32.3210147999999,0 -109.49822819999993,32.3201664999999,0 -109.49733489999993,32.3197440999999,0 -109.49573939999993,32.3190866999999,0 -109.49455289999993,32.3186628999999,0 -109.49317529999993,32.3182565999999,0 -109.49176239999993,32.3179173999999,0 -109.49077589999993,32.317724999999896,0 -109.48999139999994,32.3175958999999,0 -109.48881349999994,32.317436099999895,0 -109.48795719999994,32.3173611999999,0 -109.48631849999994,32.3172784999999,0 -109.48321629999995,32.3172627999999,0 -109.48177909999994,32.317284899999905,0 -109.48064369999994,32.31726019999991,0 -109.44490979999993,32.31722669999991,0 -109.44413029999994,32.31720859999991,0 -109.44257529999993,32.31710999999991,0 -109.44150889999993,32.31699299999991,0 -109.44071769999995,32.316879499999914,0 -109.43946249999995,32.31665479999992,0 -109.25898169999995,32.27539389999991,0 -109.25737129999995,32.27495309999992,0 -109.25628279999995,32.27459429999992,0 -109.25485299999995,32.274044899999915,0 -109.23632029999995,32.26557119999992,0 -109.23561009999995,32.265270599999916,0 -109.23454609999995,32.26486509999991,0 -109.23308829999993,32.264390199999916,0 -109.23172639999993,32.26402629999992,0 -109.20414629999993,32.25767379999992,0 -109.20248869999993,32.257396899999925,0 -109.20107839999994,32.257239299999924,0 -109.19977379999995,32.257155599999926,0 -109.19900069999994,32.25713379999992,0 -109.18179919999993,32.257249099999925,0 -109.18023379999994,32.25721069999992,0 -109.17916999999994,32.257134699999924,0 -109.17818029999994,32.25702809999992,0 -109.17722619999994,32.25689239999993,0 -109.17584539999994,32.25663589999992,0 -109.09858879999994,32.23882849999992,0 -109.05151669999995,32.228142299999924,0 -109.04922199999994,32.22752289999992,0 -109.03399559999994,32.22307839999992,0 -109.03273969999995,32.22279379999993,0 -109.03185149999996,32.22263819999992,0 -109.03099549999995,32.22252439999993,0 -109.02992689999995,32.22243219999993,0 -109.02901519999996,32.22239529999993,0 -109.02824359999995,32.22239629999993,0 -109.02695089999996,32.22244969999992,0 -109.02630539999996,32.22250369999992,0 -109.01035159999996,32.22423969999992,0 -109.00894499999997,32.22443829999992,0 -109.00105889999996,32.225812499999925,0 -108.99554849999997,32.22705839999992,0 -108.99465829999997,32.22722039999992,0 -108.99402759999997,32.227311199999924,0 -108.99313489999997,32.22740709999992,0 -108.99209949999997,32.227468699999925,0 -108.99078569999998,32.22748089999992,0 -108.97563919999996,32.22689789999992,0 -108.97502189999996,32.226896399999916,0 -108.97436049999996,32.22693499999991,0 -108.97378209999997,32.22700379999991,0 -108.97314229999996,32.22711699999991,0 -108.97230539999997,32.22732289999991,0 -108.97183709999996,32.22747189999991,0 -108.97122369999997,32.22770319999991,0 -108.97066339999996,32.22795059999991,0 -108.96986139999997,32.22836729999991,0 -108.75320449999997,32.3531441999999,0 -108.75255799999996,32.35348579999991,0 -108.75199389999996,32.353742699999906,0 -108.75153619999996,32.3539230999999,0 -108.75106519999996,32.3540817999999,0 -108.75044679999996,32.3542535999999,0 -108.74971389999996,32.354406399999895,0 -108.74896279999996,32.3545071999999,0 -108.74820079999995,32.354556199999905,0 -108.74767389999995,32.3545562999999,0 -108.74710039999995,32.354531799999904,0 -108.74655329999996,32.3544772999999,0 -108.74593479999996,32.3543825999999,0 -108.74543029999995,32.354279499999905,0 -108.74482349999995,32.3541180999999,0 -108.74424139999996,32.35392829999991,0 -108.71568829999995,32.34346799999991,0 -108.71564509999996,32.343384899999904,0 -108.71425369999996,32.342689499999906,0 -108.71351529999997,32.34227549999991,0 -108.71320479999997,32.34207739999991,0 -108.71430219999998,32.34109769999991,0 </coordinates></LineString><TimeSpan><begin>2022-07-02T12:16:22.000Z</begin><end>2022-07-02T14:13:32.000Z</end></TimeSpan></Placemark><Placemark><name>Circle K</name><address>1316 Main St, Lordsburg, NM 88045</address><ExtendedData><Data name="Email"><value>syugen.zhou@gmail.com</value></Data><Data name="Category"><value>Convenience store</value></Data><Data name="Distance"><value>0</value></Data></ExtendedData><description> Convenience store from 2022-07-02T14:13:32.000Z to 2022-07-02T14:15:48.000Z. Distance 0m </description><Point><coordinates>-108.7140798,32.3409177,0</coordinates></Point><TimeSpan><begin>2022-07-02T14:13:32.000Z</begin><end>2022-07-02T14:15:48.000Z</end></TimeSpan></Placemark><Placemark><name>Driving</name><address></address><ExtendedData><Data name="Email"><value>syugen.zhou@gmail.com</value></Data><Data name="Category"><value>Driving</value></Data><Data name="Distance"><value>127048</value></Data></ExtendedData><description> Driving from 2022-07-02T14:15:48.000Z to 2022-07-02T16:12:07.000Z. Distance 127048m </description><LineString><altitudeMode>clampToGround</altitudeMode><extrude>1</extrude><tesselate>1</tesselate><coordinates>-108.71430219999999,32.3410977,0 -108.7109205,32.344098800000005,0 -108.70868599999999,32.3501983,0 -108.70880859999998,32.350353500000004,0 -108.7095164,32.350558500000005,0 -108.7097081,32.350789500000005,0 -108.7082186,32.3613664,0 -108.7082884,32.3811307,0 -108.7087396,32.382392700000004,0 -108.7080546,32.382797700000005,0 -108.6729345,32.4266172,0 -108.67141849999999,32.4279122,0 -108.58423069999999,32.4817954,0 -108.57220279999999,32.486540700000006,0 -108.57011139999999,32.48704330000001,0 -108.55182299999998,32.48898930000001,0 -108.54500699999998,32.491978,0 -108.53723499999998,32.49400610000001,0 -108.53095529999997,32.49496150000001,0 -108.52088079999997,32.49497910000001,0 -108.51365199999996,32.4930303,0 -108.51173659999996,32.4928466,0 -108.50473329999996,32.4932954,0 -108.48698489999995,32.4910457,0 -108.48392899999996,32.49123000000001,0 -108.48158429999995,32.4920114,0 -108.46500959999996,32.50194870000001,0 -108.45206159999995,32.5169555,0 -108.44798219999996,32.525900400000005,0 -108.42688549999995,32.545669100000005,0 -108.42450269999995,32.54671060000001,0 -108.38148029999995,32.55020840000001,0 -108.37261679999995,32.55185300000001,0 -108.37024979999995,32.552776300000005,0 -108.36712189999994,32.55479270000001,0 -108.36060319999996,32.561812100000004,0 -108.35998439999996,32.563287700000004,0 -108.35924819999995,32.5687888,0 -108.35748909999995,32.572639800000005,0 -108.34660679999996,32.587429,0 -108.34448369999997,32.5922645,0 -108.34215099999997,32.6104663,0 -108.34491549999997,32.628743,0 -108.34363609999998,32.640829599999996,0 -108.34180079999997,32.64539579999999,0 -108.34155389999998,32.651438199999994,0 -108.34069909999998,32.65295819999999,0 -108.33893179999998,32.654944799999996,0 -108.33832269999998,32.656948799999995,0 -108.33853779999998,32.658320499999995,0 -108.33998579999998,32.66104239999999,0 -108.34014769999997,32.661899299999995,0 -108.33802349999998,32.67291169999999,0 -108.33675019999997,32.67431599999999,0 -108.32623209999997,32.68125559999999,0 -108.31890399999997,32.683927899999986,0 -108.31772309999997,32.68493029999999,0 -108.30899669999997,32.69887969999999,0 -108.29764769999996,32.7081381,0 -108.29676019999997,32.709319,0 -108.29642499999997,32.7104579,0 -108.29660959999997,32.7370495,0 -108.29454579999997,32.7435401,0 -108.29324289999997,32.7452634,0 -108.29200229999996,32.746296300000004,0 -108.28212839999996,32.752023,0 -108.27658389999996,32.758043900000004,0 -108.27605039999996,32.75930090000001,0 -108.27606269999997,32.760848100000004,0 -108.27530979999996,32.763119,0 -108.27530639999996,32.764563,0 -108.27474769999996,32.7667109,0 -108.27516249999996,32.768646399999994,0 -108.27340869999996,32.781206,0 -108.27247959999997,32.78209439999999,0 -108.27073759999996,32.782855899999994,0 -108.26585649999996,32.78314089999999,0 -108.26577059999997,32.7834982,0 -108.26409349999996,32.7851255,0 -108.26237699999996,32.7859718,0 -108.26111589999996,32.786236599999995,0 -108.25744589999996,32.7884525,0 -108.25163369999996,32.807541199999996,0 -108.24799849999995,32.81124859999999,0 -108.24663179999995,32.81183709999999,0 -108.24415519999997,32.813823799999994,0 -108.24352089999996,32.81509719999999,0 -108.24412649999996,32.82056109999999,0 -108.24341499999997,32.82460939999999,0 -108.23893869999996,32.82898099999999,0 -108.23708599999996,32.829878099999995,0 -108.23478239999997,32.830498799999994,0 -108.23414479999997,32.83088329999999,0 -108.22996869999997,32.837118499999995,0 -108.22670769999998,32.84469839999999,0 -108.22698499999997,32.84563169999999,0 -108.22822989999997,32.84727869999999,0 -108.22846839999997,32.84797289999999,0 -108.22782349999999,32.85157149999999,0 -108.22619019999998,32.85408599999999,0 -108.22511299999998,32.85745059999999,0 -108.22332389999998,32.85866269999999,0 -108.22181819999999,32.860945099999995,0 -108.22171299999998,32.86319399999999,0 -108.21744259999997,32.86708639999999,0 -108.21696369999997,32.8679334,0 -108.21644999999997,32.8714294,0 -108.21819859999997,32.8733747,0 -108.21943379999998,32.874020099999996,0 -108.22238529999998,32.879213699999994,0 -108.22588849999998,32.8819927,0 -108.22609749999998,32.882495299999995,0 -108.22605639999999,32.88306519999999,0 -108.2264187,32.88345209999999,0 -108.2272816,32.88599779999999,0 -108.22688169999999,32.88642409999999,0 -108.22688839999999,32.88710649999999,0 -108.2281398,32.88671009999999,0 -108.22850199999999,32.886764099999986,0 -108.2291597,32.88821559999999,0 -108.2290707,32.88861709999998,0 -108.2295633,32.88868429999998,0 -108.2305737,32.889402099999984,0 -108.23216699999999,32.88956549999998,0 -108.2322576,32.89113999999998,0 -108.2323852,32.891247599999986,0 -108.2340248,32.891265899999986,0 -108.23540940000001,32.89284889999998,0 -108.2360987,32.89321539999998,0 -108.2361099,32.893400499999984,0 -108.2351374,32.89463849999998,0 -108.2350189,32.89535549999998,0 -108.2351094,32.89556819999998,0 -108.23543070000001,32.89576669999998,0 -108.2366456,32.895650299999986,0 -108.239007,32.89626809999998,0 -108.24107640000001,32.89727529999998,0 -108.2417882,32.89721179999998,0 -108.24398550000001,32.897665099999976,0 -108.24406090000001,32.89781119999998,0 -108.24400270000001,32.89798549999998,0 -108.2437981,32.89810689999998,0 -108.2427007,32.89791189999998,0 -108.2418487,32.898278199999986,0 -108.2412461,32.898297599999985,0 -108.2401597,32.899393899999986,0 -108.2393175,32.90161049999999,0 -108.2380027,32.90297979999999,0 -108.2371381,32.90344569999999,0 -108.2370028,32.90401939999999,0 -108.2316971,32.906965599999985,0 -108.2299869,32.908972699999985,0 -108.2294787,32.910602699999984,0 -108.2146694,32.92385079999999,0 -108.2142114,32.92544319999999,0 -108.2138542,32.92572309999999,0 -108.21198890000001,32.926223099999994,0 -108.21115990000001,32.92691819999999,0 -108.21036400000001,32.92890419999999,0 -108.20662090000002,32.93267219999999,0 -108.20390540000001,32.93398259999999,0 -108.20127950000001,32.934625999999994,0 -108.19580780000001,32.940995799999996,0 -108.1958675,32.9414444,0 -108.1962093,32.941783,0 -108.19761290000001,32.9419532,0 -108.19818810000001,32.943041300000004,0 -108.1978923,32.9437791,0 -108.1982459,32.944295600000004,0 -108.198859,32.944649000000005,0 -108.1988963,32.94474760000001,0 -108.1985295,32.9451004,0 -108.19778170000001,32.945100100000005,0 -108.1974029,32.945386400000004,0 -108.1976451,32.946170200000005,0 -108.1978066,32.946243,0 -108.1985636,32.9461836,0 -108.19930470000001,32.946637100000004,0 -108.19952260000001,32.9473008,0 -108.20042230000001,32.9479409,0 -108.20100220000002,32.9479296,0 -108.20107580000001,32.947996700000004,0 -108.20088970000002,32.948485100000006,0 -108.20101820000001,32.9490257,0 -108.20171350000003,32.9497675,0 -108.20320780000002,32.950393500000004,0 -108.20369500000001,32.9503402,0 -108.20419130000002,32.949992300000005,0 -108.2044364,32.9495489,0 -108.20461560000001,32.9496024,0 -108.20512700000002,32.95016510000001,0 -108.20599360000001,32.949916200000004,0 -108.20639650000003,32.94953280000001,0 -108.20652060000003,32.94955040000001,0 -108.20638580000002,32.951100700000005,0 -108.20726240000003,32.951361500000004,0 -108.20738490000004,32.95150590000001,0 -108.20823920000002,32.95158550000001,0 -108.20940860000002,32.95266050000001,0 -108.20996140000003,32.95439210000001,0 -108.21101900000004,32.955070000000006,0 -108.21127500000003,32.955911900000004,0 -108.21249610000004,32.95748510000001,0 -108.21309660000003,32.95909090000001,0 -108.21494030000002,32.9608915,0 -108.21573000000002,32.9622837,0 -108.21607560000002,32.964087500000005,0 -108.21809710000002,32.96630230000001,0 -108.21977760000003,32.96732000000001,0 -108.22034580000003,32.9686041,0 -108.21877990000003,32.976745300000005,0 -108.21830390000004,32.977011000000005,0 -108.21659480000004,32.9761237,0 -108.21543300000003,32.973745,0 -108.21501040000003,32.9734484,0 -108.21461780000003,32.9734349,0 -108.21238060000003,32.9747458,0 -108.21218930000003,32.97507280000001,0 -108.21222250000004,32.97564070000001,0 -108.21172240000003,32.976276500000004,0 -108.21149260000003,32.976362400000006,0 -108.21045000000004,32.976300200000004,0 -108.20868150000004,32.9757607,0 -108.20782830000005,32.976201800000005,0 -108.20677370000004,32.9762466,0 -108.20666580000005,32.976328099999996,0 -108.20680780000005,32.9777091,0 -108.20672200000006,32.9778072,0 -108.20553610000006,32.978032999999996,0 -108.20509020000006,32.978309499999995,0 -108.20505700000005,32.9787913,0 -108.20554110000006,32.979597,0 -108.20983560000006,32.9826641,0 -108.21438860000006,32.9894678,0 -108.21498670000005,32.9909794,0 -108.21535480000006,32.9934529,0 -108.22160720000007,33.0036402,0 -108.22212470000007,33.0052759,0 -108.22162620000006,33.00624870000001,0 -108.22217570000007,33.007455300000004,0 -108.22266730000005,33.0078887,0 -108.22311630000004,33.0106574,0 -108.22282630000005,33.011390500000005,0 -108.22422930000005,33.0149143,0 -108.22490160000005,33.0155055,0 -108.22626770000005,33.017945100000006,0 -108.22707450000006,33.0182104,0 -108.22714540000005,33.0196141,0 -108.22831640000005,33.0228179,0 -108.22792970000006,33.0245374,0 -108.22899810000007,33.0256657,0 -108.23013590000006,33.0278849,0 -108.23180940000007,33.029311899999996,0 -108.23163920000006,33.0295649,0 -108.22911000000006,33.030163300000005,0 -108.22915380000006,33.0303017,0 -108.22999550000007,33.030585900000005,0 -108.23018250000007,33.0307656,0 -108.23048590000008,33.0320387,0 -108.23025850000008,33.0326805,0 -108.23031830000008,33.0331297,0 -108.23081770000009,33.03353190000001,0 -108.23250700000008,33.033885700000006,0 -108.23266080000009,33.0340214,0 -108.2323900000001,33.0352568,0 -108.2322540000001,33.0352587,0 -108.2320137000001,33.0346804,0 -108.2318761000001,33.03458989999999,0 -108.2304200000001,33.035277799999996,0 -108.2300478000001,33.0356263,0 -108.2298476000001,33.035630299999994,0 -108.2287451000001,33.0349357,0 -108.2279966000001,33.0353484,0 -108.22773880000011,33.03641249999999,0 -108.22758360000012,33.03652119999999,0 -108.2266201000001,33.0365548,0 -108.2265832000001,33.037546999999996,0 -108.22645690000012,33.037733499999995,0 -108.22519480000011,33.03837119999999,0 -108.22529070000012,33.03899989999999,0 -108.22513420000011,33.03910379999999,0 -108.22437590000011,33.039046899999995,0 -108.22387270000011,33.03919559999999,0 -108.22326610000012,33.040228699999986,0 -108.2231047000001,33.04028669999999,0 -108.2225623000001,33.03994439999999,0 -108.22178410000011,33.04016669999999,0 -108.2213782000001,33.04012039999999,0 -108.22089010000009,33.0395961,0 -108.2208401000001,33.039231,0 -108.2207228000001,33.0391471,0 -108.2201065000001,33.039624,0 -108.21993110000011,33.040342900000006,0 -108.21950430000011,33.040683900000005,0 -108.2161880000001,33.0408935,0 -108.2158275000001,33.041090000000004,0 -108.2153196000001,33.0430593,0 -108.2134591000001,33.04506190000001,0 -108.21333610000009,33.04559160000001,0 -108.2137453000001,33.046435900000006,0 -108.21356140000009,33.047377600000004,0 -108.21372580000009,33.0478328,0 -108.2131643000001,33.0498507,0 -108.2125704000001,33.05026290000001,0 -108.21232920000011,33.05069770000001,0 -108.2107613000001,33.05161940000001,0 -108.2101664000001,33.0523079,0 -108.20891710000011,33.0551984,0 -108.2089870000001,33.058334800000004,0 -108.2086075000001,33.058786500000004,0 -108.2085804000001,33.058991000000006,0 -108.2097378000001,33.06034270000001,0 -108.21051230000009,33.060734200000006,0 -108.2106790000001,33.06112130000001,0 -108.21011610000009,33.06191080000001,0 -108.2098820000001,33.06281140000001,0 -108.2102599000001,33.064023100000014,0 -108.2099189000001,33.06479740000001,0 -108.2071588000001,33.06641160000001,0 -108.2056120000001,33.066910600000014,0 -108.20455170000011,33.06785600000001,0 -108.2043984000001,33.06818170000001,0 -108.20478530000011,33.07045120000001,0 -108.20458750000012,33.071468400000015,0 -108.2052194000001,33.07433110000001,0 -108.20557380000011,33.07477920000001,0 -108.20523510000011,33.07617050000001,0 -108.20537950000012,33.077025600000006,0 -108.20492310000012,33.07759830000001,0 -108.20507920000011,33.07891010000001,0 -108.20470460000011,33.07960310000001,0 -108.20486790000011,33.08034270000001,0 -108.20452840000013,33.08395940000001,0 -108.20495220000012,33.08599010000002,0 -108.20449740000012,33.08906480000002,0 -108.20335780000012,33.089587700000024,0 -108.20078980000012,33.09234050000002,0 -108.19987410000012,33.09277180000002,0 -108.19945160000012,33.09335030000002,0 -108.19889880000012,33.093593100000014,0 -108.19774430000012,33.09515690000001,0 -108.19737120000012,33.09666410000001,0 -108.19595260000013,33.09804840000002,0 -108.19542460000012,33.09922850000002,0 -108.19453610000012,33.09991960000002,0 -108.19326260000012,33.10003520000002,0 -108.19207130000012,33.10091060000002,0 -108.19009340000014,33.105212600000016,0 -108.18923660000013,33.10577760000002,0 -108.18917750000013,33.106044500000024,0 -108.18946110000013,33.10633660000002,0 -108.18945390000013,33.10662670000002,0 -108.18781600000013,33.10775540000002,0 -108.18685130000013,33.10952690000002,0 -108.18695520000013,33.110279500000026,0 -108.18749880000013,33.11079530000003,0 -108.18813330000013,33.11092740000002,0 -108.19109110000012,33.11034130000002,0 -108.19254230000013,33.11079660000003,0 -108.19334980000012,33.110754900000025,0 -108.19356150000013,33.11087850000003,0 -108.19396820000013,33.111783200000026,0 -108.19603030000012,33.11349330000002,0 -108.19635250000012,33.11437860000002,0 -108.19739170000011,33.115142500000026,0 -108.19784390000011,33.11519760000002,0 -108.19872790000011,33.114975300000026,0 -108.19946730000011,33.11595810000002,0 -108.19913600000011,33.11714420000002,0 -108.19764450000011,33.11792370000002,0 -108.19608420000012,33.119555900000016,0 -108.19274530000011,33.12013490000002,0 -108.19172290000012,33.12004150000001,0 -108.19131750000011,33.120143200000015,0 -108.19060350000011,33.12071760000002,0 -108.19040380000011,33.12222420000002,0 -108.19118800000012,33.12307250000002,0 -108.19324430000012,33.12364490000002,0 -108.19343260000012,33.12392700000002,0 -108.19349170000012,33.12533150000002,0 -108.19286460000014,33.126747600000016,0 -108.19364920000012,33.12718300000002,0 -108.19382020000013,33.12745740000002,0 -108.19374350000012,33.12785600000002,0 -108.19139740000013,33.13103110000002,0 -108.19044410000012,33.13350210000002,0 -108.19060930000012,33.13478370000002,0 -108.19089110000013,33.13518880000002,0 -108.19199380000013,33.13571020000003,0 -108.19212280000013,33.13597680000003,0 -108.19147830000013,33.13674530000003,0 -108.19136690000013,33.13735830000003,0 -108.19161900000013,33.13755010000003,0 -108.19229080000014,33.13769510000003,0 -108.19247430000013,33.137924700000035,0 -108.19281820000013,33.13946830000003,0 -108.19097340000013,33.142914200000035,0 -108.19045820000014,33.145139600000036,0 -108.19059350000015,33.14537830000003,0 -108.19218720000015,33.14563620000003,0 -108.19233730000015,33.14594050000003,0 -108.19221910000014,33.14715890000003,0 -108.19284210000014,33.15158570000003,0 -108.19304310000015,33.151738200000025,0 -108.19406560000014,33.15188000000003,0 -108.19445790000015,33.15222780000003,0 -108.19513150000014,33.15410190000002,0 -108.19801120000015,33.15706490000002,0 -108.19804280000014,33.15765680000003,0 -108.19723740000015,33.15894950000003,0 -108.19738730000014,33.16007070000003,0 -108.19808500000015,33.160608700000026,0 -108.19871510000014,33.16178970000003,0 -108.19765300000014,33.16320900000003,0 -108.19766080000015,33.16347280000003,0 -108.19813830000015,33.16389150000003,0 -108.19880600000015,33.16377730000003,0 -108.19898630000016,33.16385530000003,0 -108.19962080000016,33.165305900000035,0 -108.20000340000016,33.165414000000034,0 -108.20051060000016,33.16520030000003,0 -108.20088190000016,33.165338100000035,0 -108.20109880000015,33.166422900000036,0 -108.20203810000015,33.16738800000004,0 -108.20156110000015,33.17135490000004,0 -108.20225710000015,33.17284920000004,0 -108.20323480000016,33.173532500000036,0 -108.20615180000016,33.174243700000034,0 -108.20679660000016,33.17461260000003,0 -108.20692000000015,33.174933300000035,0 -108.20610720000015,33.17573130000003,0 -108.20338940000015,33.17707990000003,0 -108.20314730000015,33.17745500000003,0 -108.20320280000016,33.177664400000026,0 -108.20429790000016,33.17865580000002,0 -108.20615810000015,33.179555900000025,0 -108.20670700000015,33.18022930000002,0 -108.20680850000014,33.18079410000002,0 -108.20641890000014,33.18291610000002,0 -108.20682260000014,33.18358910000003,0 -108.20832840000014,33.18458450000003,0 -108.20854830000015,33.185550500000026,0 -108.20840730000015,33.18744920000003,0 -108.20878270000014,33.18874040000003,0 -108.21028040000014,33.19116760000003,0 -108.21049310000014,33.19219770000003,0 -108.20878430000013,33.196584200000025,0 -108.20824800000014,33.200544900000025,0 -108.20863670000014,33.201364500000025,0 -108.20999240000013,33.202514300000026,0 -108.21108490000013,33.20307140000003,0 -108.21389940000013,33.203613600000025,0 -108.21570520000013,33.203162900000024,0 -108.21790330000012,33.201649600000025,0 -108.22064030000011,33.201265900000024,0 -108.22332750000011,33.201907400000024,0 -108.22439430000011,33.20249730000002,0 -108.23142840000011,33.20903300000002,0 -108.24372620000013,33.21704130000002,0 -108.24421440000012,33.21767420000002,0 -108.24431620000013,33.21810400000002,0 -108.24412910000012,33.21886760000002,0 -108.24165600000012,33.22237800000002,0 -108.24197350000011,33.22374500000002,0 </coordinates></LineString><TimeSpan><begin>2022-07-02T14:15:48.000Z</begin><end>2022-07-02T16:12:07.000Z</end></TimeSpan></Placemark><Placemark><name>Gila Visitor Center</name><address>Gila National Forest, Silver City, NM 88061</address><ExtendedData><Data name="Email"><value>syugen.zhou@gmail.com</value></Data><Data name="Category"><value>Visitor center</value></Data><Data name="Distance"><value>0</value></Data></ExtendedData><description> Visitor center from 2022-07-02T16:12:07.000Z to 2022-07-02T16:23:10.000Z. Distance 0m </description><Point><coordinates>-108.2417601,33.2238524,0</coordinates></Point><TimeSpan><begin>2022-07-02T16:12:07.000Z</begin><end>2022-07-02T16:23:10.000Z</end></TimeSpan></Placemark><Placemark><name>Driving</name><address></address><ExtendedData><Data name="Email"><value>syugen.zhou@gmail.com</value></Data><Data name="Category"><value>Driving</value></Data><Data name="Distance"><value>2877</value></Data></ExtendedData><description> Driving from 2022-07-02T16:23:10.000Z to 2022-07-02T16:34:10.328Z. Distance 2877m </description><LineString><altitudeMode>clampToGround</altitudeMode><extrude>1</extrude><tesselate>1</tesselate><coordinates>-108.2419673,33.2237223,0 -108.2418008,33.2231155,0 -108.241687,33.22289,0 -108.2416545,33.2227961,0 -108.24162799999999,33.222688999999995,0 -108.2416207,33.222584299999994,0 -108.2416257,33.22250209999999,0 -108.2416401,33.22242909999999,0 -108.24165599999999,33.22237799999999,0 -108.24170459999999,33.22228339999999,0 -108.24178529999999,33.22215629999999,0 -108.24302349999999,33.22044859999999,0 -108.2433083,33.220038599999995,0 -108.2436355,33.22022279999999,0 -108.24556419999999,33.221410699999986,0 -108.24626649999999,33.221838199999986,0 -108.24721559999999,33.22242339999999,0 -108.2475607,33.222644299999985,0 -108.24846299999999,33.223243299999986,0 -108.24954809999998,33.22397089999998,0 -108.25054519999999,33.22462939999999,0 -108.25076949999999,33.22478569999999,0 -108.25088709999999,33.22487539999999,0 -108.25099919999998,33.22498609999999,0 -108.25107539999999,33.22506599999999,0 -108.25116839999998,33.22518399999999,0 -108.25125759999999,33.22531159999999,0 -108.2513019,33.22540329999999,0 -108.251339,33.22549419999999,0 -108.2513721,33.22560759999999,0 -108.2513891,33.225687099999995,0 -108.2514175,33.22587659999999,0 -108.25149730000001,33.2263421,0 -108.2515429,33.226487799999994,0 -108.2516451,33.226699999999994,0 -108.25171850000001,33.226815599999995,0 -108.25182330000001,33.2269483,0 -108.25189780000001,33.2270317,0 -108.2519714,33.22709629999999,0 -108.25208040000001,33.22718669999999,0 -108.2523658,33.22736799999999,0 -108.25287940000001,33.2276859,0 -108.25319010000001,33.227892399999995,0 -108.25351950000001,33.22810299999999,0 -108.25374810000001,33.228255299999994,0 -108.25404340000001,33.228472399999994,0 -108.25410810000001,33.228526499999994,0 -108.25423350000001,33.2286486,0 -108.25430750000001,33.2287359,0 -108.25440210000001,33.228865899999995,0 -108.254442,33.228940699999995,0 -108.25447009999999,33.2290055,0 -108.2545071,33.2290774,0 -108.254587,33.2291973,0 -108.25466910000002,33.229296899999994,0 -108.25480250000001,33.22942629999999,0 -108.25491020000001,33.2295138,0 -108.25501510000001,33.2295845,0 -108.2551364,33.2296494,0 -108.2552442,33.2297057,0 -108.2554571,33.22979539999999,0 -108.25556610000001,33.22983309999999,0 -108.2556562,33.22985669999999,0 -108.2558587,33.229887399999996,0 -108.2559841,33.22989629999999,0 -108.2568498,33.22991269999999,0 -108.2576246,33.229918899999994,0 -108.2579855,33.229927499999995,0 -108.2581225,33.2299343,0 -108.2583006,33.22995189999999,0 -108.2585552,33.22998569999999,0 -108.2593365,33.23009849999999,0 -108.2597156,33.23014909999999,0 -108.2602382,33.23022659999999,0 -108.26047390000001,33.23026289999999,0 -108.2606853,33.23030029999999,0 -108.2607924,33.230318199999985,0 -108.26104620000001,33.23035309999999,0 -108.2612055,33.230362599999985,0 -108.2613558,33.230365699999986,0 -108.26162040000001,33.23036099999998,0 -108.2617053,33.230355999999986,0 -108.2617877,33.23034899999998,0 -108.261962,33.23033039999998,0 -108.2620956,33.23030809999998,0 -108.2622093,33.23028279999998,0 -108.26243149999999,33.230223399999986,0 -108.2625911,33.23016629999998,0 -108.262742,33.23010389999998,0 -108.2631256,33.22993879999998,0 -108.2637219,33.22968799999998,0 -108.2639303,33.22960819999998,0 -108.26395129999999,33.22960349999998,0 -108.26407139999999,33.229557999999976,0 -108.26418289999998,33.229527599999976,0 -108.26427519999999,33.22951149999998,0 -108.26435199999999,33.22950149999998,0 -108.26446019999999,33.22949389999997,0 -108.264662,33.22950259999997,0 -108.26503039999999,33.22955389999997,0 </coordinates></LineString><TimeSpan><begin>2022-07-02T16:23:10.000Z</begin><end>2022-07-02T16:34:10.328Z</end></TimeSpan></Placemark><Placemark><name>Gila Cliff Dwellings National Monument</name><address>26 Jim Bradford Trail, Mimbres, NM 88049</address><ExtendedData><Data name="Email"><value>syugen.zhou@gmail.com</value></Data><Data name="Category"><value>National park</value></Data><Data name="Distance"><value>0</value></Data></ExtendedData><description> National park from 2022-07-02T16:34:10.328Z to 2022-07-02T17:05:12.999Z. Distance 0m </description><Point><coordinates>-108.2706705,33.2271524,0</coordinates></Point><TimeSpan><begin>2022-07-02T16:34:10.328Z</begin><end>2022-07-02T17:05:12.999Z</end></TimeSpan></Placemark><Placemark><name>Driving</name><address></address><ExtendedData><Data name="Email"><value>syugen.zhou@gmail.com</value></Data><Data name="Category"><value>Driving</value></Data><Data name="Distance"><value>59487</value></Data></ExtendedData><description> Driving from 2022-07-02T17:05:12.999Z to 2022-07-02T18:18:44.000Z. Distance 59487m </description><LineString><altitudeMode>clampToGround</altitudeMode><extrude>1</extrude><tesselate>1</tesselate><coordinates>-108.26264230000001,33.2301451,0 -108.26209560000001,33.2303081,0 -108.25501510000001,33.2295845,0 -108.25189780000001,33.2270317,0 -108.25088710000001,33.2248754,0 -108.24330830000002,33.220038599999995,0 -108.24431620000003,33.218104,0 -108.24372620000001,33.2170413,0 -108.23142840000001,33.209033,0 -108.22332750000001,33.2019074,0 -108.22064030000001,33.2012659,0 -108.21790330000002,33.2016496,0 -108.21570520000002,33.2031629,0 -108.21389940000003,33.203613600000004,0 -108.21108490000003,33.203071400000006,0 -108.20863670000003,33.201364500000004,0 -108.20824800000001,33.200544900000004,0 -108.20878430000002,33.196584200000004,0 -108.21049310000002,33.1921977,0 -108.20878270000003,33.18874040000001,0 -108.20832840000003,33.18458450000001,0 -108.20682260000002,33.183589100000006,0 -108.20641890000003,33.18291610000001,0 -108.20670700000004,33.18022930000001,0 -108.20615810000004,33.179555900000004,0 -108.20429790000004,33.17865580000001,0 -108.20314730000003,33.177455,0 -108.20338940000003,33.1770799,0 -108.20610720000003,33.17573130000001,0 -108.20692000000004,33.174933300000006,0 -108.20679660000005,33.17461260000001,0 -108.20323480000003,33.17353250000001,0 -108.20225710000003,33.17284920000001,0 -108.20156110000002,33.17135490000001,0 -108.20203810000002,33.16738800000001,0 -108.20109880000003,33.16642290000001,0 -108.20088190000003,33.16533810000001,0 -108.20051060000003,33.16520030000001,0 -108.20000340000003,33.165414000000006,0 -108.19962080000003,33.16530590000001,0 -108.19898630000003,33.16385530000001,0 -108.19813830000004,33.163891500000005,0 -108.19766080000004,33.1634728,0 -108.19765300000003,33.163209,0 -108.19871510000003,33.1617897,0 -108.19808500000003,33.160608700000004,0 -108.19738730000003,33.1600707,0 -108.19723740000003,33.1589495,0 -108.19804280000002,33.1576568,0 -108.19801120000002,33.1570649,0 -108.19513150000003,33.1541019,0 -108.19445790000003,33.152227800000006,0 -108.19406560000003,33.151880000000006,0 -108.19284210000002,33.151585700000005,0 -108.19218720000003,33.145636200000006,0 -108.19059350000003,33.145378300000004,0 -108.19045820000002,33.14513960000001,0 -108.19097340000002,33.14291420000001,0 -108.19281820000002,33.13946830000001,0 -108.19229080000002,33.1376951,0 -108.19136690000002,33.1373583,0 -108.19147830000001,33.1367453,0 -108.19212280000002,33.13597680000001,0 -108.19199380000002,33.135710200000005,0 -108.19089110000002,33.1351888,0 -108.19044410000001,33.1335021,0 -108.19382020000002,33.127457400000004,0 -108.19286460000002,33.12674760000001,0 -108.19349170000001,33.12533150000001,0 -108.1932443,33.12364490000001,0 -108.191188,33.123072500000006,0 -108.1904038,33.122224200000005,0 -108.1906035,33.120717600000006,0 -108.1913175,33.1201432,0 -108.1960842,33.1195559,0 -108.1976445,33.117923700000006,0 -108.199136,33.117144200000006,0 -108.1994673,33.11595810000001,0 -108.1987279,33.11497530000001,0 -108.1973917,33.11514250000001,0 -108.1963525,33.11437860000001,0 -108.1960303,33.11349330000001,0 -108.19396820000001,33.11178320000001,0 -108.19334980000001,33.11075490000001,0 -108.19254230000001,33.110796600000015,0 -108.19109110000001,33.110341300000016,0 -108.18813330000002,33.110927400000016,0 -108.18749880000001,33.110795300000014,0 -108.18695520000001,33.11027950000001,0 -108.18685130000001,33.10952690000001,0 -108.18781600000001,33.10775540000001,0 -108.18945390000002,33.106626700000014,0 -108.18946110000002,33.10633660000001,0 -108.18917750000001,33.10604450000001,0 -108.18923660000002,33.10577760000001,0 -108.19009340000001,33.10521260000001,0 -108.19207130000001,33.100910600000006,0 -108.19326260000001,33.10003520000001,0 -108.19453610000001,33.09991960000001,0 -108.19542460000001,33.0992285,0 -108.19595260000001,33.0980484,0 -108.1973712,33.096664100000005,0 -108.19774430000001,33.0951569,0 -108.1988988,33.0935931,0 -108.1994516,33.093350300000004,0 -108.1998741,33.09277180000001,0 -108.20078980000001,33.092340500000006,0 -108.2033578,33.08958770000001,0 -108.20449740000001,33.0890648,0 -108.20470460000001,33.07960310000001,0 -108.20507920000001,33.07891010000001,0 -108.20492310000002,33.07759830000001,0 -108.2053795,33.077025600000006,0 -108.20557380000001,33.07477920000001,0 -108.2052194,33.07433110000001,0 -108.2043984,33.06818170000001,0 -108.205612,33.066910600000014,0 -108.2099189,33.06479740000001,0 -108.2102599,33.064023100000014,0 -108.20988200000001,33.06281140000001,0 -108.210679,33.06112130000001,0 -108.21051229999999,33.060734200000006,0 -108.2097378,33.06034270000001,0 -108.2085804,33.058991000000006,0 -108.20898700000001,33.058334800000004,0 -108.20891710000001,33.0551984,0 -108.2107613,33.05161940000001,0 -108.2131643,33.04985070000001,0 -108.21374529999999,33.046435900000006,0 -108.21333609999999,33.04559160000001,0 -108.2134591,33.04506190000001,0 -108.2153196,33.0430593,0 -108.2158275,33.041090000000004,0 -108.216188,33.0408935,0 -108.2195043,33.040683900000005,0 -108.2199311,33.040342900000006,0 -108.2201065,33.039624,0 -108.2207228,33.0391471,0 -108.2213782,33.0401204,0 -108.22256229999999,33.039944399999996,0 -108.2231047,33.040286699999996,0 -108.22387269999999,33.0391956,0 -108.22529069999999,33.0389999,0 -108.22519479999998,33.0383712,0 -108.22645689999999,33.0377335,0 -108.22662009999999,33.036554800000005,0 -108.2277388,33.0364125,0 -108.22799659999998,33.0353484,0 -108.22874509999998,33.0349357,0 -108.22984759999997,33.0356303,0 -108.23187609999998,33.0345899,0 -108.23225399999998,33.0352587,0 -108.23238999999998,33.0352568,0 -108.23266079999998,33.0340214,0 -108.23081769999999,33.0335319,0 -108.23031829999998,33.033129699999996,0 -108.23018249999998,33.030765599999995,0 -108.22915379999998,33.030301699999995,0 -108.22910999999998,33.0301633,0 -108.23163919999998,33.0295649,0 -108.23180939999997,33.02931189999999,0 -108.23013589999998,33.02788489999999,0 -108.22792969999998,33.02453739999999,0 -108.22831639999997,33.02281789999999,0 -108.22707449999997,33.018210399999994,0 -108.22626769999997,33.0179451,0 -108.22282629999997,33.0113905,0 -108.22311629999997,33.01065739999999,0 -108.22266729999998,33.007888699999995,0 -108.22162619999997,33.00624869999999,0 -108.22212469999997,33.00527589999999,0 -108.21535479999997,32.99345289999999,0 -108.21438859999996,32.98946779999999,0 -108.20983559999998,32.98266409999999,0 -108.20554109999998,32.979596999999984,0 -108.20505699999997,32.97879129999999,0 -108.20509019999997,32.97830949999999,0 -108.20680779999996,32.97770909999999,0 -108.20666579999997,32.97632809999998,0 -108.20782829999996,32.976201799999984,0 -108.20868149999997,32.97576069999999,0 -108.21044999999997,32.97630019999999,0 -108.21172239999996,32.97627649999999,0 -108.21222249999995,32.975640699999985,0 -108.21238059999996,32.97474579999999,0 -108.21461779999996,32.97343489999999,0 -108.21501039999995,32.97344839999999,0 -108.21543299999996,32.97374499999999,0 -108.21659479999997,32.97612369999999,0 -108.21830389999997,32.97701099999999,0 -108.21877989999996,32.97674529999999,0 -108.22034579999996,32.96860409999999,0 -108.21977759999996,32.967319999999994,0 -108.21809709999995,32.966302299999995,0 -108.21607559999995,32.96408749999999,0 -108.21572999999995,32.96228369999999,0 -108.21309659999996,32.959090899999985,0 -108.21101899999995,32.95506999999999,0 -108.20996139999995,32.95439209999999,0 -108.20940859999995,32.95266049999999,0 -108.20823919999995,32.951585499999986,0 -108.20638579999995,32.95110069999999,0 -108.20652059999995,32.949550399999985,0 -108.20639649999995,32.949532799999986,0 -108.20599359999994,32.94991619999999,0 -108.20512699999995,32.950165099999985,0 -108.20443639999993,32.94954889999999,0 -108.20369499999994,32.950340199999985,0 -108.20320779999994,32.95039349999998,0 -108.20171349999994,32.949767499999986,0 -108.20101819999994,32.949025699999986,0 -108.20107579999993,32.94799669999998,0 -108.20042229999993,32.947940899999985,0 -108.19952259999992,32.94730079999998,0 -108.19930469999993,32.94663709999998,0 -108.19856359999993,32.94618359999998,0 -108.19764509999992,32.94617019999998,0 -108.19740289999993,32.94538639999998,0 -108.19778169999992,32.94510009999998,0 -108.19852949999992,32.94510039999999,0 -108.19889629999993,32.944747599999985,0 -108.19789229999992,32.943779099999986,0 -108.19818809999994,32.94304129999998,0 -108.19761289999992,32.94195319999998,0 -108.19620929999992,32.94178299999998,0 -108.19586749999993,32.94144439999998,0 -108.19580779999993,32.94099579999998,0 -108.20127949999993,32.93462599999998,0 -108.20662089999993,32.93267219999998,0 -108.21036399999994,32.92890419999998,0 -108.21115989999993,32.926918199999974,0 -108.21198889999992,32.92622309999997,0 -108.21421139999993,32.925443199999975,0 -108.21466939999993,32.92385079999997,0 -108.22947869999993,32.91060269999997,0 -108.22998689999993,32.908972699999964,0 -108.23169709999992,32.906965599999964,0 -108.23700279999991,32.90401939999997,0 -108.23713809999992,32.90344569999997,0 -108.23931749999991,32.90161049999997,0 -108.24015969999992,32.89939389999997,0 -108.24124609999993,32.898297599999964,0 -108.24270069999992,32.89791189999997,0 -108.24379809999992,32.898106899999966,0 -108.24400269999992,32.89798549999997,0 -108.24398549999992,32.89766509999997,0 -108.24107639999993,32.89727529999997,0 -108.23664559999992,32.89565029999997,0 -108.23543069999992,32.89576669999997,0 -108.23510939999993,32.895568199999964,0 -108.23513739999991,32.894638499999964,0 -108.23609869999993,32.89321539999997,0 -108.23402479999993,32.891265899999965,0 -108.23238519999992,32.891247599999964,0 -108.23216699999992,32.88956549999996,0 -108.23057369999992,32.88940209999996,0 -108.22956329999992,32.888684299999966,0 -108.22907069999992,32.88861709999996,0 -108.22915969999991,32.88821559999997,0 -108.22850199999992,32.886764099999965,0 -108.22688839999991,32.887106499999966,0 -108.22688169999992,32.88642409999997,0 -108.22728159999993,32.88599779999997,0 -108.22588849999993,32.88199269999997,0 -108.22238529999991,32.879213699999966,0 -108.21943379999992,32.87402009999997,0 -108.21819859999991,32.87337469999997,0 -108.21644999999991,32.87142939999997,0 -108.21696369999991,32.86793339999997,0 -108.22171299999991,32.86319399999997,0 -108.22181819999992,32.86094509999997,0 -108.22332389999991,32.85866269999997,0 -108.22511299999991,32.857450599999964,0 -108.22619019999992,32.85408599999997,0 -108.22782349999991,32.85157149999996,0 -108.22846839999991,32.84797289999996,0 -108.22670769999992,32.84469839999996,0 -108.2299686999999,32.83711849999996,0 -108.23414479999991,32.83088329999996,0 -108.2389386999999,32.828980999999956,0 -108.2434149999999,32.82460939999996,0 -108.24412649999991,32.820561099999956,0 -108.24352089999991,32.81509719999996,0 -108.2441551999999,32.81382379999996,0 -108.24663179999989,32.81183709999996,0 -108.2479984999999,32.81124859999996,0 -108.2516336999999,32.80754119999996,0 -108.2574458999999,32.78845249999996,0 -108.2611158999999,32.78623659999997,0 -108.2643197999999,32.78492659999996,0 -108.26415639999989,32.78480049999997,0 -108.26445629999989,32.78442669999996,0 </coordinates></LineString><TimeSpan><begin>2022-07-02T17:05:12.999Z</begin><end>2022-07-02T18:18:44.000Z</end></TimeSpan></Placemark><Placemark><name>McDonald's</name><address>1105 US-180, Silver City, NM 88061</address><ExtendedData><Data name="Email"><value>syugen.zhou@gmail.com</value></Data><Data name="Category"><value>Fast Food</value></Data><Data name="Distance"><value>0</value></Data></ExtendedData><description> Fast Food from 2022-07-02T18:18:44.000Z to 2022-07-02T18:26:47.000Z. Distance 0m </description><Point><coordinates>-108.2642869,32.7843938,0</coordinates></Point><TimeSpan><begin>2022-07-02T18:18:44.000Z</begin><end>2022-07-02T18:26:47.000Z</end></TimeSpan></Placemark><Placemark><name>Driving</name><address></address><ExtendedData><Data name="Email"><value>syugen.zhou@gmail.com</value></Data><Data name="Category"><value>Driving</value></Data><Data name="Distance"><value>169606</value></Data></ExtendedData><description> Driving from 2022-07-02T18:26:47.000Z to 2022-07-02T20:06:32.000Z. Distance 169606m </description><LineString><altitudeMode>clampToGround</altitudeMode><extrude>1</extrude><tesselate>1</tesselate><coordinates>-108.26445629999999,32.7844267,0 -108.26473259999999,32.78410889999999,0 -108.26475109999998,32.78406629999999,0 -108.26474189999998,32.78401869999999,0 -108.26470549999999,32.78396689999999,0 -108.26461509999999,32.78388449999999,0 -108.26455689999999,32.78380919999999,0 -108.26538459999999,32.783446399999995,0 -108.26593799999999,32.7832655,0 -108.26658139999999,32.7831239,0 -108.2670709,32.783059699999995,0 -108.26751429999999,32.783034199999996,0 -108.26783209999999,32.782981,0 -108.26977149999999,32.7829815,0 -108.2705469,32.7828948,0 -108.27073759999999,32.7828559,0 -108.27139969999999,32.7826482,0 -108.2719087,32.7824325,0 -108.27247959999998,32.7820944,0 -108.27255469999999,32.78207499999999,0 -108.2727238,32.78198569999999,0 -108.27340179999999,32.78137949999999,0 -108.27340869999999,32.781206,0 -108.27503089999999,32.769886199999995,0 -108.27513619999999,32.76937209999999,0 -108.2751625,32.768646399999994,0 -108.275138,32.76842409999999,0 -108.2747716,32.76690929999999,0 -108.27474769999999,32.76671089999999,0 -108.2747567,32.76645979999999,0 -108.2748186,32.76612249999999,0 -108.275097,32.76533749999999,0 -108.2753064,32.76456299999999,0 -108.2753759,32.76445599999999,0 -108.27541959999999,32.76422939999999,0 -108.27543809999999,32.76321749999998,0 -108.27546579999999,32.76304899999999,0 -108.2761931,32.760988099999985,0 -108.2762536,32.76055069999998,0 -108.2762085,32.75946589999998,0 -108.27622540000002,32.75926159999998,0 -108.2763041,32.758918999999985,0 -108.27647140000002,32.75850769999998,0 -108.27658740000001,32.75831509999998,0 -108.27679470000001,32.75803949999998,0 -108.28187810000001,32.752519599999985,0 -108.28253090000001,32.75196729999998,0 -108.28304890000001,32.751617999999986,0 -108.29218160000002,32.746470299999984,0 -108.29299770000003,32.74581869999999,0 -108.29343970000002,32.745414699999984,0 -108.29385180000003,32.744981299999985,0 -108.29421660000003,32.74452259999998,0 -108.29478540000002,32.74365679999998,0 -108.29528460000002,32.74252889999998,0 -108.29640020000002,32.73909609999998,0 -108.29676480000002,32.73772719999998,0 -108.29691370000002,32.73682669999999,0 -108.29702090000002,32.73524889999999,0 -108.29669530000002,32.72534059999999,0 -108.29671170000003,32.72431419999999,0 -108.29720880000004,32.71826939999998,0 -108.29722050000004,32.71749909999999,0 -108.29717890000003,32.71672819999999,0 -108.29658080000004,32.71117319999999,0 -108.29657460000004,32.71066439999999,0 -108.29667130000004,32.70997279999999,0 -108.29682990000005,32.70948139999999,0 -108.29696680000004,32.70918859999999,0 -108.29725380000005,32.708721399999995,0 -108.29761960000005,32.70829249999999,0 -108.29783350000004,32.7080929,0 -108.30806220000004,32.6999114,0 -108.30883440000002,32.6991829,0 -108.30920790000003,32.6987527,0 -108.30959370000004,32.6982381,0 -108.31754790000004,32.6853012,0 -108.31792610000004,32.6848215,0 -108.31818710000003,32.684559199999995,0 -108.31862490000005,32.6842026,0 -108.31903420000003,32.68394669999999,0 -108.31948890000004,32.68372009999999,0 -108.32008820000003,32.683492099999995,0 -108.32495000000003,32.68191739999999,0 -108.32573180000004,32.681593199999995,0 -108.32663670000005,32.68111549999999,0 -108.33669890000004,32.67446329999999,0 -108.33698820000005,32.67423769999999,0 -108.33750880000004,32.67374139999999,0 -108.33788480000004,32.67327329999999,0 -108.33807210000003,32.672975699999995,0 -108.33840860000004,32.672256999999995,0 -108.33854250000003,32.6718255,0 -108.34028690000004,32.6625811,0 -108.34031490000002,32.6621307,0 -108.34026650000003,32.66159979999999,0 -108.34017360000003,32.66116449999999,0 -108.33992680000003,32.66053749999999,0 -108.33892090000003,32.65891759999999,0 -108.33866220000003,32.65833899999999,0 -108.33850110000003,32.65776069999999,0 -108.33843270000003,32.65712159999999,0 -108.33845300000002,32.65668569999998,0 -108.33853400000002,32.656218899999985,0 -108.33862470000003,32.655880299999986,0 -108.33874690000002,32.65557239999999,0 -108.33915590000001,32.65480909999999,0 -108.33946290000002,32.65442189999999,0 -108.34086680000001,32.65297829999999,0 -108.3413038,32.65237459999998,0 -108.34161950000001,32.651753499999984,0 -108.34182190000001,32.65111929999998,0 -108.34186960000001,32.65084239999999,0 -108.34198730000001,32.645319999999984,0 -108.34209410000001,32.644595399999986,0 -108.34228170000002,32.64392609999999,0 -108.34228200000003,32.64380879999999,0 -108.34243680000002,32.64339759999999,0 -108.34337020000002,32.64152659999999,0 -108.34363610000001,32.64082959999999,0 -108.34380680000001,32.640190899999986,0 -108.34398320000001,32.63917809999998,0 -108.34493200000001,32.630044599999984,0 -108.34491550000001,32.628742999999986,0 -108.34462810000002,32.62664719999999,0 -108.34219080000003,32.612450399999986,0 -108.34212450000003,32.61117069999999,0 -108.34215100000003,32.610466299999985,0 -108.34427370000003,32.59333859999999,0 -108.34448370000003,32.592264499999985,0 -108.34512850000003,32.59024119999999,0 -108.34541150000003,32.58959019999999,0 -108.34602970000003,32.58837479999999,0 -108.34660680000003,32.587428999999986,0 -108.35748910000002,32.57263979999999,0 -108.35821000000003,32.57142949999999,0 -108.35863580000002,32.570559299999985,0 -108.35896340000002,32.56970709999999,0 -108.35924820000001,32.56878879999999,0 -108.35954410000002,32.56738659999999,0 -108.35985800000002,32.56404779999999,0 -108.35998440000002,32.56328769999999,0 -108.36017490000002,32.562687199999985,0 -108.36060320000001,32.56181209999999,0 -108.36092140000002,32.56133499999999,0 -108.36115480000002,32.561041399999986,0 -108.36615350000002,32.55570769999999,0 -108.36712190000003,32.55479269999999,0 -108.36762580000003,32.554391499999994,0 -108.36870560000003,32.5536287,0 -108.37024980000001,32.5527763,0 -108.37151120000001,32.552231,0 -108.37261680000002,32.551852999999994,0 -108.37342670000002,32.551638,0 -108.37773850000004,32.5507307,0 -108.37905420000003,32.5505091,0 -108.38148030000002,32.550208399999995,0 -108.42275490000002,32.5470681,0 -108.42353350000002,32.5469455,0 -108.4245027,32.5467106,0 -108.42542610000001,32.5463927,0 -108.42603350000002,32.546127,0 -108.42688550000001,32.5456691,0 -108.42764550000001,32.545164799999995,0 -108.42807590000001,32.54481789999999,0 -108.44753270000002,32.5264751,0 -108.44798220000001,32.52590039999999,0 -108.44826990000001,32.5254042,0 -108.45167160000001,32.5176685,0 -108.45206160000002,32.516955499999995,0 -108.45285790000001,32.5158765,0 -108.45396040000001,32.5146082,0 -108.4541595,32.5143431,0 -108.46416110000001,32.50281019999999,0 -108.4650096,32.50194869999999,0 -108.4655242,32.50153729999999,0 -108.466133,32.501121899999994,0 -108.480912,32.492363999999995,0 -108.48158430000001,32.492011399999996,0 -108.48257620000001,32.49160749999999,0 -108.48333370000002,32.49137349999999,0 -108.48392900000002,32.49122999999999,0 -108.48478300000002,32.491093499999984,0 -108.48537090000002,32.491035899999986,0 -108.48603010000004,32.49101409999998,0 -108.48698490000004,32.49104569999999,0 -108.50250250000003,32.49316039999998,0 -108.50340310000003,32.49324629999998,0 -108.50473330000003,32.49329539999998,0 -108.50609000000003,32.49325439999998,0 -108.51173660000002,32.49284659999998,0 -108.51217800000003,32.49285559999998,0 -108.51303290000003,32.492931399999975,0 -108.51365200000004,32.49303029999997,0 -108.52088080000003,32.49497909999997,0 -108.52130890000004,32.495040099999976,0 -108.52215830000003,32.495105099999975,0 -108.52978810000003,32.49502519999997,0 -108.53095530000003,32.494961499999974,0 -108.53231260000004,32.49480009999998,0 -108.53723500000004,32.49400609999998,0 -108.53852940000004,32.49370569999998,0 -108.54500700000004,32.49197799999998,0 -108.54601180000004,32.49161819999998,0 -108.54706090000003,32.49118429999998,0 -108.55137550000003,32.489162299999975,0 -108.55182300000004,32.48898929999998,0 -108.55293970000004,32.48871519999998,0 -108.55362670000002,32.48860709999998,0 -108.56329530000002,32.48747429999998,0 -108.57011140000003,32.48704329999998,0 -108.57077500000003,32.48693089999998,0 -108.57159270000002,32.486730399999985,0 -108.57220280000003,32.486540699999985,0 -108.58423070000003,32.48179539999998,0 -108.58556660000004,32.48108509999998,0 -108.61201830000003,32.46532089999998,0 -108.67047480000004,32.428589199999976,0 -108.67141850000003,32.42791219999997,0 -108.67231550000002,32.42718469999998,0 -108.67293450000004,32.426617199999974,0 -108.67417330000004,32.425239999999974,0 -108.70779780000004,32.383063299999975,0 -108.70805460000004,32.382797699999976,0 -108.70831120000004,32.382610399999976,0 -108.70873960000004,32.38239269999998,0 -108.70828840000004,32.38113069999998,0 -108.70817320000005,32.38053389999998,0 -108.70809780000005,32.379772699999975,0 -108.70812380000005,32.364901099999976,0 -108.70821860000005,32.36136639999997,0 -108.70921200000005,32.35265939999997,0 -108.70939920000005,32.35167179999997,0 -108.70970810000004,32.35078949999997,0 -108.70988880000004,32.35070669999997,0 -108.70993650000005,32.350694899999965,0 -108.71003360000005,32.350695499999965,0 -108.71281440000004,32.35138599999997,0 -108.71315490000003,32.35138539999997,0 -108.71652670000005,32.35233659999997,0 -108.71820930000004,32.35274069999997,0 -108.72102590000004,32.35328259999997,0 -108.72274940000004,32.353533299999974,0 -108.73554620000003,32.354819899999974,0 -108.73598070000004,32.354904399999974,0 -108.73769530000003,32.35508719999997,0 -108.73799620000003,32.355080899999976,0 -108.73826900000003,32.35505009999998,0 -108.73854330000003,32.35499159999998,0 -108.73878880000002,32.354911899999976,0 -108.73909540000002,32.354776699999974,0 -108.73996110000003,32.35427069999998,0 -108.74019960000003,32.35415829999997,0 -108.74049550000002,32.35406069999998,0 -108.74078390000003,32.35399639999998,0 -108.74110590000002,32.35396179999997,0 -108.74149510000002,32.35396919999997,0 -108.74231040000002,32.35406219999997,0 -108.74245320000001,32.35406019999997,0 -108.74541500000002,32.35459689999997,0 -108.74552620000001,32.35456669999997,0 -108.74625710000002,32.354711099999975,0 -108.74714780000002,32.35481729999997,0 -108.74780950000003,32.354848599999976,0 -108.74842370000003,32.35484219999997,0 -108.74944070000004,32.35475399999997,0 -108.75006220000004,32.35465409999997,0 -108.75068200000004,32.35451459999997,0 -108.75127770000003,32.35434299999997,0 -108.75221910000003,32.35398979999997,0 -108.75272200000005,32.35375809999997,0 -108.97080800000005,32.228169099999974,0 -108.97145340000004,32.22786439999997,0 -108.97226250000004,32.22756769999997,0 -108.97283810000003,32.22740269999998,0 -108.97387010000004,32.22718539999998,0 -108.97487790000002,32.22708119999998,0 -108.97576420000003,32.22705829999998,0 -108.99090050000002,32.227644599999984,0 -108.99192840000002,32.22764009999999,0 -108.99370430000002,32.22751419999999,0 -108.99512640000002,32.22730839999999,0 -109.00156210000002,32.22588709999999,0 -109.00874120000002,32.22463529999999,0 -109.01060000000003,32.22437449999999,0 -109.02684090000001,32.22263489999999,0 -109.02773990000003,32.222589099999986,0 -109.02890690000002,32.22258499999999,0 -109.03007560000002,32.222645599999986,0 -109.03154120000002,32.22281559999998,0 -109.03275100000002,32.22303249999999,0 -109.03423360000002,32.22339939999999,0 -109.08071620000003,32.23698799999999,0 -109.08284990000001,32.23753099999999,0 -109.08594670000002,32.23817459999999,0 -109.08951220000002,32.23872649999999,0 -109.09142870000002,32.23894069999999,0 -109.0978462,32.23944379999999,0 -109.1016747,32.239965899999994,0 -109.10454510000001,32.24051479999999,0 -109.17585370000002,32.25694519999999,0 -109.17767210000002,32.257260099999996,0 -109.17899060000002,32.257414499999996,0 -109.18156130000001,32.257542199999996,0 -109.19948350000001,32.257444099999994,0 -109.2015609,32.25758749999999,0 -109.202841,32.25775219999999,0 -109.2044954,32.25805369999999,0 -109.2318407,32.26436559999999,0 -109.23380370000001,32.264934399999994,0 -109.23560520000001,32.2656006,0 -109.2543383,32.2741599,0 -109.25658940000001,32.2750206,0 -109.25866610000001,32.275627199999995,0 -109.43998840000002,32.317059099999994,0 -109.44153040000002,32.317296799999994,0 -109.44387840000002,32.3174983,0 -109.44598820000002,32.3175281,0 -109.44614050000001,32.3175843,0 -109.44788930000001,32.3177286,0 -109.44849690000001,32.3178885,0 -109.44905930000002,32.318130000000004,0 -109.45146890000001,32.31964550000001,0 -109.45166930000002,32.319729,0 -109.45196070000001,32.3199102,0 -109.4527199,32.3202806,0 -109.45322050000001,32.3204508,0 -109.4704037,32.3243736,0 -109.47242390000001,32.3247394,0 -109.47508070000002,32.3250725,0 -109.47791210000003,32.3252444,0 -109.48148310000002,32.3252642,0 -109.48239810000003,32.3253062,0 -109.48315940000002,32.3253922,0 -109.48417900000003,32.32557800000001,0 -109.48418200000002,32.31603200000001,0 -109.48394850000003,32.315253700000014,0 -109.46045820000002,32.25749070000001,0 -109.46045930000002,32.25747360000001,0 -109.45683410000002,32.248545600000014,0 -109.45656890000002,32.24808740000002,0 -109.44862280000001,32.23798990000002,0 -109.4481683,32.23750940000002,0 -109.44776260000002,32.23693280000002,0 -109.44756780000002,32.23674060000002,0 -109.43275830000002,32.21808530000002,0 -109.43249000000003,32.21765060000002,0 -109.43237420000001,32.21732790000002,0 -109.43256520000003,32.21724410000002,0 -109.43252730000002,32.21669380000002,0 -109.43252920000002,32.19236130000002,0 -109.43257460000002,32.191871900000024,0 -109.43324670000003,32.187991600000025,0 -109.43528950000002,32.18035140000003,0 -109.43658180000003,32.17718810000002,0 -109.43847510000002,32.173446400000024,0 -109.43876170000001,32.17275670000003,0 -109.43942190000001,32.17042730000002,0 -109.43971300000003,32.16995900000003,0 -109.44032020000003,32.169305100000024,0 -109.44159330000004,32.16810770000003,0 -109.44280780000004,32.16644590000003,0 -109.44315020000003,32.16584630000003,0 -109.44471100000004,32.162750200000026,0 -109.44477930000004,32.16257310000003,0 -109.44481440000003,32.16241310000002,0 -109.44480230000003,32.162268600000026,0 -109.44477240000003,32.16220320000003,0 -109.44445930000003,32.16185500000003,0 -109.44435160000003,32.16169550000003,0 -109.44426960000003,32.161517100000026,0 -109.44420310000002,32.16124010000002,0 -109.44419940000003,32.16085410000002,0 -109.44422850000002,32.16067280000002,0 -109.44433050000002,32.16033770000002,0 -109.44434860000003,32.160172700000025,0 -109.44432660000002,32.15948840000002,0 -109.44434020000003,32.15942340000002,0 -109.44440200000003,32.15931270000002,0 -109.44445200000003,32.15927140000002,0 -109.44460250000002,32.15921220000002,0 -109.44480150000001,32.15918120000002,0 -109.44631080000002,32.159126700000016,0 -109.44711740000002,32.15901590000002,0 -109.44727900000002,32.15897660000002,0 -109.44736560000003,32.158931400000014,0 -109.44816120000003,32.15837630000002,0 -109.44827940000003,32.15826490000002,0 -109.44865600000003,32.15778690000002,0 -109.44874100000003,32.15770850000002,0 -109.44895160000003,32.15758240000002,0 -109.45060370000004,32.15719030000002,0 -109.45112540000004,32.15702980000002,0 -109.45217710000004,32.15664110000002,0 -109.45240680000005,32.156605900000024,0 -109.45262880000004,32.15662830000002,0 </coordinates></LineString><TimeSpan><begin>2022-07-02T18:26:47.000Z</begin><end>2022-07-02T20:06:32.000Z</end></TimeSpan></Placemark><Placemark><name>Fort Bowie Trailhead</name><address>3500 Apache Pass Rd, Bowie, AZ 85605</address><ExtendedData><Data name="Email"><value>syugen.zhou@gmail.com</value></Data><Data name="Category"><value>Hiking area</value></Data><Data name="Distance"><value>0</value></Data></ExtendedData><description> Hiking area from 2022-07-02T20:06:32.000Z to 2022-07-02T20:09:32.000Z. Distance 0m </description><Point><coordinates>-109.45271,32.15679,0</coordinates></Point><TimeSpan><begin>2022-07-02T20:06:32.000Z</begin><end>2022-07-02T20:09:32.000Z</end></TimeSpan></Placemark><Placemark><name>Walking</name><address></address><ExtendedData><Data name="Email"><value>syugen.zhou@gmail.com</value></Data><Data name="Category"><value>Walking</value></Data><Data name="Distance"><value>5533</value></Data></ExtendedData><description> Walking from 2022-07-02T20:09:32.000Z to 2022-07-02T21:47:03.000Z. Distance 5533m </description><LineString><altitudeMode>clampToGround</altitudeMode><extrude>1</extrude><tesselate>1</tesselate><coordinates>-109.45271,32.15679,0 -109.45271,32.15679,0 -109.4526411,32.1565443,0 -109.4521457,32.1549421,0 -109.4510885,32.152796,0 -109.4498448,32.1511387,0 -109.4494294,32.1490547,0 -109.4469285,32.146974,0 -109.4433564,32.1460475,0 -109.4408185,32.1455436,0 -109.4363541,32.1458445,0 -109.4364515,32.14567,0 -109.4363262,32.1458813,0 -109.4363169,32.1458527,0 -109.4364791,32.1438359,0 -109.4356128,32.1437166,0 -109.4366699,32.1455361,0 -109.4409907,32.1442292,0 -109.4408132,32.1440197,0 -109.4421714,32.1455828,0 -109.4439784,32.1461891,0 -109.4476064,32.1469105,0 -109.4495423,32.1486492,0 -109.4516828,32.1538145,0 -109.4526261,32.1566755,0 -109.4551066,32.1577309,0 -109.4551066,32.1577309,0 </coordinates></LineString><TimeSpan><begin>2022-07-02T20:09:32.000Z</begin><end>2022-07-02T21:47:03.000Z</end></TimeSpan></Placemark><Placemark><name>Driving</name><address></address><ExtendedData><Data name="Email"><value>syugen.zhou@gmail.com</value></Data><Data name="Category"><value>Driving</value></Data><Data name="Distance"><value>32258</value></Data></ExtendedData><description> Driving from 2022-07-02T21:47:03.000Z to 2022-07-02T22:27:53.000Z. Distance 32258m </description><LineString><altitudeMode>clampToGround</altitudeMode><extrude>1</extrude><tesselate>1</tesselate><coordinates>-109.4551066,32.1577309,0 -109.4551066,32.1577309,0 -109.4639694,32.1546744,0 -109.472392,32.1526231,0 -109.4818759,32.1514513,0 -109.4904686,32.142468,0 -109.5005953,32.1364286,0 -109.5007553,32.1226104,0 -109.5007506,32.1106907,0 -109.5051844,32.1005004,0 -109.516049,32.0941808,0 -109.5264889,32.0941928,0 -109.5286507,32.0878812,0 -109.504916,32.0639885,0 -109.4836038,32.0425915,0 -109.4590943,32.0279815,0 -109.4400716,32.0093077,0 -109.4169121,32.0067167,0 -109.3875512,32.0086466,0 -109.3561706,32.0055934,0 -109.3565079,32.005358,0 -109.3565079,32.005358,0 </coordinates></LineString><TimeSpan><begin>2022-07-02T21:47:03.000Z</begin><end>2022-07-02T22:27:53.000Z</end></TimeSpan></Placemark><Placemark><name>Visitor Center</name><address>12856 E Rhyolite Creek Rd, Willcox, AZ 85643</address><ExtendedData><Data name="Email"><value>syugen.zhou@gmail.com</value></Data><Data name="Category"><value>Visitor center</value></Data><Data name="Distance"><value>0</value></Data></ExtendedData><description> Visitor center from 2022-07-02T22:27:53.000Z to 2022-07-02T22:51:20.000Z. Distance 0m </description><Point><coordinates>-109.3565079,32.005358,0</coordinates></Point><TimeSpan><begin>2022-07-02T22:27:53.000Z</begin><end>2022-07-02T22:51:20.000Z</end></TimeSpan></Placemark><Placemark><name>Driving</name><address></address><ExtendedData><Data name="Email"><value>syugen.zhou@gmail.com</value></Data><Data name="Category"><value>Driving</value></Data><Data name="Distance"><value>7432</value></Data></ExtendedData><description> Driving from 2022-07-02T22:51:20.000Z to 2022-07-02T23:01:17.000Z. Distance 7432m </description><LineString><altitudeMode>clampToGround</altitudeMode><extrude>1</extrude><tesselate>1</tesselate><coordinates>-109.3564073,32.0055973,0 -109.35666760000001,32.005628300000005,0 -109.35643590000001,32.0058938,0 -109.35631620000001,32.0061583,0 -109.3561724,32.0074521,0 -109.35586470000001,32.00846700000001,0 -109.3544347,32.01054510000001,0 -109.35410940000001,32.01158770000001,0 -109.35416200000002,32.01411650000001,0 -109.35404990000002,32.0145137,0 -109.35351830000002,32.015213200000005,0 -109.35300450000001,32.0164148,0 -109.35275330000002,32.0167067,0 -109.35148320000002,32.0175038,0 -109.35065920000002,32.0183636,0 -109.35032490000002,32.0193134,0 -109.35030880000002,32.0197287,0 -109.34993000000001,32.020882500000006,0 -109.34875460000002,32.022685700000004,0 -109.34828060000002,32.023047700000006,0 -109.34741000000002,32.0233666,0 -109.34683060000002,32.023379,0 -109.34350110000001,32.022990199999995,0 -109.34277590000002,32.0227753,0 -109.34187080000001,32.0220054,0 -109.34136480000001,32.0217253,0 -109.33988210000001,32.021356100000006,0 -109.33926770000001,32.021360800000004,0 -109.3379184,32.021830200000004,0 -109.3345828,32.0215224,0 -109.3329114,32.0222137,0 -109.3325978,32.022261900000004,0 -109.3310415,32.0220993,0 -109.32883960000001,32.0222094,0 -109.3262165,32.0228837,0 -109.32438050000002,32.02371840000001,0 -109.3236313,32.0247225,0 -109.3235154,32.025034100000006,0 -109.3225424,32.02627480000001,0 -109.3223468,32.02696460000001,0 -109.3221078,32.0272858,0 -109.3184284,32.030218100000006,0 -109.31801730000001,32.030330500000005,0 -109.31734540000001,32.03029260000001,0 -109.31669760000001,32.029959700000006,0 -109.31622990000001,32.029383200000005,0 -109.31590600000001,32.02919250000001,0 -109.31546260000002,32.0291038,0 -109.3144855,32.0291012,0 -109.31414690000001,32.0289658,0 -109.3139062,32.02873520000001,0 -109.3138147,32.0285438,0 -109.313659,32.02617480000001,0 -109.3138251,32.025957000000005,0 -109.3142732,32.025631100000005,0 -109.3144766,32.0253577,0 -109.31454400000001,32.024970100000004,0 -109.31413330000001,32.02416780000001,0 -109.314124,32.02354770000001,0 -109.3139622,32.02313210000001,0 -109.31396860000001,32.02295750000001,0 -109.31406080000001,32.022783800000006,0 -109.31424620000001,32.02262840000001,0 -109.31441910000001,32.02256200000001,0 -109.3155392,32.02290310000001,0 -109.31588700000002,32.022882800000005,0 -109.31621180000002,32.02277050000001,0 -109.31647280000003,32.02257500000001,0 -109.31665770000002,32.022313700000005,0 -109.31704900000001,32.02064550000001,0 -109.31691040000001,32.020389400000006,0 -109.31602690000003,32.01986670000001,0 -109.31597960000002,32.01951760000001,0 -109.31604230000002,32.01939440000001,0 -109.31729690000002,32.01850200000001,0 -109.31757010000001,32.018134300000014,0 -109.31775320000001,32.01738320000001,0 -109.31764070000001,32.01661500000001,0 -109.3178386,32.01592650000001,0 -109.31768090000001,32.015661400000006,0 -109.31703130000001,32.015418200000006,0 -109.31684290000003,32.01528330000001,0 -109.31673330000002,32.01509480000001,0 -109.31668030000002,32.014683100000006,0 -109.31656610000002,32.0144979,0 -109.31541860000002,32.013874,0 -109.31502700000003,32.0135218,0 -109.31451290000003,32.012679399999996,0 -109.31333150000002,32.011375,0 -109.31295930000002,32.0111211,0 -109.31171150000002,32.0105704,0 -109.31106190000003,32.009965199999996,0 -109.31080220000001,32.0093238,0 -109.31085330000002,32.0086352,0 -109.31113970000001,32.0078544,0 -109.31126610000003,32.0077371,0 -109.31161160000003,32.0075973,0 -109.31181200000003,32.007672,0 -109.31193780000004,32.0076608,0 -109.31220110000004,32.0074176,0 </coordinates></LineString><TimeSpan><begin>2022-07-02T22:51:20.000Z</begin><end>2022-07-02T23:01:17.000Z</end></TimeSpan></Placemark><Placemark><name>Massai Point</name><address>Parking lot, 14272-14284 E Bonita Canyon Rd, Willcox, AZ 85643</address><ExtendedData><Data name="Email"><value>syugen.zhou@gmail.com</value></Data><Data name="Category"><value>Scenic spot</value></Data><Data name="Distance"><value>0</value></Data></ExtendedData><description> Scenic spot from 2022-07-02T23:01:17.000Z to 2022-07-02T23:29:26.999Z. Distance 0m </description><Point><coordinates>-109.3123119,32.0070729,0</coordinates></Point><TimeSpan><begin>2022-07-02T23:01:17.000Z</begin><end>2022-07-02T23:29:26.999Z</end></TimeSpan></Placemark><Placemark><name>Driving</name><address></address><ExtendedData><Data name="Email"><value>syugen.zhou@gmail.com</value></Data><Data name="Category"><value>Driving</value></Data><Data name="Distance"><value>189570</value></Data></ExtendedData><description> Driving from 2022-07-02T23:29:26.999Z to 2022-07-03T01:31:58.000Z. Distance 189570m </description><LineString><altitudeMode>clampToGround</altitudeMode><extrude>1</extrude><tesselate>1</tesselate><coordinates>-109.3109837,32.0082059,0 -109.3108119,32.0088298,0 -109.31080220000001,32.009323800000004,0 -109.3108776,32.009610200000004,0 -109.3110619,32.0099652,0 -109.31142559999999,32.0103646,0 -109.31171149999999,32.0105704,0 -109.3129593,32.0111211,0 -109.3133315,32.011375,0 -109.3136391,32.0116608,0 -109.31451290000001,32.012679399999996,0 -109.315027,32.0135218,0 -109.31541859999999,32.013874,0 -109.3164765,32.0144264,0 -109.31656609999999,32.0144979,0 -109.31668029999999,32.014683100000006,0 -109.3167333,32.01509480000001,0 -109.3168429,32.01528330000001,0 -109.3170313,32.015418200000006,0 -109.3174859,32.01554970000001,0 -109.31768089999998,32.015661400000006,0 -109.31780739999999,32.015831000000006,0 -109.31783859999999,32.015926500000006,0 -109.3178289,32.0161269,0 -109.3176407,32.01661500000001,0 -109.31763559999999,32.01679910000001,0 -109.3177532,32.017383200000005,0 -109.31769709999999,32.0178184,0 -109.31757009999998,32.0181343,0 -109.31729689999999,32.018502,0 -109.3170321,32.0187189,0 -109.3162852,32.0191629,0 -109.31604229999999,32.019394399999996,0 -109.31597959999999,32.0195176,0 -109.3159799,32.019758599999996,0 -109.3160269,32.019866699999994,0 -109.3161918,32.020014599999996,0 -109.3167389,32.020258399999996,0 -109.31691040000001,32.0203894,0 -109.31697230000002,32.020467800000006,0 -109.31704900000001,32.0206455,0 -109.31705640000003,32.020819,0 -109.31665770000004,32.022313700000005,0 -109.31647280000003,32.022575,0 -109.31630810000004,32.0227154,0 -109.31621180000003,32.0227705,0 -109.31588700000003,32.0228828,0 -109.31553920000002,32.0229031,0 -109.31531600000002,32.0228665,0 -109.31471900000003,32.02262209999999,0 -109.31451300000003,32.02256599999999,0 -109.31441910000002,32.022561999999986,0 -109.31424620000003,32.02262839999999,0 -109.31406080000002,32.022783799999985,0 -109.31396860000002,32.02295749999999,0 -109.31396220000002,32.02313209999999,0 -109.31412400000002,32.02354769999999,0 -109.31410310000003,32.02402269999999,0 -109.31413330000002,32.02416779999999,0 -109.31448420000002,32.02476249999999,0 -109.31454400000003,32.02497009999998,0 -109.31454050000002,32.02513169999999,0 -109.31447660000002,32.02535769999999,0 -109.31427320000002,32.02563109999999,0 -109.31382510000002,32.02595699999999,0 -109.31365900000002,32.02617479999999,0 -109.31362090000002,32.026442599999996,0 -109.31378550000001,32.02733899999999,0 -109.31377940000002,32.028343799999995,0 -109.31381470000002,32.028543799999994,0 -109.31390620000003,32.0287352,0 -109.31414690000004,32.0289658,0 -109.31433190000004,32.0290557,0 -109.31448550000003,32.0291012,0 -109.31483520000003,32.0291341,0 -109.31546260000005,32.0291038,0 -109.31574400000004,32.0291442,0 -109.31590600000004,32.0291925,0 -109.31622990000004,32.0293832,0 -109.31669760000004,32.0299597,0 -109.31704570000004,32.030183599999994,0 -109.31734540000004,32.030292599999996,0 -109.31774850000004,32.030345399999995,0 -109.31801730000004,32.0303305,0 -109.31842840000003,32.03021809999999,0 -109.31873660000004,32.03003809999999,0 -109.32210780000004,32.027285799999994,0 -109.32234680000005,32.0269646,0 -109.32254240000003,32.0262748,0 -109.32278560000005,32.0259011,0 -109.32351540000005,32.0250341,0 -109.32363130000005,32.024722499999996,0 -109.32418940000005,32.023900499999996,0 -109.32438050000005,32.0237184,0 -109.32469770000006,32.0235268,0 -109.32621650000006,32.022883699999994,0 -109.32883960000005,32.022209399999994,0 -109.32966010000005,32.0221066,0 -109.33104150000005,32.0220993,0 -109.33259780000006,32.0222619,0 -109.33291140000006,32.022213699999995,0 -109.33336570000006,32.022054399999995,0 -109.33425120000005,32.02161379999999,0 -109.33458280000005,32.02152239999999,0 -109.33508660000005,32.02151739999999,0 -109.33555450000004,32.02160219999999,0 -109.33635700000005,32.02162849999999,0 -109.33766050000006,32.02183269999999,0 -109.33791840000006,32.02183019999999,0 -109.33837520000006,32.021714499999995,0 -109.33903910000006,32.02142559999999,0 -109.33926770000005,32.02136079999999,0 -109.33956250000006,32.021331999999994,0 -109.33988210000005,32.02135609999999,0 -109.34136480000006,32.021725299999986,0 -109.34161330000006,32.02183999999999,0 -109.34187080000007,32.02200539999999,0 -109.34231950000007,32.02245169999999,0 -109.34277590000006,32.02277529999999,0 -109.34310830000007,32.02290709999999,0 -109.34350110000007,32.022990199999995,0 -109.34502850000007,32.02308419999999,0 -109.34683060000006,32.023379,0 -109.34741000000007,32.023366599999996,0 -109.34789720000006,32.023230899999994,0 -109.34828060000008,32.0230477,0 -109.34855850000007,32.0228615,0 -109.34875460000006,32.0226857,0 -109.34949820000007,32.0215907,0 -109.34972910000006,32.0211474,0 -109.34993000000006,32.0208825,0 -109.35005960000007,32.0205467,0 -109.35007440000005,32.020375200000004,0 -109.35022120000006,32.020071800000004,0 -109.35030880000006,32.0197287,0 -109.35032490000006,32.0193134,0 -109.35047370000005,32.01880070000001,0 -109.35065920000005,32.0183636,0 -109.35093370000006,32.0180017,0 -109.35121960000005,32.0177118,0 -109.35148320000005,32.0175038,0 -109.35275330000005,32.0167067,0 -109.35300450000004,32.0164148,0 -109.35312160000004,32.0161986,0 -109.35338680000004,32.015441100000004,0 -109.35351830000005,32.015213200000005,0 -109.35386000000004,32.0148146,0 -109.35404990000004,32.0145137,0 -109.35416200000003,32.0141165,0 -109.35410940000004,32.0115877,0 -109.35417970000003,32.0111844,0 -109.35443470000004,32.010545099999995,0 -109.35562320000004,32.0089215,0 -109.35586470000004,32.008467,0 -109.35617240000005,32.0074521,0 -109.35631620000005,32.006158299999996,0 -109.35643590000005,32.005893799999996,0 -109.35666760000004,32.0056283,0 -109.35709280000005,32.0054403,0 -109.35739230000004,32.005403099999995,0 -109.35873180000004,32.0056162,0 -109.35927210000006,32.00564849999999,0 -109.35991510000005,32.0056162,0 -109.36336940000005,32.0049998,0 -109.36398910000005,32.0049358,0 -109.36639840000005,32.005002000000005,0 -109.36720460000005,32.0048635,0 -109.36761200000005,32.004710599999996,0 -109.36904450000006,32.003864,0 -109.36933840000005,32.0037582,0 -109.36964700000004,32.0037055,0 -109.37002330000006,32.0037299,0 -109.37031680000005,32.0038114,0 -109.37055430000005,32.0039205,0 -109.37082940000005,32.0041175,0 -109.37185290000005,32.0050546,0 -109.37412350000007,32.00758880000001,0 -109.37454360000007,32.0078654,0 -109.37499380000006,32.008073700000004,0 -109.37556780000007,32.00823520000001,0 -109.37824070000006,32.008603400000005,0 -109.38079240000006,32.0091091,0 -109.38201680000006,32.00924780000001,0 -109.38480420000005,32.00936600000001,0 -109.38541070000005,32.009344500000005,0 -109.38632720000005,32.009179700000004,0 -109.38672510000005,32.0090531,0 -109.38715910000005,32.008861200000005,0 -109.38771530000005,32.00855060000001,0 -109.38813690000005,32.008235600000006,0 -109.38910290000005,32.007229200000005,0 -109.38927010000005,32.00709290000001,0 -109.38969880000005,32.00684540000001,0 -109.39009200000005,32.00668880000001,0 -109.39035020000004,32.006619700000016,0 -109.39064690000005,32.006583800000016,0 -109.43904620000004,32.00680400000002,0 -109.43942210000004,32.006937600000015,0 -109.43963340000003,32.00706750000001,0 -109.43981760000004,32.00727290000001,0 -109.43998900000004,32.007632000000015,0 -109.44006620000003,32.02125140000001,0 -109.44014790000004,32.02151200000001,0 -109.44032530000004,32.02180850000001,0 -109.44061430000004,32.022110300000016,0 -109.44095500000005,32.02233690000002,0 -109.44137620000004,32.022507400000016,0 -109.45100320000005,32.02527600000001,0 -109.46317790000005,32.02939940000002,0 -109.46991070000004,32.03204030000002,0 -109.47392500000005,32.03454280000002,0 -109.47679030000005,32.03595360000001,0 -109.47718870000004,32.03621590000001,0 -109.52070250000006,32.08000710000002,0 -109.52103600000004,32.08026980000002,0 -109.53440920000004,32.093716700000016,0 -109.54448100000003,32.10305490000002,0 -109.54480780000004,32.10349380000002,0 -109.55111500000004,32.114031400000016,0 -109.55385880000004,32.11733610000002,0 -109.55446860000004,32.11839360000002,0 -109.55472850000004,32.119058000000024,0 -109.55572760000004,32.12284590000002,0 -109.55613300000005,32.12520240000002,0 -109.55675590000004,32.126915500000024,0 -109.55722800000004,32.128729200000016,0 -109.55743690000004,32.12923160000002,0 -109.55885440000003,32.13190830000002,0 -109.56438690000003,32.140119300000016,0 -109.56499190000004,32.141436200000015,0 -109.56541760000003,32.142705800000016,0 -109.56544530000004,32.143020100000015,0 -109.56540250000005,32.143373300000015,0 -109.56505540000005,32.144380200000015,0 -109.56498720000005,32.144706800000016,0 -109.56499860000005,32.150316300000014,0 -109.56477250000005,32.15119890000001,0 -109.56474600000004,32.151508200000016,0 -109.56507580000005,32.15667310000001,0 -109.56522240000005,32.15711940000001,0 -109.56619280000004,32.15869700000002,0 -109.56647680000005,32.15900880000002,0 -109.56690260000005,32.159293200000015,0 -109.56738560000005,32.15948280000002,0 -109.56890810000004,32.15995090000001,0 -109.56902240000005,32.160044200000016,0 -109.57025530000006,32.16052730000001,0 -109.57578090000005,32.16346840000001,0 -109.57963830000006,32.166075200000016,0 -109.58002650000006,32.166251500000016,0 -109.58044650000005,32.16639330000002,0 -109.58379440000004,32.16719710000002,0 -109.58501330000004,32.16731580000002,0 -109.58753930000005,32.167251600000014,0 -109.58783650000005,32.16728420000002,0 -109.58839780000005,32.16742580000001,0 -109.60061720000004,32.172227100000015,0 -109.60121510000005,32.172517100000015,0 -109.60349910000005,32.17389100000002,0 -109.60421390000003,32.17420610000002,0 -109.60469460000004,32.174350700000026,0 -109.60572020000004,32.17450580000003,0 -109.61133400000003,32.174754200000024,0 -109.61920700000003,32.17557230000003,0 -109.62062350000004,32.175849900000024,0 -109.62190390000004,32.176186200000025,0 -109.64701560000005,32.18401780000002,0 -109.64791230000004,32.184172500000024,0 -109.64880800000005,32.184234500000024,0 -109.65012880000005,32.184165800000024,0 -109.65076130000004,32.18405360000002,0 -109.65177870000004,32.183765300000026,0 -109.65432080000004,32.182695600000024,0 -109.65513730000004,32.18241950000002,0 -109.65632330000004,32.182114500000026,0 -109.65765090000004,32.181900900000024,0 -109.65951420000003,32.18180400000002,0 -109.66103580000002,32.181910800000026,0 -109.66192010000003,32.182043800000024,0 -109.67181080000003,32.184567800000025,0 -109.67980440000002,32.18707810000002,0 -109.70873130000003,32.19494050000002,0 -109.70996120000002,32.19513350000002,0 -109.71071220000003,32.19519450000002,0 -109.75699000000003,32.19531780000002,0 -109.75788880000003,32.19542970000002,0 -109.75914740000003,32.19571740000002,0 -109.76024350000004,32.196109900000025,0 -109.76109200000003,32.19651880000002,0 -109.76207000000004,32.19712600000002,0 -109.81836130000003,32.24493930000002,0 -109.82008770000003,32.246153600000014,0 -109.82283650000004,32.24780190000002,0 -109.83249580000005,32.252572000000015,0 -109.83462100000004,32.249364000000014,0 -109.83513530000005,32.248334000000014,0 -109.83777390000004,32.24443530000001,0 -109.83872460000005,32.24333530000002,0 -109.83964760000003,32.242413700000014,0 -109.84082480000005,32.24142340000001,0 -109.84209680000005,32.24053400000001,0 -109.87567370000005,32.22056110000001,0 -109.87650050000005,32.22146740000001,0 -109.87693240000006,32.22177940000001,0 -109.87975340000006,32.22332940000001,0 -109.88007010000005,32.22282360000001,0 -109.88023340000005,32.22246690000001,0 -109.88033370000005,32.22208410000001,0 -109.88040390000006,32.22077280000001,0 -109.88051910000006,32.22016990000001,0 -109.88066560000006,32.21975540000002,0 -109.88086710000005,32.21935230000001,0 -109.88199350000005,32.21783410000001,0 -109.88199480000006,32.217720600000014,0 -109.88348950000005,32.216229200000015,0 -109.88512570000006,32.214956000000015,0 -109.98958720000006,32.15267600000002,0 -109.99181300000006,32.15111180000002,0 -109.99303290000006,32.15014080000002,0 -109.99520430000007,32.14817830000002,0 -109.99746470000007,32.14570140000002,0 -110.02150730000007,32.11431620000002,0 -110.03648970000006,32.09323360000002,0 -110.03803540000006,32.09137300000002,0 -110.04005740000007,32.08930690000002,0 -110.04160050000007,32.087944100000016,0 -110.04375650000007,32.086288400000015,0 -110.04652600000007,32.08450240000001,0 -110.04822620000007,32.08356770000001,0 -110.05401120000006,32.080913500000015,0 -110.05647840000007,32.07956560000001,0 -110.05807780000008,32.07850810000001,0 -110.05921590000007,32.077653200000015,0 -110.06081420000007,32.07627030000001,0 -110.07619550000007,32.06132600000001,0 -110.08068620000007,32.05669050000001,0 -110.08454820000007,32.052381800000006,0 -110.09073340000008,32.04484780000001,0 -110.09181050000007,32.043750200000005,0 -110.09253150000006,32.04311580000001,0 -110.09942030000008,32.03824120000001,0 -110.10032170000008,32.03743430000001,0 -110.10097900000008,32.03674460000001,0 -110.10184270000008,32.03565290000001,0 -110.10772330000009,32.02605530000001,0 -110.11006760000008,32.02300170000001,0 -110.11295920000009,32.019917000000014,0 -110.11496560000009,32.018113200000016,0 -110.11652270000008,32.016844700000014,0 -110.11820010000008,32.01560970000001,0 -110.12015250000007,32.01431450000001,0 -110.12315910000008,32.01257840000002,0 -110.12535800000008,32.011483700000014,0 -110.19235670000008,31.986870100000015,0 -110.19799380000008,31.98519040000001,0 -110.22785900000007,31.977855200000015,0 -110.22914550000007,31.977410700000014,0 -110.23095410000006,31.97661460000001,0 -110.23245630000008,31.97577420000001,0 -110.23935570000008,31.971333500000007,0 -110.24103880000008,31.97034720000001,0 -110.24367110000007,31.96902980000001,0 -110.24600790000007,31.968054900000006,0 -110.24881600000006,31.9671117,0 -110.25050790000006,31.9666497,0 -110.25289110000007,31.9661261,0 -110.25605960000006,31.9656505,0 -110.25860700000007,31.965445399999997,0 -110.26601140000007,31.9654639,0 -110.26784450000007,31.965569600000002,0 -110.26992130000006,31.965817199999996,0 -110.27191950000005,31.966187299999994,0 -110.27486590000005,31.966984699999994,0 -110.27664750000005,31.967625899999994,0 -110.27882970000005,31.96859149999999,0 -110.28039140000004,31.969420599999992,0 -110.28156880000004,31.97013139999999,0 -110.28313330000005,31.971206899999988,0 -110.28906190000005,31.975711399999987,0 -110.28995110000005,31.976308999999986,0 -110.29099540000006,31.976893299999986,0 -110.29205810000005,31.977384399999988,0 -110.29367850000006,31.977968499999985,0 -110.29516410000005,31.97834479999998,0 -110.29644760000005,31.978559599999983,0 -110.29834890000005,31.978697399999987,0 -110.30730780000005,31.978694799999985,0 -110.30862920000004,31.978622699999985,0 -110.31046710000004,31.978387499999982,0 -110.31216050000003,31.978026499999977,0 -110.31433290000004,31.977342599999982,0 -110.32741880000005,31.97166189999998,0 -110.32896450000005,31.970846299999984,0 -110.33225610000005,31.968784899999985,0 -110.33312550000005,31.968350299999987,0 -110.33406020000005,31.967993099999983,0 -110.34847820000006,31.964311199999983,0 -110.35072630000006,31.963864699999988,0 -110.35256240000007,31.963639199999985,0 -110.35510470000006,31.963506999999982,0 -110.44482890000006,31.963043099999986,0 -110.44842140000006,31.963215399999985,0 -110.45078550000005,31.963459299999986,0 -110.45488960000006,31.964137399999984,0 -110.45780600000005,31.964821199999985,0 -110.45969750000005,31.965370299999982,0 -110.47673140000005,31.970948399999983,0 -110.47858940000006,31.971426599999987,0 -110.48149680000006,31.97199829999998,0 -110.50864480000006,31.975961899999984,0 -110.51034080000007,31.976370699999986,0 -110.51147250000007,31.976710899999983,0 -110.51643700000007,31.97847189999998,0 -110.51816590000006,31.978948399999982,0 -110.51942760000006,31.97921869999998,0 -110.54802540000006,31.98372339999998,0 -110.58166800000006,31.98751519999998,0 -110.58964710000005,31.98857809999998,0 -110.59307320000005,31.98933799999998,0 -110.62414100000005,31.998068199999977,0 -110.62592800000006,31.99846659999998,0 -110.62771590000006,31.99874509999998,0 -110.63058970000004,31.998951799999976,0 -110.63356360000006,31.998864199999975,0 -110.65198040000006,31.996994199999975,0 -110.65354830000007,31.99694519999997,0 -110.65553020000007,31.99700409999997,0 -110.65711800000007,31.997150899999973,0 -110.65909150000007,31.997457899999972,0 -110.67848610000007,32.00146779999997,0 -110.68009420000006,32.00188079999997,0 -110.68223400000007,32.00259539999997,0 -110.68443330000007,32.00354899999997,0 -110.68691360000007,32.004935599999975,0 -110.70133810000007,32.01458829999997,0 -110.73875600000007,32.041545999999975,0 -110.74152110000007,32.04319749999997,0 -110.74408880000006,32.04446389999997,0 -110.74913230000007,32.04659459999996,0 -110.75206890000007,32.04814619999996,0 -110.88466580000006,32.13144859999997,0 -110.88551770000007,32.132135699999964,0 -110.88642590000006,32.133050899999965,0 -110.88742030000007,32.13434549999997,0 -110.89290160000007,32.14485929999997,0 -110.89407350000008,32.14670079999997,0 -110.89523590000007,32.148197999999965,0 -110.89654470000008,32.14958519999997,0 -110.89758070000008,32.15052689999997,0 -110.89907810000008,32.15172199999997,0 -110.90010560000007,32.15243499999997,0 -110.93954830000008,32.17466579999997,0 -110.93962770000009,32.17476069999997,0 -110.94081290000008,32.17546829999998,0 -110.94111210000008,32.175771499999975,0 -110.94127640000008,32.17605439999998,0 -110.94137800000009,32.176403899999976,0 -110.94137120000009,32.17881649999998,0 -110.9414245000001,32.179066999999975,0 -110.9416001000001,32.17940049999998,0 -110.9420398000001,32.17987749999998,0 -110.9423410000001,32.18005719999998,0 -110.9425892000001,32.18016469999998,0 -110.94294940000009,32.180242499999984,0 -110.94439760000009,32.18027439999998,0 -110.9443038000001,32.18518649999998,0 -110.9463452000001,32.185195599999986,0 -110.94674130000008,32.18515769999998,0 -110.9472236000001,32.185004599999985,0 -110.9475588000001,32.18476159999999,0 -110.9477031000001,32.184594199999985,0 -110.94837820000009,32.18339669999998,0 -110.94847260000009,32.18314369999998,0 -110.94853430000008,32.18308509999998,0 -110.94885130000007,32.182938299999975,0 -110.94892470000008,32.18284689999998,0 -110.94894040000008,32.18275869999998,0 -110.94892460000008,32.18269289999998,0 -110.94886940000008,32.18261679999998,0 -110.94878350000008,32.18256489999998,0 -110.94787120000008,32.18236499999998,0 -110.94773670000009,32.182366499999986,0 -110.94749100000008,32.182282599999986,0 -110.9467361000001,32.18191859999998,0 -110.94620640000008,32.18160529999999,0 -110.94613570000008,32.18172169999998,0 -110.9460867000001,32.18187729999999,0 -110.94609210000009,32.181910999999985,0 </coordinates></LineString><TimeSpan><begin>2022-07-02T23:29:26.999Z</begin><end>2022-07-03T01:31:58.000Z</end></TimeSpan></Placemark><Placemark><name>Costco Gas Station</name><address>1650 E Tucson Marketplace Blvd, Tucson, AZ 85713</address><ExtendedData><Data name="Email"><value>syugen.zhou@gmail.com</value></Data><Data name="Category"><value>Gas station</value></Data><Data name="Distance"><value>0</value></Data></ExtendedData><description> Gas station from 2022-07-03T01:31:58.000Z to 2022-07-03T01:39:35.000Z. Distance 0m </description><Point><coordinates>-110.9463921,32.1820652,0</coordinates></Point><TimeSpan><begin>2022-07-03T01:31:58.000Z</begin><end>2022-07-03T01:39:35.000Z</end></TimeSpan></Placemark><Placemark><name>Driving</name><address></address><ExtendedData><Data name="Email"><value>syugen.zhou@gmail.com</value></Data><Data name="Category"><value>Driving</value></Data><Data name="Distance"><value>9454</value></Data></ExtendedData><description> Driving from 2022-07-03T01:39:35.919Z to 2022-07-03T01:48:52.999Z. Distance 9454m </description><LineString><altitudeMode>clampToGround</altitudeMode><extrude>1</extrude><tesselate>1</tesselate><coordinates>-110.9463662,32.182119799999995,0 -110.9464113,32.182131399999996,0 -110.9464519,32.1821325,0 -110.9464752,32.1821272,0 -110.94650419999999,32.1821165,0 -110.94653919999999,32.1820955,0 -110.9465752,32.1820637,0 -110.9466923,32.18189400000001,0 -110.9467361,32.1819186,0 -110.94736350000001,32.182214300000005,0 -110.9474203,32.1822486,0 -110.947491,32.18228260000001,0 -110.9477367,32.1823665,0 -110.94781389999999,32.1824384,0 -110.9481849,32.182547500000005,0 -110.9482427,32.18257400000001,0 -110.9482904,32.18260710000001,0 -110.9484125,32.18273810000001,0 -110.9484013,32.18290310000001,0 -110.9483748,32.18298310000001,0 -110.9483515,32.183099500000004,0 -110.9482844,32.1832982,0 -110.94772800000001,32.1842715,0 -110.947715,32.184302300000006,0 -110.9476145,32.1844643,0 -110.9475358,32.1845718,0 -110.9474672,32.1846536,0 -110.9473271,32.18478689999999,0 -110.9471511,32.18490069999999,0 -110.9469792,32.18497029999999,0 -110.94684310000001,32.18501449999999,0 -110.9467006,32.18504989999999,0 -110.9465447,32.185074599999986,0 -110.9462933,32.18508389999999,0 -110.94556589999999,32.185062299999984,0 -110.9445229,32.185054999999984,0 -110.94451289999999,32.184928599999985,0 -110.9445369,32.181518699999984,0 -110.94459219999999,32.18143769999998,0 -110.9446227,32.18135759999998,0 -110.9446495,32.18120719999998,0 -110.94477669999999,32.18012109999998,0 -110.9448101,32.17991669999998,0 -110.94486749999999,32.179710199999974,0 -110.94492509999999,32.179581399999975,0 -110.94497019999999,32.17950199999998,0 -110.94508609999998,32.179345499999975,0 -110.9451666,32.179257299999975,0 -110.945341,32.179116199999974,0 -110.9454449,32.17904909999997,0 -110.9456461,32.17895169999997,0 -110.9458077,32.17889619999997,0 -110.9459068,32.17887249999997,0 -110.9461329,32.17884269999997,0 -110.9463139,32.17884109999997,0 -110.94652450000001,32.178861999999974,0 -110.9467787,32.17891879999998,0 -110.9469574,32.17898599999997,0 -110.9471097,32.17905459999998,0 -110.9496179,32.18039359999998,0 -110.9497307,32.180447899999976,0 -110.9498786,32.180476399999975,0 -110.9507056,32.180917199999975,0 -110.95401950000002,32.182773399999974,0 -110.95486110000002,32.18320009999997,0 -110.95571250000002,32.183591899999975,0 -110.95637820000002,32.18387799999998,0 -110.95740950000001,32.18427409999998,0 -110.95863070000001,32.184688799999975,0 -110.95989330000002,32.18504539999998,0 -110.96705160000002,32.18689649999998,0 -110.96764440000003,32.18703749999998,0 -110.97003000000002,32.18754139999998,0 -110.97059730000002,32.18767779999998,0 -110.97097120000002,32.18778939999998,0 -110.97127370000003,32.187894299999975,0 -110.97156420000003,32.18800719999997,0 -110.97204180000003,32.188223199999975,0 -110.97225760000003,32.18833619999997,0 -110.97268010000005,32.188579499999975,0 -110.97285060000004,32.18868669999998,0 -110.97317710000004,32.18891309999998,0 -110.97347690000004,32.18914279999998,0 -110.97374850000004,32.18937879999997,0 -110.97406400000004,32.18968159999997,0 -110.97436090000005,32.190009499999974,0 -110.97455130000006,32.190250399999975,0 -110.97486680000006,32.19071949999998,0 -110.97697990000005,32.19419189999998,0 -110.97754010000004,32.195228899999975,0 -110.97793400000005,32.19610659999997,0 -110.97835740000004,32.19718809999998,0 -110.97849250000003,32.19757979999997,0 -110.97886240000004,32.19886249999997,0 -110.97903880000004,32.19959599999997,0 -110.97920230000004,32.20046379999997,0 -110.97930620000004,32.20122249999997,0 -110.97936110000005,32.201749799999966,0 -110.97941610000005,32.202642199999964,0 -110.97944890000004,32.206161399999964,0 </coordinates></LineString><TimeSpan><begin>2022-07-03T01:39:35.919Z</begin><end>2022-07-03T01:48:52.999Z</end></TimeSpan></Placemark><Placemark><name>Hyatt Place Tucson-Central</name><address>1375 W Grant Rd, Tucson, AZ 85745</address><ExtendedData><Data name="Email"><value>syugen.zhou@gmail.com</value></Data><Data name="Category"><value>Hotel</value></Data><Data name="Distance"><value>0</value></Data></ExtendedData><description> Hotel from 2022-07-03T01:48:52.999Z to 2022-07-03T13:00:29.999Z. Distance 0m </description><Point><coordinates>-110.9944586,32.2494757,0</coordinates></Point><TimeSpan><begin>2022-07-03T01:48:52.999Z</begin><end>2022-07-03T13:00:29.999Z</end></TimeSpan></Placemark></Document></kml>
