<?xml version='1.0' encoding='UTF-8'?>
<kml xmlns="http://www.opengis.net/kml/2.2">
  <Document>
    <name>63-vancouver-redact</name>
    <Style id="icon-1603-0288D1-nodesc-normal">
      <IconStyle>
        <color>ffd18802</color>
        <scale>1</scale>
        <Icon>
          <href>https://www.gstatic.com/mapspro/images/stock/503-wht-blank_maps.png</href>
        </Icon>
      </IconStyle>
      <LabelStyle>
        <scale>0</scale>
      </LabelStyle>
    </Style>
    <Style id="icon-1603-0288D1-nodesc-highlight">
      <IconStyle>
        <color>ffd18802</color>
        <scale>1</scale>
        <Icon>
          <href>https://www.gstatic.com/mapspro/images/stock/503-wht-blank_maps.png</href>
        </Icon>
      </IconStyle>
      <LabelStyle>
        <scale>1</scale>
      </LabelStyle>
    </Style>
    <StyleMap id="icon-1603-0288D1-nodesc">
      <Pair>
        <key>normal</key>
        <styleUrl>#icon-1603-0288D1-nodesc-normal</styleUrl>
      </Pair>
      <Pair>
        <key>highlight</key>
        <styleUrl>#icon-1603-0288D1-nodesc-highlight</styleUrl>
      </Pair>
    </StyleMap>
    <Style id="icon-1535-0288D1-normal">
      <IconStyle>
        <color>ffd18802</color>
        <scale>1</scale>
        <Icon>
          <href>https://www.gstatic.com/mapspro/images/stock/503-wht-blank_maps.png</href>
        </Icon>
      </IconStyle>
      <LabelStyle>
        <scale>0</scale>
      </LabelStyle>
    </Style>
    <Style id="icon-1535-0288D1-highlight">
      <IconStyle>
        <color>ffd18802</color>
        <scale>1</scale>
        <Icon>
          <href>https://www.gstatic.com/mapspro/images/stock/503-wht-blank_maps.png</href>
        </Icon>
      </IconStyle>
      <LabelStyle>
        <scale>1</scale>
      </LabelStyle>
    </Style>
    <StyleMap id="icon-1535-0288D1">
      <Pair>
        <key>normal</key>
        <styleUrl>#icon-1535-0288D1-normal</styleUrl>
      </Pair>
      <Pair>
        <key>highlight</key>
        <styleUrl>#icon-1535-0288D1-highlight</styleUrl>
      </Pair>
    </StyleMap>
    <Style id="icon-1602-0288D1-normal">
      <IconStyle>
        <color>ffd18802</color>
        <scale>1</scale>
        <Icon>
          <href>https://www.gstatic.com/mapspro/images/stock/503-wht-blank_maps.png</href>
        </Icon>
      </IconStyle>
      <LabelStyle>
        <scale>0</scale>
      </LabelStyle>
    </Style>
    <Style id="icon-1602-0288D1-highlight">
      <IconStyle>
        <color>ffd18802</color>
        <scale>1</scale>
        <Icon>
          <href>https://www.gstatic.com/mapspro/images/stock/503-wht-blank_maps.png</href>
        </Icon>
      </IconStyle>
      <LabelStyle>
        <scale>1</scale>
      </LabelStyle>
    </Style>
    <StyleMap id="icon-1602-0288D1">
      <Pair>
        <key>normal</key>
        <styleUrl>#icon-1602-0288D1-normal</styleUrl>
      </Pair>
      <Pair>
        <key>highlight</key>
        <styleUrl>#icon-1602-0288D1-highlight</styleUrl>
      </Pair>
    </StyleMap>
    <Style id="icon-1739-0288D1-normal">
      <IconStyle>
        <color>ffd18802</color>
        <scale>1</scale>
        <Icon>
          <href>https://www.gstatic.com/mapspro/images/stock/503-wht-blank_maps.png</href>
        </Icon>
      </IconStyle>
      <LabelStyle>
        <scale>0</scale>
      </LabelStyle>
    </Style>
    <Style id="icon-1739-0288D1-highlight">
      <IconStyle>
        <color>ffd18802</color>
        <scale>1</scale>
        <Icon>
          <href>https://www.gstatic.com/mapspro/images/stock/503-wht-blank_maps.png</href>
        </Icon>
      </IconStyle>
      <LabelStyle>
        <scale>1</scale>
      </LabelStyle>
    </Style>
    <StyleMap id="icon-1739-0288D1">
      <Pair>
        <key>normal</key>
        <styleUrl>#icon-1739-0288D1-normal</styleUrl>
      </Pair>
      <Pair>
        <key>highlight</key>
        <styleUrl>#icon-1739-0288D1-highlight</styleUrl>
      </Pair>
    </StyleMap>
    <Style id="line-7CB342-5000-normal">
      <LineStyle>
        <color>ff42b37c</color>
        <width>5</width>
      </LineStyle>
    </Style>
    <Style id="line-7CB342-5000-highlight">
      <LineStyle>
        <color>ff42b37c</color>
        <width>7.5</width>
      </LineStyle>
    </Style>
    <StyleMap id="line-7CB342-5000">
      <Pair>
        <key>normal</key>
        <styleUrl>#line-7CB342-5000-normal</styleUrl>
      </Pair>
      <Pair>
        <key>highlight</key>
        <styleUrl>#line-7CB342-5000-highlight</styleUrl>
      </Pair>
    </StyleMap>
    <Style id="line-A52714-5000-normal">
      <LineStyle>
        <color>ff1427a5</color>
        <width>5</width>
      </LineStyle>
    </Style>
    <Style id="line-A52714-5000-highlight">
      <LineStyle>
        <color>ff1427a5</color>
        <width>7.5</width>
      </LineStyle>
    </Style>
    <StyleMap id="line-A52714-5000">
      <Pair>
        <key>normal</key>
        <styleUrl>#line-A52714-5000-normal</styleUrl>
      </Pair>
      <Pair>
        <key>highlight</key>
        <styleUrl>#line-A52714-5000-highlight</styleUrl>
      </Pair>
    </StyleMap>
    <Style id="line-F9A825-5000-normal">
      <LineStyle>
        <color>ff25a8f9</color>
        <width>5</width>
      </LineStyle>
    </Style>
    <Style id="line-F9A825-5000-highlight">
      <LineStyle>
        <color>ff25a8f9</color>
        <width>7.5</width>
      </LineStyle>
    </Style>
    <StyleMap id="line-F9A825-5000">
      <Pair>
        <key>normal</key>
        <styleUrl>#line-F9A825-5000-normal</styleUrl>
      </Pair>
      <Pair>
        <key>highlight</key>
        <styleUrl>#line-F9A825-5000-highlight</styleUrl>
      </Pair>
    </StyleMap>
    <Style id="line-FFEA00-5000-normal">
      <LineStyle>
        <color>ff00eaff</color>
        <width>5</width>
      </LineStyle>
    </Style>
    <Style id="line-FFEA00-5000-highlight">
      <LineStyle>
        <color>ff00eaff</color>
        <width>7.5</width>
      </LineStyle>
    </Style>
    <StyleMap id="line-FFEA00-5000">
      <Pair>
        <key>normal</key>
        <styleUrl>#line-FFEA00-5000-normal</styleUrl>
      </Pair>
      <Pair>
        <key>highlight</key>
        <styleUrl>#line-FFEA00-5000-highlight</styleUrl>
      </Pair>
    </StyleMap>
    <Folder>
      <name>2022-01-01</name>
      <Placemark>
        <name>Pacific Rim Cabins</name>
        <styleUrl>#icon-1602-0288D1</styleUrl>
        <ExtendedData>
          <Data name="Category">
            <value>Group accommodation</value>
          </Data>
          <Data name="Distance">
            <value>0</value>
          </Data>
        </ExtendedData>
        <Point>
          <coordinates>
            -125.587976,48.974677,0
          </coordinates>
        </Point>
      </Placemark>
      <Placemark>
        <name>Driving</name>
        <styleUrl>#line-7CB342-5000</styleUrl>
        <ExtendedData>
          <Data name="Category">
            <value>Driving</value>
          </Data>
          <Data name="Distance">
            <value>65124</value>
          </Data>
        </ExtendedData>
        <LineString>
          <tessellate>1</tessellate>
          <coordinates>
            -125.5901040,48.9741360,0
            -125.5908530,48.9745110,0
            -125.5871240,48.9798670,0
            -125.5876560,48.9919850,0
            -125.5874450,48.9923760,0
            -125.5846520,48.9944370,0
            -125.5827550,48.9950350,0
            -125.5824210,48.9952730,0
            -125.5817350,48.9966020,0
            -125.5741400,49.0031880,0
            -125.5724340,49.0041060,0
            -125.5715200,49.0048750,0
            -125.5712650,49.0058120,0
            -125.5684470,49.0092280,0
            -125.5684790,49.0095290,0
            -125.5704750,49.0124140,0
            -125.5718870,49.0133960,0
            -125.5718610,49.0138040,0
            -125.5704970,49.0151500,0
            -125.5545150,49.0184660,0
            -125.5510990,49.0207040,0
            -125.5500740,49.0209840,0
            -125.5468970,49.0212290,0
            -125.5462630,49.0214900,0
            -125.5422500,49.0242670,0
            -125.5393750,49.0286190,0
            -125.5386360,49.0313770,0
            -125.5410460,49.0348310,0
            -125.5409430,49.0352600,0
            -125.5340250,49.0384000,0
            -125.5312170,49.0389660,0
            -125.5290940,49.0404170,0
            -125.5195460,49.0414990,0
            -125.5068090,49.0444880,0
            -125.5026320,49.0464440,0
            -125.4986790,49.0473180,0
            -125.4968870,49.0473840,0
            -125.4950660,49.0477430,0
            -125.4914960,49.0478710,0
            -125.4886370,49.0490080,0
            -125.4880190,49.0498850,0
            -125.4824360,49.0519340,0
            -125.4819480,49.0523870,0
            -125.4816750,49.0531040,0
            -125.4809840,49.0538530,0
            -125.4794360,49.0544000,0
            -125.4768600,49.0580970,0
            -125.4760410,49.0607440,0
            -125.4741200,49.0625760,0
            -125.4687580,49.0644880,0
            -125.4682470,49.0648300,0
            -125.4675250,49.0657580,0
            -125.4671620,49.0676470,0
            -125.4673530,49.0683500,0
            -125.4671690,49.0689180,0
            -125.4672690,49.0697320,0
            -125.4676420,49.0701360,0
            -125.4679980,49.0714120,0
            -125.4677360,49.0719820,0
            -125.4680020,49.0727990,0
            -125.4686460,49.0735930,0
            -125.4687460,49.0756090,0
            -125.4693720,49.0762340,0
            -125.4693800,49.0764500,0
            -125.4689200,49.0768650,0
            -125.4673450,49.0774990,0
            -125.4669040,49.0783660,0
            -125.4653750,49.0791200,0
            -125.4650540,49.0796260,0
            -125.4648520,49.0825950,0
            -125.4645830,49.0828810,0
            -125.4639950,49.0829440,0
            -125.4614630,49.0816570,0
            -125.4604880,49.0816640,0
            -125.4591260,49.0823330,0
            -125.4581010,49.0823190,0
            -125.4575270,49.0824490,0
            -125.4570580,49.0828720,0
            -125.4569330,49.0833600,0
            -125.4579730,49.0857600,0
            -125.4565340,49.0902800,0
            -125.4562840,49.0904950,0
            -125.4559970,49.0905680,0
            -125.4544640,49.0900630,0
            -125.4540490,49.0900350,0
            -125.4530190,49.0903710,0
            -125.4528790,49.0905230,0
            -125.4527520,49.0918080,0
            -125.4521660,49.0929900,0
            -125.4520810,49.0938020,0
            -125.4522960,49.0948880,0
            -125.4511300,49.0961260,0
            -125.4509480,49.0967090,0
            -125.4517200,49.0993090,0
            -125.4526200,49.1006620,0
            -125.4538070,49.1039250,0
            -125.4570460,49.1062460,0
            -125.4569770,49.1067340,0
            -125.4544000,49.1085230,0
            -125.4541350,49.1095860,0
            -125.4530510,49.1105210,0
            -125.4528850,49.1110200,0
            -125.4531130,49.1119380,0
            -125.4529640,49.1122080,0
            -125.4522660,49.1125040,0
            -125.4507510,49.1123670,0
            -125.4501930,49.1124520,0
            -125.4495680,49.1127600,0
            -125.4495160,49.1131490,0
            -125.4499960,49.1137800,0
            -125.4499420,49.1140590,0
            -125.4495940,49.1142600,0
            -125.4451400,49.1150330,0
            -125.4445160,49.1150040,0
            -125.4376220,49.1129580,0
            -125.4373020,49.1130520,0
            -125.4369470,49.1133550,0
            -125.4369080,49.1136430,0
            -125.4371690,49.1140720,0
            -125.4377560,49.1145230,0
            -125.4394140,49.1147940,0
            -125.4399810,49.1151130,0
            -125.4402940,49.1155160,0
            -125.4401990,49.1159850,0
            -125.4399760,49.1161650,0
            -125.4365170,49.1170220,0
            -125.4361190,49.1173230,0
            -125.4355950,49.1186480,0
            -125.4358200,49.1192530,0
            -125.4356170,49.1195760,0
            -125.4323410,49.1209560,0
            -125.4314650,49.1210640,0
            -125.4287410,49.1208630,0
            -125.4259650,49.1219320,0
            -125.4254950,49.1223010,0
            -125.4249620,49.1240670,0
            -125.4250270,49.1248150,0
            -125.4256750,49.1261720,0
            -125.4277280,49.1281350,0
            -125.4278140,49.1284080,0
            -125.4272430,49.1289340,0
            -125.4191560,49.1296440,0
            -125.4170400,49.1307870,0
            -125.4166290,49.1312430,0
            -125.4161900,49.1341580,0
            -125.4165260,49.1352930,0
            -125.4186130,49.1387210,0
            -125.4178310,49.1444840,0
            -125.4183050,49.1457640,0
            -125.4215370,49.1487250,0
            -125.4224710,49.1502210,0
            -125.4223390,49.1508170,0
            -125.4217490,49.1511620,0
            -125.4210800,49.1531850,0
            -125.4213430,49.1558470,0
            -125.4206030,49.1568920,0
            -125.4199010,49.1589850,0
            -125.4141890,49.1612860,0
            -125.4124930,49.1615960,0
            -125.4067160,49.1654860,0
            -125.4037370,49.1664210,0
            -125.4009870,49.1683930,0
            -125.3996870,49.1698700,0
            -125.3956520,49.1782020,0
            -125.3972010,49.1800040,0
            -125.3971440,49.1827450,0
            -125.3976160,49.1835160,0
            -125.4021890,49.1869120,0
            -125.4024860,49.1874260,0
            -125.4028440,49.1901250,0
            -125.4023520,49.1910830,0
            -125.4012920,49.1919110,0
            -125.3984030,49.1930160,0
            -125.3968080,49.1933200,0
            -125.3933750,49.1932780,0
            -125.3921700,49.1934990,0
            -125.3899160,49.1945070,0
            -125.3838750,49.1987260,0
            -125.3811750,49.1995510,0
            -125.3786250,49.2013750,0
            -125.3777040,49.2030040,0
            -125.3753500,49.2046810,0
            -125.3750830,49.2053740,0
            -125.3758620,49.2076000,0
            -125.3756270,49.2079200,0
            -125.3739620,49.2087380,0
            -125.3673540,49.2144060,0
            -125.3672450,49.2151430,0
            -125.3675090,49.2155800,0
            -125.3696560,49.2167840,0
            -125.3701200,49.2173330,0
            -125.3702060,49.2184300,0
            -125.3685830,49.2206930,0
            -125.3657340,49.2219900,0
            -125.3651040,49.2224940,0
            -125.3636370,49.2271540,0
            -125.3630320,49.2278460,0
            -125.3597040,49.2302010,0
            -125.3593100,49.2307370,0
            -125.3588270,49.2336700,0
            -125.3560150,49.2374860,0
            -125.3558350,49.2381890,0
            -125.3560790,49.2386910,0
            -125.3593580,49.2421840,0
            -125.3599240,49.2424570,0
            -125.3646880,49.2428750,0
            -125.3657000,49.2432020,0
            -125.3691460,49.2450110,0
            -125.3702950,49.2459130,0
            -125.3707440,49.2466050,0
            -125.3708560,49.2485310,0
            -125.3699700,49.2495180,0
            -125.3696270,49.2504610,0
            -125.3710620,49.2537100,0
            -125.3712010,49.2561760,0
            -125.3707930,49.2568010,0
            -125.3707700,49.2583010,0
            -125.3701520,49.2598660,0
            -125.3708850,49.2627220,0
            -125.3705710,49.2635310,0
            -125.3696940,49.2642100,0
            -125.3681610,49.2647830,0
            -125.3671960,49.2655860,0
            -125.3644590,49.2715490,0
            -125.3644500,49.2743710,0
            -125.3641230,49.2747040,0
            -125.3629160,49.2753180,0
            -125.3609360,49.2755550,0
            -125.3604130,49.2757610,0
            -125.3582070,49.2783770,0
            -125.3478900,49.2832690,0
            -125.3476970,49.2838140,0
            -125.3482160,49.2848220,0
            -125.3481940,49.2852680,0
            -125.3478980,49.2856050,0
            -125.3457610,49.2867300,0
            -125.3448780,49.2885800,0
            -125.3429810,49.2904550,0
            -125.3422720,49.2906960,0
            -125.3349560,49.2912350,0
            -125.3307040,49.2922140,0
            -125.3280550,49.2924520,0
            -125.3125260,49.2912820,0
            -125.3009600,49.2926990,0
            -125.2968520,49.2948670,0
            -125.2961560,49.2955480,0
            -125.2946960,49.2980820,0
            -125.2939650,49.2985290,0
            -125.2924850,49.2989960,0
            -125.2919220,49.2990230,0
            -125.2847150,49.2972790,0
            -125.2821880,49.2970670,0
            -125.2725280,49.2951970,0
            -125.2663470,49.2946670,0
            -125.2639320,49.2937880,0
            -125.2602850,49.2935400,0
            -125.2335240,49.2887840,0
            -125.2322470,49.2888310,0
            -125.2233770,49.2906480,0
            -125.2214180,49.2908020,0
            -125.2154800,49.2898930,0
            -125.2102040,49.2900210,0
            -125.2039370,49.2887940,0
            -125.1934290,49.2890150,0
            -125.1921450,49.2888810,0
            -125.1825830,49.2848010,0
            -125.1790400,49.2813370,0
            -125.1775270,49.2806660,0
            -125.1741030,49.2800270,0
            -125.1704070,49.2787710,0
            -125.1651340,49.2783830,0
            -125.1516650,49.2792080,0
            -125.1478010,49.2801340,0
            -125.1449580,49.2802020,0
            -125.1396160,49.2790240,0
            -125.1358370,49.2788340,0
            -125.1327700,49.2782130,0
            -125.1313760,49.2781680,0
            -125.1269440,49.2791640,0
            -125.1234700,49.2788630,0
            -125.1208240,49.2791770,0
            -125.1161820,49.2788330,0
            -125.1145970,49.2791990,0
            -125.1136870,49.2796610,0
            -125.1118290,49.2813210,0
            -125.1106320,49.2819080,0
            -125.1051470,49.2834280,0
            -125.0976550,49.2834820,0
            -125.0862810,49.2804160,0
            -125.0771860,49.2793640,0
            -125.0724840,49.2799830,0
            -125.0707080,49.2799560,0
            -125.0621320,49.2786040,0
            -125.0513500,49.2749060,0
            -125.0419780,49.2740830,0
            -125.0405770,49.2742740,0
            -125.0397580,49.2745570,0
            -125.0335330,49.2792170,0
            -125.0320770,49.2796460,0
            -125.0246340,49.2797090,0
            -125.0224630,49.2803310,0
            -125.0213120,49.2809650,0
            -125.0189760,49.2830030,0
            -125.0174410,49.2835730,0
            -125.0093490,49.2838650,0
            -125.0010020,49.2825170,0
            -124.9981120,49.2814340,0
            -124.9906600,49.2798510,0
            -124.9887490,49.2798290,0
            -124.9875200,49.2801110,0
            -124.9798980,49.2836410,0
            -124.9766330,49.2859690,0
            -124.9756100,49.2863410,0
            -124.9692570,49.2867410,0
            -124.9568070,49.2910370,0
            -124.9498120,49.2947230,0
            -124.9465110,49.2956350,0
            -124.9442980,49.2957660,0
            -124.9331600,49.2950850,0
            -124.9277500,49.2963350,0
            -124.9266320,49.2962590,0
            -124.9259960,49.2959640,0
            -124.9241880,49.2941220,0
            -124.9228120,49.2934280,0
            -124.9201300,49.2929720,0
            -124.9168960,49.2933810,0
            -124.9097300,49.2934570,0
            -124.9089640,49.2932750,0
            -124.9032920,49.2894130,0
            -124.8977570,49.2878460,0
            -124.8968240,49.2872430,0
            -124.8934410,49.2820380,0
            -124.8898160,49.2803360,0
            -124.8869170,49.2783310,0
            -124.8745880,49.2731550,0
            -124.8724580,49.2706220,0
            -124.8714050,49.2699030,0
            -124.8708060,49.2696970,0
            -124.8642490,49.2688570,0
            -124.8605870,49.2692270,0
            -124.8561260,49.2689950,0
            -124.8543360,49.2670850,0
            -124.8536420,49.2666690,0
            -124.8517120,49.2666000,0
            -124.8501160,49.2671300,0
            -124.8486050,49.2681310,0
            -124.8454210,49.2678700,0
            -124.8443460,49.2675120,0
            -124.8420320,49.2658170,0
            -124.8377660,49.2636870,0
            -124.8348920,49.2626560,0
            -124.8207200,49.2599410,0
            -124.8171300,49.2596370,0
            -124.8152700,49.2589680,0
            -124.8135940,49.2574500,0
            -124.8092020,49.2591570,0
          </coordinates>
        </LineString>
      </Placemark>
      <Placemark>
        <name>Chevron</name>
        <styleUrl>#icon-1739-0288D1</styleUrl>
        <ExtendedData>
          <Data name="Category">
            <value>Gas station</value>
          </Data>
          <Data name="Distance">
            <value>0</value>
          </Data>
        </ExtendedData>
        <Point>
          <coordinates>
            -124.809458,49.259353,0
          </coordinates>
        </Point>
      </Placemark>
      <Placemark>
        <name>Driving</name>
        <styleUrl>#line-7CB342-5000</styleUrl>
        <ExtendedData>
          <Data name="Category">
            <value>Driving</value>
          </Data>
          <Data name="Distance">
            <value>1802</value>
          </Data>
        </ExtendedData>
        <LineString>
          <tessellate>1</tessellate>
          <coordinates>
            -124.8097780,49.2591030,0
            -124.8096680,49.2589840,0
            -124.8109290,49.2584840,0
            -124.8106200,49.2581160,0
            -124.8099460,49.2573060,0
            -124.8086320,49.2577900,0
            -124.8073050,49.2583150,0
            -124.8075740,49.2586290,0
            -124.8077090,49.2587860,0
            -124.8083110,49.2594870,0
            -124.8076040,49.2597670,0
            -124.8073680,49.2598600,0
            -124.8069990,49.2600060,0
            -124.8065250,49.2601930,0
            -124.8058780,49.2604480,0
          </coordinates>
        </LineString>
      </Placemark>
      <Placemark>
        <name>McDonald's</name>
        <styleUrl>#icon-1739-0288D1</styleUrl>
        <ExtendedData>
          <Data name="Category">
            <value>Fast Food</value>
          </Data>
          <Data name="Distance">
            <value>0</value>
          </Data>
        </ExtendedData>
        <Point>
          <coordinates>
            -124.792931,49.264183,0
          </coordinates>
        </Point>
      </Placemark>
      <Placemark>
        <name>Driving</name>
        <styleUrl>#line-7CB342-5000</styleUrl>
        <ExtendedData>
          <Data name="Category">
            <value>Driving</value>
          </Data>
          <Data name="Distance">
            <value>63938</value>
          </Data>
        </ExtendedData>
        <LineString>
          <tessellate>1</tessellate>
          <coordinates>
            -124.7934790,49.2643680,0
            -124.7887930,49.2656480,0
            -124.7854610,49.2660770,0
            -124.7809140,49.2660440,0
            -124.7777710,49.2665110,0
            -124.7664680,49.2664220,0
            -124.7653840,49.2662890,0
            -124.7587330,49.2644340,0
            -124.7578200,49.2643030,0
            -124.7566630,49.2643180,0
            -124.7482680,49.2657850,0
            -124.7466900,49.2657060,0
            -124.7444920,49.2648140,0
            -124.7435710,49.2648110,0
            -124.7369510,49.2659630,0
            -124.7355370,49.2665520,0
            -124.7332840,49.2666660,0
            -124.7325820,49.2664860,0
            -124.7318880,49.2661260,0
            -124.7308390,49.2648570,0
            -124.7303500,49.2644970,0
            -124.7288990,49.2639020,0
            -124.7281400,49.2637800,0
            -124.7270220,49.2637970,0
            -124.7254930,49.2641410,0
            -124.7232740,49.2650410,0
            -124.7225340,49.2651120,0
            -124.7154830,49.2648220,0
            -124.7148710,49.2645430,0
            -124.7120090,49.2600520,0
            -124.7116530,49.2573730,0
            -124.7083180,49.2525150,0
            -124.7070010,49.2515400,0
            -124.7057100,49.2510600,0
            -124.6990770,49.2499460,0
            -124.6966030,49.2496310,0
            -124.6942700,49.2489840,0
            -124.6867620,49.2458580,0
            -124.6855450,49.2457460,0
            -124.6842350,49.2459600,0
            -124.6790400,49.2474930,0
            -124.6767920,49.2475290,0
            -124.6732940,49.2484640,0
            -124.6707700,49.2488960,0
            -124.6681210,49.2488800,0
            -124.6634650,49.2478390,0
            -124.6633280,49.2477420,0
            -124.6626190,49.2476020,0
            -124.6619790,49.2476120,0
            -124.6613820,49.2478220,0
            -124.6607460,49.2484890,0
            -124.6603220,49.2507760,0
            -124.6606900,49.2512940,0
            -124.6620750,49.2521530,0
            -124.6624740,49.2530070,0
            -124.6628340,49.2533040,0
            -124.6642230,49.2539300,0
            -124.6651760,49.2546690,0
            -124.6663240,49.2563060,0
            -124.6690290,49.2588140,0
            -124.6709190,49.2600040,0
            -124.6738930,49.2652960,0
            -124.6735070,49.2673410,0
            -124.6737130,49.2681300,0
            -124.6749520,49.2694520,0
            -124.6756540,49.2710010,0
            -124.6748450,49.2739930,0
            -124.6749060,49.2783800,0
            -124.6755130,49.2814440,0
            -124.6754300,49.2823040,0
            -124.6750910,49.2829350,0
            -124.6724070,49.2848630,0
            -124.6680100,49.2893780,0
            -124.6640520,49.2909530,0
            -124.6606930,49.2915440,0
            -124.6552200,49.2909600,0
            -124.6529520,49.2903460,0
            -124.6516040,49.2904620,0
            -124.6463770,49.2898630,0
            -124.6442830,49.2898430,0
            -124.6414000,49.2891100,0
            -124.6396600,49.2890990,0
            -124.6333490,49.2884210,0
            -124.6316310,49.2879610,0
            -124.6294990,49.2879710,0
            -124.6225220,49.2896390,0
            -124.6215930,49.2897140,0
            -124.6189540,49.2895480,0
            -124.6183220,49.2893240,0
            -124.6170380,49.2882840,0
            -124.6165590,49.2880670,0
            -124.6160930,49.2879960,0
            -124.6135380,49.2885320,0
            -124.6120700,49.2886670,0
            -124.6109280,49.2889670,0
            -124.6086430,49.2887810,0
            -124.6064330,49.2881140,0
            -124.6039050,49.2877810,0
            -124.6020410,49.2870350,0
            -124.6007220,49.2869200,0
            -124.6000190,49.2869960,0
            -124.5984880,49.2874340,0
            -124.5966430,49.2875280,0
            -124.5959540,49.2873810,0
            -124.5928830,49.2857700,0
            -124.5912130,49.2854610,0
            -124.5907240,49.2854710,0
            -124.5877990,49.2862040,0
            -124.5849740,49.2883540,0
            -124.5839340,49.2886580,0
            -124.5821410,49.2888300,0
            -124.5794390,49.2886170,0
            -124.5783030,49.2888840,0
            -124.5777100,49.2891880,0
            -124.5749420,49.2918120,0
            -124.5737140,49.2926210,0
            -124.5716410,49.2932560,0
            -124.5671480,49.2936460,0
            -124.5658090,49.2939700,0
            -124.5623180,49.2955180,0
            -124.5594920,49.2976880,0
            -124.5582920,49.2998580,0
            -124.5576690,49.3004070,0
            -124.5558410,49.3014290,0
            -124.5544860,49.3027730,0
            -124.5499790,49.3050010,0
            -124.5485050,49.3054300,0
            -124.5438660,49.3079680,0
            -124.5413370,49.3084070,0
            -124.5382940,49.3095770,0
            -124.5293130,49.3112320,0
            -124.5254050,49.3107870,0
            -124.5110650,49.3124760,0
            -124.5042820,49.3115780,0
            -124.4959140,49.3097980,0
            -124.4891220,49.3067900,0
            -124.4882470,49.3065720,0
            -124.4864590,49.3064230,0
            -124.4779410,49.3065630,0
            -124.4711710,49.3059130,0
            -124.4653910,49.3045390,0
            -124.4581560,49.3034110,0
            -124.4556130,49.3034100,0
            -124.4517810,49.3040800,0
            -124.4506920,49.3047030,0
            -124.4502420,49.3052060,0
            -124.4499870,49.3058820,0
            -124.4498580,49.3106690,0
            -124.4488660,49.3127200,0
            -124.4424520,49.3204500,0
            -124.4414860,49.3232570,0
            -124.4410810,49.3236220,0
            -124.4392640,49.3238120,0
            -124.4359560,49.3248100,0
            -124.4329310,49.3252760,0
            -124.4239750,49.3258520,0
            -124.4204120,49.3255220,0
            -124.4181200,49.3250420,0
            -124.4146660,49.3238790,0
            -124.4059150,49.3199300,0
            -124.4020230,49.3190000,0
            -124.3831330,49.3169350,0
            -124.3692380,49.3160200,0
            -124.3607600,49.3148940,0
            -124.3474620,49.3124140,0
            -124.3452120,49.3116550,0
            -124.3366920,49.3074410,0
            -124.3343190,49.3066830,0
            -124.3183630,49.3047120,0
            -124.2821500,49.2985860,0
            -124.2798170,49.2986260,0
            -124.2774580,49.2990550,0
            -124.2681030,49.3023010,0
            -124.2655260,49.3026910,0
            -124.2632510,49.3026450,0
            -124.2615930,49.3023850,0
            -124.2597110,49.3018130,0
            -124.2580670,49.3009860,0
            -124.2569340,49.3000260,0
            -124.2560070,49.2984130,0
            -124.2554600,49.2964970,0
            -124.2554440,49.2927500,0
            -124.2549860,49.2910700,0
            -124.2540830,49.2898190,0
            -124.2508150,49.2870390,0
            -124.2504330,49.2864410,0
            -124.2493690,49.2832470,0
            -124.2486810,49.2824700,0
            -124.2348860,49.2720910,0
            -124.2312930,49.2700010,0
            -124.2285650,49.2688860,0
            -124.2196770,49.2661020,0
            -124.2161900,49.2653140,0
            -124.2086410,49.2645800,0
            -124.2032550,49.2636180,0
            -124.2003290,49.2635590,0
            -124.1994580,49.2634170,0
            -124.1984100,49.2630070,0
            -124.1968520,49.2617780,0
            -124.1958540,49.2612420,0
            -124.1897540,49.2600720,0
            -124.1832310,49.2568540,0
            -124.1706130,49.2532280,0
            -124.1691080,49.2529820,0
            -124.1588700,49.2524300,0
            -124.1555980,49.2526900,0
            -124.1543400,49.2525920,0
            -124.1508150,49.2517250,0
            -124.1456910,49.2510200,0
            -124.1441710,49.2506450,0
            -124.1408130,49.2493990,0
            -124.1396360,49.2492280,0
            -124.1386340,49.2492340,0
            -124.1375680,49.2493990,0
            -124.1316670,49.2514470,0
            -124.1303360,49.2516420,0
            -124.1131660,49.2521270,0
            -124.1056910,49.2508360,0
            -124.0986330,49.2503180,0
            -124.0969450,49.2500180,0
            -124.0817340,49.2447860,0
            -124.0790180,49.2440810,0
            -124.0679560,49.2433500,0
            -124.0652920,49.2428920,0
            -124.0619340,49.2416940,0
            -124.0604880,49.2408820,0
            -124.0544900,49.2365130,0
            -124.0532090,49.2352500,0
            -124.0525440,49.2342700,0
            -124.0483330,49.2343350,0
            -124.0483310,49.2333040,0
            -124.0499950,49.2333420,0
          </coordinates>
        </LineString>
      </Placemark>
      <Placemark>
        <name>Staples</name>
        <styleUrl>#icon-1739-0288D1</styleUrl>
        <ExtendedData>
          <Data name="Category">
            <value>Office supply store</value>
          </Data>
          <Data name="Distance">
            <value>0</value>
          </Data>
        </ExtendedData>
        <Point>
          <coordinates>
            -124.050415,49.233647,0
          </coordinates>
        </Point>
      </Placemark>
      <Placemark>
        <name>Driving</name>
        <styleUrl>#line-7CB342-5000</styleUrl>
        <ExtendedData>
          <Data name="Category">
            <value>Driving</value>
          </Data>
          <Data name="Distance">
            <value>122934</value>
          </Data>
        </ExtendedData>
        <LineString>
          <tessellate>1</tessellate>
          <coordinates>
            -124.0496760,49.2343390,0
            -124.0483340,49.2343350,0
            -124.0483320,49.2333040,0
            -124.0481860,49.2333010,0
            -124.0481850,49.2344250,0
            -124.0525890,49.2343810,0
            -124.0518310,49.2328650,0
            -124.0515890,49.2317380,0
            -124.0517960,49.2264950,0
            -124.0515570,49.2255610,0
            -124.0504050,49.2240270,0
            -124.0465870,49.2214830,0
            -124.0450830,49.2198340,0
            -124.0445500,49.2186500,0
            -124.0432760,49.2108450,0
            -124.0419930,49.2089460,0
            -124.0404150,49.2077290,0
            -124.0385530,49.2068490,0
            -124.0329200,49.2052240,0
            -124.0318970,49.2047800,0
            -124.0306920,49.2040180,0
            -124.0294340,49.2026670,0
            -124.0278010,49.1993590,0
            -124.0267090,49.1979730,0
            -124.0253770,49.1968430,0
            -124.0227300,49.1954180,0
            -124.0107250,49.1916690,0
            -124.0029490,49.1884340,0
            -123.9983150,49.1869260,0
            -123.9925080,49.1855570,0
            -123.9907580,49.1848720,0
            -123.9886820,49.1834650,0
            -123.9878000,49.1824400,0
            -123.9835690,49.1751590,0
            -123.9821410,49.1684830,0
            -123.9810750,49.1667760,0
            -123.9799310,49.1657660,0
            -123.9785870,49.1649560,0
            -123.9734540,49.1627340,0
            -123.9722240,49.1618560,0
            -123.9714980,49.1610680,0
            -123.9708130,49.1597220,0
            -123.9707030,49.1582900,0
            -123.9725050,49.1523580,0
            -123.9727760,49.1482180,0
            -123.9725370,49.1471780,0
            -123.9714550,49.1454720,0
            -123.9696250,49.1440660,0
            -123.9581130,49.1389780,0
            -123.9551120,49.1365600,0
            -123.9527330,49.1353590,0
            -123.9503830,49.1347600,0
            -123.9484660,49.1345870,0
            -123.9404760,49.1353020,0
            -123.9380150,49.1351200,0
            -123.9355090,49.1344700,0
            -123.9335950,49.1335420,0
            -123.9325970,49.1328230,0
            -123.9313380,49.1314270,0
            -123.9297610,49.1281880,0
            -123.9288870,49.1270830,0
            -123.9279110,49.1262830,0
            -123.9267310,49.1256060,0
            -123.9252640,49.1250410,0
            -123.9239460,49.1247420,0
            -123.9192300,49.1244690,0
            -123.9172990,49.1241680,0
            -123.9161350,49.1236430,0
            -123.9149380,49.1224590,0
            -123.9136530,49.1200750,0
            -123.9126600,49.1188710,0
            -123.8997070,49.1084530,0
            -123.8962150,49.1060700,0
            -123.8932040,49.1032710,0
            -123.8849050,49.0920740,0
            -123.8836400,49.0890470,0
            -123.8811070,49.0717710,0
            -123.8803690,49.0696470,0
            -123.8777620,49.0666380,0
            -123.8770790,49.0650520,0
            -123.8776600,49.0610140,0
            -123.8774100,49.0494800,0
            -123.8767350,49.0483960,0
            -123.8639470,49.0369540,0
            -123.8633150,49.0357500,0
            -123.8630930,49.0336550,0
            -123.8641580,49.0305700,0
            -123.8642040,49.0295870,0
            -123.8639720,49.0287520,0
            -123.8615020,49.0256530,0
            -123.8609500,49.0245710,0
            -123.8607140,49.0213410,0
            -123.8604670,49.0207900,0
            -123.8573630,49.0172220,0
            -123.8553530,49.0158060,0
            -123.8538940,49.0151580,0
            -123.8400220,49.0107490,0
            -123.8359270,49.0086070,0
            -123.8352390,49.0079500,0
            -123.8346630,49.0069860,0
            -123.8341820,49.0049380,0
            -123.8334450,49.0038210,0
            -123.8285650,48.9998970,0
            -123.8274950,48.9993820,0
            -123.8217220,48.9978140,0
            -123.8208310,48.9973780,0
            -123.8119830,48.9913970,0
            -123.8110490,48.9905750,0
            -123.8100660,48.9891210,0
            -123.8095000,48.9873790,0
            -123.8088470,48.9864540,0
            -123.8064740,48.9845030,0
            -123.8056860,48.9835710,0
            -123.8052950,48.9810780,0
            -123.8048590,48.9802470,0
            -123.8013450,48.9765350,0
            -123.7886000,48.9671870,0
            -123.7833700,48.9639350,0
            -123.7816040,48.9622900,0
            -123.7805300,48.9606660,0
            -123.7780860,48.9512680,0
            -123.7775830,48.9501900,0
            -123.7763850,48.9487090,0
            -123.7519810,48.9277430,0
            -123.7511780,48.9267660,0
            -123.7506060,48.9256120,0
            -123.7497910,48.9210290,0
            -123.7482750,48.9185290,0
            -123.7415980,48.9123630,0
            -123.7391100,48.9107590,0
            -123.7359600,48.9095190,0
            -123.7286740,48.9075800,0
            -123.7259610,48.9061920,0
            -123.7210750,48.9025020,0
            -123.7118160,48.8933390,0
            -123.7049310,48.8882540,0
            -123.7032600,48.8863660,0
            -123.7021110,48.8841030,0
            -123.7019300,48.8827670,0
            -123.7024910,48.8809860,0
            -123.7075430,48.8742710,0
            -123.7109100,48.8705780,0
            -123.7112640,48.8669670,0
            -123.7115640,48.8660910,0
            -123.7163140,48.8598220,0
            -123.7182640,48.8557290,0
            -123.7189310,48.8549240,0
            -123.7223450,48.8519470,0
            -123.7228570,48.8512190,0
            -123.7230760,48.8502180,0
            -123.7229300,48.8495000,0
            -123.7224820,48.8487500,0
            -123.7198670,48.8461620,0
            -123.7186980,48.8444590,0
            -123.7182370,48.8430210,0
            -123.7181070,48.8130290,0
            -123.7165310,48.8044350,0
            -123.7166110,48.7994690,0
            -123.7141170,48.7952530,0
            -123.7134590,48.7930500,0
            -123.7107730,48.7895330,0
            -123.7091780,48.7882380,0
            -123.7011490,48.7838190,0
            -123.7009480,48.7837770,0
            -123.6998660,48.7830470,0
            -123.6993200,48.7823030,0
            -123.6988350,48.7809460,0
            -123.6988240,48.7798500,0
            -123.6989120,48.7796910,0
            -123.6989350,48.7751710,0
            -123.6988570,48.7750960,0
            -123.6988320,48.7682690,0
            -123.6979890,48.7666410,0
            -123.6970640,48.7657390,0
            -123.6876950,48.7608470,0
            -123.6744650,48.7551720,0
            -123.6736930,48.7546790,0
            -123.6728100,48.7535630,0
            -123.6724960,48.7518060,0
            -123.6717530,48.7506410,0
            -123.6504350,48.7371300,0
            -123.6407330,48.7297820,0
            -123.6350550,48.7236630,0
            -123.6334270,48.7214120,0
            -123.6321230,48.7206130,0
            -123.6311880,48.7203130,0
            -123.6192780,48.7185310,0
            -123.6162510,48.7182870,0
            -123.6151070,48.7179990,0
            -123.6115430,48.7164910,0
            -123.6107620,48.7159770,0
            -123.6101210,48.7152590,0
            -123.6098040,48.7144140,0
            -123.6100680,48.7120950,0
            -123.6086160,48.7088760,0
            -123.6068240,48.7068630,0
            -123.5661880,48.6774520,0
            -123.5640460,48.6754250,0
            -123.5612620,48.6713710,0
            -123.5597760,48.6673510,0
            -123.5595900,48.6622310,0
            -123.5608930,48.6582000,0
            -123.5609480,48.6562140,0
            -123.5594230,48.6492100,0
            -123.5586190,48.6478230,0
            -123.5517290,48.6391990,0
            -123.5509650,48.6377500,0
            -123.5491740,48.6324600,0
            -123.5486980,48.6291530,0
            -123.5462840,48.6224570,0
            -123.5380630,48.6091960,0
            -123.5342240,48.5989630,0
            -123.5341140,48.5989160,0
            -123.5339250,48.5981430,0
            -123.5341340,48.5948800,0
            -123.5338800,48.5942180,0
            -123.5320980,48.5923430,0
            -123.5318600,48.5917640,0
            -123.5317800,48.5885950,0
            -123.5299600,48.5849010,0
            -123.5298990,48.5844210,0
            -123.5308400,48.5817500,0
            -123.5307430,48.5808050,0
            -123.5303000,48.5800530,0
            -123.5273870,48.5767680,0
            -123.5270610,48.5761930,0
            -123.5268100,48.5750640,0
            -123.5269100,48.5741400,0
            -123.5276300,48.5727650,0
            -123.5282560,48.5721480,0
            -123.5301540,48.5710630,0
            -123.5424010,48.5679570,0
            -123.5447260,48.5676450,0
            -123.5463750,48.5676310,0
            -123.5514550,48.5682520,0
            -123.5579290,48.5678310,0
            -123.5598150,48.5673370,0
            -123.5688490,48.5617950,0
            -123.5698880,48.5608990,0
            -123.5721620,48.5564610,0
            -123.5722570,48.5556140,0
            -123.5719040,48.5546260,0
            -123.5679760,48.5497280,0
            -123.5652590,48.5474780,0
            -123.5647550,48.5467060,0
            -123.5646100,48.5454400,0
            -123.5652720,48.5428050,0
            -123.5650410,48.5419190,0
            -123.5611840,48.5381740,0
            -123.5596430,48.5343230,0
            -123.5596120,48.5336660,0
            -123.5608020,48.5303520,0
            -123.5606770,48.5295840,0
            -123.5602520,48.5288370,0
            -123.5559030,48.5249730,0
            -123.5550640,48.5220520,0
            -123.5570100,48.5127880,0
            -123.5572220,48.5069260,0
            -123.5569860,48.5062740,0
            -123.5554960,48.5047390,0
            -123.5552050,48.5039320,0
            -123.5554160,48.5031990,0
            -123.5560920,48.5022150,0
            -123.5562790,48.5015690,0
            -123.5555400,48.4959460,0
            -123.5549840,48.4948390,0
            -123.5549910,48.4942380,0
            -123.5552890,48.4933310,0
            -123.5552700,48.4929420,0
            -123.5548310,48.4919660,0
            -123.5547190,48.4911290,0
            -123.5548950,48.4902810,0
            -123.5531120,48.4855180,0
            -123.5505290,48.4822020,0
            -123.5488690,48.4787500,0
            -123.5487510,48.4786760,0
            -123.5487190,48.4781700,0
            -123.5489460,48.4774780,0
            -123.5497910,48.4761290,0
            -123.5494230,48.4746000,0
            -123.5496140,48.4738580,0
            -123.5500630,48.4732800,0
            -123.5515420,48.4720220,0
            -123.5519190,48.4714670,0
            -123.5521620,48.4706280,0
            -123.5520440,48.4640210,0
            -123.5517310,48.4633170,0
            -123.5508990,48.4626390,0
            -123.5412060,48.4596330,0
            -123.5313680,48.4541260,0
            -123.5300140,48.4537480,0
            -123.5292190,48.4536980,0
            -123.5279000,48.4538470,0
            -123.5243690,48.4550180,0
            -123.5227170,48.4552960,0
            -123.5206020,48.4551700,0
            -123.5122560,48.4529540,0
            -123.5104730,48.4529630,0
            -123.5041690,48.4546120,0
            -123.5016970,48.4558060,0
            -123.4999770,48.4563340,0
            -123.4946250,48.4571630,0
            -123.4928840,48.4577180,0
            -123.4823900,48.4643640,0
            -123.4808130,48.4648320,0
            -123.4790800,48.4650050,0
            -123.4772880,48.4648130,0
            -123.4762400,48.4645130,0
            -123.4716740,48.4620590,0
            -123.4705710,48.4616390,0
            -123.4684850,48.4612390,0
            -123.4671350,48.4612180,0
            -123.4612160,48.4617080,0
            -123.4558840,48.4613010,0
            -123.4311590,48.4634820,0
            -123.4298540,48.4656470,0
            -123.4290980,48.4661970,0
            -123.4240380,48.4685030,0
            -123.4231030,48.4697240,0
            -123.4205580,48.4705170,0
            -123.4196730,48.4709850,0
            -123.4181530,48.4734240,0
            -123.4175410,48.4739390,0
            -123.4171770,48.4740640,0
            -123.4140260,48.4743520,0
            -123.4133130,48.4746370,0
            -123.4121230,48.4756980,0
            -123.4112010,48.4769160,0
            -123.4109520,48.4780290,0
            -123.4107140,48.4783560,0
            -123.4155740,48.4858210,0
            -123.4156530,48.4870510,0
            -123.4162150,48.4878990,0
            -123.4184040,48.4893170,0
            -123.4195580,48.4908900,0
            -123.4197210,48.4914030,0
            -123.4193340,48.5013910,0
            -123.4197180,48.5037960,0
            -123.4193790,48.5047050,0
            -123.4160900,48.5093170,0
            -123.4157080,48.5108280,0
            -123.4154650,48.5110650,0
            -123.4146970,48.5113040,0
            -123.4146910,48.5124090,0
            -123.4158150,48.5141130,0
            -123.4168490,48.5147970,0
            -123.4186740,48.5153550,0
            -123.4215500,48.5171470,0
            -123.4232170,48.5196690,0
            -123.4256660,48.5213050,0
            -123.4270580,48.5218470,0
            -123.4278680,48.5226310,0
            -123.4284130,48.5229570,0
            -123.4308630,48.5239030,0
            -123.4335120,48.5258950,0
            -123.4365810,48.5275610,0
            -123.4374470,48.5282520,0
            -123.4380960,48.5291470,0
            -123.4384820,48.5308750,0
            -123.4383700,48.5324110,0
            -123.4379290,48.5332030,0
            -123.4372520,48.5355950,0
            -123.4373840,48.5356160,0
            -123.4378700,48.5359360,0
            -123.4379900,48.5364420,0
            -123.4377310,48.5369970,0
            -123.4379710,48.5390390,0
            -123.4392750,48.5408680,0
            -123.4478650,48.5462960,0
            -123.4483490,48.5468150,0
            -123.4486640,48.5479900,0
            -123.4465980,48.5525760,0
            -123.4468580,48.5544620,0
            -123.4473270,48.5552780,0
            -123.4479490,48.5558150,0
            -123.4565160,48.5610600,0
            -123.4585550,48.5629020,0
            -123.4590830,48.5628700,0
            -123.4632510,48.5636470,0
            -123.4638180,48.5635300,0
            -123.4642030,48.5631440,0
            -123.4650260,48.5629870,0
            -123.4653990,48.5630000,0
            -123.4657890,48.5632430,0
            -123.4667420,48.5642350,0
            -123.4669680,48.5640830,0
            -123.4670370,48.5638870,0
            -123.4669320,48.5636790,0
            -123.4669550,48.5634620,0
            -123.4657570,48.5621430,0
            -123.4660990,48.5621390,0
            -123.4667270,48.5628630,0
          </coordinates>
        </LineString>
      </Placemark>
      <Placemark>
        <name>The Butchart Gardens</name>
        <styleUrl>#icon-1535-0288D1</styleUrl>
        <ExtendedData>
          <Data name="Category">
            <value>Garden</value>
          </Data>
          <Data name="Distance">
            <value>0</value>
          </Data>
        </ExtendedData>
        <Point>
          <coordinates>
            -123.470626,48.563576,0
          </coordinates>
        </Point>
      </Placemark>
      <Placemark>
        <name>Driving</name>
        <styleUrl>#line-7CB342-5000</styleUrl>
        <ExtendedData>
          <Data name="Category">
            <value>Driving</value>
          </Data>
          <Data name="Distance">
            <value>17322</value>
          </Data>
        </ExtendedData>
        <LineString>
          <tessellate>1</tessellate>
          <coordinates>
            -123.4667830,48.5629270,0
            -123.4660990,48.5621390,0
            -123.4657570,48.5621430,0
            -123.4656880,48.5620610,0
            -123.4652690,48.5618670,0
            -123.4649590,48.5619010,0
            -123.4644800,48.5617720,0
            -123.4641920,48.5632000,0
            -123.4638180,48.5635300,0
            -123.4632510,48.5636470,0
            -123.4590830,48.5628700,0
            -123.4585550,48.5629020,0
            -123.4565160,48.5610600,0
            -123.4479490,48.5558150,0
            -123.4473270,48.5552770,0
            -123.4468580,48.5544620,0
            -123.4465980,48.5525760,0
            -123.4467190,48.5520620,0
            -123.4485100,48.5485860,0
            -123.4486640,48.5479900,0
            -123.4485840,48.5473260,0
            -123.4483490,48.5468150,0
            -123.4478650,48.5462960,0
            -123.4392750,48.5408680,0
            -123.4379710,48.5390390,0
            -123.4377640,48.5383000,0
            -123.4377310,48.5369970,0
            -123.4379900,48.5364420,0
            -123.4379820,48.5361290,0
            -123.4374910,48.5352590,0
            -123.4379290,48.5332030,0
            -123.4383700,48.5324110,0
            -123.4384820,48.5308750,0
            -123.4380960,48.5291470,0
            -123.4366750,48.5274960,0
            -123.4335120,48.5258950,0
            -123.4308630,48.5239030,0
            -123.4284130,48.5229570,0
            -123.4278680,48.5226310,0
            -123.4270580,48.5218470,0
            -123.4256660,48.5213050,0
            -123.4248890,48.5206590,0
            -123.4232170,48.5196690,0
            -123.4228860,48.5193310,0
            -123.4215490,48.5171470,0
            -123.4186740,48.5153550,0
            -123.4176380,48.5151100,0
            -123.4168490,48.5147970,0
            -123.4158150,48.5141130,0
            -123.4146910,48.5124090,0
            -123.4146970,48.5113040,0
            -123.4144320,48.5107070,0
            -123.4124300,48.5094850,0
            -123.4107930,48.5089750,0
            -123.4084760,48.5077470,0
            -123.4079130,48.5073120,0
            -123.4074080,48.5065160,0
            -123.4074300,48.5049270,0
            -123.4073440,48.5047360,0
            -123.4053400,48.5028640,0
            -123.4045330,48.5023760,0
            -123.4009910,48.5008370,0
            -123.3990830,48.5003540,0
            -123.3983660,48.5000640,0
            -123.3972820,48.4994010,0
            -123.3957220,48.4987730,0
            -123.3956230,48.4986750,0
            -123.3947920,48.4983830,0
            -123.3938560,48.4982130,0
            -123.3938260,48.4982790,0
            -123.3919230,48.4991210,0
            -123.3914680,48.4992250,0
            -123.3865590,48.4989100,0
            -123.3862190,48.4987540,0
            -123.3859920,48.4985010,0
            -123.3861930,48.4962640,0
            -123.3867670,48.4946500,0
            -123.3868060,48.4935920,0
            -123.3847050,48.4881660,0
            -123.3847150,48.4874960,0
            -123.3849790,48.4866610,0
            -123.3870550,48.4827500,0
            -123.3870900,48.4818780,0
            -123.3825480,48.4709580,0
            -123.3783800,48.4586280,0
            -123.3780200,48.4581550,0
            -123.3776320,48.4578770,0
            -123.3723300,48.4554150,0
            -123.3717680,48.4549420,0
            -123.3715270,48.4545590,0
            -123.3711820,48.4526230,0
            -123.3687400,48.4497620,0
            -123.3681140,48.4482490,0
            -123.3642470,48.4416440,0
            -123.3627960,48.4366830,0
            -123.3628500,48.4348700,0
            -123.3617450,48.4317060,0
            -123.3619490,48.4286030,0
            -123.3616940,48.4277580,0
            -123.3642270,48.4279970,0
          </coordinates>
        </LineString>
      </Placemark>
      <Placemark>
        <name>Tacofino</name>
        <styleUrl>#icon-1739-0288D1</styleUrl>
        <ExtendedData>
          <Data name="Category">
            <value>Mexican</value>
          </Data>
          <Data name="Distance">
            <value>0</value>
          </Data>
        </ExtendedData>
        <Point>
          <coordinates>
            -123.36287,48.428,0
          </coordinates>
        </Point>
      </Placemark>
      <Placemark>
        <name>Driving</name>
        <styleUrl>#line-7CB342-5000</styleUrl>
        <ExtendedData>
          <Data name="Category">
            <value>Driving</value>
          </Data>
          <Data name="Distance">
            <value>29122</value>
          </Data>
        </ExtendedData>
        <LineString>
          <tessellate>1</tessellate>
          <coordinates>
            -123.3635640,48.4279350,0
            -123.3659900,48.4282240,0
            -123.3666960,48.4284730,0
            -123.3670450,48.4285460,0
            -123.3673200,48.4357890,0
            -123.3638650,48.4356170,0
            -123.3636880,48.4355660,0
            -123.3626320,48.4354860,0
            -123.3625560,48.4364100,0
            -123.3626410,48.4369920,0
            -123.3639480,48.4414760,0
            -123.3641090,48.4418030,0
            -123.3648540,48.4428330,0
            -123.3678170,48.4481150,0
            -123.3684610,48.4497200,0
            -123.3708130,48.4524210,0
            -123.3710660,48.4529610,0
            -123.3710760,48.4535310,0
            -123.3706460,48.4549120,0
            -123.3706390,48.4554240,0
            -123.3707850,48.4557740,0
            -123.3711410,48.4562120,0
            -123.3715320,48.4565240,0
            -123.3781790,48.4596490,0
            -123.3785600,48.4599960,0
            -123.3808370,48.4660300,0
            -123.3828310,48.4725310,0
            -123.3866410,48.4811680,0
            -123.3868850,48.4821390,0
            -123.3868340,48.4826700,0
            -123.3866220,48.4832290,0
            -123.3846390,48.4867690,0
            -123.3845050,48.4871690,0
            -123.3844150,48.4879980,0
            -123.3845780,48.4888410,0
            -123.3864630,48.4932730,0
            -123.3865310,48.4936100,0
            -123.3865040,48.4943030,0
            -123.3851860,48.4978300,0
            -123.3849860,48.4988630,0
            -123.3852050,48.5027410,0
            -123.3836420,48.5108570,0
            -123.3836420,48.5115580,0
            -123.3840310,48.5135130,0
            -123.3840970,48.5136020,0
            -123.3865400,48.5245700,0
            -123.3866040,48.5269840,0
            -123.3877530,48.5307850,0
            -123.3891740,48.5374350,0
            -123.3899500,48.5424410,0
            -123.3909120,48.5453920,0
            -123.3919220,48.5495660,0
            -123.3927000,48.5541940,0
            -123.3943540,48.5592310,0
            -123.3960450,48.5623140,0
            -123.3984210,48.5660700,0
            -123.3987900,48.5672300,0
            -123.3988830,48.5685780,0
            -123.3975910,48.5753950,0
            -123.3976250,48.5760680,0
            -123.4010510,48.5846470,0
            -123.4013100,48.5858470,0
            -123.4013130,48.5868570,0
            -123.4011020,48.5879130,0
            -123.3969840,48.5966360,0
            -123.3966540,48.5979910,0
            -123.3963010,48.6049020,0
            -123.3964570,48.6059130,0
            -123.3966950,48.6064670,0
            -123.3971740,48.6072140,0
            -123.4080620,48.6211800,0
            -123.4117230,48.6281580,0
            -123.4119080,48.6286550,0
            -123.4120550,48.6297020,0
            -123.4119890,48.6303840,0
            -123.4118280,48.6309700,0
            -123.4054310,48.6441320,0
            -123.4051690,48.6450130,0
            -123.4051530,48.6456000,0
            -123.4053090,48.6462530,0
            -123.4058560,48.6473210,0
            -123.4167630,48.6625140,0
            -123.4174000,48.6631440,0
            -123.4279510,48.6719860,0
            -123.4285640,48.6726770,0
            -123.4287960,48.6731580,0
            -123.4288850,48.6737770,0
            -123.4287870,48.6743300,0
            -123.4285520,48.6747690,0
            -123.4281560,48.6752520,0
            -123.4276630,48.6756730,0
            -123.4180130,48.6802400,0
            -123.4145490,48.6822550,0
            -123.4137800,48.6825860,0
            -123.4123460,48.6830330,0
            -123.4119840,48.6832620,0
            -123.4126580,48.6837170,0
            -123.4127450,48.6838770,0
            -123.4127510,48.6839530,0
            -123.4126860,48.6840440,0
            -123.4113470,48.6847320,0
            -123.4110000,48.6849850,0
            -123.4108450,48.6851570,0
            -123.4107590,48.6853260,0
          </coordinates>
        </LineString>
      </Placemark>
      <Placemark>
        <name>Swartz Bay (Victoria) Terminal</name>
        <styleUrl>#icon-1739-0288D1</styleUrl>
        <ExtendedData>
          <Data name="Category">
            <value>Ferry service</value>
          </Data>
          <Data name="Distance">
            <value>0</value>
          </Data>
        </ExtendedData>
        <Point>
          <coordinates>
            -123.410126,48.685219,0
          </coordinates>
        </Point>
      </Placemark>
      <Placemark>
        <name>On a ferry</name>
        <styleUrl>#line-7CB342-5000</styleUrl>
        <ExtendedData>
          <Data name="Category">
            <value>On a ferry</value>
          </Data>
          <Data name="Distance">
            <value>44749</value>
          </Data>
        </ExtendedData>
        <LineString>
          <tessellate>1</tessellate>
          <coordinates>
            -123.4101260,48.6852190,0
            -123.4103370,48.6857000,0
            -123.4129750,48.6902800,0
            -123.4227880,48.6972020,0
            -123.3796420,48.7459800,0
            -123.3440220,48.7828740,0
            -123.3520380,48.8563020,0
            -123.3030260,48.8721500,0
            -123.2759400,48.8933470,0
            -123.2486460,48.9117970,0
            -123.1630580,48.9731870,0
            -123.1302630,49.0082600,0
          </coordinates>
        </LineString>
      </Placemark>
      <Placemark>
        <name>BC Ferries Tsawwassen Terminal</name>
        <styleUrl>#icon-1739-0288D1</styleUrl>
        <ExtendedData>
          <Data name="Category">
            <value>Ferry service</value>
          </Data>
          <Data name="Distance">
            <value>0</value>
          </Data>
        </ExtendedData>
        <Point>
          <coordinates>
            -123.130263,49.00826,0
          </coordinates>
        </Point>
      </Placemark>
      <Placemark>
        <name>Driving</name>
        <styleUrl>#line-7CB342-5000</styleUrl>
        <ExtendedData>
          <Data name="Category">
            <value>Driving</value>
          </Data>
          <Data name="Distance">
            <value>29889</value>
          </Data>
        </ExtendedData>
        <LineString>
          <tessellate>1</tessellate>
          <coordinates>
            -123.1297970,49.0079700,0
            -123.1309270,49.0071970,0
            -123.1314320,49.0071280,0
            -123.1314810,49.0070900,0
            -123.1314910,49.0070280,0
            -123.1314640,49.0069900,0
            -123.1309660,49.0066670,0
            -123.1309570,49.0066310,0
            -123.1310600,49.0065130,0
            -123.1308900,49.0064960,0
            -123.1298030,49.0065760,0
            -123.1274360,49.0073060,0
            -123.1268230,49.0075850,0
            -123.1239240,49.0096890,0
            -123.1233030,49.0109140,0
            -123.1227390,49.0116070,0
            -123.1012690,49.0267930,0
            -123.0991200,49.0281220,0
            -123.0627220,49.0456540,0
            -123.0617110,49.0462710,0
            -123.0605440,49.0471360,0
            -123.0595620,49.0480580,0
            -123.0584920,49.0494040,0
            -123.0578930,49.0504900,0
            -123.0574950,49.0516140,0
            -123.0572560,49.0531890,0
            -123.0571710,49.0533030,0
            -123.0569840,49.0550510,0
            -123.0563010,49.0564810,0
            -123.0563220,49.0570260,0
            -123.0565510,49.0575460,0
            -123.0570720,49.0582060,0
            -123.0571690,49.0584440,0
            -123.0568390,49.0898140,0
            -123.0572910,49.0939300,0
            -123.0573640,49.1053830,0
            -123.0571960,49.1060160,0
            -123.0571540,49.1060400,0
            -123.0568700,49.1064420,0
            -123.0547300,49.1084940,0
            -123.0545100,49.1086380,0
            -123.0541220,49.1087560,0
            -123.0536250,49.1087620,0
            -123.0533730,49.1086950,0
            -123.0531510,49.1085880,0
            -123.0529240,49.1084030,0
            -123.0527980,49.1081160,0
            -123.0528480,49.1078450,0
            -123.0529930,49.1076640,0
            -123.0532870,49.1074730,0
            -123.0536110,49.1073820,0
            -123.0540670,49.1073810,0
            -123.0543370,49.1074350,0
            -123.0552210,49.1077800,0
            -123.0553060,49.1077900,0
            -123.0608990,49.1102920,0
            -123.0613960,49.1105740,0
            -123.0642560,49.1127940,0
            -123.0643920,49.1128360,0
            -123.0860710,49.1305340,0
            -123.0864290,49.1310280,0
            -123.0866280,49.1317560,0
            -123.0865170,49.1637500,0
            -123.0864120,49.1639360,0
            -123.0861180,49.1692670,0
            -123.0860170,49.1695460,0
            -123.0857830,49.1697800,0
            -123.0854700,49.1699540,0
            -123.0850400,49.1700760,0
            -123.0838580,49.1702060,0
            -123.0750010,49.1701690,0
            -123.0744450,49.1702770,0
            -123.0743990,49.1703170,0
            -123.0744560,49.1793790,0
            -123.0745410,49.1799280,0
            -123.0747780,49.1805310,0
            -123.0768480,49.1839680,0
            -123.0772890,49.1854080,0
            -123.0774190,49.2049520,0
            -123.0771830,49.2092980,0
            -123.0770470,49.2095310,0
            -123.0767140,49.2098400,0
            -123.0759070,49.2100440,0
            -123.0757500,49.2101240,0
            -123.0751250,49.2107280,0
            -123.0749160,49.2108700,0
            -123.0744170,49.2109930,0
            -123.0713040,49.2109610,0
            -123.0705160,49.2108970,0
            -123.0691920,49.2106310,0
            -123.0589140,49.2072310,0
            -123.0582580,49.2070770,0
            -123.0572230,49.2070160,0
            -123.0412070,49.2081360,0
            -123.0402130,49.2080660,0
            -123.0394730,49.2079040,0
            -123.0390240,49.2077480,0
            -123.0388820,49.2078500,0
            -123.0381080,49.2082060,0
            -123.0377100,49.2082910,0
            -123.0336980,49.2084470,0
            -123.0293270,49.2079020,0
            -123.0280060,49.2078220,0
            -123.0230970,49.2081830,0
            -123.0195850,49.2081270,0
            -123.0157070,49.2085610,0
            -123.0145800,49.2087630,0
            -123.0133320,49.2092120,0
            -123.0129880,49.2092550,0
            -123.0049590,49.2091810,0
            -123.0033790,49.2088100,0
            -123.0019250,49.2083450,0
            -122.9983510,49.2077630,0
            -122.9978020,49.2081310,0
            -122.9970150,49.2084820,0
            -122.9957590,49.2088420,0
            -122.9953120,49.2090360,0
            -122.9947580,49.2094070,0
            -122.9943680,49.2098520,0
            -122.9939420,49.2106490,0
            -122.9941510,49.2203863,0
          </coordinates>
        </LineString>
      </Placemark>
      <Placemark>
        <name>Home</name>
        <styleUrl>#icon-1603-0288D1-nodesc</styleUrl>
        <Point>
          <coordinates>
            -122.9941510,49.2203863,0
          </coordinates>
        </Point>
      </Placemark>
    </Folder>
    <Folder>
      <name>2021-12-31</name>
      <Placemark>
        <name>Pacific Rim Cabins</name>
        <styleUrl>#icon-1602-0288D1</styleUrl>
        <ExtendedData>
          <Data name="Category">
            <value>Group accommodation</value>
          </Data>
          <Data name="Distance">
            <value>0</value>
          </Data>
        </ExtendedData>
        <Point>
          <coordinates>
            -125.587976,48.974677,0
          </coordinates>
        </Point>
      </Placemark>
      <Placemark>
        <name>Driving</name>
        <styleUrl>#line-FFEA00-5000</styleUrl>
        <ExtendedData>
          <Data name="Category">
            <value>Driving</value>
          </Data>
          <Data name="Distance">
            <value>7086</value>
          </Data>
        </ExtendedData>
        <LineString>
          <tessellate>1</tessellate>
          <coordinates>
            -125.5900810,48.9741240,0
            -125.5908530,48.9745110,0
            -125.5910150,48.9742520,0
            -125.5910530,48.9741540,0
            -125.5923340,48.9653710,0
            -125.5923380,48.9650200,0
            -125.5921500,48.9644960,0
            -125.5918210,48.9639000,0
            -125.5915090,48.9627930,0
            -125.5913010,48.9624020,0
            -125.5910140,48.9621770,0
            -125.5907380,48.9620660,0
            -125.5894860,48.9617250,0
            -125.5884510,48.9613750,0
            -125.5876590,48.9611980,0
            -125.5871690,48.9610460,0
            -125.5864990,48.9607260,0
            -125.5835970,48.9590300,0
            -125.5824440,48.9581860,0
            -125.5789600,48.9548770,0
            -125.5783730,48.9541280,0
            -125.5780730,48.9536510,0
            -125.5778970,48.9531720,0
            -125.5774660,48.9514360,0
            -125.5772070,48.9510220,0
            -125.5769340,48.9507800,0
            -125.5767560,48.9506690,0
            -125.5757980,48.9501990,0
            -125.5750980,48.9496750,0
            -125.5747820,48.9493700,0
            -125.5745530,48.9490750,0
            -125.5742400,48.9483150,0
            -125.5739080,48.9478220,0
            -125.5736430,48.9475390,0
            -125.5730430,48.9470590,0
            -125.5728230,48.9469240,0
            -125.5725360,48.9468040,0
            -125.5722110,48.9467360,0
            -125.5719210,48.9467300,0
            -125.5715270,48.9467770,0
            -125.5708050,48.9469630,0
            -125.5705240,48.9470090,0
            -125.5701300,48.9470200,0
            -125.5667410,48.9469250,0
            -125.5662340,48.9468660,0
            -125.5653650,48.9466910,0
            -125.5645360,48.9464640,0
            -125.5618590,48.9455810,0
            -125.5604400,48.9451970,0
            -125.5600730,48.9451210,0
            -125.5597750,48.9450920,0
            -125.5587500,48.9450770,0
            -125.5582900,48.9450310,0
            -125.5551820,48.9444060,0
            -125.5548730,48.9443650,0
            -125.5525040,48.9442940,0
            -125.5523320,48.9442650,0
            -125.5517820,48.9440930,0
            -125.5512610,48.9438510,0
            -125.5504410,48.9434020,0
            -125.5467890,48.9419210,0
            -125.5463790,48.9416800,0
            -125.5450400,48.9405550,0
            -125.5423050,48.9376790,0
            -125.5410270,48.9360860,0
            -125.5403100,48.9353600,0
            -125.5396830,48.9342950,0
            -125.5396420,48.9335950,0
            -125.5395480,48.9333560,0
            -125.5394060,48.9332030,0
            -125.5387520,48.9327220,0
            -125.5385880,48.9325460,0
            -125.5385450,48.9324580,0
            -125.5384190,48.9318600,0
            -125.5383630,48.9317530,0
            -125.5381510,48.9314940,0
            -125.5379360,48.9310690,0
            -125.5371080,48.9302220,0
            -125.5370380,48.9300650,0
            -125.5370220,48.9298670,0
            -125.5370860,48.9296810,0
            -125.5377380,48.9285210,0
            -125.5377810,48.9283450,0
            -125.5377190,48.9281020,0
            -125.5376140,48.9279520,0
            -125.5375260,48.9278740,0
            -125.5374050,48.9277990,0
            -125.5371540,48.9276930,0
            -125.5369480,48.9276390,0
            -125.5356870,48.9274110,0
            -125.5345120,48.9270520,0
            -125.5369410,48.9248370,0
            -125.5372850,48.9246160,0
            -125.5384670,48.9243200,0
            -125.5400110,48.9235990,0
            -125.5405010,48.9233230,0
            -125.5407610,48.9231000,0
            -125.5407950,48.9229950,0
            -125.5407950,48.9228430,0
            -125.5404800,48.9222960,0
          </coordinates>
        </LineString>
      </Placemark>
      <Placemark>
        <name>Amphitrite Point Light</name>
        <styleUrl>#icon-1535-0288D1</styleUrl>
        <ExtendedData>
          <Data name="Category">
            <value>Historical landmark</value>
          </Data>
          <Data name="Distance">
            <value>0</value>
          </Data>
        </ExtendedData>
        <Point>
          <coordinates>
            -125.54114,48.921201,0
          </coordinates>
        </Point>
      </Placemark>
      <Placemark>
        <name>Driving</name>
        <styleUrl>#line-FFEA00-5000</styleUrl>
        <ExtendedData>
          <Data name="Category">
            <value>Driving</value>
          </Data>
          <Data name="Distance">
            <value>7547</value>
          </Data>
        </ExtendedData>
        <LineString>
          <tessellate>1</tessellate>
          <coordinates>
            -125.5404800,48.9222960,0
            -125.5407950,48.9228430,0
            -125.5407950,48.9229950,0
            -125.5407610,48.9231000,0
            -125.5405010,48.9233230,0
            -125.5400110,48.9235990,0
            -125.5384670,48.9243200,0
            -125.5372850,48.9246160,0
            -125.5369410,48.9248370,0
            -125.5345120,48.9270520,0
            -125.5356870,48.9274110,0
            -125.5369480,48.9276390,0
            -125.5371540,48.9276930,0
            -125.5374050,48.9277990,0
            -125.5375260,48.9278740,0
            -125.5376140,48.9279520,0
            -125.5377190,48.9281020,0
            -125.5377810,48.9283450,0
            -125.5377380,48.9285210,0
            -125.5370860,48.9296810,0
            -125.5370220,48.9298670,0
            -125.5370380,48.9300650,0
            -125.5371080,48.9302220,0
            -125.5379360,48.9310690,0
            -125.5381510,48.9314940,0
            -125.5383630,48.9317530,0
            -125.5384190,48.9318600,0
            -125.5385450,48.9324580,0
            -125.5385880,48.9325460,0
            -125.5387520,48.9327220,0
            -125.5394060,48.9332030,0
            -125.5395480,48.9333560,0
            -125.5396420,48.9335950,0
            -125.5396830,48.9342950,0
            -125.5403100,48.9353600,0
            -125.5410270,48.9360860,0
            -125.5423050,48.9376790,0
            -125.5450400,48.9405550,0
            -125.5463790,48.9416800,0
            -125.5467890,48.9419210,0
            -125.5504410,48.9434020,0
            -125.5512610,48.9438510,0
            -125.5517820,48.9440930,0
            -125.5523320,48.9442650,0
            -125.5525040,48.9442940,0
            -125.5548730,48.9443650,0
            -125.5551820,48.9444060,0
            -125.5582900,48.9450310,0
            -125.5587500,48.9450770,0
            -125.5597750,48.9450920,0
            -125.5600730,48.9451210,0
            -125.5604400,48.9451970,0
            -125.5618590,48.9455810,0
            -125.5645360,48.9464640,0
            -125.5653650,48.9466910,0
            -125.5662340,48.9468660,0
            -125.5667410,48.9469250,0
            -125.5701300,48.9470200,0
            -125.5705240,48.9470090,0
            -125.5708050,48.9469630,0
            -125.5715270,48.9467770,0
            -125.5719210,48.9467300,0
            -125.5722110,48.9467360,0
            -125.5725360,48.9468040,0
            -125.5728230,48.9469240,0
            -125.5730430,48.9470590,0
            -125.5736430,48.9475390,0
            -125.5739080,48.9478220,0
            -125.5742400,48.9483150,0
            -125.5745530,48.9490750,0
            -125.5747820,48.9493700,0
            -125.5750980,48.9496750,0
            -125.5757980,48.9501990,0
            -125.5767560,48.9506690,0
            -125.5769340,48.9507800,0
            -125.5772070,48.9510220,0
            -125.5774660,48.9514360,0
            -125.5778970,48.9531720,0
            -125.5780730,48.9536510,0
            -125.5783730,48.9541280,0
            -125.5789600,48.9548770,0
            -125.5824440,48.9581860,0
            -125.5835970,48.9590300,0
            -125.5864990,48.9607260,0
            -125.5871690,48.9610460,0
            -125.5876590,48.9611980,0
            -125.5884510,48.9613750,0
            -125.5894860,48.9617250,0
            -125.5907380,48.9620660,0
            -125.5910140,48.9621770,0
            -125.5913010,48.9624020,0
            -125.5915090,48.9627930,0
            -125.5918210,48.9639000,0
            -125.5921500,48.9644960,0
            -125.5923380,48.9650190,0
            -125.5923340,48.9653710,0
            -125.5910530,48.9741540,0
            -125.5910150,48.9742510,0
            -125.5908530,48.9745110,0
            -125.5901190,48.9741430,0
          </coordinates>
        </LineString>
      </Placemark>
      <Placemark>
        <name>Pacific Rim Cabins</name>
        <styleUrl>#icon-1602-0288D1</styleUrl>
        <ExtendedData>
          <Data name="Category">
            <value>Group accommodation</value>
          </Data>
          <Data name="Distance">
            <value>0</value>
          </Data>
        </ExtendedData>
        <Point>
          <coordinates>
            -125.587976,48.974677,0
          </coordinates>
        </Point>
      </Placemark>
    </Folder>
    <Folder>
      <name>2021-12-30</name>
      <Placemark>
        <name>Pacific Rim Cabins</name>
        <styleUrl>#icon-1602-0288D1</styleUrl>
        <ExtendedData>
          <Data name="Category">
            <value>Group accommodation</value>
          </Data>
          <Data name="Distance">
            <value>0</value>
          </Data>
        </ExtendedData>
        <Point>
          <coordinates>
            -125.587976,48.974677,0
          </coordinates>
        </Point>
      </Placemark>
      <Placemark>
        <name>Driving</name>
        <styleUrl>#line-F9A825-5000</styleUrl>
        <ExtendedData>
          <Data name="Category">
            <value>Driving</value>
          </Data>
          <Data name="Distance">
            <value>29013</value>
          </Data>
        </ExtendedData>
        <LineString>
          <tessellate>1</tessellate>
          <coordinates>
            -125.5901110,48.9741400,0
            -125.5908530,48.9745110,0
            -125.5873300,48.9792830,0
            -125.5871240,48.9798670,0
            -125.5877010,48.9916070,0
            -125.5878610,48.9917860,0
            -125.6056480,49.0020430,0
            -125.6091350,49.0042930,0
            -125.6102960,49.0052130,0
            -125.6110550,49.0056330,0
            -125.6130160,49.0064620,0
            -125.6232080,49.0122440,0
            -125.6263230,49.0137460,0
            -125.6394140,49.0219120,0
            -125.6472710,49.0266350,0
            -125.6618940,49.0347930,0
            -125.6741680,49.0421250,0
            -125.6749840,49.0424760,0
            -125.6760590,49.0426560,0
            -125.6929570,49.0425700,0
            -125.6945450,49.0427700,0
            -125.6958040,49.0431740,0
            -125.6968670,49.0436500,0
            -125.6986880,49.0449170,0
            -125.7123960,49.0527660,0
            -125.7183370,49.0569650,0
            -125.7283130,49.0631150,0
            -125.7296610,49.0636720,0
            -125.7302000,49.0637990,0
            -125.7360230,49.0641580,0
            -125.7376010,49.0643800,0
            -125.7394040,49.0647960,0
            -125.7405440,49.0652410,0
            -125.7482910,49.0689290,0
            -125.7512620,49.0698800,0
            -125.7548630,49.0714650,0
            -125.7561160,49.0718360,0
            -125.7577350,49.0721120,0
            -125.7590880,49.0725410,0
            -125.7601020,49.0727320,0
            -125.7679350,49.0728230,0
            -125.7688690,49.0729680,0
            -125.7737690,49.0731030,0
            -125.7801430,49.0723820,0
            -125.7806150,49.0724080,0
            -125.7811040,49.0725240,0
            -125.7815100,49.0727270,0
            -125.7878870,49.0777780,0
            -125.7883850,49.0783500,0
            -125.7885600,49.0787890,0
            -125.7886110,49.0806800,0
            -125.7889360,49.0813200,0
            -125.7894030,49.0817800,0
            -125.7902900,49.0822220,0
            -125.7913100,49.0824390,0
            -125.7936880,49.0823720,0
            -125.7954860,49.0825180,0
            -125.7980080,49.0823120,0
            -125.8002950,49.0819040,0
            -125.8008310,49.0818960,0
            -125.8016840,49.0820270,0
            -125.8022170,49.0822170,0
            -125.8045940,49.0833970,0
            -125.8070000,49.0856510,0
            -125.8074620,49.0859700,0
            -125.8080280,49.0861970,0
            -125.8085200,49.0863060,0
            -125.8107990,49.0864610,0
            -125.8116460,49.0865950,0
            -125.8147950,49.0877420,0
            -125.8170840,49.0883510,0
            -125.8221660,49.0889190,0
            -125.8244530,49.0894980,0
            -125.8258450,49.0896180,0
            -125.8265500,49.0895680,0
            -125.8279310,49.0891090,0
            -125.8285220,49.0890550,0
            -125.8291160,49.0891520,0
            -125.8363710,49.0927680,0
            -125.8368370,49.0929060,0
            -125.8379030,49.0929780,0
            -125.8387830,49.0928220,0
            -125.8400290,49.0923360,0
            -125.8418410,49.0918960,0
            -125.8436980,49.0916950,0
            -125.8442130,49.0917350,0
            -125.8463340,49.0926850,0
            -125.8468630,49.0928300,0
            -125.8476520,49.0929510,0
            -125.8482850,49.0931190,0
            -125.8514010,49.0942970,0
            -125.8530090,49.0951010,0
            -125.8550240,49.0959090,0
            -125.8561530,49.0965480,0
            -125.8588030,49.0986260,0
            -125.8591220,49.0987630,0
            -125.8596870,49.0988370,0
            -125.8614830,49.0988180,0
            -125.8619490,49.0989160,0
            -125.8630330,49.0993360,0
            -125.8637350,49.0997710,0
            -125.8640700,49.1001210,0
            -125.8642480,49.1004910,0
            -125.8639860,49.1014430,0
            -125.8640510,49.1019360,0
            -125.8644430,49.1025910,0
            -125.8659120,49.1040600,0
            -125.8677760,49.1064850,0
            -125.8697840,49.1082620,0
            -125.8701400,49.1084620,0
            -125.8713150,49.1088720,0
            -125.8746130,49.1094860,0
            -125.8776030,49.1104140,0
            -125.8781430,49.1108100,0
            -125.8790100,49.1116680,0
            -125.8804620,49.1126870,0
            -125.8806750,49.1128980,0
            -125.8811150,49.1139170,0
            -125.8813900,49.1142430,0
            -125.8855160,49.1177090,0
            -125.8866410,49.1182640,0
            -125.8869610,49.1185140,0
            -125.8882800,49.1204000,0
            -125.8940850,49.1258070,0
            -125.8941860,49.1259690,0
            -125.8943220,49.1267830,0
            -125.8924700,49.1267790,0
            -125.8924420,49.1266590,0
          </coordinates>
        </LineString>
      </Placemark>
      <Placemark>
        <name>Tacofino</name>
        <styleUrl>#icon-1739-0288D1</styleUrl>
        <ExtendedData>
          <Data name="Category">
            <value>Tacos</value>
          </Data>
          <Data name="Distance">
            <value>0</value>
          </Data>
        </ExtendedData>
        <Point>
          <coordinates>
            -125.892411,49.126623,0
          </coordinates>
        </Point>
      </Placemark>
      <Placemark>
        <name>Driving</name>
        <styleUrl>#line-F9A825-5000</styleUrl>
        <ExtendedData>
          <Data name="Category">
            <value>Driving</value>
          </Data>
          <Data name="Distance">
            <value>17399</value>
          </Data>
        </ExtendedData>
        <LineString>
          <tessellate>1</tessellate>
          <coordinates>
            -125.8931200,49.1267880,0
            -125.8935130,49.1268000,0
            -125.8935530,49.1266800,0
            -125.8936100,49.1266300,0
            -125.8936520,49.1266130,0
            -125.8937050,49.1266080,0
            -125.8938490,49.1266160,0
            -125.8939320,49.1266450,0
            -125.8939570,49.1266660,0
            -125.8940210,49.1267910,0
            -125.8943220,49.1267830,0
            -125.8942930,49.1263370,0
            -125.8941860,49.1259690,0
            -125.8940850,49.1258070,0
            -125.8911110,49.1229300,0
            -125.8882800,49.1204000,0
            -125.8881630,49.1202520,0
            -125.8876880,49.1194540,0
            -125.8869610,49.1185140,0
            -125.8868200,49.1183820,0
            -125.8866410,49.1182640,0
            -125.8858170,49.1178960,0
            -125.8855160,49.1177100,0
            -125.8813900,49.1142430,0
            -125.8811150,49.1139170,0
            -125.8810410,49.1137860,0
            -125.8808160,49.1131210,0
            -125.8806750,49.1128980,0
            -125.8804620,49.1126870,0
            -125.8790100,49.1116680,0
            -125.8781430,49.1108100,0
            -125.8776030,49.1104140,0
            -125.8773480,49.1103150,0
            -125.8746130,49.1094860,0
            -125.8713150,49.1088720,0
            -125.8704930,49.1086100,0
            -125.8701400,49.1084620,0
            -125.8697840,49.1082620,0
            -125.8692270,49.1078300,0
            -125.8677760,49.1064850,0
            -125.8662610,49.1045790,0
            -125.8659120,49.1040600,0
            -125.8656230,49.1037440,0
            -125.8649700,49.1031510,0
            -125.8644430,49.1025910,0
            -125.8642710,49.1023510,0
            -125.8640510,49.1019360,0
            -125.8639860,49.1014430,0
            -125.8640480,49.1011400,0
            -125.8642200,49.1007230,0
            -125.8642480,49.1004910,0
            -125.8642170,49.1003710,0
            -125.8640700,49.1001210,0
            -125.8639160,49.0999350,0
            -125.8637340,49.0997710,0
            -125.8633280,49.0994890,0
            -125.8630330,49.0993360,0
            -125.8619490,49.0989160,0
            -125.8614830,49.0988180,0
            -125.8609790,49.0987960,0
            -125.8596860,49.0988370,0
            -125.8593520,49.0988050,0
            -125.8591220,49.0987630,0
            -125.8588030,49.0986260,0
            -125.8564250,49.0967270,0
            -125.8561530,49.0965480,0
            -125.8552450,49.0960650,0
            -125.8550240,49.0959090,0
            -125.8542880,49.0955740,0
            -125.8535440,49.0953240,0
            -125.8530090,49.0951010,0
            -125.8514010,49.0942970,0
            -125.8482850,49.0931190,0
            -125.8476520,49.0929510,0
            -125.8468630,49.0928300,0
            -125.8463340,49.0926850,0
            -125.8447910,49.0919960,0
            -125.8445770,49.0918770,0
            -125.8442130,49.0917350,0
            -125.8440140,49.0917030,0
            -125.8436970,49.0916950,0
            -125.8423310,49.0918150,0
            -125.8418400,49.0918960,0
            -125.8400290,49.0923360,0
            -125.8387830,49.0928220,0
            -125.8383540,49.0929280,0
            -125.8379030,49.0929780,0
            -125.8373480,49.0929720,0
            -125.8368360,49.0929060,0
            -125.8363710,49.0927680,0
            -125.8359220,49.0925720,0
            -125.8294680,49.0892880,0
            -125.8291160,49.0891520,0
            -125.8289090,49.0891050,0
            -125.8285220,49.0890550,0
            -125.8283070,49.0890620,0
            -125.8279310,49.0891090,0
            -125.8265500,49.0895680,0
            -125.8262890,49.0896040,0
            -125.8258450,49.0896180,0
            -125.8244530,49.0894980,0
            -125.8237750,49.0893650,0
            -125.8221660,49.0889190,0
            -125.8170840,49.0883510,0
            -125.8168020,49.0882950,0
            -125.8147950,49.0877420,0
            -125.8127570,49.0870360,0
            -125.8118740,49.0866670,0
            -125.8116460,49.0865950,0
            -125.8107990,49.0864610,0
            -125.8085200,49.0863060,0
            -125.8080280,49.0861970,0
            -125.8074620,49.0859700,0
            -125.8070000,49.0856510,0
            -125.8049620,49.0836740,0
            -125.8045940,49.0833970,0
            -125.8022170,49.0822170,0
            -125.8016840,49.0820270,0
            -125.8012300,49.0819350,0
            -125.8008310,49.0818960,0
            -125.8002950,49.0819040,0
            -125.7999050,49.0819530,0
            -125.7980080,49.0823120,0
            -125.7958920,49.0825110,0
            -125.7954860,49.0825180,0
            -125.7936880,49.0823720,0
            -125.7918820,49.0824520,0
            -125.7913100,49.0824390,0
            -125.7907250,49.0823390,0
            -125.7902900,49.0822220,0
            -125.7898450,49.0820260,0
            -125.7894030,49.0817800,0
            -125.7889360,49.0813200,0
            -125.7887490,49.0810270,0
            -125.7886110,49.0806800,0
            -125.7885600,49.0787890,0
            -125.7883840,49.0783500,0
            -125.7882410,49.0781440,0
            -125.7878870,49.0777780,0
            -125.7815100,49.0727270,0
            -125.7811040,49.0725240,0
            -125.7806150,49.0724080,0
            -125.7801430,49.0723820,0
            -125.7742620,49.0730740,0
            -125.7737690,49.0731030,0
            -125.7688690,49.0729680,0
            -125.7679350,49.0728230,0
            -125.7674980,49.0728090,0
            -125.7662890,49.0728730,0
            -125.7601020,49.0727320,0
            -125.7598440,49.0727040,0
            -125.7590880,49.0725410,0
            -125.7581860,49.0722290,0
            -125.7577350,49.0721120,0
            -125.7561160,49.0718350,0
            -125.7555440,49.0716870,0
            -125.7548630,49.0714650,0
            -125.7537150,49.0709110,0
            -125.7512620,49.0698790,0
            -125.7482910,49.0689290,0
            -125.7478400,49.0687480,0
            -125.7405440,49.0652410,0
            -125.7398550,49.0649510,0
            -125.7394040,49.0647960,0
            -125.7376010,49.0643800,0
            -125.7360230,49.0641580,0
            -125.7310990,49.0639010,0
            -125.7302000,49.0637980,0
            -125.7296610,49.0636720,0
            -125.7291030,49.0634760,0
            -125.7283130,49.0631150,0
            -125.7183370,49.0569650,0
            -125.7132050,49.0532880,0
            -125.7123960,49.0527660,0
            -125.7003860,49.0459250,0
            -125.7005910,49.0457300,0
            -125.7008410,49.0453330,0
            -125.7012780,49.0449710,0
            -125.7014560,49.0448750,0
            -125.7021660,49.0447380,0
          </coordinates>
        </LineString>
      </Placemark>
      <Placemark>
        <name>Combers Beach</name>
        <styleUrl>#icon-1535-0288D1</styleUrl>
        <ExtendedData>
          <Data name="Category">
            <value>Beach</value>
          </Data>
          <Data name="Distance">
            <value>0</value>
          </Data>
        </ExtendedData>
        <Point>
          <coordinates>
            -125.711258,49.044987,0
          </coordinates>
        </Point>
      </Placemark>
      <Placemark>
        <name>Pacific Rim National Park Reserve - Long Beach Unit</name>
        <styleUrl>#icon-1535-0288D1</styleUrl>
        <ExtendedData>
          <Data name="Category">
            <value>Park</value>
          </Data>
          <Data name="Distance">
            <value>0</value>
          </Data>
        </ExtendedData>
        <Point>
          <coordinates>
            -125.753265,49.068305,0
          </coordinates>
        </Point>
      </Placemark>
      <Placemark>
        <name>Driving</name>
        <styleUrl>#line-F9A825-5000</styleUrl>
        <ExtendedData>
          <Data name="Category">
            <value>Driving</value>
          </Data>
          <Data name="Distance">
            <value>19582</value>
          </Data>
        </ExtendedData>
        <LineString>
          <tessellate>1</tessellate>
          <coordinates>
            -125.7523200,49.0703120,0
            -125.7548630,49.0714650,0
            -125.7561160,49.0718360,0
            -125.7577350,49.0721120,0
            -125.7590880,49.0725410,0
            -125.7601020,49.0727320,0
            -125.7662890,49.0728730,0
            -125.7679350,49.0728230,0
            -125.7688690,49.0729680,0
            -125.7737690,49.0731030,0
            -125.7801430,49.0723820,0
            -125.7806150,49.0724080,0
            -125.7811040,49.0725240,0
            -125.7815100,49.0727270,0
            -125.7878870,49.0777780,0
            -125.7883840,49.0783500,0
            -125.7885600,49.0787890,0
            -125.7886110,49.0806800,0
            -125.7889360,49.0813200,0
            -125.7894030,49.0817800,0
            -125.7902900,49.0822220,0
            -125.7913100,49.0824390,0
            -125.7936880,49.0823720,0
            -125.7954860,49.0825180,0
            -125.7980080,49.0823120,0
            -125.8002950,49.0819040,0
            -125.8008310,49.0818960,0
            -125.8016840,49.0820270,0
            -125.8022170,49.0822170,0
            -125.8045940,49.0833970,0
            -125.8070000,49.0856510,0
            -125.8074620,49.0859700,0
            -125.8080280,49.0861970,0
            -125.8085200,49.0863060,0
            -125.8107990,49.0864610,0
            -125.8116460,49.0865950,0
            -125.8147950,49.0877420,0
            -125.8170840,49.0883510,0
            -125.8221660,49.0889190,0
            -125.8244530,49.0894980,0
            -125.8258450,49.0896180,0
            -125.8265500,49.0895680,0
            -125.8279310,49.0891090,0
            -125.8285220,49.0890550,0
            -125.8291160,49.0891520,0
            -125.8363710,49.0927680,0
            -125.8368360,49.0929060,0
            -125.8379030,49.0929780,0
            -125.8387830,49.0928220,0
            -125.8400290,49.0923360,0
            -125.8418400,49.0918960,0
            -125.8436970,49.0916950,0
            -125.8442130,49.0917350,0
            -125.8463340,49.0926850,0
            -125.8468630,49.0928300,0
            -125.8476520,49.0929510,0
            -125.8482850,49.0931190,0
            -125.8514010,49.0942970,0
            -125.8530090,49.0951010,0
            -125.8550240,49.0959090,0
            -125.8561530,49.0965480,0
            -125.8588030,49.0986260,0
            -125.8591220,49.0987630,0
            -125.8596870,49.0988370,0
            -125.8614830,49.0988180,0
            -125.8619490,49.0989160,0
            -125.8630330,49.0993360,0
            -125.8637350,49.0997710,0
            -125.8640700,49.1001210,0
            -125.8642480,49.1004910,0
            -125.8639860,49.1014430,0
            -125.8640510,49.1019360,0
            -125.8644430,49.1025910,0
            -125.8659120,49.1040600,0
            -125.8677760,49.1064850,0
            -125.8697840,49.1082620,0
            -125.8701400,49.1084620,0
            -125.8713150,49.1088720,0
            -125.8746130,49.1094860,0
            -125.8776030,49.1104140,0
            -125.8781430,49.1108100,0
            -125.8790100,49.1116680,0
            -125.8804620,49.1126870,0
            -125.8806750,49.1128980,0
            -125.8811150,49.1139170,0
            -125.8813900,49.1142430,0
            -125.8855160,49.1177090,0
            -125.8866410,49.1182640,0
            -125.8869610,49.1185140,0
            -125.8882800,49.1204000,0
            -125.8940850,49.1258070,0
            -125.8941860,49.1259690,0
            -125.8943800,49.1271510,0
            -125.8951450,49.1291780,0
            -125.8959080,49.1304150,0
            -125.8959420,49.1306400,0
            -125.8958020,49.1309470,0
            -125.8953420,49.1314330,0
            -125.8921600,49.1340300,0
            -125.8906760,49.1358500,0
            -125.8906200,49.1360090,0
            -125.8906430,49.1377870,0
            -125.8899870,49.1405200,0
            -125.8903410,49.1422700,0
            -125.8903590,49.1429840,0
            -125.8904930,49.1434330,0
            -125.8911900,49.1444280,0
            -125.8918380,49.1471310,0
            -125.8922630,49.1478660,0
            -125.8931970,49.1488430,0
            -125.8935340,49.1490490,0
            -125.8966380,49.1499260,0
            -125.9001540,49.1516740,0
            -125.9022510,49.1523380,0
            -125.9027340,49.1524120,0
            -125.9027710,49.1522900,0
          </coordinates>
        </LineString>
      </Placemark>
      <Placemark>
        <name>Tofino</name>
        <styleUrl>#icon-1739-0288D1</styleUrl>
        <ExtendedData>
          <Data name="Category">
            <value />
          </Data>
          <Data name="Distance">
            <value>0</value>
          </Data>
        </ExtendedData>
        <Point>
          <coordinates>
            -125.906618,49.152984,0
          </coordinates>
        </Point>
      </Placemark>
      <Placemark>
        <name>Driving</name>
        <styleUrl>#line-F9A825-5000</styleUrl>
        <ExtendedData>
          <Data name="Category">
            <value>Driving</value>
          </Data>
          <Data name="Distance">
            <value>32274</value>
          </Data>
        </ExtendedData>
        <LineString>
          <tessellate>1</tessellate>
          <coordinates>
            -125.9027590,49.1523290,0
            -125.9027340,49.1524120,0
            -125.9022510,49.1523380,0
            -125.9001540,49.1516740,0
            -125.8966380,49.1499260,0
            -125.8935340,49.1490490,0
            -125.8931970,49.1488430,0
            -125.8922630,49.1478660,0
            -125.8918380,49.1471310,0
            -125.8911910,49.1444280,0
            -125.8904930,49.1434330,0
            -125.8899870,49.1405200,0
            -125.8906430,49.1377870,0
            -125.8906200,49.1360090,0
            -125.8906760,49.1358500,0
            -125.8921600,49.1340300,0
            -125.8958020,49.1309470,0
            -125.8959420,49.1306400,0
            -125.8959080,49.1304150,0
            -125.8951450,49.1291780,0
            -125.8943800,49.1271510,0
            -125.8941860,49.1259690,0
            -125.8940850,49.1258070,0
            -125.8882800,49.1204000,0
            -125.8869610,49.1185140,0
            -125.8866410,49.1182640,0
            -125.8855160,49.1177100,0
            -125.8813900,49.1142430,0
            -125.8811150,49.1139170,0
            -125.8806750,49.1128980,0
            -125.8790100,49.1116680,0
            -125.8781430,49.1108100,0
            -125.8776030,49.1104140,0
            -125.8746130,49.1094860,0
            -125.8713150,49.1088720,0
            -125.8701400,49.1084620,0
            -125.8697840,49.1082620,0
            -125.8677760,49.1064850,0
            -125.8659120,49.1040600,0
            -125.8644430,49.1025910,0
            -125.8640510,49.1019360,0
            -125.8639860,49.1014440,0
            -125.8642480,49.1004910,0
            -125.8640700,49.1001210,0
            -125.8637350,49.0997710,0
            -125.8630330,49.0993360,0
            -125.8619490,49.0989160,0
            -125.8614830,49.0988180,0
            -125.8596870,49.0988370,0
            -125.8591220,49.0987630,0
            -125.8588030,49.0986260,0
            -125.8561530,49.0965480,0
            -125.8550240,49.0959090,0
            -125.8530090,49.0951010,0
            -125.8514010,49.0942980,0
            -125.8482850,49.0931190,0
            -125.8463340,49.0926850,0
            -125.8442130,49.0917350,0
            -125.8436980,49.0916950,0
            -125.8418410,49.0918960,0
            -125.8400290,49.0923370,0
            -125.8387830,49.0928220,0
            -125.8379030,49.0929790,0
            -125.8368370,49.0929070,0
            -125.8363710,49.0927680,0
            -125.8291160,49.0891520,0
            -125.8285220,49.0890550,0
            -125.8279310,49.0891090,0
            -125.8265500,49.0895680,0
            -125.8258450,49.0896180,0
            -125.8244530,49.0894980,0
            -125.8221660,49.0889190,0
            -125.8170840,49.0883510,0
            -125.8147950,49.0877420,0
            -125.8116460,49.0865950,0
            -125.8107990,49.0864610,0
            -125.8085200,49.0863060,0
            -125.8080280,49.0861970,0
            -125.8074620,49.0859710,0
            -125.8070000,49.0856510,0
            -125.8045940,49.0833970,0
            -125.8022170,49.0822170,0
            -125.8016840,49.0820280,0
            -125.8008310,49.0818960,0
            -125.8002950,49.0819040,0
            -125.7980080,49.0823120,0
            -125.7954860,49.0825180,0
            -125.7936880,49.0823730,0
            -125.7913100,49.0824390,0
            -125.7902900,49.0822220,0
            -125.7894030,49.0817800,0
            -125.7889360,49.0813200,0
            -125.7886110,49.0806800,0
            -125.7885600,49.0787890,0
            -125.7883850,49.0783500,0
            -125.7878870,49.0777780,0
            -125.7815100,49.0727270,0
            -125.7811040,49.0725240,0
            -125.7806150,49.0724080,0
            -125.7801430,49.0723820,0
            -125.7737690,49.0731030,0
            -125.7688690,49.0729680,0
            -125.7679350,49.0728230,0
            -125.7601020,49.0727330,0
            -125.7590880,49.0725410,0
            -125.7577350,49.0721120,0
            -125.7561160,49.0718360,0
            -125.7548630,49.0714650,0
            -125.7512620,49.0698800,0
            -125.7482910,49.0689290,0
            -125.7394040,49.0647960,0
            -125.7376010,49.0643800,0
            -125.7360230,49.0641580,0
            -125.7302000,49.0637990,0
            -125.7296610,49.0636720,0
            -125.7283130,49.0631150,0
            -125.7183370,49.0569650,0
            -125.7123960,49.0527660,0
            -125.6986880,49.0449170,0
            -125.6968670,49.0436500,0
            -125.6958040,49.0431740,0
            -125.6945450,49.0427700,0
            -125.6929570,49.0425700,0
            -125.6760590,49.0426560,0
            -125.6749840,49.0424760,0
            -125.6741680,49.0421250,0
            -125.6472710,49.0266350,0
            -125.6263230,49.0137470,0
            -125.6232080,49.0122440,0
            -125.6130160,49.0064620,0
            -125.6110550,49.0056330,0
            -125.6102960,49.0052130,0
            -125.6091350,49.0042930,0
            -125.6056480,49.0020430,0
            -125.5878610,48.9917860,0
            -125.5877010,48.9916070,0
            -125.5871240,48.9798670,0
            -125.5873300,48.9792830,0
            -125.5908530,48.9745110,0
            -125.5903450,48.9742570,0
          </coordinates>
        </LineString>
      </Placemark>
      <Placemark>
        <name>Pacific Rim Cabins</name>
        <styleUrl>#icon-1602-0288D1</styleUrl>
        <ExtendedData>
          <Data name="Category">
            <value>Group accommodation</value>
          </Data>
          <Data name="Distance">
            <value>0</value>
          </Data>
        </ExtendedData>
        <Point>
          <coordinates>
            -125.587976,48.974677,0
          </coordinates>
        </Point>
      </Placemark>
    </Folder>
    <Folder>
      <name>2021-12-29</name>
      <Placemark>
        <name>Driving</name>
        <styleUrl>#line-A52714-5000</styleUrl>
        <ExtendedData>
          <Data name="Category">
            <value>Driving</value>
          </Data>
          <Data name="Distance">
            <value>32185</value>
          </Data>
        </ExtendedData>
        <LineString>
          <tessellate>1</tessellate>
          <coordinates>
            -122.9941510,49.2203863,0
            -122.9939420,49.2106490,0
            -122.9943680,49.2098520,0
            -122.9947580,49.2094070,0
            -122.9953120,49.2090360,0
            -122.9978020,49.2081300,0
            -122.9983510,49.2077630,0
            -122.9995050,49.2060680,0
            -122.9996340,49.2056720,0
            -122.9995710,49.2037850,0
            -122.9855200,49.2037620,0
            -122.9841900,49.2034570,0
            -122.9835750,49.2031570,0
            -122.9775200,49.1984500,0
            -122.9767190,49.1979970,0
            -122.9752500,49.1975300,0
            -122.9595660,49.1953760,0
            -122.9587420,49.1953780,0
            -122.9581080,49.1954650,0
            -122.9550290,49.1965510,0
            -122.9529440,49.1969040,0
            -122.9524640,49.1971080,0
            -122.9519900,49.1974880,0
            -122.9513420,49.1986110,0
            -122.9511980,49.1987410,0
            -122.9508090,49.1989090,0
            -122.9504270,49.1989500,0
            -122.9499570,49.1988600,0
            -122.9495130,49.1985510,0
            -122.9428820,49.1921940,0
            -122.9425990,49.1914210,0
            -122.9427780,49.1907070,0
            -122.9434290,49.1899740,0
            -122.9441230,49.1895950,0
            -122.9477380,49.1883920,0
            -122.9483050,49.1881260,0
            -122.9491350,49.1875700,0
            -122.9514810,49.1855130,0
            -122.9524060,49.1849110,0
            -122.9545680,49.1839880,0
            -122.9590510,49.1829400,0
            -122.9603150,49.1824200,0
            -122.9609940,49.1819710,0
            -122.9615120,49.1814700,0
            -122.9621090,49.1803700,0
            -122.9622710,49.1785960,0
            -122.9621040,49.1777440,0
            -122.9615740,49.1767250,0
            -122.9605810,49.1758390,0
            -122.9530850,49.1718450,0
            -122.9528780,49.1717880,0
            -122.9470800,49.1680210,0
            -122.9461600,49.1671250,0
            -122.9454870,49.1660570,0
            -122.9381240,49.1482880,0
            -122.9381890,49.1481350,0
            -122.9377840,49.1470090,0
            -122.9377250,49.1462650,0
            -122.9378110,49.1460240,0
            -122.9380040,49.1457870,0
            -122.9385820,49.1454070,0
            -122.9392080,49.1451800,0
            -122.9406470,49.1450600,0
            -122.9410920,49.1451240,0
            -122.9427390,49.1457190,0
            -122.9451400,49.1468260,0
            -122.9473870,49.1476310,0
            -122.9502980,49.1483760,0
            -122.9527900,49.1496370,0
            -122.9540470,49.1499260,0
            -122.9549950,49.1499580,0
            -122.9557110,49.1498030,0
            -122.9559250,49.1497060,0
            -122.9566340,49.1489360,0
            -122.9572180,49.1486250,0
            -122.9578110,49.1485580,0
            -122.9579510,49.1484990,0
            -122.9673140,49.1485500,0
            -122.9690440,49.1483190,0
            -122.9717110,49.1476120,0
            -122.9732440,49.1474560,0
            -122.9817350,49.1474460,0
            -122.9836500,49.1472760,0
            -122.9852070,49.1469690,0
            -122.9897260,49.1456090,0
            -122.9911430,49.1449720,0
            -122.9919550,49.1443990,0
            -122.9925870,49.1437910,0
            -122.9938320,49.1421760,0
            -122.9946890,49.1414110,0
            -122.9959020,49.1406150,0
            -122.9977110,49.1398420,0
            -123.0006180,49.1390000,0
            -123.0017630,49.1385060,0
            -123.0045990,49.1368980,0
            -123.0062980,49.1362060,0
            -123.0084190,49.1356880,0
            -123.0097670,49.1351840,0
            -123.0111730,49.1342990,0
            -123.0122760,49.1330600,0
            -123.0127010,49.1320410,0
            -123.0128260,49.1300180,0
            -123.0130360,49.1294520,0
            -123.0135680,49.1287470,0
            -123.0144090,49.1281190,0
            -123.0153330,49.1277070,0
            -123.0207210,49.1261380,0
            -123.0215950,49.1257050,0
            -123.0229050,49.1247110,0
            -123.0235180,49.1239460,0
            -123.0264770,49.1189010,0
            -123.0283780,49.1171720,0
            -123.0287600,49.1166340,0
            -123.0290720,49.1157380,0
            -123.0290700,49.1074920,0
            -123.0296960,49.1036650,0
            -123.0294990,49.1017240,0
            -123.0250870,49.0917520,0
            -123.0247390,49.0902520,0
            -123.0246800,49.0860070,0
            -123.0248060,49.0853460,0
            -123.0252160,49.0846640,0
            -123.0258060,49.0841220,0
            -123.0263820,49.0837700,0
            -123.0271270,49.0834690,0
            -123.0278920,49.0832740,0
            -123.0299870,49.0829930,0
            -123.0319850,49.0824160,0
            -123.0337400,49.0814860,0
            -123.0347590,49.0806270,0
            -123.0354190,49.0797880,0
            -123.0358600,49.0788480,0
            -123.0360290,49.0780370,0
            -123.0361480,49.0639720,0
            -123.0366150,49.0627460,0
            -123.0375920,49.0615970,0
            -123.0385750,49.0608870,0
            -123.0396810,49.0603410,0
            -123.0406270,49.0600160,0
            -123.0423100,49.0596830,0
            -123.0438450,49.0595670,0
            -123.0475800,49.0595750,0
            -123.0512190,49.0599130,0
            -123.0520100,49.0599120,0
            -123.0528100,49.0598060,0
            -123.0539230,49.0594480,0
            -123.0550110,49.0588210,0
            -123.0559710,49.0579560,0
            -123.0566020,49.0571700,0
            -123.0570490,49.0563280,0
            -123.0573470,49.0552050,0
            -123.0574670,49.0524500,0
            -123.0576830,49.0513930,0
            -123.0588560,49.0491000,0
            -123.0601020,49.0476900,0
            -123.0615310,49.0465790,0
            -123.0630970,49.0456460,0
            -123.0982110,49.0286870,0
            -123.1012420,49.0269120,0
            -123.1236920,49.0111360,0
            -123.1266350,49.0104720,0
            -123.1269700,49.0107970,0
            -123.1270620,49.0108190,0
            -123.1271150,49.0108060,0
            -123.1291120,49.0093880,0
          </coordinates>
        </LineString>
      </Placemark>
      <Placemark>
        <name>Home</name>
        <styleUrl>#icon-1603-0288D1-nodesc</styleUrl>
        <Point>
          <coordinates>
            -122.9941510,49.2203863,0
          </coordinates>
        </Point>
      </Placemark>
      <Placemark>
        <name>Tsawwassen</name>
        <styleUrl>#icon-1739-0288D1</styleUrl>
        <ExtendedData>
          <Data name="Category">
            <value />
          </Data>
          <Data name="Distance">
            <value>0</value>
          </Data>
        </ExtendedData>
        <Point>
          <coordinates>
            -123.081825,49.018038,0
          </coordinates>
        </Point>
      </Placemark>
      <Placemark>
        <name>On a ferry</name>
        <styleUrl>#line-A52714-5000</styleUrl>
        <ExtendedData>
          <Data name="Category">
            <value>On a ferry</value>
          </Data>
          <Data name="Distance">
            <value>46350</value>
          </Data>
        </ExtendedData>
        <LineString>
          <tessellate>1</tessellate>
          <coordinates>
            -123.1290880,49.0094130,0
            -123.1292720,49.0092360,0
            -123.1338740,49.0061900,0
            -123.1377490,49.0032200,0
            -123.1873700,48.9713940,0
            -123.2608040,48.9250600,0
            -123.2753700,48.9134700,0
            -123.3018080,48.8803110,0
            -123.3078880,48.8673160,0
            -123.3226690,48.8594070,0
            -123.3482610,48.8581570,0
            -123.3545890,48.8477220,0
            -123.3518150,48.8377960,0
            -123.3457980,48.8084100,0
            -123.3463170,48.7933640,0
            -123.3486340,48.7780110,0
            -123.3700530,48.7572080,0
            -123.3839240,48.7475410,0
            -123.3973690,48.7389230,0
            -123.4382410,48.7027020,0
            -123.4116110,48.6899290,0
            -123.4114380,48.6885570,0
          </coordinates>
        </LineString>
      </Placemark>
      <Placemark>
        <name>Swartz Bay Terminal</name>
        <styleUrl>#icon-1739-0288D1</styleUrl>
        <ExtendedData>
          <Data name="Category">
            <value>Ferry terminal</value>
          </Data>
          <Data name="Distance">
            <value>0</value>
          </Data>
        </ExtendedData>
        <Point>
          <coordinates>
            -123.411438,48.688557,0
          </coordinates>
        </Point>
      </Placemark>
      <Placemark>
        <name>Driving</name>
        <styleUrl>#line-A52714-5000</styleUrl>
        <ExtendedData>
          <Data name="Category">
            <value>Driving</value>
          </Data>
          <Data name="Distance">
            <value>27882</value>
          </Data>
        </ExtendedData>
        <LineString>
          <tessellate>1</tessellate>
          <coordinates>
            -123.4115010,48.6899460,0
            -123.4116710,48.6895200,0
            -123.4109670,48.6888940,0
            -123.4104860,48.6860280,0
            -123.4105130,48.6853570,0
            -123.4107480,48.6849400,0
            -123.4109380,48.6847520,0
            -123.4167250,48.6810940,0
            -123.4183660,48.6802090,0
            -123.4271490,48.6760820,0
            -123.4278570,48.6756930,0
            -123.4283200,48.6753170,0
            -123.4286320,48.6749560,0
            -123.4289390,48.6743250,0
            -123.4290210,48.6738800,0
            -123.4289090,48.6731050,0
            -123.4287810,48.6728100,0
            -123.4285060,48.6723970,0
            -123.4279400,48.6718340,0
            -123.4173110,48.6627960,0
            -123.4166830,48.6620780,0
            -123.4059600,48.6472150,0
            -123.4055380,48.6464770,0
            -123.4053440,48.6459310,0
            -123.4052850,48.6452500,0
            -123.4053770,48.6446670,0
            -123.4064940,48.6421810,0
            -123.4067110,48.6418440,0
            -123.4119260,48.6310970,0
            -123.4121660,48.6302440,0
            -123.4122040,48.6295060,0
            -123.4119760,48.6284330,0
            -123.4086170,48.6218530,0
            -123.4080560,48.6209430,0
            -123.3970710,48.6068790,0
            -123.3966980,48.6062340,0
            -123.3965210,48.6057300,0
            -123.3964740,48.6053900,0
            -123.3968020,48.5981160,0
            -123.3969640,48.5971980,0
            -123.3972730,48.5963200,0
            -123.4011200,48.5882810,0
            -123.4014120,48.5871900,0
            -123.4014600,48.5860060,0
            -123.4013400,48.5852130,0
            -123.4011140,48.5844540,0
            -123.3977630,48.5761190,0
            -123.3977240,48.5754110,0
            -123.3989790,48.5689100,0
            -123.3990190,48.5680170,0
            -123.3988640,48.5669490,0
            -123.3986410,48.5662110,0
            -123.3980360,48.5651350,0
            -123.3975610,48.5644770,0
            -123.3973740,48.5640710,0
            -123.3950820,48.5603910,0
            -123.3940880,48.5582540,0
            -123.3929030,48.5543370,0
            -123.3911150,48.5453550,0
            -123.3900360,48.5420820,0
            -123.3893370,48.5373790,0
            -123.3881660,48.5322520,0
            -123.3879950,48.5309820,0
            -123.3868380,48.5273510,0
            -123.3867260,48.5265610,0
            -123.3867630,48.5249760,0
            -123.3867050,48.5244030,0
            -123.3860460,48.5220040,0
            -123.3838920,48.5118130,0
            -123.3839010,48.5108980,0
            -123.3854170,48.5032040,0
            -123.3855250,48.5021790,0
            -123.3852530,48.4990630,0
            -123.3855210,48.4976580,0
            -123.3866870,48.4946360,0
            -123.3868020,48.4941740,0
            -123.3868060,48.4935920,0
            -123.3867080,48.4931610,0
            -123.3848490,48.4888000,0
            -123.3847050,48.4881660,0
            -123.3847150,48.4874960,0
            -123.3849790,48.4866610,0
            -123.3869050,48.4832180,0
            -123.3870560,48.4827490,0
            -123.3870900,48.4818780,0
            -123.3870220,48.4815950,0
            -123.3825480,48.4709580,0
            -123.3811490,48.4661070,0
            -123.3783800,48.4586280,0
            -123.3781950,48.4583400,0
            -123.3780210,48.4581550,0
            -123.3776320,48.4578770,0
            -123.3723300,48.4554150,0
            -123.3720290,48.4552000,0
            -123.3717680,48.4549420,0
            -123.3715270,48.4545590,0
            -123.3714200,48.4541830,0
            -123.3713280,48.4531350,0
            -123.3711820,48.4526230,0
            -123.3710440,48.4523840,0
            -123.3687400,48.4497620,0
            -123.3684610,48.4492730,0
            -123.3681140,48.4482490,0
            -123.3666020,48.4455160,0
            -123.3597700,48.4463870,0
            -123.3596220,48.4464540,0
            -123.3512880,48.4475040,0
            -123.3512110,48.4474980,0
            -123.3472420,48.4480590,0
            -123.3463360,48.4482890,0
            -123.3458060,48.4483580,0
            -123.3336190,48.4481640,0
            -123.3332700,48.4479300,0
            -123.3333790,48.4457010,0
            -123.3347240,48.4451610,0
            -123.3349100,48.4453610,0
          </coordinates>
        </LineString>
      </Placemark>
      <Placemark>
        <name>Hillside Shopping Centre</name>
        <styleUrl>#icon-1739-0288D1</styleUrl>
        <ExtendedData>
          <Data name="Category">
            <value>Shopping mall</value>
          </Data>
          <Data name="Distance">
            <value>0</value>
          </Data>
        </ExtendedData>
        <Point>
          <coordinates>
            -123.334652,48.445967,0
          </coordinates>
        </Point>
      </Placemark>
      <Placemark>
        <name>Driving</name>
        <styleUrl>#line-A52714-5000</styleUrl>
        <ExtendedData>
          <Data name="Category">
            <value>Driving</value>
          </Data>
          <Data name="Distance">
            <value>259722</value>
          </Data>
        </ExtendedData>
        <LineString>
          <tessellate>1</tessellate>
          <coordinates>
            -123.3351700,48.4456460,0
            -123.3347240,48.4451610,0
            -123.3447770,48.4411440,0
            -123.3478080,48.4411040,0
            -123.3538380,48.4401520,0
            -123.3540560,48.4400620,0
            -123.3628670,48.4389970,0
            -123.3632300,48.4391400,0
            -123.3639480,48.4414760,0
            -123.3678170,48.4481150,0
            -123.3684610,48.4497200,0
            -123.3695620,48.4510110,0
            -123.3733600,48.4492710,0
            -123.3751020,48.4522060,0
            -123.3750670,48.4522740,0
            -123.3759610,48.4538860,0
            -123.3767260,48.4546570,0
            -123.3778690,48.4552530,0
            -123.3908770,48.4582670,0
            -123.3977970,48.4583790,0
            -123.4080340,48.4605480,0
            -123.4108350,48.4615630,0
            -123.4154720,48.4637800,0
            -123.4173460,48.4641900,0
            -123.4325230,48.4639690,0
            -123.4377370,48.4631060,0
            -123.4550350,48.4615400,0
            -123.4572460,48.4615190,0
            -123.4610690,48.4619060,0
            -123.4682270,48.4614230,0
            -123.4696080,48.4616040,0
            -123.4712380,48.4621210,0
            -123.4756470,48.4645100,0
            -123.4765560,48.4648410,0
            -123.4781870,48.4651600,0
            -123.4800510,48.4651600,0
            -123.4812230,48.4649750,0
            -123.4826020,48.4645400,0
            -123.4934850,48.4576970,0
            -123.4944640,48.4574020,0
            -123.4996830,48.4565880,0
            -123.5016390,48.4559790,0
            -123.5045780,48.4545870,0
            -123.5109180,48.4530240,0
            -123.5116720,48.4530120,0
            -123.5210980,48.4553210,0
            -123.5222120,48.4553690,0
            -123.5238550,48.4551890,0
            -123.5276400,48.4539740,0
            -123.5289550,48.4537630,0
            -123.5299180,48.4537980,0
            -123.5314410,48.4542330,0
            -123.5397300,48.4590140,0
            -123.5420500,48.4600470,0
            -123.5502510,48.4624770,0
            -123.5511050,48.4628840,0
            -123.5514770,48.4632040,0
            -123.5519210,48.4640120,0
            -123.5521620,48.4706280,0
            -123.5519190,48.4714670,0
            -123.5515420,48.4720220,0
            -123.5500630,48.4732800,0
            -123.5496140,48.4738580,0
            -123.5494230,48.4746000,0
            -123.5497910,48.4761290,0
            -123.5487190,48.4781700,0
            -123.5487540,48.4787300,0
            -123.5507960,48.4828040,0
            -123.5531470,48.4857520,0
            -123.5547340,48.4898630,0
            -123.5546050,48.4914750,0
            -123.5551790,48.4933270,0
            -123.5548360,48.4944320,0
            -123.5548680,48.4948160,0
            -123.5555800,48.4964350,0
            -123.5561710,48.5015330,0
            -123.5560770,48.5019910,0
            -123.5550840,48.5037210,0
            -123.5551920,48.5044780,0
            -123.5569550,48.5064860,0
            -123.5571570,48.5078030,0
            -123.5569610,48.5120830,0
            -123.5549430,48.5217600,0
            -123.5554960,48.5244410,0
            -123.5558340,48.5251070,0
            -123.5602520,48.5288370,0
            -123.5606770,48.5295840,0
            -123.5608020,48.5303520,0
            -123.5596120,48.5336660,0
            -123.5596430,48.5343230,0
            -123.5611840,48.5381740,0
            -123.5650410,48.5419190,0
            -123.5652290,48.5427230,0
            -123.5645720,48.5453840,0
            -123.5647550,48.5467060,0
            -123.5652590,48.5474780,0
            -123.5679760,48.5497280,0
            -123.5718270,48.5546860,0
            -123.5721590,48.5558390,0
            -123.5719940,48.5566370,0
            -123.5698020,48.5607660,0
            -123.5693670,48.5612450,0
            -123.5607300,48.5667870,0
            -123.5596110,48.5673000,0
            -123.5574910,48.5677990,0
            -123.5512190,48.5681710,0
            -123.5465780,48.5675690,0
            -123.5435930,48.5676530,0
            -123.5301540,48.5710630,0
            -123.5282560,48.5721480,0
            -123.5276300,48.5727650,0
            -123.5269100,48.5741400,0
            -123.5268100,48.5750640,0
            -123.5270610,48.5761930,0
            -123.5307430,48.5808050,0
            -123.5308400,48.5817500,0
            -123.5298990,48.5844200,0
            -123.5299600,48.5849010,0
            -123.5317800,48.5885950,0
            -123.5318600,48.5917640,0
            -123.5320980,48.5923430,0
            -123.5338800,48.5942180,0
            -123.5341340,48.5948800,0
            -123.5339250,48.5981430,0
            -123.5379790,48.6093260,0
            -123.5457340,48.6216250,0
            -123.5484310,48.6286150,0
            -123.5489520,48.6321470,0
            -123.5511760,48.6384930,0
            -123.5590190,48.6487120,0
            -123.5595680,48.6501040,0
            -123.5608490,48.6574910,0
            -123.5595280,48.6617770,0
            -123.5594720,48.6664770,0
            -123.5602940,48.6695600,0
            -123.5630810,48.6744430,0
            -123.5650080,48.6765790,0
            -123.6075250,48.7077020,0
            -123.6083100,48.7086720,0
            -123.6099060,48.7119950,0
            -123.6096440,48.7142890,0
            -123.6098870,48.7151030,0
            -123.6103260,48.7157290,0
            -123.6113320,48.7164940,0
            -123.6153070,48.7181610,0
            -123.6167360,48.7184580,0
            -123.6195540,48.7186570,0
            -123.6312310,48.7204260,0
            -123.6328250,48.7210990,0
            -123.6336380,48.7218070,0
            -123.6355530,48.7244700,0
            -123.6405740,48.7298370,0
            -123.6499920,48.7369410,0
            -123.6713780,48.7504180,0
            -123.6719010,48.7509140,0
            -123.6723440,48.7516770,0
            -123.6726610,48.7535110,0
            -123.6731110,48.7542590,0
            -123.6742040,48.7551520,0
            -123.6881640,48.7611760,0
            -123.6970650,48.7659060,0
            -123.6980480,48.7669130,0
            -123.6986610,48.7682150,0
            -123.6988570,48.7750960,0
            -123.6987830,48.7751650,0
            -123.6988350,48.7809460,0
            -123.6987780,48.7810070,0
            -123.6992200,48.7824130,0
            -123.6997020,48.7829650,0
            -123.7090640,48.7882910,0
            -123.7105540,48.7894670,0
            -123.7132740,48.7929810,0
            -123.7139790,48.7952530,0
            -123.7162260,48.7990290,0
            -123.7165210,48.7999330,0
            -123.7163870,48.8049710,0
            -123.7180090,48.8135920,0
            -123.7180430,48.8425750,0
            -123.7184420,48.8442010,0
            -123.7194650,48.8458790,0
            -123.7223310,48.8488110,0
            -123.7227210,48.8494370,0
            -123.7228990,48.8502280,0
            -123.7226630,48.8512190,0
            -123.7222400,48.8518300,0
            -123.7187760,48.8549190,0
            -123.7180460,48.8558330,0
            -123.7158240,48.8603520,0
            -123.7116580,48.8656870,0
            -123.7111450,48.8668640,0
            -123.7109120,48.8701590,0
            -123.7105490,48.8709020,0
            -123.7079990,48.8734490,0
            -123.7022760,48.8810800,0
            -123.7018670,48.8821540,0
            -123.7017860,48.8832030,0
            -123.7021340,48.8845460,0
            -123.7033200,48.8866790,0
            -123.7045260,48.8880530,0
            -123.7108960,48.8926880,0
            -123.7215660,48.9031160,0
            -123.7261120,48.9064310,0
            -123.7284920,48.9076510,0
            -123.7371950,48.9100510,0
            -123.7390010,48.9108520,0
            -123.7416940,48.9126370,0
            -123.7485040,48.9190070,0
            -123.7499460,48.9218150,0
            -123.7505880,48.9259090,0
            -123.7519460,48.9278660,0
            -123.7767190,48.9492370,0
            -123.7777820,48.9509020,0
            -123.7804360,48.9608040,0
            -123.7815030,48.9623820,0
            -123.7826430,48.9635170,0
            -123.8003300,48.9758510,0
            -123.8046990,48.9803170,0
            -123.8051690,48.9812790,0
            -123.8053090,48.9830850,0
            -123.8055710,48.9837000,0
            -123.8061470,48.9843900,0
            -123.8086960,48.9864990,0
            -123.8092620,48.9872320,0
            -123.8105370,48.9902200,0
            -123.8119240,48.9915260,0
            -123.8208300,48.9975300,0
            -123.8222930,48.9981390,0
            -123.8267400,48.9992650,0
            -123.8284520,48.9999900,0
            -123.8329640,49.0035320,0
            -123.8337240,49.0043740,0
            -123.8348650,49.0076660,0
            -123.8357980,49.0086570,0
            -123.8364870,49.0091210,0
            -123.8410920,49.0113130,0
            -123.8535420,49.0151650,0
            -123.8554930,49.0160420,0
            -123.8569870,49.0170600,0
            -123.8602030,49.0206270,0
            -123.8606440,49.0218450,0
            -123.8606200,49.0237740,0
            -123.8609680,49.0250080,0
            -123.8639050,49.0289360,0
            -123.8640830,49.0300760,0
            -123.8629990,49.0333040,0
            -123.8628990,49.0347480,0
            -123.8632950,49.0361020,0
            -123.8645660,49.0378500,0
            -123.8765750,49.0483860,0
            -123.8770630,49.0489990,0
            -123.8773660,49.0497910,0
            -123.8775890,49.0603680,0
            -123.8769870,49.0652770,0
            -123.8777760,49.0669110,0
            -123.8795430,49.0688400,0
            -123.8808700,49.0715150,0
            -123.8834130,49.0886170,0
            -123.8847470,49.0920660,0
            -123.8927070,49.1028700,0
            -123.8950820,49.1053230,0
            -123.9127560,49.1191920,0
            -123.9136730,49.1204740,0
            -123.9141310,49.1226610,0
            -123.9148600,49.1237430,0
            -123.9158210,49.1243500,0
            -123.9173310,49.1247570,0
            -123.9234330,49.1247860,0
            -123.9261810,49.1255110,0
            -123.9272590,49.1261050,0
            -123.9279440,49.1266930,0
            -123.9312660,49.1320030,0
            -123.9328160,49.1334300,0
            -123.9350830,49.1346680,0
            -123.9372510,49.1352970,0
            -123.9403330,49.1355690,0
            -123.9470160,49.1348990,0
            -123.9484970,49.1349310,0
            -123.9503820,49.1352090,0
            -123.9526910,49.1359670,0
            -123.9574160,49.1391050,0
            -123.9691380,49.1440450,0
            -123.9709110,49.1452680,0
            -123.9718390,49.1463650,0
            -123.9725000,49.1482390,0
            -123.9718330,49.1541140,0
            -123.9704350,49.1581810,0
            -123.9704800,49.1595070,0
            -123.9712240,49.1611150,0
            -123.9721290,49.1620800,0
            -123.9732130,49.1628410,0
            -123.9783480,49.1650690,0
            -123.9801190,49.1661980,0
            -123.9811170,49.1672170,0
            -123.9818530,49.1684150,0
            -123.9825550,49.1727550,0
            -123.9834370,49.1755170,0
            -123.9876890,49.1827180,0
            -123.9889370,49.1839860,0
            -123.9909310,49.1851780,0
            -123.9918810,49.1855570,0
            -124.0019400,49.1882550,0
            -124.0092960,49.1913340,0
            -124.0222140,49.1954350,0
            -124.0242760,49.1963960,0
            -124.0263370,49.1979320,0
            -124.0275290,49.1994040,0
            -124.0292590,49.2028640,0
            -124.0306120,49.2042330,0
            -124.0322140,49.2051580,0
            -124.0388850,49.2071900,0
            -124.0405120,49.2080440,0
            -124.0420140,49.2093200,0
            -124.0430180,49.2109250,0
            -124.0442380,49.2185570,0
            -124.0450590,49.2202640,0
            -124.0459120,49.2212130,0
            -124.0499500,49.2239490,0
            -124.0509710,49.2250090,0
            -124.0514320,49.2260170,0
            -124.0515430,49.2325380,0
            -124.0523890,49.2343810,0
            -124.0532070,49.2354900,0
            -124.0544790,49.2366830,0
            -124.0617490,49.2417590,0
            -124.0638180,49.2426040,0
            -124.0669250,49.2433480,0
            -124.0775640,49.2440420,0
            -124.0809390,49.2447070,0
            -124.0964330,49.2499810,0
            -124.0988090,49.2504200,0
            -124.1044680,49.2507590,0
            -124.1117080,49.2520650,0
            -124.1138610,49.2522280,0
            -124.1301320,49.2517430,0
            -124.1316290,49.2515400,0
            -124.1378090,49.2494910,0
            -124.1390410,49.2493530,0
            -124.1407060,49.2495010,0
            -124.1451880,49.2510050,0
            -124.1510710,49.2518510,0
            -124.1549700,49.2527640,0
            -124.1597910,49.2525760,0
            -124.1699770,49.2531830,0
            -124.1816190,49.2563670,0
            -124.1902410,49.2603430,0
            -124.1952620,49.2611730,0
            -124.1964980,49.2616840,0
            -124.1985460,49.2632410,0
            -124.2000120,49.2636480,0
            -124.2031110,49.2637100,0
            -124.2097090,49.2648390,0
            -124.2138170,49.2651030,0
            -124.2186730,49.2659080,0
            -124.2291980,49.2692100,0
            -124.2330280,49.2710110,0
            -124.2487530,49.2827750,0
            -124.2492340,49.2833990,0
            -124.2501430,49.2860940,0
            -124.2510490,49.2874440,0
            -124.2539510,49.2898250,0
            -124.2551490,49.2917190,0
            -124.2555820,49.2976280,0
            -124.2565860,49.2998300,0
            -124.2575100,49.3007400,0
            -124.2586030,49.3014260,0
            -124.2608340,49.3022860,0
            -124.2629720,49.3027000,0
            -124.2661160,49.3027240,0
            -124.2678740,49.3024380,0
            -124.2782000,49.2989860,0
            -124.2807560,49.2987030,0
            -124.2826460,49.2987870,0
            -124.3164930,49.3046310,0
            -124.3335090,49.3066930,0
            -124.3362690,49.3074870,0
            -124.3454900,49.3119800,0
            -124.3472790,49.3125670,0
            -124.3664420,49.3160630,0
            -124.4021430,49.3191960,0
            -124.4045370,49.3196950,0
            -124.4079220,49.3208030,0
            -124.4168050,49.3248570,0
            -124.4194130,49.3255330,0
            -124.4233590,49.3260110,0
            -124.4264290,49.3260120,0
            -124.4429470,49.3247360,0
            -124.4435380,49.3248430,0
            -124.4438860,49.3250370,0
            -124.4441280,49.3253310,0
            -124.4441510,49.3256890,0
            -124.4438990,49.3260540,0
            -124.4435690,49.3262380,0
            -124.4430500,49.3263560,0
            -124.4424300,49.3262860,0
            -124.4420140,49.3260890,0
            -124.4417640,49.3258360,0
            -124.4414550,49.3251370,0
            -124.4416430,49.3223340,0
            -124.4424520,49.3204500,0
            -124.4488660,49.3127200,0
            -124.4498580,49.3106690,0
            -124.4499870,49.3058820,0
            -124.4502420,49.3052060,0
            -124.4506930,49.3047030,0
            -124.4517810,49.3040800,0
            -124.4556130,49.3034100,0
            -124.4581560,49.3034110,0
            -124.4653910,49.3045390,0
            -124.4711710,49.3059130,0
            -124.4779410,49.3065630,0
            -124.4864590,49.3064230,0
            -124.4882470,49.3065720,0
            -124.4891220,49.3067900,0
            -124.4960950,49.3098830,0
            -124.5042820,49.3115780,0
            -124.5110650,49.3124760,0
            -124.5245040,49.3107970,0
            -124.5254050,49.3107870,0
            -124.5293130,49.3112320,0
            -124.5382940,49.3095770,0
            -124.5413370,49.3084070,0
            -124.5438660,49.3079680,0
            -124.5485050,49.3054300,0
            -124.5499790,49.3050010,0
            -124.5544860,49.3027730,0
            -124.5558410,49.3014290,0
            -124.5576690,49.3004070,0
            -124.5582920,49.2998580,0
            -124.5594920,49.2976880,0
            -124.5623180,49.2955180,0
            -124.5658090,49.2939700,0
            -124.5671480,49.2936460,0
            -124.5716410,49.2932560,0
            -124.5737140,49.2926210,0
            -124.5749420,49.2918120,0
            -124.5777100,49.2891880,0
            -124.5783030,49.2888840,0
            -124.5794390,49.2886170,0
            -124.5821410,49.2888300,0
            -124.5839340,49.2886580,0
            -124.5849740,49.2883540,0
            -124.5877990,49.2862040,0
            -124.5907240,49.2854710,0
            -124.5912130,49.2854610,0
            -124.5928830,49.2857700,0
            -124.5959540,49.2873810,0
            -124.5966430,49.2875280,0
            -124.5984880,49.2874340,0
            -124.6000190,49.2869960,0
            -124.6007220,49.2869200,0
            -124.6020410,49.2870350,0
            -124.6039050,49.2877810,0
            -124.6064330,49.2881140,0
            -124.6086430,49.2887810,0
            -124.6109280,49.2889670,0
            -124.6120700,49.2886670,0
            -124.6135380,49.2885320,0
            -124.6160930,49.2879960,0
            -124.6165590,49.2880670,0
            -124.6170380,49.2882840,0
            -124.6183220,49.2893240,0
            -124.6189540,49.2895480,0
            -124.6215930,49.2897140,0
            -124.6225220,49.2896390,0
            -124.6294990,49.2879710,0
            -124.6316310,49.2879610,0
            -124.6333490,49.2884210,0
            -124.6396600,49.2890990,0
            -124.6414000,49.2891100,0
            -124.6442840,49.2898430,0
            -124.6463770,49.2898630,0
            -124.6516040,49.2904620,0
            -124.6529520,49.2903460,0
            -124.6552200,49.2909600,0
            -124.6606930,49.2915440,0
            -124.6640520,49.2909530,0
            -124.6680100,49.2893780,0
            -124.6724070,49.2848630,0
            -124.6750910,49.2829350,0
            -124.6754300,49.2823040,0
            -124.6755130,49.2814440,0
            -124.6749060,49.2783800,0
            -124.6748450,49.2739930,0
            -124.6756540,49.2710010,0
            -124.6749520,49.2694520,0
            -124.6737130,49.2681300,0
            -124.6735070,49.2673410,0
            -124.6738930,49.2652960,0
            -124.6709190,49.2600040,0
            -124.6690290,49.2588140,0
            -124.6663240,49.2563060,0
            -124.6651760,49.2546690,0
            -124.6625480,49.2529300,0
            -124.6621810,49.2520770,0
            -124.6609620,49.2512950,0
            -124.6605550,49.2508170,0
            -124.6609120,49.2484750,0
            -124.6613960,49.2479060,0
            -124.6619920,49.2476760,0
            -124.6627510,49.2476860,0
            -124.6681210,49.2488800,0
            -124.6707710,49.2488960,0
            -124.6732940,49.2484640,0
            -124.6767920,49.2475290,0
            -124.6790410,49.2474930,0
            -124.6842350,49.2459600,0
            -124.6855450,49.2457460,0
            -124.6867620,49.2458580,0
            -124.6942700,49.2489840,0
            -124.6966030,49.2496310,0
            -124.7057100,49.2510600,0
            -124.7070010,49.2515400,0
            -124.7083180,49.2525150,0
            -124.7116530,49.2573730,0
            -124.7120090,49.2600520,0
            -124.7148710,49.2645430,0
            -124.7154830,49.2648220,0
            -124.7225340,49.2651120,0
            -124.7232740,49.2650410,0
            -124.7254930,49.2641410,0
            -124.7270220,49.2637970,0
            -124.7281400,49.2637800,0
            -124.7288990,49.2639020,0
            -124.7303500,49.2644970,0
            -124.7308390,49.2648570,0
            -124.7318880,49.2661260,0
            -124.7325820,49.2664860,0
            -124.7332840,49.2666660,0
            -124.7356300,49.2665460,0
            -124.7376320,49.2658870,0
            -124.7435710,49.2648110,0
            -124.7444920,49.2648140,0
            -124.7466900,49.2657060,0
            -124.7474230,49.2658090,0
            -124.7486530,49.2657690,0
            -124.7567530,49.2644130,0
            -124.7578980,49.2643850,0
            -124.7587230,49.2645030,0
            -124.7653590,49.2663670,0
            -124.7777710,49.2665110,0
            -124.7808030,49.2660810,0
            -124.7854640,49.2661870,0
            -124.7888320,49.2657500,0
            -124.8007940,49.2624280,0
            -124.8135940,49.2574500,0
            -124.8153310,49.2590610,0
            -124.8162980,49.2595370,0
            -124.8265080,49.2608580,0
            -124.8348920,49.2626560,0
            -124.8377660,49.2636870,0
            -124.8420320,49.2658170,0
            -124.8443460,49.2675120,0
            -124.8454210,49.2678700,0
            -124.8486050,49.2681310,0
            -124.8501160,49.2671300,0
            -124.8517120,49.2666000,0
            -124.8530640,49.2665750,0
            -124.8536420,49.2666690,0
            -124.8543360,49.2670860,0
            -124.8561260,49.2689950,0
            -124.8605870,49.2692270,0
            -124.8642490,49.2688580,0
            -124.8708060,49.2696970,0
            -124.8714050,49.2699030,0
            -124.8724580,49.2706220,0
            -124.8745880,49.2731550,0
            -124.8749980,49.2734210,0
            -124.8869170,49.2783310,0
            -124.8898160,49.2803360,0
            -124.8934410,49.2820380,0
            -124.8937600,49.2823310,0
            -124.8962370,49.2865760,0
            -124.8968240,49.2872430,0
            -124.8977570,49.2878460,0
            -124.8995390,49.2885280,0
            -124.9026640,49.2891800,0
            -124.9038890,49.2897300,0
            -124.9081750,49.2928730,0
            -124.9089640,49.2932750,0
            -124.9097300,49.2934570,0
            -124.9168960,49.2933810,0
            -124.9188080,49.2930280,0
            -124.9201300,49.2929720,0
            -124.9228120,49.2934280,0
            -124.9241880,49.2941220,0
            -124.9259960,49.2959640,0
            -124.9266320,49.2962590,0
            -124.9277500,49.2963350,0
            -124.9331620,49.2951750,0
            -124.9353100,49.2951060,0
            -124.9442980,49.2957660,0
            -124.9465110,49.2956350,0
            -124.9481600,49.2952980,0
            -124.9498120,49.2947230,0
            -124.9568070,49.2910370,0
            -124.9692570,49.2867410,0
            -124.9702160,49.2866060,0
            -124.9744600,49.2865580,0
            -124.9756510,49.2864080,0
            -124.9763890,49.2861930,0
            -124.9770800,49.2858280,0
            -124.9798980,49.2836410,0
            -124.9875200,49.2801110,0
            -124.9887490,49.2798290,0
            -124.9906600,49.2798510,0
            -124.9981120,49.2814340,0
            -125.0010020,49.2825170,0
            -125.0093490,49.2838650,0
            -125.0174410,49.2835730,0
            -125.0189760,49.2830030,0
            -125.0213120,49.2809650,0
            -125.0224630,49.2803310,0
            -125.0246340,49.2797090,0
            -125.0262070,49.2795760,0
            -125.0320770,49.2796460,0
            -125.0335330,49.2792170,0
            -125.0397580,49.2745570,0
            -125.0405760,49.2742740,0
            -125.0419780,49.2740830,0
            -125.0456530,49.2745080,0
            -125.0487460,49.2745740,0
            -125.0513500,49.2749060,0
            -125.0530990,49.2753640,0
            -125.0566490,49.2768660,0
            -125.0621310,49.2786040,0
            -125.0706840,49.2800080,0
            -125.0724840,49.2799830,0
            -125.0771860,49.2793640,0
            -125.0862810,49.2804160,0
            -125.0976550,49.2834820,0
            -125.0991760,49.2836010,0
            -125.1051470,49.2834280,0
            -125.1106320,49.2819080,0
            -125.1118290,49.2813210,0
            -125.1136870,49.2796610,0
            -125.1145970,49.2791990,0
            -125.1161820,49.2788330,0
            -125.1174400,49.2788360,0
            -125.1196760,49.2791600,0
            -125.1208240,49.2791770,0
            -125.1234690,49.2788630,0
            -125.1269440,49.2791640,0
            -125.1282320,49.2789830,0
            -125.1306190,49.2782770,0
            -125.1313760,49.2781680,0
            -125.1327700,49.2782130,0
            -125.1358370,49.2788340,0
            -125.1396160,49.2790240,0
            -125.1449580,49.2802020,0
            -125.1468210,49.2802430,0
            -125.1478010,49.2801340,0
            -125.1516650,49.2792080,0
            -125.1651340,49.2783830,0
            -125.1692640,49.2785700,0
            -125.1704070,49.2787710,0
            -125.1741030,49.2800270,0
            -125.1775270,49.2806660,0
            -125.1790400,49.2813370,0
            -125.1799170,49.2819760,0
            -125.1825830,49.2848010,0
            -125.1837130,49.2854310,0
            -125.1921450,49.2888810,0
            -125.1934290,49.2890150,0
            -125.2039370,49.2887940,0
            -125.2102040,49.2900210,0
            -125.2117060,49.2901020,0
            -125.2154800,49.2898930,0
            -125.2170470,49.2900420,0
            -125.2201480,49.2906850,0
            -125.2214180,49.2908020,0
            -125.2233770,49.2906480,0
            -125.2322470,49.2888310,0
            -125.2335240,49.2887840,0
            -125.2602850,49.2935400,0
            -125.2639320,49.2937880,0
            -125.2663470,49.2946670,0
            -125.2725280,49.2951970,0
            -125.2821880,49.2970670,0
            -125.2847150,49.2972790,0
            -125.2919210,49.2990230,0
            -125.2927750,49.2990150,0
            -125.2941260,49.2985750,0
            -125.2948350,49.2981300,0
            -125.2961560,49.2955480,0
            -125.2968510,49.2948670,0
            -125.3009600,49.2926990,0
            -125.3019610,49.2924590,0
            -125.3125260,49.2912820,0
            -125.3236700,49.2919320,0
            -125.3280550,49.2924520,0
            -125.3307040,49.2922140,0
            -125.3349550,49.2912350,0
            -125.3422710,49.2906960,0
            -125.3429810,49.2904550,0
            -125.3435630,49.2900420,0
            -125.3448770,49.2885800,0
            -125.3457610,49.2867300,0
            -125.3460280,49.2864920,0
            -125.3478980,49.2856050,0
            -125.3481940,49.2852680,0
            -125.3482160,49.2848220,0
            -125.3476970,49.2838140,0
            -125.3477160,49.2835320,0
            -125.3478900,49.2832690,0
            -125.3512730,49.2815060,0
            -125.3525120,49.2811120,0
            -125.3582070,49.2783770,0
            -125.3587370,49.2775080,0
            -125.3604130,49.2757610,0
            -125.3609360,49.2755550,0
            -125.3629160,49.2753180,0
            -125.3641230,49.2747040,0
            -125.3644490,49.2743710,0
            -125.3646150,49.2723830,0
            -125.3644590,49.2715490,0
            -125.3657990,49.2692780,0
            -125.3671960,49.2655860,0
            -125.3681610,49.2647830,0
            -125.3696930,49.2642100,0
            -125.3705710,49.2635310,0
            -125.3708840,49.2627220,0
            -125.3708580,49.2621510,0
            -125.3702130,49.2605120,0
            -125.3701520,49.2598660,0
            -125.3707700,49.2583010,0
            -125.3707930,49.2568010,0
            -125.3712010,49.2561760,0
            -125.3712680,49.2558090,0
            -125.3710050,49.2546710,0
            -125.3710610,49.2537100,0
            -125.3704970,49.2521520,0
            -125.3697680,49.2510840,0
            -125.3696270,49.2504610,0
            -125.3699700,49.2495180,0
            -125.3706670,49.2488680,0
            -125.3708560,49.2485310,0
            -125.3707440,49.2466050,0
            -125.3702950,49.2459130,0
            -125.3691460,49.2450110,0
            -125.3657000,49.2432020,0
            -125.3646880,49.2428750,0
            -125.3626330,49.2425770,0
            -125.3603990,49.2425430,0
            -125.3599240,49.2424570,0
            -125.3593580,49.2421840,0
            -125.3560790,49.2386910,0
            -125.3558350,49.2381890,0
            -125.3560150,49.2374860,0
            -125.3588270,49.2336700,0
            -125.3589210,49.2320570,0
            -125.3593100,49.2307370,0
            -125.3597040,49.2302010,0
            -125.3630320,49.2278460,0
            -125.3636370,49.2271540,0
            -125.3651040,49.2224940,0
            -125.3657340,49.2219900,0
            -125.3685830,49.2206930,0
            -125.3702060,49.2184300,0
            -125.3702920,49.2179030,0
            -125.3701200,49.2173330,0
            -125.3696560,49.2167840,0
            -125.3675090,49.2155800,0
            -125.3672450,49.2151430,0
            -125.3672110,49.2147220,0
            -125.3673540,49.2144060,0
            -125.3724340,49.2103630,0
            -125.3739620,49.2087380,0
            -125.3756270,49.2079200,0
            -125.3758620,49.2076000,0
            -125.3758690,49.2072580,0
            -125.3750830,49.2053740,0
            -125.3751260,49.2050040,0
            -125.3753500,49.2046810,0
            -125.3777040,49.2030040,0
            -125.3786250,49.2013750,0
            -125.3792750,49.2007520,0
            -125.3811750,49.1995510,0
            -125.3838750,49.1987260,0
            -125.3899160,49.1945070,0
            -125.3921700,49.1934990,0
            -125.3933750,49.1932780,0
            -125.3968080,49.1933200,0
            -125.3984030,49.1930160,0
            -125.4012920,49.1919120,0
            -125.4023520,49.1910830,0
            -125.4028440,49.1901250,0
            -125.4024860,49.1874260,0
            -125.4021890,49.1869120,0
            -125.4001330,49.1851250,0
            -125.3976160,49.1835160,0
            -125.3973100,49.1831860,0
            -125.3971440,49.1827450,0
            -125.3972010,49.1800040,0
            -125.3956520,49.1782020,0
            -125.3956620,49.1779200,0
            -125.3996870,49.1698700,0
            -125.4009870,49.1683930,0
            -125.4037370,49.1664210,0
            -125.4067160,49.1654860,0
            -125.4120140,49.1618020,0
            -125.4124930,49.1615960,0
            -125.4141890,49.1612860,0
            -125.4180260,49.1596720,0
            -125.4193240,49.1592980,0
            -125.4199010,49.1589850,0
            -125.4206020,49.1568920,0
            -125.4213430,49.1558470,0
            -125.4210800,49.1531850,0
            -125.4215430,49.1514700,0
            -125.4217490,49.1511620,0
            -125.4223390,49.1508170,0
            -125.4224900,49.1505540,0
            -125.4224710,49.1502210,0
            -125.4215370,49.1487250,0
            -125.4183050,49.1457640,0
            -125.4179950,49.1452830,0
            -125.4178310,49.1444840,0
            -125.4186130,49.1387210,0
            -125.4165260,49.1352930,0
            -125.4161900,49.1341580,0
            -125.4166290,49.1312430,0
            -125.4170400,49.1307870,0
            -125.4183890,49.1299440,0
            -125.4191550,49.1296440,0
            -125.4201660,49.1294820,0
            -125.4231370,49.1294250,0
            -125.4272430,49.1289340,0
            -125.4278140,49.1284080,0
            -125.4277280,49.1281350,0
            -125.4256750,49.1261720,0
            -125.4250270,49.1248150,0
            -125.4249620,49.1240670,0
            -125.4254950,49.1223010,0
            -125.4259650,49.1219320,0
            -125.4279960,49.1210420,0
            -125.4287410,49.1208630,0
            -125.4314650,49.1210640,0
            -125.4323400,49.1209560,0
            -125.4356170,49.1195760,0
            -125.4358200,49.1192530,0
            -125.4355950,49.1186480,0
            -125.4361190,49.1173230,0
            -125.4365170,49.1170220,0
            -125.4372440,49.1167600,0
            -125.4386430,49.1165700,0
            -125.4399760,49.1161650,0
            -125.4401990,49.1159850,0
            -125.4402940,49.1155160,0
            -125.4399800,49.1151130,0
            -125.4394140,49.1147940,0
            -125.4377560,49.1145230,0
            -125.4371680,49.1140720,0
            -125.4369080,49.1136430,0
            -125.4369470,49.1133550,0
            -125.4373020,49.1130520,0
            -125.4376220,49.1129580,0
            -125.4381870,49.1130210,0
            -125.4445160,49.1150040,0
            -125.4451400,49.1150330,0
            -125.4488630,49.1142910,0
            -125.4495940,49.1142600,0
            -125.4499420,49.1140590,0
            -125.4499960,49.1137800,0
            -125.4495160,49.1131490,0
            -125.4494850,49.1128790,0
            -125.4495680,49.1127600,0
            -125.4501930,49.1124520,0
            -125.4507510,49.1123670,0
            -125.4522660,49.1125040,0
            -125.4525930,49.1124360,0
            -125.4529640,49.1122080,0
            -125.4531130,49.1119380,0
            -125.4528850,49.1110200,0
            -125.4530510,49.1105210,0
            -125.4541350,49.1095860,0
            -125.4544000,49.1085230,0
            -125.4569770,49.1067340,0
            -125.4570940,49.1065190,0
            -125.4570460,49.1062460,0
            -125.4538070,49.1039250,0
            -125.4534630,49.1034010,0
            -125.4526200,49.1006620,0
            -125.4517200,49.0993090,0
            -125.4509480,49.0967090,0
            -125.4511300,49.0961260,0
            -125.4522960,49.0948880,0
            -125.4523550,49.0945860,0
            -125.4520810,49.0938020,0
            -125.4521660,49.0929900,0
            -125.4527520,49.0918080,0
            -125.4528790,49.0905230,0
            -125.4530190,49.0903710,0
            -125.4540490,49.0900350,0
            -125.4544640,49.0900630,0
            -125.4559970,49.0905680,0
            -125.4562840,49.0904950,0
            -125.4565340,49.0902800,0
            -125.4579730,49.0857600,0
            -125.4569330,49.0833600,0
            -125.4570580,49.0828720,0
            -125.4575270,49.0824490,0
            -125.4581010,49.0823190,0
            -125.4591260,49.0823330,0
            -125.4604880,49.0816640,0
            -125.4611730,49.0816060,0
            -125.4614630,49.0816570,0
            -125.4639950,49.0829440,0
            -125.4643570,49.0829560,0
            -125.4645830,49.0828810,0
            -125.4648520,49.0825950,0
            -125.4650540,49.0796260,0
            -125.4653750,49.0791200,0
            -125.4656080,49.0789530,0
            -125.4666990,49.0785370,0
            -125.4669040,49.0783660,0
            -125.4673450,49.0774990,0
            -125.4689200,49.0768650,0
            -125.4693800,49.0764500,0
            -125.4693720,49.0762340,0
            -125.4687460,49.0756090,0
            -125.4685700,49.0751370,0
            -125.4687390,49.0742440,0
            -125.4686460,49.0735930,0
            -125.4680020,49.0727990,0
            -125.4677360,49.0719820,0
            -125.4679980,49.0714120,0
            -125.4676420,49.0701360,0
            -125.4672690,49.0697320,0
            -125.4671690,49.0689180,0
            -125.4673530,49.0683500,0
            -125.4671620,49.0676470,0
            -125.4675250,49.0657580,0
            -125.4682470,49.0648300,0
            -125.4687580,49.0644880,0
            -125.4741200,49.0625760,0
            -125.4747210,49.0621600,0
            -125.4760410,49.0607440,0
            -125.4768600,49.0580970,0
            -125.4790440,49.0547220,0
            -125.4794360,49.0544000,0
            -125.4809840,49.0538530,0
            -125.4816750,49.0531040,0
            -125.4819480,49.0523870,0
            -125.4824360,49.0519340,0
            -125.4880190,49.0498850,0
            -125.4886370,49.0490080,0
            -125.4890760,49.0487260,0
            -125.4914960,49.0478710,0
            -125.4920370,49.0477820,0
            -125.4950660,49.0477430,0
            -125.4968870,49.0473840,0
            -125.4986790,49.0473180,0
            -125.5026320,49.0464440,0
            -125.5068090,49.0444880,0
            -125.5143910,49.0429340,0
            -125.5195460,49.0414990,0
            -125.5290940,49.0404170,0
            -125.5306660,49.0392210,0
            -125.5312170,49.0389660,0
            -125.5340250,49.0384000,0
            -125.5370080,49.0369050,0
            -125.5405960,49.0355050,0
            -125.5409430,49.0352600,0
            -125.5410460,49.0348310,0
            -125.5387430,49.0317480,0
            -125.5386360,49.0313770,0
            -125.5393750,49.0286190,0
            -125.5422500,49.0242670,0
            -125.5462630,49.0214900,0
            -125.5468970,49.0212290,0
            -125.5479350,49.0210520,0
            -125.5500740,49.0209840,0
            -125.5510990,49.0207040,0
            -125.5545150,49.0184660,0
            -125.5550580,49.0182540,0
            -125.5637240,49.0163360,0
            -125.5700860,49.0153140,0
            -125.5704970,49.0151500,0
            -125.5718610,49.0138040,0
            -125.5718870,49.0133960,0
            -125.5715740,49.0130740,0
            -125.5707540,49.0126730,0
            -125.5704750,49.0124140,0
            -125.5701040,49.0115710,0
            -125.5684790,49.0095290,0
            -125.5684470,49.0092280,0
            -125.5712650,49.0058120,0
            -125.5715200,49.0048750,0
            -125.5724340,49.0041060,0
            -125.5741400,49.0031880,0
            -125.5817350,48.9966020,0
            -125.5824210,48.9952730,0
            -125.5827550,48.9950350,0
            -125.5846520,48.9944370,0
            -125.5866350,48.9928040,0
            -125.5881600,48.9919960,0
            -125.5877010,48.9916070,0
            -125.5871240,48.9798670,0
            -125.5873300,48.9792830,0
            -125.5905530,48.9749490,0
          </coordinates>
        </LineString>
      </Placemark>
      <Placemark>
        <name>Pacific Rim Cabins</name>
        <styleUrl>#icon-1602-0288D1</styleUrl>
        <ExtendedData>
          <Data name="Category">
            <value>Group accommodation</value>
          </Data>
          <Data name="Distance">
            <value>0</value>
          </Data>
        </ExtendedData>
        <Point>
          <coordinates>
            -125.587976,48.974677,0
          </coordinates>
        </Point>
      </Placemark>
    </Folder>
  </Document>
</kml>