<?xml version="1.0" encoding="UTF-8"?>
<kml xmlns="http://www.opengis.net/kml/2.2">
  <Document>
    <name>40-great-basin</name>
    <description/>
    <Style id="icon-1535-0288D1-normal">
      <IconStyle>
        <color>ffd18802</color>
        <scale>1</scale>
        <Icon>
          <href>https://www.gstatic.com/mapspro/images/stock/503-wht-blank_maps.png</href>
        </Icon>
      </IconStyle>
      <LabelStyle>
        <scale>0</scale>
      </LabelStyle>
    </Style>
    <Style id="icon-1535-0288D1-highlight">
      <IconStyle>
        <color>ffd18802</color>
        <scale>1</scale>
        <Icon>
          <href>https://www.gstatic.com/mapspro/images/stock/503-wht-blank_maps.png</href>
        </Icon>
      </IconStyle>
      <LabelStyle>
        <scale>1</scale>
      </LabelStyle>
    </Style>
    <StyleMap id="icon-1535-0288D1">
      <Pair>
        <key>normal</key>
        <styleUrl>#icon-1535-0288D1-normal</styleUrl>
      </Pair>
      <Pair>
        <key>highlight</key>
        <styleUrl>#icon-1535-0288D1-highlight</styleUrl>
      </Pair>
    </StyleMap>
    <Style id="icon-1602-0288D1-normal">
      <IconStyle>
        <color>ffd18802</color>
        <scale>1</scale>
        <Icon>
          <href>https://www.gstatic.com/mapspro/images/stock/503-wht-blank_maps.png</href>
        </Icon>
      </IconStyle>
      <LabelStyle>
        <scale>0</scale>
      </LabelStyle>
    </Style>
    <Style id="icon-1602-0288D1-highlight">
      <IconStyle>
        <color>ffd18802</color>
        <scale>1</scale>
        <Icon>
          <href>https://www.gstatic.com/mapspro/images/stock/503-wht-blank_maps.png</href>
        </Icon>
      </IconStyle>
      <LabelStyle>
        <scale>1</scale>
      </LabelStyle>
    </Style>
    <StyleMap id="icon-1602-0288D1">
      <Pair>
        <key>normal</key>
        <styleUrl>#icon-1602-0288D1-normal</styleUrl>
      </Pair>
      <Pair>
        <key>highlight</key>
        <styleUrl>#icon-1602-0288D1-highlight</styleUrl>
      </Pair>
    </StyleMap>
    <Style id="icon-1603-0288D1-normal">
      <IconStyle>
        <color>ffd18802</color>
        <scale>1</scale>
        <Icon>
          <href>https://www.gstatic.com/mapspro/images/stock/503-wht-blank_maps.png</href>
        </Icon>
      </IconStyle>
      <LabelStyle>
        <scale>0</scale>
      </LabelStyle>
    </Style>
    <Style id="icon-1603-0288D1-highlight">
      <IconStyle>
        <color>ffd18802</color>
        <scale>1</scale>
        <Icon>
          <href>https://www.gstatic.com/mapspro/images/stock/503-wht-blank_maps.png</href>
        </Icon>
      </IconStyle>
      <LabelStyle>
        <scale>1</scale>
      </LabelStyle>
    </Style>
    <StyleMap id="icon-1603-0288D1">
      <Pair>
        <key>normal</key>
        <styleUrl>#icon-1603-0288D1-normal</styleUrl>
      </Pair>
      <Pair>
        <key>highlight</key>
        <styleUrl>#icon-1603-0288D1-highlight</styleUrl>
      </Pair>
    </StyleMap>
    <Style id="icon-1739-0288D1-normal">
      <IconStyle>
        <color>ffd18802</color>
        <scale>1</scale>
        <Icon>
          <href>https://www.gstatic.com/mapspro/images/stock/503-wht-blank_maps.png</href>
        </Icon>
      </IconStyle>
      <LabelStyle>
        <scale>0</scale>
      </LabelStyle>
    </Style>
    <Style id="icon-1739-0288D1-highlight">
      <IconStyle>
        <color>ffd18802</color>
        <scale>1</scale>
        <Icon>
          <href>https://www.gstatic.com/mapspro/images/stock/503-wht-blank_maps.png</href>
        </Icon>
      </IconStyle>
      <LabelStyle>
        <scale>1</scale>
      </LabelStyle>
    </Style>
    <StyleMap id="icon-1739-0288D1">
      <Pair>
        <key>normal</key>
        <styleUrl>#icon-1739-0288D1-normal</styleUrl>
      </Pair>
      <Pair>
        <key>highlight</key>
        <styleUrl>#icon-1739-0288D1-highlight</styleUrl>
      </Pair>
    </StyleMap>
    <Style id="line-A52714-5000-normal">
      <LineStyle>
        <color>ff1427a5</color>
        <width>5</width>
      </LineStyle>
    </Style>
    <Style id="line-A52714-5000-highlight">
      <LineStyle>
        <color>ff1427a5</color>
        <width>7.5</width>
      </LineStyle>
    </Style>
    <StyleMap id="line-A52714-5000">
      <Pair>
        <key>normal</key>
        <styleUrl>#line-A52714-5000-normal</styleUrl>
      </Pair>
      <Pair>
        <key>highlight</key>
        <styleUrl>#line-A52714-5000-highlight</styleUrl>
      </Pair>
    </StyleMap>
    <Style id="line-F9A825-5000-normal">
      <LineStyle>
        <color>ff25a8f9</color>
        <width>5</width>
      </LineStyle>
    </Style>
    <Style id="line-F9A825-5000-highlight">
      <LineStyle>
        <color>ff25a8f9</color>
        <width>7.5</width>
      </LineStyle>
    </Style>
    <StyleMap id="line-F9A825-5000">
      <Pair>
        <key>normal</key>
        <styleUrl>#line-F9A825-5000-normal</styleUrl>
      </Pair>
      <Pair>
        <key>highlight</key>
        <styleUrl>#line-F9A825-5000-highlight</styleUrl>
      </Pair>
    </StyleMap>
    <Style id="line-FFEA00-5000-normal">
      <LineStyle>
        <color>ff00eaff</color>
        <width>5</width>
      </LineStyle>
    </Style>
    <Style id="line-FFEA00-5000-highlight">
      <LineStyle>
        <color>ff00eaff</color>
        <width>7.5</width>
      </LineStyle>
    </Style>
    <StyleMap id="line-FFEA00-5000">
      <Pair>
        <key>normal</key>
        <styleUrl>#line-FFEA00-5000-normal</styleUrl>
      </Pair>
      <Pair>
        <key>highlight</key>
        <styleUrl>#line-FFEA00-5000-highlight</styleUrl>
      </Pair>
    </StyleMap>
    <Folder>
      <name>2019-05-27</name>
      <Placemark>
        <name><![CDATA[La Quinta Inn & Suites by Wyndham Ely]]></name>
        <description><![CDATA[description: Hotel from 2019-05-27T03:52:16.988Z to 2019-05-27T14:41:48.102Z. Distance 0m<br>Email: syugen.zhou@gmail.com<br>Category: Hotel<br>Distance: 0]]></description>
        <styleUrl>#icon-1602-0288D1</styleUrl>
        <ExtendedData>
          <Data name="description">
            <value>Hotel from 2019-05-27T03:52:16.988Z to 2019-05-27T14:41:48.102Z. Distance 0m</value>
          </Data>
          <Data name="Email">
            <value>syugen.zhou@gmail.com</value>
          </Data>
          <Data name="Category">
            <value>Hotel</value>
          </Data>
          <Data name="Distance">
            <value>0</value>
          </Data>
        </ExtendedData>
        <Point>
          <coordinates>
            -114.871816,39.245907,0
          </coordinates>
        </Point>
      </Placemark>
      <Placemark>
        <name>Driving</name>
        <description><![CDATA[description: Driving from 2019-05-27T14:41:48.102Z to 2019-05-27T17:02:27.000Z. Distance 226786m<br>Email: syugen.zhou@gmail.com<br>Category: Driving<br>Distance: 226786]]></description>
        <styleUrl>#line-FFEA00-5000</styleUrl>
        <ExtendedData>
          <Data name="description">
            <value>Driving from 2019-05-27T14:41:48.102Z to 2019-05-27T17:02:27.000Z. Distance 226786m</value>
          </Data>
          <Data name="Email">
            <value>syugen.zhou@gmail.com</value>
          </Data>
          <Data name="Category">
            <value>Driving</value>
          </Data>
          <Data name="Distance">
            <value>226786</value>
          </Data>
        </ExtendedData>
        <LineString>
          <tessellate>1</tessellate>
          <coordinates>
            -114.870424,39.24613,0
            -114.869297,39.243999,0
            -114.869595,39.243906,0
            -114.869415,39.243539,0
            -114.869902,39.243374,0
            -114.8701,39.243753,0
            -114.869297,39.243999,0
            -114.874203,39.253377,0
            -114.875067,39.253167,0
            -114.876755,39.253043,0
            -114.877792,39.252804,0
            -114.879065,39.252246,0
            -114.884147,39.249425,0
            -114.884554,39.249289,0
            -114.89797,39.247281,0
            -114.898568,39.247247,0
            -114.900207,39.247474,0
            -114.900924,39.247415,0
            -114.901332,39.247319,0
            -114.903332,39.246495,0
            -114.90422,39.24638,0
            -114.904904,39.246438,0
            -114.905296,39.246528,0
            -114.906114,39.246888,0
            -114.906816,39.247502,0
            -114.908209,39.249271,0
            -114.908934,39.249889,0
            -114.915042,39.253843,0
            -114.91653,39.254436,0
            -114.917445,39.254627,0
            -114.919207,39.254839,0
            -114.920324,39.255131,0
            -114.930599,39.258903,0
            -114.937135,39.261744,0
            -114.940655,39.262981,0
            -114.948415,39.264929,0
            -114.949712,39.265461,0
            -114.950337,39.265825,0
            -114.9588,39.272027,0
            -114.95986,39.273129,0
            -114.96297,39.277598,0
            -114.963313,39.278236,0
            -114.963687,39.279296,0
            -114.96396,39.284303,0
            -114.964152,39.28557,0
            -114.964744,39.287186,0
            -114.965491,39.288555,0
            -114.966989,39.290385,0
            -114.967629,39.290965,0
            -114.983332,39.302599,0
            -114.986887,39.304853,0
            -114.988182,39.305959,0
            -114.991813,39.30989,0
            -115.014203,39.32773,0
            -115.0368,39.348447,0
            -115.066541,39.380936,0
            -115.069454,39.383394,0
            -115.080722,39.391368,0
            -115.081734,39.392251,0
            -115.082265,39.392874,0
            -115.082864,39.393845,0
            -115.083242,39.394812,0
            -115.083411,39.395583,0
            -115.083458,39.396448,0
            -115.082554,39.402117,0
            -115.082007,39.403401,0
            -115.078364,39.408953,0
            -115.078091,39.409505,0
            -115.077873,39.410352,0
            -115.077867,39.41127,0
            -115.078034,39.411962,0
            -115.078444,39.412782,0
            -115.07884,39.413297,0
            -115.079684,39.414054,0
            -115.08042,39.414499,0
            -115.081609,39.41495,0
            -115.082905,39.415173,0
            -115.084315,39.415141,0
            -115.086549,39.414759,0
            -115.087391,39.414718,0
            -115.088287,39.414784,0
            -115.088915,39.414898,0
            -115.089741,39.415152,0
            -115.090501,39.415511,0
            -115.091459,39.41621,0
            -115.094573,39.420173,0
            -115.095457,39.420998,0
            -115.096047,39.421423,0
            -115.097048,39.421978,0
            -115.099727,39.423202,0
            -115.100379,39.423629,0
            -115.102148,39.425135,0
            -115.103414,39.42596,0
            -115.104479,39.426442,0
            -115.106565,39.427151,0
            -115.107261,39.427462,0
            -115.110169,39.429187,0
            -115.111761,39.429765,0
            -115.11292,39.430002,0
            -115.114072,39.430101,0
            -115.124219,39.42996,0
            -115.127075,39.430196,0
            -115.128673,39.430096,0
            -115.132229,39.429463,0
            -115.133495,39.429439,0
            -115.135435,39.429567,0
            -115.136718,39.429548,0
            -115.138407,39.429294,0
            -115.142244,39.427831,0
            -115.144257,39.427456,0
            -115.150234,39.427238,0
            -115.185077,39.429289,0
            -115.185829,39.42926,0
            -115.187543,39.428947,0
            -115.188674,39.428521,0
            -115.191385,39.427094,0
            -115.194997,39.424745,0
            -115.197232,39.423011,0
            -115.198359,39.422381,0
            -115.204255,39.420668,0
            -115.22184,39.414318,0
            -115.223374,39.413654,0
            -115.322154,39.361592,0
            -115.326939,39.360033,0
            -115.328229,39.359482,0
            -115.331929,39.357074,0
            -115.332779,39.356676,0
            -115.333602,39.356406,0
            -115.334765,39.356166,0
            -115.336996,39.355927,0
            -115.340218,39.355209,0
            -115.340876,39.355219,0
            -115.34217,39.355531,0
            -115.343008,39.355627,0
            -115.344761,39.355444,0
            -115.345265,39.355511,0
            -115.348011,39.356383,0
            -115.348596,39.356719,0
            -115.350311,39.358736,0
            -115.35084,39.359125,0
            -115.351276,39.359275,0
            -115.351824,39.359327,0
            -115.35246,39.359202,0
            -115.352939,39.358967,0
            -115.355087,39.356872,0
            -115.357318,39.355686,0
            -115.357745,39.355331,0
            -115.359038,39.353491,0
            -115.359674,39.353014,0
            -115.360143,39.35279,0
            -115.362275,39.352123,0
            -115.363922,39.351396,0
            -115.364401,39.3513,0
            -115.364917,39.351327,0
            -115.366957,39.351981,0
            -115.367275,39.35204,0
            -115.368057,39.352072,0
            -115.372833,39.351754,0
            -115.376542,39.351322,0
            -115.376764,39.351259,0
            -115.37738,39.350952,0
            -115.377769,39.350595,0
            -115.378362,39.349581,0
            -115.378533,39.349427,0
            -115.378956,39.349256,0
            -115.37939,39.349245,0
            -115.381364,39.349688,0
            -115.382605,39.349752,0
            -115.383327,39.349656,0
            -115.384457,39.349283,0
            -115.386382,39.348069,0
            -115.386805,39.347963,0
            -115.387288,39.347969,0
            -115.390613,39.348681,0
            -115.391577,39.349129,0
            -115.391988,39.349449,0
            -115.392413,39.349931,0
            -115.401466,39.364633,0
            -115.402051,39.36536,0
            -115.403188,39.366405,0
            -115.404067,39.367017,0
            -115.405664,39.36784,0
            -115.414205,39.370942,0
            -115.414996,39.371393,0
            -115.415565,39.371932,0
            -115.417638,39.37512,0
            -115.419575,39.377259,0
            -115.422385,39.379476,0
            -115.422694,39.379818,0
            -115.423421,39.380947,0
            -115.423748,39.381305,0
            -115.424231,39.381662,0
            -115.426712,39.382819,0
            -115.427778,39.383075,0
            -115.428541,39.383088,0
            -115.430778,39.382719,0
            -115.437029,39.382881,0
            -115.437859,39.383023,0
            -115.43835,39.383206,0
            -115.441003,39.384811,0
            -115.446462,39.386877,0
            -115.446792,39.387061,0
            -115.448786,39.388664,0
            -115.449541,39.389107,0
            -115.456672,39.392081,0
            -115.464222,39.396374,0
            -115.465851,39.396939,0
            -115.469834,39.397701,0
            -115.472397,39.398436,0
            -115.473175,39.3985,0
            -115.473583,39.398451,0
            -115.474278,39.398231,0
            -115.474562,39.398088,0
            -115.476708,39.396225,0
            -115.477282,39.395856,0
            -115.478065,39.395521,0
            -115.478622,39.395371,0
            -115.484256,39.394529,0
            -115.484699,39.394548,0
            -115.486466,39.395026,0
            -115.486912,39.394982,0
            -115.48725,39.394839,0
            -115.487541,39.394584,0
            -115.488453,39.392528,0
            -115.488608,39.392372,0
            -115.489623,39.391891,0
            -115.489899,39.391692,0
            -115.490072,39.391503,0
            -115.490508,39.3902,0
            -115.490739,39.389913,0
            -115.491041,39.389742,0
            -115.491456,39.389645,0
            -115.491839,39.389672,0
            -115.492146,39.389784,0
            -115.494019,39.391295,0
            -115.49457,39.391566,0
            -115.494891,39.391654,0
            -115.495484,39.39171,0
            -115.50198,39.391071,0
            -115.502734,39.391114,0
            -115.537222,39.395885,0
            -115.539917,39.396515,0
            -115.572965,39.408603,0
            -115.574619,39.409084,0
            -115.577147,39.409613,0
            -115.655998,39.420038,0
            -115.657362,39.420134,0
            -115.660613,39.420027,0
            -115.679986,39.416755,0
            -115.687995,39.415869,0
            -115.688772,39.415689,0
            -115.690209,39.415111,0
            -115.690976,39.414659,0
            -115.69162,39.414144,0
            -115.698451,39.407363,0
            -115.703937,39.401216,0
            -115.705028,39.400483,0
            -115.705839,39.400159,0
            -115.7068,39.399943,0
            -115.708846,39.399781,0
            -115.709408,39.399656,0
            -115.71005,39.399401,0
            -115.712545,39.398084,0
            -115.723251,39.393764,0
            -115.724331,39.393449,0
            -115.870065,39.36866,0
            -115.872456,39.368565,0
            -115.874772,39.368716,0
            -115.876692,39.369026,0
            -115.878429,39.369463,0
            -115.914629,39.381907,0
            -115.916178,39.382624,0
            -115.917585,39.383472,0
            -115.919409,39.385008,0
            -115.920616,39.38645,0
            -115.9212,39.387352,0
            -115.921684,39.388372,0
            -115.922196,39.390193,0
            -115.922382,39.395021,0
            -115.922248,39.396155,0
            -115.921909,39.39726,0
            -115.921506,39.398082,0
            -115.9209,39.398997,0
            -115.918274,39.40209,0
            -115.917902,39.402656,0
            -115.917421,39.403777,0
            -115.917284,39.404921,0
            -115.917383,39.405829,0
            -115.917584,39.406523,0
            -115.919941,39.410816,0
            -115.920504,39.412212,0
            -115.920886,39.414123,0
            -115.920708,39.425242,0
            -115.920227,39.430165,0
            -115.920388,39.43141,0
            -115.921047,39.433132,0
            -115.922154,39.434661,0
            -115.923251,39.435695,0
            -115.927353,39.438894,0
            -115.928919,39.440467,0
            -115.930639,39.442703,0
            -115.93187,39.444862,0
            -115.93454,39.45108,0
            -115.941614,39.46217,0
            -115.94465,39.465987,0
            -115.945282,39.467314,0
            -115.945451,39.468276,0
            -115.945521,39.472611,0
            -115.94534,39.473631,0
            -115.943567,39.477978,0
            -115.94347,39.47854,0
            -115.943498,39.479732,0
            -115.943612,39.480274,0
            -115.94393,39.481023,0
            -115.944497,39.481913,0
            -115.948159,39.486491,0
            -115.94926,39.489466,0
            -115.949645,39.490106,0
            -115.950662,39.491091,0
            -115.951072,39.491391,0
            -115.955377,39.493758,0
            -115.956058,39.494241,0
            -115.956783,39.494893,0
            -115.957507,39.495893,0
            -115.957843,39.496634,0
            -115.959807,39.505555,0
            -115.959866,39.507209,0
            -115.9609,39.512489,0
            -115.969215,39.532365,0
            -115.976238,39.542922,0
            -115.977517,39.544304,0
            -115.978661,39.545342,0
            -115.988067,39.552594,0
            -115.989656,39.553607,0
            -115.991149,39.554298,0
            -116.059002,39.573484,0
            -116.061089,39.573839,0
            -116.063031,39.57395,0
            -116.065704,39.573759,0
            -116.071846,39.572519,0
            -116.073941,39.572437,0
            -116.075651,39.572603,0
            -116.077655,39.573093,0
            -116.100074,39.582375,0
            -116.102597,39.583197,0
            -116.105243,39.583691,0
            -116.106563,39.583822,0
            -116.123663,39.583994,0
            -116.126418,39.583873,0
            -116.129429,39.583535,0
            -116.180332,39.573291,0
            -116.182198,39.572783,0
            -116.197384,39.567557,0
            -116.234129,39.552791,0
            -116.236937,39.551817,0
            -116.315633,39.531111,0
            -116.318291,39.530529,0
            -116.719122,39.459706,0
            -116.721144,39.459155,0
            -116.722357,39.458693,0
            -116.734311,39.452811,0
            -116.735543,39.45189,0
            -116.736343,39.450944,0
            -116.738389,39.447517,0
            -116.739045,39.446763,0
            -116.739819,39.446091,0
            -116.74047,39.445651,0
            -116.741671,39.445035,0
            -116.744338,39.444114,0
            -116.745339,39.443566,0
            -116.746523,39.442579,0
            -116.747358,39.441438,0
            -116.749015,39.437917,0
            -116.749369,39.436617,0
            -116.749237,39.433566,0
            -116.749497,39.431956,0
            -116.749992,39.430879,0
            -116.755885,39.421228,0
            -116.757285,39.419616,0
            -116.762542,39.415071,0
            -116.76344,39.414425,0
            -116.765759,39.413197,0
            -116.775247,39.409832,0
            -116.77635,39.40958,0
            -116.778245,39.409309,0
            -116.78307,39.40911,0
            -116.784559,39.408936,0
            -116.78644,39.408527,0
            -116.788287,39.40791,0
            -116.798289,39.403426,0
            -116.845626,39.388469,0
            -116.847493,39.388043,0
            -116.850467,39.387702,0
            -116.853053,39.387736,0
            -116.854582,39.387889,0
            -116.948111,39.406097,0
            -116.949038,39.406412,0
            -116.949989,39.406866,0
            -116.950865,39.407454,0
            -116.951523,39.408051,0
            -116.952215,39.408894,0
            -116.954538,39.413943,0
            -116.955136,39.41481,0
            -116.956349,39.415956,0
            -116.957469,39.416652,0
            -116.958169,39.416984,0
            -116.961305,39.417989,0
            -116.963974,39.419349,0
            -116.965435,39.420385,0
            -116.967349,39.422692,0
            -116.967995,39.42385,0
            -116.968215,39.424622,0
            -116.96858,39.428565,0
            -116.970422,39.432924,0
            -116.970971,39.433624,0
            -116.977013,39.438902,0
            -116.978362,39.439711,0
            -116.983879,39.442433,0
            -116.985715,39.444537,0
            -116.986356,39.445716,0
            -116.987414,39.448494,0
            -116.98771,39.448956,0
            -116.9899,39.451506,0
            -116.991257,39.452786,0
            -116.992294,39.454968,0
            -116.992554,39.455241,0
            -116.992942,39.455495,0
            -116.99779,39.457847,0
            -116.998184,39.458127,0
            -116.99843,39.45848,0
            -116.998533,39.458785,0
            -116.999041,39.463225,0
            -116.999176,39.463671,0
            -116.999664,39.464575,0
            -117.002238,39.467268,0
            -117.002543,39.467738,0
            -117.002714,39.468277,0
            -117.002702,39.46901,0
            -117.001962,39.473651,0
            -117.00204,39.474295,0
            -117.00217,39.47463,0
            -117.003646,39.476852,0
            -117.003913,39.477117,0
            -117.004169,39.477286,0
            -117.004589,39.477455,0
            -117.007683,39.477744,0
            -117.010479,39.478536,0
            -117.010963,39.478537,0
            -117.011916,39.478403,0
            -117.01241,39.478415,0
            -117.012887,39.478529,0
            -117.013388,39.478776,0
            -117.013744,39.479111,0
            -117.013972,39.479476,0
            -117.014343,39.480426,0
            -117.014677,39.48076,0
            -117.01506,39.480968,0
            -117.015624,39.481103,0
            -117.01597,39.4811,0
            -117.016269,39.480997,0
            -117.016434,39.480866,0
            -117.016534,39.480637,0
            -117.016588,39.480133,0
            -117.017967,39.478184,0
            -117.018221,39.478008,0
            -117.018641,39.477873,0
            -117.020218,39.477805,0
            -117.020545,39.477666,0
            -117.020738,39.477519,0
            -117.021229,39.476948,0
            -117.021394,39.476843,0
            -117.021547,39.476792,0
            -117.023516,39.476605,0
            -117.02407,39.476679,0
            -117.025234,39.477114,0
            -117.026823,39.477328,0
            -117.030816,39.478986,0
            -117.03302,39.479533,0
            -117.033859,39.479866,0
            -117.034348,39.48016,0
            -117.035783,39.48133,0
            -117.03615,39.481508,0
            -117.039056,39.482388,0
            -117.039403,39.482448,0
            -117.042123,39.482404,0
            -117.042324,39.482445,0
            -117.042524,39.48254,0
            -117.042781,39.482782,0
            -117.043178,39.483438,0
            -117.04345,39.483601,0
            -117.043955,39.48365,0
            -117.048242,39.483368,0
            -117.048605,39.483434,0
            -117.048797,39.48353,0
            -117.049527,39.484193,0
            -117.050383,39.484629,0
            -117.050838,39.485002,0
            -117.05102,39.485229,0
            -117.051136,39.485535,0
            -117.051151,39.486041,0
            -117.051064,39.486374,0
            -117.050825,39.486754,0
            -117.049865,39.487788,0
            -117.049706,39.488102,0
            -117.049689,39.488243,0
            -117.049746,39.488508,0
            -117.049836,39.48866,0
            -117.050146,39.488905,0
            -117.050381,39.488997,0
            -117.050862,39.489093,0
            -117.051539,39.48905,0
            -117.053524,39.48847,0
            -117.053986,39.488453,0
            -117.054354,39.488524,0
            -117.054749,39.48877,0
            -117.055294,39.489512,0
            -117.055442,39.489621,0
            -117.056543,39.490149,0
            -117.056717,39.490277,0
            -117.057009,39.490886,0
            -117.057251,39.491136,0
            -117.057442,39.491223,0
            -117.058585,39.491332,0
            -117.058911,39.49143,0
            -117.059294,39.491726,0
            -117.059395,39.491895,0
            -117.059436,39.492273,0
            -117.05929,39.492736,0
            -117.059322,39.492934,0
            -117.05947,39.493124,0
            -117.05963,39.493217,0
            -117.059805,39.493269,0
            -117.06002,39.493278,0
            -117.060282,39.493211,0
            -117.060467,39.493063,0
            -117.060973,39.491979,0
            -117.061026,39.491676,0
            -117.060887,39.491132,0
            -117.059898,39.489935,0
            -117.059189,39.48853,0
            -117.059158,39.488378,0
            -117.05918,39.488243,0
            -117.059249,39.48814,0
            -117.059395,39.488025,0
            -117.059611,39.487966,0
            -117.059906,39.488016,0
            -117.060169,39.488238,0
            -117.060548,39.488953,0
            -117.060767,39.489191,0
            -117.060854,39.489241,0
            -117.061245,39.489342,0
            -117.06301,39.48936,0
            -117.064998,39.489012,0
            -117.065717,39.489021,0
            -117.066194,39.489112,0
            -117.066896,39.489397,0
            -117.069109,39.490851,0
            -117.071275,39.492948,0
            -117.073923,39.494314,0
            -117.074147,39.49454,0
          </coordinates>
        </LineString>
      </Placemark>
      <Placemark>
        <name>Champs</name>
        <description><![CDATA[description: Gas station from 2019-05-27T17:02:27.000Z to 2019-05-27T17:12:36.000Z. Distance 0m<br>Email: syugen.zhou@gmail.com<br>Category: Gas station<br>Distance: 0]]></description>
        <styleUrl>#icon-1739-0288D1</styleUrl>
        <ExtendedData>
          <Data name="description">
            <value>Gas station from 2019-05-27T17:02:27.000Z to 2019-05-27T17:12:36.000Z. Distance 0m</value>
          </Data>
          <Data name="Email">
            <value>syugen.zhou@gmail.com</value>
          </Data>
          <Data name="Category">
            <value>Gas station</value>
          </Data>
          <Data name="Distance">
            <value>0</value>
          </Data>
        </ExtendedData>
        <Point>
          <coordinates>
            -117.074272,39.494561,0
          </coordinates>
        </Point>
      </Placemark>
      <Placemark>
        <name>Driving</name>
        <description><![CDATA[description: Driving from 2019-05-27T17:12:36.001Z to 2019-05-28T00:56:28.007Z. Distance 569300m<br>Email: syugen.zhou@gmail.com<br>Category: Driving<br>Distance: 569300]]></description>
        <styleUrl>#line-FFEA00-5000</styleUrl>
        <ExtendedData>
          <Data name="description">
            <value>Driving from 2019-05-27T17:12:36.001Z to 2019-05-28T00:56:28.007Z. Distance 569300m</value>
          </Data>
          <Data name="Email">
            <value>syugen.zhou@gmail.com</value>
          </Data>
          <Data name="Category">
            <value>Driving</value>
          </Data>
          <Data name="Distance">
            <value>569300</value>
          </Data>
        </ExtendedData>
        <LineString>
          <tessellate>1</tessellate>
          <coordinates>
            -117.073171,39.493948,0
            -117.074117,39.494492,0
            -117.074525,39.495368,0
            -117.077526,39.497218,0
            -117.078539,39.497574,0
            -117.079946,39.498729,0
            -117.080806,39.499848,0
            -117.081225,39.500143,0
            -117.088975,39.501515,0
            -117.110363,39.501923,0
            -117.328134,39.473658,0
            -117.331174,39.473755,0
            -117.334836,39.474437,0
            -117.337018,39.475179,0
            -117.33962,39.476463,0
            -117.404479,39.518938,0
            -117.408184,39.520537,0
            -117.479309,39.540526,0
            -117.482598,39.541879,0
            -117.485494,39.5438,0
            -117.494747,39.551987,0
            -117.498244,39.557005,0
            -117.504858,39.563279,0
            -117.514597,39.569458,0
            -117.518852,39.57065,0
            -117.519931,39.571205,0
            -117.522179,39.5734,0
            -117.523794,39.574467,0
            -117.535555,39.578963,0
            -117.540638,39.580388,0
            -117.545067,39.581128,0
            -117.548782,39.5814,0
            -117.554587,39.581225,0
            -117.603356,39.575389,0
            -117.607222,39.574407,0
            -117.719996,39.533911,0
            -117.795553,39.495037,0
            -117.800756,39.491329,0
            -117.804498,39.487421,0
            -117.831292,39.450554,0
            -117.832989,39.447508,0
            -117.845329,39.404624,0
            -117.846678,39.401396,0
            -117.855827,39.387087,0
            -117.857946,39.384461,0
            -117.952517,39.304615,0
            -117.955322,39.302739,0
            -117.969018,39.29703,0
            -117.97282,39.29582,0
            -117.977596,39.294847,0
            -118.030334,39.290123,0
            -118.068288,39.291166,0
            -118.135068,39.28653,0
            -118.153161,39.287068,0
            -118.232626,39.282594,0
            -118.284951,39.277976,0
            -118.31933,39.272272,0
            -118.321993,39.272327,0
            -118.334342,39.27489,0
            -118.34,39.275143,0
            -118.343901,39.274915,0
            -118.359508,39.271902,0
            -118.3618,39.271107,0
            -118.364594,39.26965,0
            -118.368513,39.266817,0
            -118.370594,39.265816,0
            -118.378211,39.264142,0
            -118.382027,39.264097,0
            -118.384549,39.264466,0
            -118.399743,39.268402,0
            -118.402764,39.269533,0
            -118.433905,39.2853,0
            -118.464837,39.29675,0
            -118.480982,39.29977,0
            -118.484126,39.301017,0
            -118.499219,39.313151,0
            -118.523318,39.336615,0
            -118.555052,39.361655,0
            -118.576136,39.372525,0
            -118.633383,39.390246,0
            -118.64368,39.395246,0
            -118.646561,39.397156,0
            -118.648655,39.399243,0
            -118.649646,39.40063,0
            -118.683736,39.470548,0
            -118.685158,39.472211,0
            -118.687834,39.474025,0
            -118.690164,39.47483,0
            -118.692039,39.475118,0
            -118.794186,39.474954,0
            -118.80354,39.477059,0
            -118.837677,39.485438,0
            -118.866455,39.485606,0
            -118.882009,39.488236,0
            -118.885481,39.489174,0
            -118.888561,39.490557,0
            -118.906058,39.501652,0
            -118.913759,39.50444,0
            -118.928974,39.508375,0
            -118.940395,39.513694,0
            -118.943257,39.512189,0
            -118.996128,39.5,0
            -119.000014,39.498704,0
            -119.076534,39.464441,0
            -119.078484,39.463268,0
            -119.081014,39.460869,0
            -119.085663,39.452368,0
            -119.093673,39.443069,0
            -119.09584,39.441371,0
            -119.097756,39.440365,0
            -119.101346,39.439248,0
            -119.153239,39.433624,0
            -119.156222,39.432814,0
            -119.163685,39.429765,0
            -119.174314,39.427743,0
            -119.201623,39.424364,0
            -119.205548,39.423326,0
            -119.224756,39.416357,0
            -119.225038,39.416406,0
            -119.225183,39.416175,0
            -119.26753,39.400905,0
            -119.268259,39.400415,0
            -119.268592,39.400369,0
            -119.268647,39.400316,0
            -119.268868,39.400371,0
            -119.472345,39.325605,0
            -119.472431,39.325492,0
            -119.481506,39.322676,0
            -119.5779,39.266076,0
            -119.580902,39.263245,0
            -119.585367,39.257115,0
            -119.586965,39.254151,0
            -119.587899,39.251332,0
            -119.589442,39.236358,0
            -119.589995,39.235069,0
            -119.591458,39.233035,0
            -119.597225,39.228275,0
            -119.604393,39.223943,0
            -119.606881,39.222932,0
            -119.608561,39.222525,0
            -119.618145,39.222324,0
            -119.63206,39.223622,0
            -119.635256,39.223318,0
            -119.638581,39.22256,0
            -119.638718,39.222458,0
            -119.642907,39.221361,0
            -119.643015,39.221388,0
            -119.660007,39.217031,0
            -119.678848,39.211021,0
            -119.6818,39.209556,0
            -119.683344,39.208431,0
            -119.685942,39.205579,0
            -119.687307,39.203106,0
            -119.68898,39.198333,0
            -119.690957,39.19571,0
            -119.693388,39.193534,0
            -119.695431,39.192282,0
            -119.732457,39.176827,0
            -119.736942,39.175663,0
            -119.737332,39.175651,0
            -119.746087,39.173312,0
            -119.746179,39.173343,0
            -119.75097,39.172017,0
            -119.750961,39.158707,0
            -119.751098,39.158229,0
            -119.751786,39.157357,0
            -119.751892,39.150107,0
            -119.746213,39.150061,0
            -119.745944,39.149925,0
            -119.745846,39.149773,0
            -119.746898,39.146007,0
            -119.746968,39.144697,0
            -119.746909,39.144644,0
            -119.747108,39.126778,0
            -119.748279,39.124672,0
            -119.749351,39.123643,0
            -119.751256,39.122519,0
            -119.753893,39.121791,0
            -119.766816,39.12146,0
            -119.772013,39.120849,0
            -119.774829,39.104105,0
            -119.775225,39.091246,0
            -119.77999,39.071747,0
            -119.779152,38.962011,0
            -119.778927,38.961037,0
            -119.779276,38.960222,0
            -119.779351,38.958744,0
            -119.77928,38.958652,0
            -119.779413,38.955858,0
            -119.779481,38.955799,0
            -119.779478,38.955702,0
            -119.779415,38.955651,0
            -119.779181,38.910525,0
            -119.77924,38.910497,0
            -119.779263,38.910387,0
            -119.779202,38.910346,0
            -119.779228,38.80928,0
            -119.780101,38.806868,0
            -119.781757,38.805053,0
            -119.782864,38.804319,0
            -119.795887,38.798288,0
            -119.820426,38.781925,0
            -119.821073,38.780951,0
            -119.821432,38.779957,0
            -119.821688,38.777607,0
            -119.822072,38.776866,0
            -119.82262,38.776326,0
            -119.825315,38.774608,0
            -119.82616,38.774268,0
            -119.828699,38.773821,0
            -119.829382,38.773533,0
            -119.832098,38.771468,0
            -119.834265,38.770487,0
            -119.840725,38.769365,0
            -119.84164,38.769055,0
            -119.85001,38.764685,0
            -119.851004,38.764344,0
            -119.854231,38.763762,0
            -119.855424,38.763716,0
            -119.863592,38.764742,0
            -119.869094,38.766661,0
            -119.870774,38.767735,0
            -119.873344,38.771006,0
            -119.876221,38.773464,0
            -119.877414,38.774857,0
            -119.878756,38.775609,0
            -119.881786,38.776145,0
            -119.884242,38.777467,0
            -119.884896,38.777635,0
            -119.885535,38.777601,0
            -119.887378,38.776805,0
            -119.888446,38.776764,0
            -119.889879,38.777246,0
            -119.892957,38.777326,0
            -119.89345,38.777218,0
            -119.89603,38.775874,0
            -119.896488,38.775791,0
            -119.899571,38.775928,0
            -119.905629,38.774505,0
            -119.907461,38.7745,0
            -119.91196,38.775305,0
            -119.91436,38.775438,0
            -119.921534,38.77675,0
            -119.924327,38.776492,0
            -119.929715,38.77472,0
            -119.932914,38.773005,0
            -119.935633,38.770799,0
            -119.940996,38.764029,0
            -119.941647,38.762741,0
            -119.942532,38.759435,0
            -119.942597,38.753525,0
            -119.941772,38.74984,0
            -119.942449,38.748016,0
            -119.952804,38.736667,0
            -119.953671,38.735291,0
            -119.954301,38.733213,0
            -119.954501,38.729909,0
            -119.953775,38.718464,0
            -119.954013,38.716861,0
            -119.95858,38.705327,0
            -119.963097,38.699261,0
            -119.963817,38.698903,0
            -119.964769,38.698786,0
            -119.965551,38.698952,0
            -119.966047,38.699216,0
            -119.966526,38.699736,0
            -119.966675,38.700092,0
            -119.966766,38.702997,0
            -119.967057,38.703623,0
            -119.967774,38.704387,0
            -119.968614,38.704842,0
            -119.970223,38.705136,0
            -119.974915,38.704453,0
            -119.979471,38.702834,0
            -119.983384,38.702672,0
            -119.98586,38.701754,0
            -119.986426,38.7013,0
            -119.986744,38.700614,0
            -119.986526,38.699671,0
            -119.985113,38.698034,0
            -119.985066,38.694894,0
            -119.985466,38.694252,0
            -119.986259,38.693794,0
            -119.986895,38.693663,0
            -119.987844,38.693765,0
            -119.988608,38.694223,0
            -119.989891,38.695964,0
            -119.990401,38.696242,0
            -119.990824,38.696337,0
            -119.991643,38.696233,0
            -119.993713,38.695161,0
            -119.997367,38.694089,0
            -119.99826,38.694097,0
            -119.998821,38.694311,0
            -120.000083,38.695634,0
            -120.00303,38.697139,0
            -120.003989,38.697308,0
            -120.004705,38.697232,0
            -120.006353,38.696584,0
            -120.00739,38.696443,0
            -120.008478,38.696632,0
            -120.01149,38.698301,0
            -120.013605,38.698607,0
            -120.015828,38.699483,0
            -120.018304,38.69953,0
            -120.020424,38.700295,0
            -120.021377,38.700467,0
            -120.02442,38.700003,0
            -120.026875,38.699298,0
            -120.027452,38.6993,0
            -120.032531,38.700443,0
            -120.034754,38.701557,0
            -120.036971,38.703344,0
            -120.038411,38.704138,0
            -120.039541,38.705429,0
            -120.040567,38.706146,0
            -120.043436,38.706592,0
            -120.045638,38.708118,0
            -120.047999,38.708752,0
            -120.048414,38.708713,0
            -120.048828,38.708475,0
            -120.050746,38.70516,0
            -120.05147,38.704425,0
            -120.054095,38.703564,0
            -120.055727,38.703509,0
            -120.058027,38.70374,0
            -120.06034,38.703384,0
            -120.064542,38.703633,0
            -120.066558,38.703376,0
            -120.068656,38.70369,0
            -120.069416,38.703533,0
            -120.070709,38.702803,0
            -120.072909,38.702616,0
            -120.073416,38.702447,0
            -120.074842,38.701512,0
            -120.079738,38.700058,0
            -120.080987,38.699947,0
            -120.082009,38.700072,0
            -120.087619,38.702722,0
            -120.090992,38.703479,0
            -120.097091,38.703223,0
            -120.099012,38.703727,0
            -120.10044,38.704472,0
            -120.101233,38.705157,0
            -120.104533,38.705837,0
            -120.107083,38.705896,0
            -120.110959,38.705287,0
            -120.111738,38.704833,0
            -120.113161,38.702677,0
            -120.115887,38.700991,0
            -120.116614,38.70027,0
            -120.117301,38.698624,0
            -120.117928,38.69791,0
            -120.121358,38.696036,0
            -120.122078,38.695282,0
            -120.122411,38.694595,0
            -120.122567,38.692334,0
            -120.123816,38.690684,0
            -120.12399,38.689824,0
            -120.12282,38.686651,0
            -120.121027,38.684871,0
            -120.120331,38.683297,0
            -120.119573,38.682513,0
            -120.116838,38.680817,0
            -120.116438,38.680201,0
            -120.116412,38.679776,0
            -120.119261,38.673604,0
            -120.121155,38.671565,0
            -120.121472,38.671008,0
            -120.122583,38.666798,0
            -120.123199,38.666307,0
            -120.126473,38.664764,0
            -120.131207,38.660851,0
            -120.132034,38.659849,0
            -120.133405,38.656628,0
            -120.134394,38.655361,0
            -120.134599,38.654719,0
            -120.134533,38.653963,0
            -120.133957,38.653019,0
            -120.132114,38.651716,0
            -120.131496,38.65082,0
            -120.131335,38.649979,0
            -120.1315,38.649114,0
            -120.134848,38.645053,0
            -120.138067,38.638941,0
            -120.138539,38.638409,0
            -120.139809,38.637675,0
            -120.141013,38.637396,0
            -120.142226,38.63744,0
            -120.145698,38.638184,0
            -120.146549,38.638181,0
            -120.147447,38.637939,0
            -120.157354,38.633043,0
            -120.159268,38.632602,0
            -120.166227,38.632773,0
            -120.169825,38.632012,0
            -120.170847,38.631954,0
            -120.174513,38.632318,0
            -120.176838,38.633268,0
            -120.178195,38.633483,0
            -120.179135,38.633428,0
            -120.186116,38.631155,0
            -120.191252,38.630786,0
            -120.19284,38.630113,0
            -120.194121,38.628889,0
            -120.195875,38.625697,0
            -120.19639,38.625354,0
            -120.197296,38.625121,0
            -120.199022,38.625185,0
            -120.199969,38.625036,0
            -120.201669,38.624402,0
            -120.20235,38.624381,0
            -120.203144,38.624608,0
            -120.20359,38.624917,0
            -120.204794,38.626961,0
            -120.205703,38.627632,0
            -120.206978,38.62805,0
            -120.212265,38.6283,0
            -120.213061,38.628112,0
            -120.213936,38.627605,0
            -120.214554,38.626795,0
            -120.214717,38.62611,0
            -120.21455,38.625229,0
            -120.213941,38.624,0
            -120.213945,38.623271,0
            -120.214376,38.622381,0
            -120.21489,38.621904,0
            -120.216006,38.621405,0
            -120.217428,38.621166,0
            -120.218229,38.620796,0
            -120.218777,38.620342,0
            -120.219163,38.619729,0
            -120.219451,38.618754,0
            -120.220806,38.617009,0
            -120.221015,38.616506,0
            -120.221686,38.611202,0
            -120.223183,38.608681,0
            -120.223241,38.607704,0
            -120.222293,38.603393,0
            -120.222854,38.598039,0
            -120.223432,38.597045,0
            -120.224453,38.596391,0
            -120.225036,38.596214,0
            -120.227437,38.59596,0
            -120.228577,38.595555,0
            -120.229154,38.595098,0
            -120.229623,38.594358,0
            -120.229726,38.593461,0
            -120.229486,38.591825,0
            -120.22967,38.590955,0
            -120.231273,38.588183,0
            -120.23199,38.587396,0
            -120.232666,38.586935,0
            -120.233958,38.586485,0
            -120.236026,38.586258,0
            -120.237918,38.585717,0
            -120.238729,38.585634,0
            -120.239649,38.585751,0
            -120.241014,38.586206,0
            -120.242281,38.586309,0
            -120.250692,38.584035,0
            -120.251372,38.583539,0
            -120.252464,38.582103,0
            -120.259284,38.578228,0
            -120.260332,38.577311,0
            -120.260734,38.576585,0
            -120.261076,38.575165,0
            -120.261531,38.574277,0
            -120.263995,38.571212,0
            -120.264141,38.570507,0
            -120.263911,38.569108,0
            -120.264259,38.567968,0
            -120.265515,38.566802,0
            -120.266158,38.565892,0
            -120.266354,38.565202,0
            -120.266185,38.563974,0
            -120.265364,38.562468,0
            -120.26551,38.561717,0
            -120.26584,38.561337,0
            -120.266261,38.56109,0
            -120.267006,38.560926,0
            -120.26915,38.561163,0
            -120.269909,38.561008,0
            -120.272461,38.559347,0
            -120.274186,38.558862,0
            -120.275152,38.55882,0
            -120.27886,38.559365,0
            -120.28038,38.559169,0
            -120.281864,38.558599,0
            -120.284694,38.556573,0
            -120.285396,38.556294,0
            -120.28661,38.5561,0
            -120.297338,38.556262,0
            -120.298003,38.555976,0
            -120.298504,38.555495,0
            -120.298705,38.555083,0
            -120.298845,38.553079,0
            -120.299652,38.551358,0
            -120.301127,38.549788,0
            -120.301805,38.54939,0
            -120.304953,38.5487,0
            -120.311963,38.545439,0
            -120.313992,38.545256,0
            -120.314801,38.544998,0
            -120.316705,38.543534,0
            -120.318285,38.543216,0
            -120.324238,38.544345,0
            -120.327662,38.544133,0
            -120.330813,38.544658,0
            -120.332918,38.544753,0
            -120.336524,38.545468,0
            -120.337449,38.545477,0
            -120.338469,38.54514,0
            -120.340122,38.543632,0
            -120.343291,38.542949,0
            -120.344345,38.541884,0
            -120.344902,38.541554,0
            -120.345797,38.541419,0
            -120.346545,38.54159,0
            -120.346941,38.541833,0
            -120.348262,38.543206,0
            -120.35041,38.54415,0
            -120.35199,38.545918,0
            -120.355799,38.547259,0
            -120.35708,38.547188,0
            -120.363003,38.544578,0
            -120.363869,38.544361,0
            -120.368833,38.544169,0
            -120.373023,38.545006,0
            -120.376694,38.544763,0
            -120.378138,38.544362,0
            -120.380333,38.543314,0
            -120.380946,38.542753,0
            -120.381796,38.540656,0
            -120.383351,38.538843,0
            -120.383744,38.53863,0
            -120.384501,38.538503,0
            -120.385225,38.538621,0
            -120.385565,38.538782,0
            -120.386852,38.540002,0
            -120.388659,38.54057,0
            -120.389155,38.540562,0
            -120.389742,38.540394,0
            -120.391244,38.539518,0
            -120.396059,38.539146,0
            -120.396817,38.538828,0
            -120.398586,38.537381,0
            -120.399718,38.537141,0
            -120.401956,38.537392,0
            -120.40265,38.537273,0
            -120.405,38.536153,0
            -120.409273,38.533131,0
            -120.41099,38.532535,0
            -120.412272,38.531597,0
            -120.414121,38.530983,0
            -120.417038,38.531157,0
            -120.41888,38.530733,0
            -120.424815,38.5303,0
            -120.425273,38.53009,0
            -120.426654,38.528948,0
            -120.42727,38.528788,0
            -120.429228,38.529055,0
            -120.430583,38.528628,0
            -120.432258,38.527215,0
            -120.432986,38.526854,0
            -120.433581,38.52672,0
            -120.435175,38.526763,0
            -120.437506,38.527766,0
            -120.43868,38.528717,0
            -120.439692,38.528878,0
            -120.441706,38.528364,0
            -120.442013,38.528178,0
            -120.442857,38.527237,0
            -120.444384,38.526069,0
            -120.44595,38.523769,0
            -120.447637,38.522177,0
            -120.448194,38.521956,0
            -120.449954,38.521981,0
            -120.456091,38.519199,0
            -120.456471,38.518902,0
            -120.457178,38.517655,0
            -120.457671,38.517309,0
            -120.46006,38.516787,0
            -120.461235,38.516164,0
            -120.463069,38.51454,0
            -120.464214,38.51408,0
            -120.464916,38.513964,0
            -120.466191,38.514056,0
            -120.470968,38.515643,0
            -120.472195,38.515602,0
            -120.478138,38.514066,0
            -120.481459,38.514529,0
            -120.483083,38.514225,0
            -120.490055,38.509675,0
            -120.490501,38.507214,0
            -120.491254,38.506412,0
            -120.500736,38.501893,0
            -120.50126,38.501489,0
            -120.502473,38.499706,0
            -120.503509,38.499184,0
            -120.506041,38.497317,0
            -120.507818,38.495113,0
            -120.51087,38.49242,0
            -120.513599,38.490862,0
            -120.517057,38.487543,0
            -120.518078,38.485791,0
            -120.518463,38.484242,0
            -120.51892,38.48336,0
            -120.525545,38.475385,0
            -120.526983,38.47211,0
            -120.526772,38.470741,0
            -120.527483,38.469679,0
            -120.527799,38.468458,0
            -120.527227,38.466828,0
            -120.527243,38.466308,0
            -120.528195,38.463787,0
            -120.527231,38.460191,0
            -120.527605,38.459739,0
            -120.528524,38.459374,0
            -120.530165,38.459504,0
            -120.530701,38.459304,0
            -120.531629,38.457891,0
            -120.53171,38.457516,0
            -120.531591,38.456823,0
            -120.530334,38.454399,0
            -120.52772,38.450998,0
            -120.52753,38.450382,0
            -120.527684,38.449487,0
            -120.529888,38.446578,0
            -120.531005,38.445513,0
            -120.533897,38.44383,0
            -120.536051,38.443244,0
            -120.538273,38.443213,0
            -120.540584,38.442714,0
            -120.541963,38.441725,0
            -120.542886,38.440129,0
            -120.543307,38.438611,0
            -120.544215,38.437647,0
            -120.54675,38.436288,0
            -120.548379,38.435881,0
            -120.554383,38.436012,0
            -120.557767,38.4357,0
            -120.559287,38.435249,0
            -120.562501,38.433295,0
            -120.57333,38.431473,0
            -120.574763,38.430809,0
            -120.5823,38.429261,0
            -120.585245,38.428173,0
            -120.588452,38.426285,0
            -120.591437,38.425526,0
            -120.59225,38.425017,0
            -120.593932,38.424754,0
            -120.595001,38.425093,0
            -120.596008,38.425208,0
            -120.596687,38.425003,0
            -120.597298,38.424316,0
            -120.598384,38.423852,0
            -120.600513,38.421266,0
            -120.600636,38.420576,0
            -120.600905,38.420302,0
            -120.601843,38.420206,0
            -120.60345,38.41972,0
            -120.604962,38.419728,0
            -120.605519,38.419526,0
            -120.606514,38.418412,0
            -120.609052,38.416967,0
            -120.609935,38.415777,0
            -120.610921,38.415061,0
            -120.613743,38.414069,0
            -120.614352,38.413691,0
            -120.616487,38.410873,0
            -120.619627,38.408979,0
            -120.623393,38.402742,0
            -120.624394,38.401903,0
            -120.6265,38.401015,0
            -120.632844,38.399278,0
            -120.633908,38.39939,0
            -120.634497,38.3997,0
            -120.63838,38.403174,0
            -120.639082,38.40346,0
            -120.64087,38.403618,0
            -120.641562,38.403864,0
            -120.642494,38.404831,0
            -120.64334,38.405335,0
            -120.646077,38.405625,0
            -120.646655,38.405853,0
            -120.648161,38.40686,0
            -120.649849,38.407487,0
            -120.650621,38.408235,0
            -120.651303,38.409951,0
            -120.653382,38.412114,0
            -120.654949,38.413082,0
            -120.657589,38.413104,0
            -120.66071,38.413686,0
            -120.664003,38.413679,0
            -120.666746,38.413033,0
            -120.66756,38.413017,0
            -120.671019,38.413852,0
            -120.672285,38.413866,0
            -120.675495,38.413451,0
            -120.684087,38.414397,0
            -120.685975,38.415082,0
            -120.692731,38.41593,0
            -120.695517,38.416675,0
            -120.696301,38.416565,0
            -120.699011,38.415598,0
            -120.70047,38.414304,0
            -120.701003,38.413259,0
            -120.701488,38.412777,0
            -120.707028,38.410498,0
            -120.708524,38.410251,0
            -120.709523,38.40981,0
            -120.713389,38.406056,0
            -120.71692,38.404779,0
            -120.716981,38.404502,0
            -120.718215,38.40435,0
            -120.724167,38.402528,0
            -120.727872,38.401816,0
            -120.74078,38.397997,0
            -120.74189,38.39807,0
            -120.742577,38.398278,0
            -120.74577,38.400061,0
            -120.750607,38.401325,0
            -120.751764,38.401204,0
            -120.752526,38.400878,0
            -120.754885,38.398656,0
            -120.760515,38.395111,0
            -120.763945,38.39345,0
            -120.76682,38.392575,0
            -120.768219,38.391878,0
            -120.772341,38.388968,0
            -120.777421,38.387018,0
            -120.780026,38.386721,0
            -120.784112,38.385763,0
            -120.785618,38.385112,0
            -120.789546,38.382739,0
            -120.801143,38.379214,0
            -120.810797,38.372607,0
            -120.813763,38.369891,0
            -120.816352,38.36817,0
            -120.819186,38.364495,0
            -120.821156,38.36003,0
            -120.821746,38.359577,0
            -120.823211,38.359061,0
            -120.83505,38.352741,0
            -120.845294,38.350044,0
            -120.851697,38.347462,0
            -120.861943,38.344342,0
            -120.867392,38.343884,0
            -120.871325,38.342824,0
            -120.873297,38.342564,0
            -120.876145,38.34281,0
            -120.880516,38.343955,0
            -120.88233,38.343954,0
            -120.883508,38.343671,0
            -120.89255,38.339697,0
            -120.896923,38.337054,0
            -120.897777,38.336026,0
            -120.898404,38.333814,0
            -120.899017,38.333002,0
            -120.899573,38.332588,0
            -120.908149,38.329772,0
            -120.922922,38.323429,0
            -120.935373,38.321117,0
            -120.937524,38.320133,0
            -120.946832,38.313071,0
            -120.947961,38.312654,0
            -120.956904,38.311639,0
            -120.959629,38.310993,0
            -120.962485,38.309891,0
            -120.976813,38.307484,0
            -120.978411,38.306803,0
            -120.997802,38.293076,0
            -121.025202,38.26555,0
            -121.035641,38.257903,0
            -121.038442,38.255114,0
            -121.049269,38.238317,0
            -121.051,38.236228,0
            -121.051257,38.236174,0
            -121.051356,38.236004,0
            -121.051272,38.235839,0
            -121.055407,38.230582,0
            -121.061771,38.224994,0
            -121.067835,38.214965,0
            -121.068471,38.213364,0
            -121.068167,38.197843,0
            -121.073455,38.195339,0
            -121.089241,38.190428,0
            -121.097457,38.18598,0
            -121.134246,38.170396,0
            -121.142588,38.168157,0
            -121.144238,38.167427,0
            -121.152255,38.161749,0
            -121.164525,38.133677,0
            -121.170517,38.123678,0
            -121.176114,38.109646,0
            -121.188985,38.066542,0
            -121.188561,38.05365,0
            -121.187547,38.050423,0
            -121.187149,38.035143,0
            -121.187542,38.034334,0
            -121.222313,38.00271,0
            -121.250717,37.984234,0
            -121.251157,37.984172,0
            -121.251488,37.984353,0
            -121.251525,37.984541,0
            -121.251052,37.985092,0
            -121.25072,37.985109,0
            -121.250498,37.985004,0
            -121.250208,37.984645,0
            -121.249825,37.979503,0
            -121.24497,37.967709,0
            -121.243709,37.965508,0
            -121.243746,37.965387,0
            -121.243111,37.963425,0
            -121.243137,37.962866,0
            -121.243375,37.962389,0
            -121.243782,37.962001,0
            -121.244509,37.961674,0
            -121.248746,37.960994,0
            -121.262585,37.95734,0
            -121.267054,37.954623,0
            -121.268529,37.954017,0
            -121.299442,37.949009,0
            -121.300119,37.948533,0
            -121.30054,37.947738,0
            -121.30056,37.947259,0
            -121.298951,37.943485,0
            -121.298796,37.943386,0
            -121.297223,37.934044,0
            -121.279412,37.884288,0
            -121.277868,37.873515,0
            -121.278148,37.870222,0
            -121.287291,37.834334,0
            -121.30061,37.797923,0
            -121.301048,37.791551,0
            -121.301902,37.789277,0
            -121.302747,37.788105,0
            -121.304566,37.786511,0
            -121.310718,37.782673,0
            -121.328432,37.76981,0
            -121.328631,37.769791,0
            -121.33211,37.767825,0
            -121.33501,37.767026,0
            -121.354193,37.765139,0
            -121.410973,37.764899,0
            -121.42242,37.763254,0
            -121.438276,37.76305,0
            -121.441983,37.76258,0
            -121.444504,37.761866,0
            -121.495455,37.741279,0
            -121.498127,37.740808,0
            -121.501215,37.740658,0
            -121.550738,37.743662,0
            -121.579342,37.74154,0
            -121.599084,37.7385,0
            -121.610062,37.737716,0
            -121.628216,37.734588,0
            -121.630965,37.733564,0
            -121.63286,37.732146,0
            -121.634826,37.729558,0
            -121.636119,37.72831,0
            -121.638175,37.7271,0
            -121.640203,37.726446,0
            -121.645098,37.725851,0
            -121.647068,37.725274,0
            -121.660261,37.719516,0
            -121.664762,37.718243,0
            -121.666691,37.71804,0
            -121.669219,37.718349,0
            -121.671238,37.719098,0
            -121.673791,37.720723,0
            -121.675344,37.721325,0
            -121.68028,37.721946,0
            -121.68252,37.721824,0
            -121.704253,37.717367,0
            -121.73668,37.703739,0
            -121.73985,37.7028,0
            -121.742403,37.702493,0
            -121.760896,37.703004,0
            -121.775368,37.700744,0
            -121.787043,37.699679,0
            -121.789294,37.699815,0
            -121.794015,37.70081,0
            -121.79516,37.700887,0
            -121.795407,37.701013,0
            -121.798605,37.701348,0
            -121.800249,37.702437,0
            -121.803895,37.699303,0
            -121.804827,37.698177,0
            -121.805537,37.696208,0
            -121.805644,37.65158,0
            -121.805396,37.650214,0
            -121.804347,37.647804,0
            -121.80337,37.646498,0
            -121.800795,37.644125,0
            -121.799602,37.642577,0
            -121.798912,37.641018,0
            -121.798642,37.638313,0
            -121.799194,37.637057,0
            -121.801534,37.635108,0
            -121.801962,37.634371,0
            -121.802096,37.633687,0
            -121.801841,37.630492,0
            -121.802037,37.629539,0
            -121.80275,37.628285,0
            -121.807875,37.624382,0
            -121.808858,37.622849,0
            -121.809681,37.620389,0
            -121.810364,37.619233,0
            -121.814591,37.615661,0
            -121.822058,37.610895,0
            -121.822105,37.611083,0
            -121.819306,37.61295,0
            -121.818491,37.614158,0
            -121.817603,37.614652,0
            -121.816631,37.614809,0
            -121.81585,37.615633,0
            -121.81526,37.615941,0
            -121.814512,37.616069,0
            -121.810132,37.61987,0
            -121.808834,37.624172,0
            -121.808365,37.624651,0
            -121.80791,37.625564,0
            -121.803456,37.628241,0
            -121.802611,37.629137,0
            -121.803456,37.628241,0
            -121.80791,37.625564,0
            -121.808365,37.624651,0
            -121.808834,37.624172,0
            -121.810132,37.61987,0
            -121.814512,37.616069,0
            -121.81526,37.615941,0
            -121.81585,37.615633,0
            -121.816631,37.614809,0
            -121.817603,37.614652,0
            -121.818491,37.614158,0
            -121.819306,37.61295,0
            -121.822105,37.611083,0
            -121.822058,37.610895,0
            -121.825733,37.609607,0
            -121.829107,37.607603,0
            -121.84676,37.602418,0
            -121.847593,37.601976,0
            -121.849621,37.600021,0
            -121.852576,37.598218,0
            -121.854011,37.597769,0
            -121.85958,37.597156,0
            -121.868675,37.594843,0
            -121.869387,37.594443,0
            -121.870101,37.593774,0
            -121.870703,37.592478,0
            -121.870694,37.589861,0
            -121.871214,37.588579,0
            -121.87117,37.588431,0
            -121.875489,37.580272,0
            -121.878932,37.577122,0
            -121.880314,37.576302,0
            -121.884983,37.574718,0
            -121.902286,37.564939,0
            -121.905339,37.562304,0
            -121.906703,37.561448,0
            -121.911323,37.559912,0
            -121.913257,37.558703,0
            -121.916201,37.55524,0
            -121.919775,37.548626,0
            -121.920304,37.545282,0
            -121.921472,37.543513,0
            -121.926547,37.539123,0
            -121.941473,37.531273,0
            -121.945596,37.5284,0
            -121.946254,37.527615,0
            -121.946946,37.525752,0
            -121.946855,37.52442,0
            -121.946428,37.523356,0
            -121.94154,37.517467,0
            -121.935198,37.506499,0
            -121.933444,37.50444,0
            -121.92047,37.492856,0
            -121.914707,37.484793,0
            -121.913905,37.483212,0
            -121.91034,37.47239,0
            -121.906681,37.466715,0
            -121.906712,37.466439,0
            -121.906808,37.466322,0
            -121.908747,37.465308,0
            -121.914887,37.463317,0
            -121.915698,37.463221,0
            -121.921909,37.461234,0
            -121.920398,37.458438,0
            -121.917763,37.456735,0
            -121.917016,37.455766,0
            -121.917044,37.455688,0
            -121.916298,37.454654,0
            -121.915712,37.4543,0
            -121.915558,37.454499,0
            -121.915608,37.454625,0
            -121.916164,37.455036,0
            -121.91613,37.455053,0
            -121.916166,37.455166,0
          </coordinates>
        </LineString>
      </Placemark>
      <Placemark>
        <name>Ox 9 Lanzhou Hand Pulled Noodles</name>
        <description><![CDATA[description: Chinese from 2019-05-28T00:56:28.007Z to 2019-05-28T01:26:12.000Z. Distance 0m<br>Email: syugen.zhou@gmail.com<br>Category: Chinese<br>Distance: 0]]></description>
        <styleUrl>#icon-1739-0288D1</styleUrl>
        <ExtendedData>
          <Data name="description">
            <value>Chinese from 2019-05-28T00:56:28.007Z to 2019-05-28T01:26:12.000Z. Distance 0m</value>
          </Data>
          <Data name="Email">
            <value>syugen.zhou@gmail.com</value>
          </Data>
          <Data name="Category">
            <value>Chinese</value>
          </Data>
          <Data name="Distance">
            <value>0</value>
          </Data>
        </ExtendedData>
        <Point>
          <coordinates>
            -121.915999,37.455219,0
          </coordinates>
        </Point>
      </Placemark>
      <Placemark>
        <name>Driving</name>
        <description><![CDATA[description: Driving from 2019-05-28T01:26:12.000Z to 2019-05-28T02:04:52.167Z. Distance 25389m<br>Email: syugen.zhou@gmail.com<br>Category: Driving<br>Distance: 25389]]></description>
        <styleUrl>#line-FFEA00-5000</styleUrl>
        <ExtendedData>
          <Data name="description">
            <value>Driving from 2019-05-28T01:26:12.000Z to 2019-05-28T02:04:52.167Z. Distance 25389m</value>
          </Data>
          <Data name="Email">
            <value>syugen.zhou@gmail.com</value>
          </Data>
          <Data name="Category">
            <value>Driving</value>
          </Data>
          <Data name="Distance">
            <value>25389</value>
          </Data>
        </ExtendedData>
        <LineString>
          <tessellate>1</tessellate>
          <coordinates>
            -121.916166,37.455166,0
            -121.916123,37.45508,0
            -121.91613,37.455053,0
            -121.916164,37.455036,0
            -121.916022,37.454876,0
            -121.915608,37.454625,0
            -121.915572,37.454578,0
            -121.915558,37.454499,0
            -121.915619,37.454388,0
            -121.916402,37.454913,0
            -121.916611,37.455179,0
            -121.916906,37.455736,0
            -121.919113,37.454996,0
            -121.921341,37.45451,0
            -121.922342,37.454362,0
            -121.923371,37.454358,0
            -121.924146,37.454472,0
            -121.924362,37.454633,0
            -121.924433,37.454716,0
            -121.924477,37.45492,0
            -121.924414,37.455076,0
            -121.924265,37.455203,0
            -121.924076,37.455261,0
            -121.923862,37.455248,0
            -121.923705,37.455183,0
            -121.923598,37.45509,0
            -121.92323,37.454109,0
            -121.922956,37.452878,0
            -121.922804,37.452724,0
            -121.921309,37.445171,0
            -121.921253,37.445075,0
            -121.919508,37.435905,0
            -121.919145,37.432838,0
            -121.919241,37.432528,0
            -121.919137,37.430899,0
            -121.91899,37.43007,0
            -121.918346,37.42772,0
            -121.91829,37.427245,0
            -121.918309,37.426904,0
            -121.918443,37.426335,0
            -121.918792,37.42566,0
            -121.9192,37.425188,0
            -121.919654,37.424821,0
            -121.920459,37.424393,0
            -121.924551,37.423149,0
            -121.92589,37.422862,0
            -121.930217,37.422432,0
            -121.932636,37.422039,0
            -121.943502,37.41955,0
            -121.944146,37.419468,0
            -121.957494,37.419442,0
            -121.969003,37.418969,0
            -121.970242,37.418776,0
            -121.971339,37.418454,0
            -121.986018,37.412343,0
            -121.989362,37.41137,0
            -121.993187,37.410526,0
            -121.993274,37.410558,0
            -121.994751,37.410338,0
            -121.999498,37.409297,0
            -121.999782,37.409281,0
            -121.999966,37.409322,0
            -122.000149,37.40945,0
            -122.000228,37.409613,0
            -122.00022,37.40977,0
            -122.000126,37.409921,0
            -122.00002,37.41,0
            -121.999864,37.410057,0
            -121.999634,37.41006,0
            -121.999458,37.409999,0
            -121.999324,37.409899,0
            -121.999037,37.409592,0
            -121.996542,37.405522,0
            -121.996177,37.404672,0
            -121.995978,37.403523,0
            -122.004796,37.403348,0
            -122.005251,37.403252,0
            -122.006764,37.40255,0
            -122.007143,37.402469,0
            -122.007405,37.402452,0
            -122.007636,37.402478,0
            -122.008068,37.40259,0
            -122.007679,37.403659,0
            -122.007684,37.403731,0
            -122.007742,37.40378,0
            -122.009562,37.404128,0
            -122.009705,37.404104,0
            -122.009862,37.404211,0
            -122.009781,37.404501,0
            -122.010053,37.404544,0
            -122.010567,37.402885,0
            -122.010561,37.402812,0
            -122.011915,37.39864,0
            -122.011586,37.398557,0
            -122.011513,37.398495,0
            -122.011444,37.398296,0
            -122.011902,37.396739,0
            -122.011444,37.398296,0
            -122.011513,37.398495,0
            -122.011586,37.398557,0
            -122.011915,37.39864,0
            -122.01214,37.397989,0
            -122.012489,37.39763,0
            -122.012788,37.396729,0
            -122.012919,37.396498,0
            -122.013066,37.396351,0
            -122.013346,37.396192,0
            -122.013615,37.396127,0
            -122.013862,37.396135,0
            -122.014452,37.396231,0
            -122.014756,37.396213,0
            -122.05075,37.404078,0
            -122.055177,37.40526,0
            -122.067437,37.407974,0
            -122.068482,37.408275,0
            -122.080936,37.413221,0
            -122.081983,37.413733,0
            -122.083185,37.414436,0
            -122.096782,37.424243,0
            -122.09841,37.425579,0
            -122.11714,37.443429,0
            -122.117122,37.443494,0
            -122.11715,37.443569,0
            -122.118025,37.444542,0
            -122.118856,37.445308,0
            -122.119115,37.445644,0
            -122.119179,37.445807,0
            -122.119194,37.445966,0
            -122.118986,37.446841,0
            -122.118995,37.446968,0
            -122.119065,37.447139,0
            -122.119201,37.447297,0
            -122.119376,37.44741,0
            -122.119593,37.44748,0
            -122.119871,37.447495,0
            -122.120063,37.447456,0
            -122.12306,37.445789,0
            -122.124045,37.444857,0
            -122.123727,37.444682,0
            -122.123625,37.444685,0
            -122.123542,37.444726,0
            -122.123215,37.445212,0
            -122.122788,37.445597,0
            -122.122398,37.445818,0
            -122.121695,37.446108,0
            -122.121393,37.446174,0
            -122.121107,37.446162,0
            -122.120875,37.446103,0
            -122.120699,37.446016,0
            -122.119755,37.445228,0
            -122.120053,37.445064,0
            -122.12036,37.444758,0
          </coordinates>
        </LineString>
      </Placemark>
      <Placemark>
        <name>1091 Tanland Dr</name>
        <description><![CDATA[description: Building from 2019-05-28T02:04:52.167Z to 2019-05-28T17:30:44.987Z. Distance 0m<br>Email: syugen.zhou@gmail.com<br>Category: Building<br>Distance: 0]]></description>
        <styleUrl>#icon-1603-0288D1</styleUrl>
        <ExtendedData>
          <Data name="description">
            <value>Building from 2019-05-28T02:04:52.167Z to 2019-05-28T17:30:44.987Z. Distance 0m</value>
          </Data>
          <Data name="Email">
            <value>syugen.zhou@gmail.com</value>
          </Data>
          <Data name="Category">
            <value>Building</value>
          </Data>
          <Data name="Distance">
            <value>0</value>
          </Data>
        </ExtendedData>
        <Point>
          <coordinates>
            -122.120577,37.444503,0
          </coordinates>
        </Point>
      </Placemark>
    </Folder>
    <Folder>
      <name>2019-05-26</name>
      <Placemark>
        <name><![CDATA[La Quinta Inn & Suites by Wyndham Ely]]></name>
        <description><![CDATA[description: Hotel from 2019-05-26T02:58:01.438Z to 2019-05-26T15:11:24.000Z. Distance 0m<br>Email: syugen.zhou@gmail.com<br>Category: Hotel<br>Distance: 0]]></description>
        <styleUrl>#icon-1602-0288D1</styleUrl>
        <ExtendedData>
          <Data name="description">
            <value>Hotel from 2019-05-26T02:58:01.438Z to 2019-05-26T15:11:24.000Z. Distance 0m</value>
          </Data>
          <Data name="Email">
            <value>syugen.zhou@gmail.com</value>
          </Data>
          <Data name="Category">
            <value>Hotel</value>
          </Data>
          <Data name="Distance">
            <value>0</value>
          </Data>
        </ExtendedData>
        <Point>
          <coordinates>
            -114.871816,39.245907,0
          </coordinates>
        </Point>
      </Placemark>
      <Placemark>
        <name>Driving</name>
        <description><![CDATA[description: Driving from 2019-05-26T15:11:24.000Z to 2019-05-26T16:17:24.000Z. Distance 94112m<br>Email: syugen.zhou@gmail.com<br>Category: Driving<br>Distance: 94112]]></description>
        <styleUrl>#line-F9A825-5000</styleUrl>
        <ExtendedData>
          <Data name="description">
            <value>Driving from 2019-05-26T15:11:24.000Z to 2019-05-26T16:17:24.000Z. Distance 94112m</value>
          </Data>
          <Data name="Email">
            <value>syugen.zhou@gmail.com</value>
          </Data>
          <Data name="Category">
            <value>Driving</value>
          </Data>
          <Data name="Distance">
            <value>94112</value>
          </Data>
        </ExtendedData>
        <LineString>
          <tessellate>1</tessellate>
          <coordinates>
            -114.870375,39.246043,0
            -114.855266,39.217347,0
            -114.854381,39.215955,0
            -114.820776,39.171286,0
            -114.81951,39.169939,0
            -114.818072,39.168758,0
            -114.816862,39.167934,0
            -114.805761,39.161884,0
            -114.804399,39.160996,0
            -114.802841,39.159718,0
            -114.801496,39.158286,0
            -114.722889,39.047692,0
            -114.721401,39.045817,0
            -114.719828,39.044142,0
            -114.716927,39.04163,0
            -114.714306,39.03981,0
            -114.705505,39.034639,0
            -114.704166,39.034064,0
            -114.698017,39.032492,0
            -114.697059,39.03216,0
            -114.695927,39.031635,0
            -114.69499,39.031081,0
            -114.693787,39.030125,0
            -114.693282,39.029618,0
            -114.692625,39.028814,0
            -114.68932,39.023225,0
            -114.68884,39.022582,0
            -114.688374,39.022118,0
            -114.68768,39.021625,0
            -114.687247,39.021397,0
            -114.686388,39.021068,0
            -114.685551,39.02088,0
            -114.684482,39.020797,0
            -114.683244,39.020911,0
            -114.67407,39.023527,0
            -114.673113,39.023933,0
            -114.669589,39.025994,0
            -114.669123,39.026379,0
            -114.66876,39.026757,0
            -114.668225,39.027526,0
            -114.667614,39.029052,0
            -114.667289,39.029528,0
            -114.666978,39.029851,0
            -114.6663,39.030337,0
            -114.66574,39.0306,0
            -114.6633,39.031288,0
            -114.662503,39.031639,0
            -114.660328,39.032978,0
            -114.659817,39.033158,0
            -114.659217,39.033236,0
            -114.657915,39.033184,0
            -114.657352,39.033233,0
            -114.656931,39.033341,0
            -114.656417,39.033569,0
            -114.656086,39.033799,0
            -114.65329,39.0365,0
            -114.652838,39.036843,0
            -114.65211,39.037286,0
            -114.651212,39.037693,0
            -114.650555,39.037915,0
            -114.646998,39.038855,0
            -114.645638,39.039037,0
            -114.643775,39.039077,0
            -114.642719,39.039258,0
            -114.642082,39.039467,0
            -114.641518,39.039724,0
            -114.639785,39.04092,0
            -114.63915,39.041151,0
            -114.637847,39.041348,0
            -114.637413,39.041455,0
            -114.637049,39.041602,0
            -114.635796,39.042422,0
            -114.635113,39.042756,0
            -114.634394,39.042996,0
            -114.633419,39.043176,0
            -114.632606,39.043208,0
            -114.631652,39.043104,0
            -114.629904,39.042649,0
            -114.629165,39.042596,0
            -114.628539,39.042681,0
            -114.627866,39.042905,0
            -114.627401,39.043177,0
            -114.624838,39.045302,0
            -114.624277,39.045523,0
            -114.623908,39.045604,0
            -114.622238,39.045665,0
            -114.621858,39.045716,0
            -114.621446,39.045832,0
            -114.620842,39.046116,0
            -114.619884,39.046859,0
            -114.619557,39.047038,0
            -114.619265,39.047143,0
            -114.618396,39.047288,0
            -114.616935,39.047181,0
            -114.616525,39.047208,0
            -114.614923,39.047483,0
            -114.614271,39.047433,0
            -114.613669,39.047267,0
            -114.613359,39.047116,0
            -114.612978,39.046843,0
            -114.612744,39.04659,0
            -114.612594,39.046359,0
            -114.612387,39.045673,0
            -114.612381,39.045142,0
            -114.612624,39.043389,0
            -114.612562,39.04277,0
            -114.61223,39.041933,0
            -114.61188,39.041461,0
            -114.608883,39.038446,0
            -114.607035,39.036083,0
            -114.606269,39.035348,0
            -114.605492,39.034832,0
            -114.605052,39.034616,0
            -114.601458,39.033323,0
            -114.600886,39.03305,0
            -114.600198,39.03255,0
            -114.599817,39.032114,0
            -114.599456,39.031409,0
            -114.599358,39.030925,0
            -114.599354,39.030629,0
            -114.599568,39.029121,0
            -114.599507,39.028719,0
            -114.599343,39.028306,0
            -114.59911,39.027944,0
            -114.598705,39.027524,0
            -114.598156,39.027147,0
            -114.597592,39.026915,0
            -114.597112,39.026785,0
            -114.595272,39.026654,0
            -114.592575,39.026182,0
            -114.58965,39.025927,0
            -114.588759,39.025777,0
            -114.585887,39.025078,0
            -114.585192,39.024978,0
            -114.583898,39.024902,0
            -114.582438,39.024985,0
            -114.581052,39.025302,0
            -114.45497,39.068193,0
            -114.454165,39.068531,0
            -114.45239,39.069458,0
            -114.45115,39.070264,0
            -114.449608,39.071506,0
            -114.448835,39.072274,0
            -114.447884,39.0734,0
            -114.446676,39.075318,0
            -114.420845,39.128909,0
            -114.412244,39.155036,0
            -114.411546,39.156511,0
            -114.410918,39.157518,0
            -114.398754,39.172089,0
            -114.397747,39.173098,0
            -114.39642,39.174095,0
            -114.395073,39.174849,0
            -114.39347,39.175514,0
            -114.3924,39.175824,0
            -114.390562,39.176181,0
            -114.389212,39.176295,0
            -114.386966,39.176234,0
            -114.385433,39.175997,0
            -114.374305,39.173419,0
            -114.372733,39.172917,0
            -114.37162,39.172422,0
            -114.37096,39.172054,0
            -114.369908,39.171322,0
            -114.365841,39.167429,0
            -114.36371,39.165824,0
            -114.357881,39.162695,0
            -114.356999,39.1621,0
            -114.354993,39.160217,0
            -114.354136,39.159573,0
            -114.350299,39.157353,0
            -114.349361,39.156572,0
            -114.348866,39.155991,0
            -114.345048,39.150262,0
            -114.344574,39.149659,0
            -114.343913,39.149056,0
            -114.343231,39.148585,0
            -114.340647,39.147313,0
            -114.340087,39.146981,0
            -114.338902,39.146045,0
            -114.336086,39.142577,0
            -114.334566,39.141076,0
            -114.332123,39.139201,0
            -114.328835,39.13703,0
            -114.327359,39.135551,0
            -114.326612,39.134983,0
            -114.323872,39.133547,0
            -114.322751,39.132743,0
            -114.320153,39.129992,0
            -114.31626,39.126664,0
            -114.311985,39.123767,0
            -114.311448,39.123465,0
            -114.31067,39.123138,0
            -114.309606,39.122831,0
            -114.304868,39.122019,0
            -114.303,39.121802,0
            -114.292186,39.121547,0
            -114.290938,39.121357,0
            -114.290082,39.121114,0
            -114.288862,39.120573,0
            -114.284407,39.117594,0
            -114.283598,39.117163,0
            -114.282782,39.116827,0
            -114.281633,39.116477,0
            -114.280537,39.116271,0
            -114.2782,39.116015,0
            -114.277481,39.115844,0
            -114.276721,39.115583,0
            -114.262293,39.107991,0
            -114.261553,39.107508,0
            -114.261242,39.10725,0
            -114.259247,39.105163,0
            -114.258243,39.104391,0
            -114.252217,39.100987,0
            -114.251304,39.100655,0
            -114.242205,39.098256,0
            -114.240747,39.09771,0
            -114.239373,39.096954,0
            -114.230643,39.091121,0
            -114.229171,39.090253,0
            -114.227434,39.089448,0
            -114.225278,39.088707,0
            -114.223645,39.088314,0
            -114.203526,39.08511,0
            -114.202067,39.084783,0
            -114.200015,39.084142,0
            -114.19823,39.083378,0
            -114.172387,39.070016,0
            -114.173197,39.068961,0
            -114.173311,39.068637,0
            -114.173333,39.068417,0
            -114.173283,39.068138,0
            -114.124115,39.01419,0
            -114.123698,39.013592,0
            -114.123384,39.012937,0
            -114.12316,39.01207,0
            -114.128333,39.012012,0
            -114.129922,39.012111,0
            -114.143876,39.014089,0
            -114.144604,39.014241,0
            -114.145965,39.014362,0
            -114.166935,39.017395,0
            -114.18525,39.019286,0
            -114.186315,39.019289,0
            -114.187411,39.019195,0
            -114.188528,39.018993,0
            -114.190252,39.018472,0
            -114.191357,39.017915,0
            -114.192504,39.017167,0
            -114.197093,39.0134,0
            -114.198543,39.012431,0
            -114.199524,39.011933,0
            -114.200548,39.011511,0
            -114.202578,39.010927,0
            -114.207595,39.010287,0
            -114.209456,39.009885,0
            -114.210507,39.009557,0
            -114.214652,39.007856,0
            -114.2153,39.007466,0
            -114.216465,39.00647,0
            -114.216918,39.0062,0
            -114.217246,39.006059,0
            -114.218125,39.005838,0
            -114.218807,39.005773,0
          </coordinates>
        </LineString>
      </Placemark>
      <Placemark>
        <name>Lehman Caves Visitor Center</name>
        <description><![CDATA[description: Visitor center from 2019-05-26T16:17:24.000Z to 2019-05-26T16:30:13.000Z. Distance 0m<br>Email: syugen.zhou@gmail.com<br>Category: Visitor center<br>Distance: 0]]></description>
        <styleUrl>#icon-1535-0288D1</styleUrl>
        <ExtendedData>
          <Data name="description">
            <value>Visitor center from 2019-05-26T16:17:24.000Z to 2019-05-26T16:30:13.000Z. Distance 0m</value>
          </Data>
          <Data name="Email">
            <value>syugen.zhou@gmail.com</value>
          </Data>
          <Data name="Category">
            <value>Visitor center</value>
          </Data>
          <Data name="Distance">
            <value>0</value>
          </Data>
        </ExtendedData>
        <Point>
          <coordinates>
            -114.219824,39.005588,0
          </coordinates>
        </Point>
      </Placemark>
      <Placemark>
        <name>Driving</name>
        <description><![CDATA[description: Driving from 2019-05-26T16:30:13.000Z to 2019-05-26T16:50:03.000Z. Distance 4150m<br>Email: syugen.zhou@gmail.com<br>Category: Driving<br>Distance: 4150]]></description>
        <styleUrl>#line-F9A825-5000</styleUrl>
        <ExtendedData>
          <Data name="description">
            <value>Driving from 2019-05-26T16:30:13.000Z to 2019-05-26T16:50:03.000Z. Distance 4150m</value>
          </Data>
          <Data name="Email">
            <value>syugen.zhou@gmail.com</value>
          </Data>
          <Data name="Category">
            <value>Driving</value>
          </Data>
          <Data name="Distance">
            <value>4150</value>
          </Data>
        </ExtendedData>
        <LineString>
          <tessellate>1</tessellate>
          <coordinates>
            -114.219599,39.005635,0
            -114.219583,39.005596,0
            -114.219553,39.005548,0
            -114.219454,39.005443,0
            -114.219398,39.005401,0
            -114.219344,39.005374,0
            -114.219282,39.005358,0
            -114.219219,39.005351,0
            -114.219172,39.005351,0
            -114.219127,39.005356,0
            -114.219096,39.005364,0
            -114.219063,39.005376,0
            -114.218983,39.005429,0
            -114.218958,39.005463,0
            -114.218915,39.005548,0
            -114.218893,39.005657,0
            -114.218894,39.00577,0
            -114.218502,39.005788,0
            -114.218125,39.005838,0
            -114.217654,39.005937,0
            -114.217488,39.005981,0
            -114.217246,39.006059,0
            -114.216918,39.006201,0
            -114.216637,39.006359,0
            -114.216465,39.006471,0
            -114.215587,39.007243,0
            -114.2153,39.007466,0
            -114.214995,39.007665,0
            -114.214652,39.007856,0
            -114.21439,39.007977,0
            -114.212943,39.008596,0
            -114.210897,39.009416,0
            -114.210507,39.009557,0
            -114.209456,39.009885,0
            -114.208864,39.010038,0
            -114.20965,39.010775,0
            -114.210307,39.01142,0
            -114.211489,39.01245,0
            -114.211662,39.012576,0
            -114.211827,39.012677,0
            -114.212067,39.012797,0
            -114.212738,39.013106,0
            -114.213759,39.013524,0
            -114.214214,39.013726,0
            -114.216843,39.014801,0
            -114.217361,39.015068,0
            -114.220188,39.016788,0
            -114.220517,39.016968,0
            -114.221303,39.017332,0
            -114.221782,39.017535,0
            -114.223463,39.018311,0
            -114.223805,39.018447,0
            -114.224076,39.018531,0
            -114.224344,39.018589,0
            -114.226239,39.018846,0
            -114.226976,39.018972,0
            -114.227426,39.019033,0
            -114.228348,39.019131,0
            -114.228836,39.019156,0
            -114.230391,39.019312,0
            -114.230616,39.019351,0
            -114.230956,39.019391,0
            -114.231472,39.019427,0
            -114.232025,39.019449,0
            -114.232723,39.019431,0
            -114.233775,39.01935,0
            -114.234098,39.019306,0
            -114.236271,39.018898,0
            -114.236845,39.018709,0
            -114.237129,39.018598,0
            -114.237834,39.018294,0
            -114.238288,39.018052,0
            -114.239694,39.017378,0
            -114.23988,39.017277,0
            -114.240241,39.017062,0
            -114.241909,39.015975,0
            -114.243025,39.015086,0
            -114.244483,39.014588,0
            -114.245876,39.014194,0
            -114.246278,39.014024,0
            -114.247043,39.013601,0
            -114.247331,39.013476,0
            -114.247662,39.013423,0
            -114.247846,39.013426,0
            -114.247995,39.013471,0
            -114.248221,39.01359,0
            -114.248323,39.013661,0
            -114.248409,39.013736,0
            -114.248474,39.013875,0
            -114.248588,39.013853,0
            -114.248764,39.013834,0
            -114.249923,39.013769,0
            -114.252133,39.013703,0
            -114.253118,39.013627,0
            -114.253184,39.013615,0
            -114.253235,39.0136,0
            -114.253305,39.013565,0
            -114.253398,39.013499,0
            -114.253681,39.01326,0
            -114.253834,39.013094,0
          </coordinates>
        </LineString>
      </Placemark>
      <Placemark>
        <name>Walking</name>
        <description><![CDATA[description: Walking from 2019-05-26T16:50:03.000Z to 2019-05-26T18:00:14.000Z. Distance 3010m<br>Email: syugen.zhou@gmail.com<br>Category: Walking<br>Distance: 3010]]></description>
        <styleUrl>#line-F9A825-5000</styleUrl>
        <ExtendedData>
          <Data name="description">
            <value>Walking from 2019-05-26T16:50:03.000Z to 2019-05-26T18:00:14.000Z. Distance 3010m</value>
          </Data>
          <Data name="Email">
            <value>syugen.zhou@gmail.com</value>
          </Data>
          <Data name="Category">
            <value>Walking</value>
          </Data>
          <Data name="Distance">
            <value>3010</value>
          </Data>
        </ExtendedData>
        <LineString>
          <tessellate>1</tessellate>
          <coordinates>
            -114.253834,39.013094,0
            -114.253875,39.01305,0
            -114.253892,39.013035,0
            -114.253908,39.013023,0
            -114.253921,39.013017,0
            -114.253937,39.013011,0
            -114.253951,39.013009,0
            -114.253974,39.013008,0
            -114.253998,39.013016,0
            -114.254111,39.012958,0
            -114.25415,39.012957,0
            -114.254209,39.012955,0
            -114.254291,39.012962,0
            -114.254356,39.012986,0
            -114.254368,39.012996,0
            -114.254452,39.013065,0
            -114.254586,39.01313,0
            -114.254715,39.013169,0
            -114.254759,39.013176,0
            -114.254826,39.013185,0
            -114.254989,39.013192,0
            -114.255123,39.013197,0
            -114.25522,39.013191,0
            -114.255428,39.01318,0
            -114.255451,39.013177,0
            -114.255621,39.013157,0
            -114.25573,39.013137,0
            -114.255858,39.013131,0
            -114.256024,39.013148,0
            -114.256187,39.01321,0
            -114.256286,39.01323,0
            -114.256567,39.013317,0
            -114.256624,39.013345,0
            -114.25667,39.013355,0
            -114.256776,39.013343,0
            -114.256866,39.013333,0
            -114.257129,39.013383,0
            -114.257393,39.013394,0
            -114.257692,39.013376,0
            -114.257947,39.013361,0
            -114.257989,39.01337,0
            -114.258198,39.013487,0
            -114.258382,39.013546,0
            -114.258534,39.013562,0
            -114.258551,39.013563,0
            -114.258655,39.013565,0
            -114.258772,39.013559,0
            -114.258782,39.013559,0
            -114.258964,39.013562,0
            -114.259013,39.013559,0
            -114.259128,39.013552,0
            -114.259234,39.013519,0
            -114.259586,39.013282,0
            -114.259765,39.013161,0
            -114.259947,39.013058,0
            -114.259973,39.013043,0
            -114.2601,39.013001,0
            -114.260305,39.012965,0
            -114.260578,39.012953,0
            -114.260708,39.012956,0
            -114.260846,39.012981,0
            -114.261017,39.013012,0
            -114.261286,39.013091,0
            -114.261312,39.013099,0
            -114.261485,39.013193,0
            -114.261648,39.013313,0
            -114.261776,39.013352,0
            -114.261897,39.013332,0
            -114.262142,39.013193,0
            -114.262182,39.01318,0
            -114.262246,39.013173,0
            -114.262491,39.013173,0
            -114.262623,39.013185,0
            -114.262961,39.013193,0
            -114.263143,39.013197,0
            -114.263655,39.013196,0
            -114.263943,39.013195,0
            -114.264164,39.013187,0
            -114.264347,39.013164,0
            -114.264899,39.013171,0
            -114.265048,39.013189,0
            -114.265709,39.013267,0
            -114.266419,39.013365,0
            -114.266673,39.0134,0
          </coordinates>
        </LineString>
      </Placemark>
      <Placemark>
        <name>Driving</name>
        <description><![CDATA[description: Driving from 2019-05-26T18:00:14.000Z to 2019-05-26T18:24:00.000Z. Distance 10719m<br>Email: syugen.zhou@gmail.com<br>Category: Driving<br>Distance: 10719]]></description>
        <styleUrl>#line-F9A825-5000</styleUrl>
        <ExtendedData>
          <Data name="description">
            <value>Driving from 2019-05-26T18:00:14.000Z to 2019-05-26T18:24:00.000Z. Distance 10719m</value>
          </Data>
          <Data name="Email">
            <value>syugen.zhou@gmail.com</value>
          </Data>
          <Data name="Category">
            <value>Driving</value>
          </Data>
          <Data name="Distance">
            <value>10719</value>
          </Data>
        </ExtendedData>
        <LineString>
          <tessellate>1</tessellate>
          <coordinates>
            -114.254019,39.013083,0
            -114.253982,39.01314,0
            -114.253891,39.013225,0
            -114.253681,39.01326,0
            -114.253305,39.013565,0
            -114.253235,39.0136,0
            -114.253118,39.013627,0
            -114.248588,39.013853,0
            -114.248474,39.013875,0
            -114.248409,39.013736,0
            -114.248221,39.01359,0
            -114.247995,39.013471,0
            -114.247846,39.013425,0
            -114.247662,39.013423,0
            -114.247331,39.013475,0
            -114.247043,39.013601,0
            -114.246278,39.014024,0
            -114.245876,39.014194,0
            -114.244483,39.014588,0
            -114.243025,39.015086,0
            -114.241909,39.015975,0
            -114.239694,39.017378,0
            -114.237834,39.018294,0
            -114.236845,39.018709,0
            -114.236271,39.018898,0
            -114.233775,39.01935,0
            -114.232025,39.019449,0
            -114.230956,39.019391,0
            -114.228836,39.019156,0
            -114.228348,39.019131,0
            -114.224345,39.018589,0
            -114.223805,39.018447,0
            -114.220517,39.016968,0
            -114.217361,39.015068,0
            -114.216843,39.0148,0
            -114.212738,39.013106,0
            -114.211827,39.012677,0
            -114.211489,39.01245,0
            -114.210307,39.01142,0
            -114.208864,39.010038,0
            -114.207596,39.010287,0
            -114.203627,39.01075,0
            -114.202578,39.010927,0
            -114.201423,39.011224,0
            -114.200548,39.011511,0
            -114.199524,39.011934,0
            -114.198543,39.012431,0
            -114.197094,39.0134,0
            -114.192504,39.017167,0
            -114.191357,39.017915,0
            -114.190252,39.018472,0
            -114.189306,39.018784,0
            -114.188528,39.018993,0
            -114.187411,39.019195,0
            -114.186315,39.019289,0
            -114.18525,39.019286,0
            -114.166935,39.017395,0
            -114.145965,39.014362,0
            -114.144604,39.014241,0
            -114.143876,39.014089,0
            -114.129922,39.012111,0
            -114.128333,39.012012,0
            -114.12316,39.01207,0
            -114.123384,39.012937,0
            -114.123442,39.013051,0
            -114.123464,39.013136,0
            -114.123698,39.013592,0
            -114.124115,39.01419,0
            -114.124987,39.015131,0
            -114.125169,39.015014,0
            -114.125278,39.014977,0
            -114.125421,39.014959,0
            -114.125829,39.014998,0
            -114.125948,39.014994,0
            -114.126038,39.014977,0
            -114.126232,39.014807,0
            -114.126611,39.014189,0
            -114.126619,39.01413,0
            -114.126597,39.014079,0
            -114.126581,39.014061,0
            -114.126525,39.014035,0
            -114.126466,39.014026,0
            -114.126375,39.01403,0
            -114.126091,39.01453,0
            -114.126232,39.014807,0
            -114.126038,39.014977,0
            -114.125948,39.014994,0
            -114.125829,39.014998,0
            -114.125421,39.014959,0
            -114.125278,39.014977,0
            -114.125169,39.015014,0
            -114.124987,39.015131,0
            -114.124115,39.01419,0
            -114.123698,39.013592,0
            -114.123464,39.013136,0
            -114.123442,39.013051,0
            -114.123384,39.012937,0
            -114.123238,39.012443,0
            -114.123135,39.011916,0
            -114.123098,39.011429,0
          </coordinates>
        </LineString>
      </Placemark>
      <Placemark>
        <name><![CDATA[Sugar, Salt & Malt Restaurant]]></name>
        <description><![CDATA[description: Cafe from 2019-05-26T18:24:00.000Z to 2019-05-26T19:47:24.000Z. Distance 0m<br>Email: syugen.zhou@gmail.com<br>Category: Cafe<br>Distance: 0]]></description>
        <styleUrl>#icon-1739-0288D1</styleUrl>
        <ExtendedData>
          <Data name="description">
            <value>Cafe from 2019-05-26T18:24:00.000Z to 2019-05-26T19:47:24.000Z. Distance 0m</value>
          </Data>
          <Data name="Email">
            <value>syugen.zhou@gmail.com</value>
          </Data>
          <Data name="Category">
            <value>Cafe</value>
          </Data>
          <Data name="Distance">
            <value>0</value>
          </Data>
        </ExtendedData>
        <Point>
          <coordinates>
            -114.122935,39.011389,0
          </coordinates>
        </Point>
      </Placemark>
      <Placemark>
        <name>Driving</name>
        <description><![CDATA[description: Driving from 2019-05-26T19:47:24.000Z to 2019-05-26T20:00:07.000Z. Distance 8828m<br>Email: syugen.zhou@gmail.com<br>Category: Driving<br>Distance: 8828]]></description>
        <styleUrl>#line-F9A825-5000</styleUrl>
        <ExtendedData>
          <Data name="description">
            <value>Driving from 2019-05-26T19:47:24.000Z to 2019-05-26T20:00:07.000Z. Distance 8828m</value>
          </Data>
          <Data name="Email">
            <value>syugen.zhou@gmail.com</value>
          </Data>
          <Data name="Category">
            <value>Driving</value>
          </Data>
          <Data name="Distance">
            <value>8828</value>
          </Data>
        </ExtendedData>
        <LineString>
          <tessellate>1</tessellate>
          <coordinates>
            -114.123093,39.01138,0
            -114.123111,39.011668,0
            -114.123135,39.011916,0
            -114.12316,39.01207,0
            -114.128333,39.012012,0
            -114.129922,39.012111,0
            -114.13049,39.012167,0
            -114.131063,39.012238,0
            -114.131554,39.012314,0
            -114.1341,39.012667,0
            -114.143876,39.014089,0
            -114.144604,39.014241,0
            -114.145965,39.014362,0
            -114.149405,39.014865,0
            -114.150117,39.014956,0
            -114.15316,39.015414,0
            -114.156726,39.015911,0
            -114.157849,39.016092,0
            -114.166935,39.017395,0
            -114.168181,39.017552,0
            -114.171231,39.017881,0
            -114.17344,39.018082,0
            -114.184486,39.019223,0
            -114.18525,39.019286,0
            -114.185752,39.019299,0
            -114.186315,39.019289,0
            -114.186742,39.019264,0
            -114.187034,39.019239,0
            -114.187411,39.019195,0
            -114.18808,39.019082,0
            -114.188528,39.018993,0
            -114.188968,39.018882,0
            -114.189306,39.018784,0
            -114.189878,39.018602,0
            -114.190252,39.018472,0
            -114.190493,39.018352,0
            -114.190735,39.018245,0
            -114.191357,39.017915,0
            -114.191911,39.017575,0
            -114.192287,39.017322,0
            -114.192504,39.017167,0
            -114.197094,39.0134,0
            -114.197448,39.01314,0
            -114.198063,39.012729,0
            -114.198543,39.012431,0
            -114.198899,39.012243,0
            -114.199524,39.011934,0
            -114.199928,39.011756,0
            -114.200548,39.011511,0
            -114.201128,39.011316,0
            -114.201423,39.011224,0
            -114.202578,39.010927,0
            -114.20315,39.010824,0
            -114.203626,39.01075,0
            -114.206511,39.010426,0
            -114.207596,39.010287,0
            -114.207984,39.010223,0
            -114.208411,39.01014,0
            -114.209058,39.009992,0
            -114.209456,39.009885,0
            -114.210507,39.009557,0
            -114.210897,39.009416,0
            -114.212943,39.008596,0
            -114.21439,39.007977,0
            -114.214652,39.007856,0
            -114.214995,39.007665,0
            -114.2153,39.007466,0
            -114.215587,39.007243,0
            -114.216465,39.006471,0
            -114.216637,39.006359,0
            -114.216918,39.006201,0
            -114.217246,39.006059,0
            -114.217488,39.005981,0
            -114.217654,39.005937,0
            -114.218125,39.005838,0
            -114.218382,39.0058,0
            -114.218502,39.005788,0
            -114.218894,39.00577,0
            -114.218912,39.005831,0
            -114.21896,39.005926,0
            -114.219047,39.006034,0
            -114.219132,39.006105,0
            -114.219182,39.006134,0
            -114.219217,39.006146,0
            -114.219256,39.006157,0
            -114.219295,39.006163,0
            -114.219325,39.006163,0
            -114.219376,39.006158,0
            -114.219463,39.00614,0
            -114.219491,39.006127,0
            -114.219552,39.00609,0
            -114.219578,39.006065,0
            -114.219612,39.006006,0
            -114.219629,39.005957,0
            -114.219639,39.005906,0
            -114.219635,39.005813,0
            -114.219627,39.005742,0
            -114.219613,39.005668,0
            -114.219583,39.005596,0
            -114.219558,39.005556,0
          </coordinates>
        </LineString>
      </Placemark>
      <Placemark>
        <name>Walking</name>
        <description><![CDATA[description: Walking from 2019-05-26T20:00:07.000Z to 2019-05-26T21:00:00.000Z. Distance 6575m<br>Email: syugen.zhou@gmail.com<br>Category: Walking<br>Distance: 6575]]></description>
        <styleUrl>#line-F9A825-5000</styleUrl>
        <ExtendedData>
          <Data name="description">
            <value>Walking from 2019-05-26T20:00:07.000Z to 2019-05-26T21:00:00.000Z. Distance 6575m</value>
          </Data>
          <Data name="Email">
            <value>syugen.zhou@gmail.com</value>
          </Data>
          <Data name="Category">
            <value>Walking</value>
          </Data>
          <Data name="Distance">
            <value>6575</value>
          </Data>
        </ExtendedData>
        <LineString>
          <tessellate>1</tessellate>
          <coordinates>
            -114.219558,39.005556,0
            -114.219553,39.005548,0
            -114.219525,39.005516,0
            -114.219516,39.005506,0
            -114.219511,39.0055,0
          </coordinates>
        </LineString>
      </Placemark>
      <Placemark>
        <name>Driving</name>
        <description><![CDATA[description: Driving from 2019-05-26T21:00:00.000Z to 2019-05-26T22:51:25.000Z. Distance 70893m<br>Email: syugen.zhou@gmail.com<br>Category: Driving<br>Distance: 70893]]></description>
        <styleUrl>#line-F9A825-5000</styleUrl>
        <ExtendedData>
          <Data name="description">
            <value>Driving from 2019-05-26T21:00:00.000Z to 2019-05-26T22:51:25.000Z. Distance 70893m</value>
          </Data>
          <Data name="Email">
            <value>syugen.zhou@gmail.com</value>
          </Data>
          <Data name="Category">
            <value>Driving</value>
          </Data>
          <Data name="Distance">
            <value>70893</value>
          </Data>
        </ExtendedData>
        <LineString>
          <tessellate>1</tessellate>
          <coordinates>
            -114.219602,39.005642,0
            -114.219553,39.005548,0
            -114.219454,39.005443,0
            -114.219398,39.005401,0
            -114.219344,39.005374,0
            -114.219282,39.005358,0
            -114.219172,39.005351,0
            -114.219127,39.005356,0
            -114.219063,39.005376,0
            -114.218983,39.005429,0
            -114.218915,39.005548,0
            -114.218893,39.005657,0
            -114.218894,39.00577,0
            -114.218502,39.005788,0
            -114.218125,39.005838,0
            -114.217654,39.005937,0
            -114.217246,39.006059,0
            -114.216918,39.0062,0
            -114.216465,39.00647,0
            -114.215587,39.007243,0
            -114.2153,39.007466,0
            -114.214995,39.007665,0
            -114.214652,39.007856,0
            -114.212943,39.008596,0
            -114.210507,39.009557,0
            -114.209456,39.009885,0
            -114.208411,39.01014,0
            -114.207596,39.010287,0
            -114.203626,39.01075,0
            -114.202578,39.010927,0
            -114.201423,39.011224,0
            -114.200548,39.011511,0
            -114.199524,39.011934,0
            -114.198543,39.012431,0
            -114.197448,39.01314,0
            -114.197094,39.0134,0
            -114.192504,39.017167,0
            -114.191911,39.017575,0
            -114.191357,39.017915,0
            -114.190252,39.018472,0
            -114.189306,39.018784,0
            -114.188528,39.018993,0
            -114.187411,39.019195,0
            -114.186315,39.019289,0
            -114.18525,39.019286,0
            -114.166935,39.017395,0
            -114.145965,39.014362,0
            -114.144604,39.014241,0
            -114.143876,39.014089,0
            -114.131062,39.012238,0
            -114.129922,39.012111,0
            -114.128333,39.012012,0
            -114.12316,39.01207,0
            -114.123238,39.012443,0
            -114.123384,39.012937,0
            -114.123442,39.013051,0
            -114.123464,39.013136,0
            -114.123698,39.013592,0
            -114.124115,39.01419,0
            -114.173088,39.067878,0
            -114.173283,39.068138,0
            -114.173333,39.068417,0
            -114.173311,39.068637,0
            -114.173266,39.068798,0
            -114.173197,39.068961,0
            -114.172608,39.069683,0
            -114.172387,39.070016,0
            -114.19823,39.083378,0
            -114.198835,39.083659,0
            -114.200015,39.084142,0
            -114.201007,39.084484,0
            -114.202067,39.084783,0
            -114.203526,39.08511,0
            -114.223645,39.088314,0
            -114.225278,39.088707,0
            -114.225934,39.088905,0
            -114.227434,39.089448,0
            -114.227912,39.08965,0
            -114.229171,39.090253,0
            -114.229857,39.090636,0
            -114.230643,39.091121,0
            -114.239373,39.096954,0
            -114.240747,39.09771,0
            -114.241169,39.097897,0
            -114.242205,39.098256,0
            -114.251304,39.100655,0
            -114.252217,39.100987,0
            -114.252645,39.101193,0
            -114.255159,39.102581,0
            -114.258243,39.104391,0
            -114.25889,39.104852,0
            -114.259247,39.105163,0
            -114.261242,39.10725,0
            -114.261553,39.107508,0
            -114.262293,39.107991,0
            -114.276206,39.115348,0
            -114.276721,39.115583,0
            -114.277481,39.115844,0
            -114.2782,39.116015,0
            -114.278518,39.116066,0
            -114.280537,39.116271,0
            -114.281633,39.116477,0
            -114.282322,39.116672,0
            -114.282782,39.116827,0
            -114.283598,39.117163,0
            -114.284407,39.117594,0
            -114.288214,39.120171,0
            -114.288862,39.120573,0
            -114.289339,39.120814,0
            -114.290082,39.121114,0
            -114.290938,39.121357,0
            -114.291636,39.121485,0
            -114.292186,39.121547,0
            -114.301324,39.12171,0
            -114.303,39.121802,0
            -114.304868,39.122019,0
            -114.309606,39.122831,0
            -114.310044,39.122939,0
            -114.31067,39.123138,0
            -114.311448,39.123465,0
            -114.311985,39.123767,0
            -114.315964,39.126441,0
            -114.31626,39.126664,0
            -114.320153,39.129992,0
            -114.320527,39.130356,0
            -114.322751,39.132743,0
            -114.323242,39.133133,0
            -114.323872,39.133547,0
            -114.326093,39.134679,0
            -114.326612,39.134983,0
            -114.327012,39.135267,0
            -114.327359,39.135551,0
            -114.328454,39.136688,0
            -114.328835,39.13703,0
            -114.329408,39.13746,0
            -114.332123,39.139201,0
            -114.333655,39.140314,0
            -114.334566,39.141076,0
            -114.335309,39.141771,0
            -114.336086,39.142577,0
            -114.336993,39.143637,0
            -114.338228,39.145296,0
            -114.338902,39.146045,0
            -114.339318,39.14641,0
            -114.340087,39.146981,0
            -114.340647,39.147313,0
            -114.343021,39.148466,0
            -114.343231,39.148585,0
            -114.343913,39.149056,0
            -114.344345,39.149429,0
            -114.344574,39.149659,0
            -114.345048,39.150262,0
            -114.348866,39.155991,0
            -114.349361,39.156572,0
            -114.349809,39.156985,0
            -114.350299,39.157353,0
            -114.350769,39.157643,0
            -114.353277,39.159026,0
            -114.354136,39.159573,0
            -114.354993,39.160217,0
            -114.356999,39.1621,0
            -114.35735,39.162359,0
            -114.357881,39.162695,0
            -114.362773,39.16527,0
            -114.36371,39.165824,0
            -114.364515,39.166374,0
            -114.365842,39.167429,0
            -114.369397,39.170878,0
            -114.369908,39.171322,0
            -114.370308,39.171622,0
            -114.37096,39.172054,0
            -114.37162,39.172422,0
            -114.372733,39.172917,0
            -114.373624,39.173226,0
            -114.374305,39.173419,0
            -114.385433,39.175997,0
            -114.38607,39.176113,0
            -114.386966,39.176234,0
            -114.38764,39.176283,0
            -114.389212,39.176295,0
            -114.390562,39.176181,0
            -114.391411,39.176042,0
            -114.3924,39.175824,0
            -114.39347,39.175514,0
            -114.393911,39.175351,0
            -114.395074,39.174849,0
            -114.395926,39.174393,0
            -114.39642,39.174095,0
            -114.397194,39.173547,0
            -114.397747,39.173098,0
            -114.398194,39.172682,0
            -114.398754,39.172089,0
            -114.410251,39.1584,0
            -114.410918,39.157518,0
            -114.411546,39.156511,0
            -114.41186,39.155917,0
            -114.412244,39.155036,0
            -114.420845,39.128909,0
            -114.42125,39.127942,0
            -114.446676,39.075318,0
            -114.447354,39.074151,0
            -114.447884,39.0734,0
            -114.448835,39.072274,0
            -114.449608,39.071506,0
            -114.450514,39.070741,0
            -114.45115,39.070264,0
            -114.45239,39.069458,0
            -114.453124,39.069046,0
            -114.454165,39.068531,0
            -114.45497,39.068193,0
            -114.581052,39.025302,0
            -114.581668,39.025135,0
            -114.582438,39.024985,0
            -114.582864,39.024938,0
            -114.583898,39.024902,0
            -114.584351,39.024913,0
            -114.585192,39.024978,0
            -114.585887,39.025078,0
            -114.586678,39.025251,0
            -114.588067,39.025621,0
            -114.588759,39.025777,0
            -114.58965,39.025927,0
            -114.590134,39.025986,0
            -114.592575,39.026182,0
            -114.594962,39.026614,0
            -114.595272,39.026654,0
            -114.596702,39.026729,0
            -114.597112,39.026785,0
            -114.597592,39.026915,0
            -114.597966,39.027057,0
            -114.598156,39.027147,0
            -114.598446,39.027321,0
            -114.598705,39.027524,0
            -114.598914,39.027721,0
            -114.59911,39.027944,0
            -114.599343,39.028306,0
            -114.599442,39.028525,0
            -114.599507,39.028719,0
            -114.599553,39.028939,0
            -114.599568,39.029121,0
            -114.599551,39.029474,0
            -114.599376,39.030407,0
            -114.599354,39.030629,0
            -114.599358,39.030925,0
            -114.599395,39.031171,0
            -114.599456,39.031409,0
            -114.599622,39.031796,0
            -114.599817,39.032114,0
            -114.599959,39.032295,0
            -114.600199,39.03255,0
            -114.600645,39.032901,0
            -114.600886,39.03305,0
            -114.601205,39.033214,0
            -114.601458,39.033323,0
            -114.605052,39.034616,0
            -114.605492,39.034832,0
            -114.605667,39.034935,0
            -114.60627,39.035348,0
            -114.606517,39.035565,0
            -114.607035,39.036083,0
            -114.607837,39.037027,0
            -114.608883,39.038446,0
            -114.61188,39.041461,0
            -114.612092,39.041719,0
            -114.61223,39.041933,0
            -114.612459,39.042434,0
            -114.612562,39.04277,0
            -114.612616,39.043098,0
            -114.612624,39.043389,0
            -114.612381,39.045142,0
            -114.612387,39.045673,0
            -114.612456,39.046004,0
            -114.61253,39.046224,0
            -114.612594,39.046359,0
            -114.612744,39.04659,0
            -114.612978,39.046843,0
            -114.613118,39.046956,0
            -114.613359,39.047116,0
            -114.61367,39.047268,0
            -114.613889,39.047342,0
            -114.614271,39.047433,0
            -114.614641,39.047481,0
            -114.614923,39.047483,0
            -114.615308,39.047442,0
            -114.616526,39.047208,0
            -114.616935,39.047181,0
            -114.61722,39.047194,0
            -114.618042,39.047282,0
            -114.618396,39.047288,0
            -114.618621,39.047269,0
            -114.618918,39.047223,0
            -114.619265,39.047143,0
            -114.619557,39.047038,0
            -114.619884,39.046859,0
            -114.620127,39.046686,0
            -114.620736,39.046187,0
            -114.620842,39.046116,0
            -114.62111,39.045973,0
            -114.621447,39.045832,0
            -114.621858,39.045716,0
            -114.622238,39.045665,0
            -114.623499,39.045645,0
            -114.623908,39.045604,0
            -114.624277,39.045523,0
            -114.624626,39.045403,0
            -114.624839,39.045302,0
            -114.625064,39.045149,0
            -114.625815,39.044536,0
            -114.626834,39.043619,0
            -114.627401,39.043177,0
            -114.627687,39.042996,0
            -114.627866,39.042905,0
            -114.628195,39.042773,0
            -114.628539,39.042681,0
            -114.62882,39.04263,0
            -114.629165,39.042596,0
            -114.629555,39.042605,0
            -114.629904,39.042649,0
            -114.630175,39.042711,0
            -114.631006,39.042957,0
            -114.631653,39.043104,0
            -114.632199,39.043178,0
            -114.632606,39.043208,0
            -114.633076,39.043209,0
            -114.633419,39.043176,0
            -114.634148,39.043055,0
            -114.634394,39.042996,0
            -114.635114,39.042756,0
            -114.635403,39.042632,0
            -114.635796,39.042422,0
            -114.636838,39.041718,0
            -114.637049,39.041602,0
            -114.637413,39.041455,0
            -114.637847,39.041348,0
            -114.63915,39.041151,0
            -114.639437,39.041065,0
            -114.639785,39.04092,0
            -114.640014,39.040786,0
            -114.641017,39.040032,0
            -114.641518,39.039724,0
            -114.642082,39.039467,0
            -114.642719,39.039258,0
            -114.643414,39.039116,0
            -114.643775,39.039077,0
            -114.645638,39.039037,0
            -114.646252,39.038982,0
            -114.646998,39.038855,0
            -114.650555,39.037915,0
            -114.651213,39.037693,0
            -114.651609,39.03753,0
            -114.65211,39.037286,0
            -114.652506,39.03706,0
            -114.652838,39.036843,0
            -114.65329,39.0365,0
            -114.656087,39.033799,0
            -114.656418,39.033569,0
            -114.656717,39.033422,0
            -114.656931,39.033341,0
            -114.657352,39.033233,0
            -114.657915,39.033184,0
            -114.658835,39.033235,0
            -114.659217,39.033237,0
            -114.659552,39.033207,0
            -114.659817,39.033158,0
            -114.660089,39.03308,0
            -114.660328,39.032978,0
            -114.660871,39.03267,0
            -114.661843,39.032008,0
            -114.662503,39.031639,0
            -114.6633,39.031288,0
            -114.663713,39.031147,0
            -114.665345,39.030729,0
            -114.66574,39.030601,0
            -114.665997,39.030492,0
            -114.6663,39.030337,0
            -114.666626,39.030128,0
            -114.666978,39.029851,0
            -114.667289,39.029528,0
            -114.667465,39.029294,0
            -114.667614,39.029052,0
            -114.668225,39.027527,0
            -114.668354,39.027305,0
            -114.66876,39.026757,0
            -114.669123,39.026379,0
            -114.669589,39.025994,0
            -114.669882,39.025799,0
            -114.672394,39.024304,0
            -114.673113,39.023933,0
            -114.67407,39.023527,0
            -114.674619,39.023344,0
            -114.683244,39.020911,0
            -114.683543,39.02086,0
            -114.684132,39.020807,0
            -114.684482,39.020797,0
            -114.684995,39.020815,0
            -114.685551,39.02088,0
            -114.686051,39.020976,0
            -114.686388,39.021068,0
            -114.686868,39.021235,0
            -114.687247,39.021397,0
            -114.68768,39.021625,0
            -114.688103,39.021903,0
            -114.688374,39.022118,0
            -114.68884,39.022582,0
            -114.689089,39.02289,0
            -114.68932,39.023225,0
            -114.692625,39.028814,0
            -114.692841,39.029105,0
            -114.693282,39.029618,0
            -114.693787,39.030125,0
            -114.694333,39.030593,0
            -114.69499,39.031081,0
            -114.695927,39.031635,0
            -114.697059,39.03216,0
            -114.698017,39.032492,0
            -114.703392,39.033832,0
            -114.704166,39.034064,0
            -114.704962,39.034373,0
            -114.705505,39.034639,0
            -114.714306,39.03981,0
            -114.715854,39.040845,0
            -114.716927,39.04163,0
            -114.718272,39.042724,0
            -114.719828,39.044142,0
            -114.721401,39.045817,0
            -114.722057,39.046601,0
            -114.722889,39.047692,0
            -114.800956,39.157583,0
            -114.801496,39.158286,0
            -114.802224,39.159102,0
            -114.802841,39.159718,0
            -114.803696,39.160456,0
            -114.804399,39.160996,0
            -114.805128,39.161494,0
            -114.805761,39.161884,0
            -114.816862,39.167934,0
            -114.818072,39.168758,0
            -114.818839,39.169352,0
            -114.81951,39.169939,0
            -114.820257,39.170688,0
            -114.820776,39.171286,0
            -114.854381,39.215955,0
            -114.855266,39.217347,0
            -114.870375,39.246043,0
          </coordinates>
        </LineString>
      </Placemark>
      <Placemark>
        <name><![CDATA[La Quinta Inn & Suites by Wyndham Ely]]></name>
        <description><![CDATA[description: Hotel from 2019-05-26T22:51:25.000Z to 2019-05-27T02:22:00.000Z. Distance 0m<br>Email: syugen.zhou@gmail.com<br>Category: Hotel<br>Distance: 0]]></description>
        <styleUrl>#icon-1602-0288D1</styleUrl>
        <ExtendedData>
          <Data name="description">
            <value>Hotel from 2019-05-26T22:51:25.000Z to 2019-05-27T02:22:00.000Z. Distance 0m</value>
          </Data>
          <Data name="Email">
            <value>syugen.zhou@gmail.com</value>
          </Data>
          <Data name="Category">
            <value>Hotel</value>
          </Data>
          <Data name="Distance">
            <value>0</value>
          </Data>
        </ExtendedData>
        <Point>
          <coordinates>
            -114.871816,39.245907,0
          </coordinates>
        </Point>
      </Placemark>
      <Placemark>
        <name>Driving</name>
        <description><![CDATA[description: Driving from 2019-05-27T02:22:00.000Z to 2019-05-27T02:28:58.000Z. Distance 2196m<br>Email: syugen.zhou@gmail.com<br>Category: Driving<br>Distance: 2196]]></description>
        <styleUrl>#line-F9A825-5000</styleUrl>
        <ExtendedData>
          <Data name="description">
            <value>Driving from 2019-05-27T02:22:00.000Z to 2019-05-27T02:28:58.000Z. Distance 2196m</value>
          </Data>
          <Data name="Email">
            <value>syugen.zhou@gmail.com</value>
          </Data>
          <Data name="Category">
            <value>Driving</value>
          </Data>
          <Data name="Distance">
            <value>2196</value>
          </Data>
        </ExtendedData>
        <LineString>
          <tessellate>1</tessellate>
          <coordinates>
            -114.870375,39.246043,0
            -114.870467,39.246206,0
            -114.870676,39.246612,0
            -114.871052,39.247316,0
            -114.871248,39.247691,0
            -114.871445,39.248052,0
            -114.871631,39.248413,0
            -114.871842,39.248815,0
            -114.871973,39.249077,0
            -114.872045,39.24922,0
            -114.872133,39.249387,0
            -114.872188,39.24949,0
            -114.872252,39.249611,0
            -114.872305,39.249716,0
            -114.872389,39.249884,0
            -114.872558,39.250219,0
            -114.872643,39.250386,0
            -114.872814,39.250721,0
            -114.8729,39.250888,0
            -114.873032,39.251147,0
            -114.873423,39.251884,0
            -114.8736,39.252217,0
            -114.873642,39.252296,0
            -114.87381,39.252599,0
            -114.873985,39.252954,0
            -114.87407,39.253122,0
            -114.87408,39.253142,0
            -114.874051,39.253162,0
            -114.874024,39.253195,0
            -114.874,39.253303,0
            -114.873919,39.253461,0
            -114.873722,39.253529,0
            -114.873361,39.253646,0
            -114.873105,39.253728,0
            -114.872417,39.253949,0
            -114.871558,39.254221,0
            -114.870655,39.254507,0
            -114.87044,39.254575,0
            -114.87001,39.254711,0
            -114.86999,39.254717,0
            -114.869344,39.25492,0
            -114.86888,39.255067,0
            -114.867805,39.255408,0
            -114.86759,39.255476,0
            -114.867126,39.255624,0
            -114.866577,39.255798,0
            -114.866493,39.255825,0
            -114.866147,39.255934,0
            -114.866063,39.25596,0
            -114.865932,39.256002,0
            -114.865364,39.256181,0
            -114.864447,39.256472,0
            -114.864232,39.25654,0
            -114.863587,39.256745,0
            -114.861822,39.257299,0
            -114.86166,39.257357,0
            -114.861544,39.257397,0
            -114.861381,39.257411,0
            -114.861203,39.257475,0
            -114.861101,39.257509,0
            -114.860948,39.257571,0
            -114.860885,39.2576,0
            -114.860833,39.257623,0
            -114.860749,39.257665,0
            -114.86038,39.257852,0
            -114.860124,39.257977,0
            -114.860174,39.258063,0
            -114.860304,39.258328,0
            -114.860499,39.258686,0
            -114.860371,39.258736,0
            -114.860328,39.258751,0
            -114.860308,39.258753,0
            -114.860283,39.258752,0
            -114.860264,39.258739,0
            -114.860248,39.258719,0
            -114.860208,39.258659,0
            -114.860182,39.258607,0
            -114.860144,39.258516,0
            -114.860122,39.258488,0
            -114.8601,39.258469,0
            -114.86007,39.258456,0
            -114.860029,39.258449,0
            -114.859961,39.258466,0
            -114.859922,39.258496,0
            -114.859866,39.258538,0
            -114.859604,39.258752,0
            -114.859549,39.258799,0
            -114.859529,39.258812,0
            -114.85951,39.258817,0
            -114.859488,39.258821,0
            -114.859469,39.258818,0
          </coordinates>
        </LineString>
      </Placemark>
      <Placemark>
        <name><![CDATA[Margarita's Mexican Restaurant]]></name>
        <description><![CDATA[description: Mexican from 2019-05-27T02:28:58.000Z to 2019-05-27T03:48:00.000Z. Distance 0m<br>Email: syugen.zhou@gmail.com<br>Category: Mexican<br>Distance: 0]]></description>
        <styleUrl>#icon-1739-0288D1</styleUrl>
        <ExtendedData>
          <Data name="description">
            <value>Mexican from 2019-05-27T02:28:58.000Z to 2019-05-27T03:48:00.000Z. Distance 0m</value>
          </Data>
          <Data name="Email">
            <value>syugen.zhou@gmail.com</value>
          </Data>
          <Data name="Category">
            <value>Mexican</value>
          </Data>
          <Data name="Distance">
            <value>0</value>
          </Data>
        </ExtendedData>
        <Point>
          <coordinates>
            -114.859947,39.259048,0
          </coordinates>
        </Point>
      </Placemark>
      <Placemark>
        <name>Driving</name>
        <description><![CDATA[description: Driving from 2019-05-27T03:48:00.000Z to 2019-05-27T03:52:16.988Z. Distance 1802m<br>Email: syugen.zhou@gmail.com<br>Category: Driving<br>Distance: 1802]]></description>
        <styleUrl>#line-F9A825-5000</styleUrl>
        <ExtendedData>
          <Data name="description">
            <value>Driving from 2019-05-27T03:48:00.000Z to 2019-05-27T03:52:16.988Z. Distance 1802m</value>
          </Data>
          <Data name="Email">
            <value>syugen.zhou@gmail.com</value>
          </Data>
          <Data name="Category">
            <value>Driving</value>
          </Data>
          <Data name="Distance">
            <value>1802</value>
          </Data>
        </ExtendedData>
        <LineString>
          <tessellate>1</tessellate>
          <coordinates>
            -114.860209,39.25866,0
            -114.860248,39.258719,0
            -114.860264,39.258739,0
            -114.860283,39.258752,0
            -114.860308,39.258753,0
            -114.860328,39.258751,0
            -114.860371,39.258736,0
            -114.860499,39.258686,0
            -114.860304,39.258328,0
            -114.860174,39.258063,0
            -114.860565,39.257869,0
            -114.860769,39.257768,0
            -114.860857,39.257722,0
            -114.860977,39.257665,0
            -114.861136,39.257594,0
            -114.861417,39.257474,0
            -114.861544,39.257397,0
            -114.86166,39.257357,0
            -114.861822,39.257299,0
            -114.863587,39.256745,0
            -114.864232,39.25654,0
            -114.864447,39.256472,0
            -114.865364,39.256181,0
            -114.865932,39.256002,0
            -114.866063,39.25596,0
            -114.866147,39.255934,0
            -114.866493,39.255825,0
            -114.866577,39.255798,0
            -114.867126,39.255624,0
            -114.86759,39.255476,0
            -114.867805,39.255408,0
            -114.86888,39.255067,0
            -114.869345,39.25492,0
            -114.86999,39.254717,0
            -114.87001,39.25471,0
            -114.87044,39.254575,0
            -114.870655,39.254507,0
            -114.871558,39.254221,0
            -114.872418,39.253949,0
            -114.873105,39.253728,0
            -114.873361,39.253646,0
            -114.873722,39.253529,0
            -114.873919,39.253461,0
            -114.874203,39.253377,0
            -114.874167,39.253308,0
            -114.87408,39.253142,0
            -114.87407,39.253122,0
            -114.873985,39.252954,0
            -114.87381,39.252599,0
            -114.873642,39.252296,0
            -114.8736,39.252217,0
            -114.873423,39.251884,0
            -114.873032,39.251147,0
            -114.8729,39.250888,0
            -114.872814,39.250721,0
            -114.872643,39.250386,0
            -114.872558,39.250219,0
            -114.872389,39.249884,0
            -114.872305,39.249716,0
            -114.872252,39.249611,0
            -114.872188,39.24949,0
            -114.872133,39.249387,0
            -114.872045,39.24922,0
            -114.871973,39.249077,0
            -114.871842,39.248815,0
            -114.871631,39.248413,0
            -114.871445,39.248052,0
            -114.871248,39.247691,0
            -114.871052,39.247316,0
            -114.870676,39.246611,0
            -114.870467,39.246206,0
            -114.870375,39.246043,0
          </coordinates>
        </LineString>
      </Placemark>
      <Placemark>
        <name><![CDATA[La Quinta Inn & Suites by Wyndham Ely]]></name>
        <description><![CDATA[description: Hotel from 2019-05-27T03:52:16.988Z to 2019-05-27T14:41:48.102Z. Distance 0m<br>Email: syugen.zhou@gmail.com<br>Category: Hotel<br>Distance: 0]]></description>
        <styleUrl>#icon-1602-0288D1</styleUrl>
        <ExtendedData>
          <Data name="description">
            <value>Hotel from 2019-05-27T03:52:16.988Z to 2019-05-27T14:41:48.102Z. Distance 0m</value>
          </Data>
          <Data name="Email">
            <value>syugen.zhou@gmail.com</value>
          </Data>
          <Data name="Category">
            <value>Hotel</value>
          </Data>
          <Data name="Distance">
            <value>0</value>
          </Data>
        </ExtendedData>
        <Point>
          <coordinates>
            -114.871816,39.245907,0
          </coordinates>
        </Point>
      </Placemark>
    </Folder>
    <Folder>
      <name>2019-05-25</name>
      <Placemark>
        <name>1091 Tanland Dr</name>
        <description><![CDATA[description: Building from 2019-05-25T02:13:16.373Z to 2019-05-25T14:40:37.683Z. Distance 0m<br>Email: syugen.zhou@gmail.com<br>Category: Building<br>Distance: 0]]></description>
        <styleUrl>#icon-1603-0288D1</styleUrl>
        <ExtendedData>
          <Data name="description">
            <value>Building from 2019-05-25T02:13:16.373Z to 2019-05-25T14:40:37.683Z. Distance 0m</value>
          </Data>
          <Data name="Email">
            <value>syugen.zhou@gmail.com</value>
          </Data>
          <Data name="Category">
            <value>Building</value>
          </Data>
          <Data name="Distance">
            <value>0</value>
          </Data>
        </ExtendedData>
        <Point>
          <coordinates>
            -122.120577,37.444503,0
          </coordinates>
        </Point>
      </Placemark>
      <Placemark>
        <name>Driving</name>
        <description><![CDATA[description: Driving from 2019-05-25T14:40:37.683Z to 2019-05-25T14:50:17.000Z. Distance 12368m<br>Email: syugen.zhou@gmail.com<br>Category: Driving<br>Distance: 12368]]></description>
        <styleUrl>#line-A52714-5000</styleUrl>
        <ExtendedData>
          <Data name="description">
            <value>Driving from 2019-05-25T14:40:37.683Z to 2019-05-25T14:50:17.000Z. Distance 12368m</value>
          </Data>
          <Data name="Email">
            <value>syugen.zhou@gmail.com</value>
          </Data>
          <Data name="Category">
            <value>Driving</value>
          </Data>
          <Data name="Distance">
            <value>12368</value>
          </Data>
        </ExtendedData>
        <LineString>
          <tessellate>1</tessellate>
          <coordinates>
            -122.12036,37.444759,0
            -122.120053,37.445064,0
            -122.119755,37.445228,0
            -122.12055,37.445911,0
            -122.120699,37.446016,0
            -122.120875,37.446103,0
            -122.121107,37.446162,0
            -122.121249,37.446179,0
            -122.121393,37.446174,0
            -122.121549,37.446148,0
            -122.121695,37.446108,0
            -122.122398,37.445818,0
            -122.122789,37.445598,0
            -122.122919,37.4455,0
            -122.123215,37.445212,0
            -122.123394,37.44497,0
            -122.123511,37.444755,0
            -122.123542,37.444726,0
            -122.123598,37.444694,0
            -122.123625,37.444685,0
            -122.12368,37.444678,0
            -122.123727,37.444682,0
            -122.123786,37.444703,0
            -122.123919,37.444786,0
            -122.123144,37.445544,0
            -122.122604,37.44587,0
            -122.121779,37.446227,0
            -122.121514,37.446295,0
            -122.121203,37.446309,0
            -122.120887,37.446255,0
            -122.120645,37.446132,0
            -122.119955,37.445606,0
            -122.119191,37.444952,0
            -122.119041,37.44494,0
            -122.098851,37.425714,0
            -122.097248,37.424355,0
            -122.083772,37.41454,0
            -122.082567,37.413798,0
            -122.082429,37.413698,0
            -122.081467,37.413203,0
            -122.080903,37.412944,0
            -122.070189,37.408567,0
            -122.06916,37.408219,0
            -122.068196,37.407952,0
            -122.055863,37.405232,0
            -122.050927,37.403918,0
            -122.035622,37.400566,0
            -122.035564,37.40049,0
            -122.035511,37.400442,0
            -122.035357,37.40036,0
            -122.035281,37.400301,0
            -122.035206,37.400198,0
            -122.035176,37.400067,0
            -122.035194,37.399963,0
            -122.035223,37.399892,0
            -122.03528,37.399814,0
            -122.035341,37.399754,0
            -122.035548,37.399611,0
            -122.035697,37.399542,0
            -122.035819,37.399504,0
            -122.036029,37.399464,0
            -122.036187,37.399454,0
            -122.03626,37.39946,0
            -122.036389,37.399495,0
            -122.036486,37.399546,0
            -122.036558,37.399608,0
            -122.036635,37.399734,0
            -122.036652,37.399816,0
            -122.036647,37.399913,0
            -122.036603,37.400019,0
            -122.036552,37.400082,0
            -122.036454,37.40016,0
            -122.036236,37.400292,0
            -122.036216,37.400313,0
            -122.036185,37.400376,0
            -122.035063,37.400847,0
            -122.033477,37.4014,0
            -122.032176,37.401766,0
            -122.02708,37.403022,0
            -122.025702,37.403285,0
            -122.023538,37.403627,0
            -122.020706,37.404203,0
            -122.020541,37.404256,0
            -122.01318,37.405936,0
            -122.013014,37.405909,0
            -122.011255,37.406206,0
            -122.010833,37.406229,0
            -122.010763,37.406213,0
            -122.010655,37.406211,0
            -122.01059,37.406194,0
            -122.010551,37.406174,0
            -122.010516,37.406147,0
            -122.010414,37.406029,0
            -122.010552,37.405657,0
            -122.010591,37.405593,0
            -122.010762,37.4054,0
            -122.010393,37.404992,0
            -122.010053,37.404544,0
            -122.009781,37.404501,0
            -122.009734,37.404655,0
          </coordinates>
        </LineString>
      </Placemark>
      <Placemark>
        <name>1220 N Fair Oaks Ave</name>
        <description><![CDATA[description: Building from 2019-05-25T14:50:17.000Z to 2019-05-25T15:14:01.000Z. Distance 0m<br>Email: syugen.zhou@gmail.com<br>Category: Building<br>Distance: 0]]></description>
        <styleUrl>#icon-1739-0288D1</styleUrl>
        <ExtendedData>
          <Data name="description">
            <value>Building from 2019-05-25T14:50:17.000Z to 2019-05-25T15:14:01.000Z. Distance 0m</value>
          </Data>
          <Data name="Email">
            <value>syugen.zhou@gmail.com</value>
          </Data>
          <Data name="Category">
            <value>Building</value>
          </Data>
          <Data name="Distance">
            <value>0</value>
          </Data>
        </ExtendedData>
        <Point>
          <coordinates>
            -122.008754,37.404332,0
          </coordinates>
        </Point>
      </Placemark>
      <Placemark>
        <name>Driving</name>
        <description><![CDATA[description: Driving from 2019-05-25T15:14:01.999Z to 2019-05-25T19:33:33.000Z. Distance 372449m<br>Email: syugen.zhou@gmail.com<br>Category: Driving<br>Distance: 372449]]></description>
        <styleUrl>#line-A52714-5000</styleUrl>
        <ExtendedData>
          <Data name="description">
            <value>Driving from 2019-05-25T15:14:01.999Z to 2019-05-25T19:33:33.000Z. Distance 372449m</value>
          </Data>
          <Data name="Email">
            <value>syugen.zhou@gmail.com</value>
          </Data>
          <Data name="Category">
            <value>Driving</value>
          </Data>
          <Data name="Distance">
            <value>372449</value>
          </Data>
        </ExtendedData>
        <LineString>
          <tessellate>1</tessellate>
          <coordinates>
            -122.008899,37.404169,0
            -122.009437,37.404295,0
            -122.009563,37.404418,0
            -122.010053,37.404544,0
            -122.010567,37.402885,0
            -122.010561,37.402812,0
            -122.011915,37.39864,0
            -122.011586,37.398557,0
            -122.011513,37.398495,0
            -122.011444,37.398296,0
            -122.011902,37.396739,0
            -122.011444,37.398296,0
            -122.011513,37.398495,0
            -122.011586,37.398557,0
            -122.011745,37.3986,0
            -122.010305,37.402838,0
            -122.007757,37.402322,0
            -122.007123,37.40233,0
            -122.006481,37.402497,0
            -122.005323,37.403073,0
            -122.00489,37.403198,0
            -121.995721,37.403334,0
            -121.995922,37.404559,0
            -121.996357,37.405634,0
            -121.997427,37.407354,0
            -121.997446,37.407971,0
            -121.997366,37.408223,0
            -121.996717,37.409141,0
            -121.996249,37.40946,0
            -121.995582,37.409666,0
            -121.995518,37.409715,0
            -121.99414,37.41006,0
            -121.993914,37.41019,0
            -121.988962,37.411275,0
            -121.985552,37.412291,0
            -121.971269,37.418232,0
            -121.970073,37.418556,0
            -121.968645,37.418743,0
            -121.956992,37.419302,0
            -121.944182,37.419306,0
            -121.943382,37.419399,0
            -121.932689,37.421823,0
            -121.929374,37.422338,0
            -121.925849,37.422668,0
            -121.92465,37.422915,0
            -121.919256,37.424529,0
            -121.918546,37.424923,0
            -121.917918,37.425449,0
            -121.917335,37.426255,0
            -121.917031,37.427187,0
            -121.917051,37.428076,0
            -121.918425,37.432253,0
            -121.918592,37.432531,0
            -121.923423,37.457364,0
            -121.923999,37.459113,0
            -121.933382,37.478108,0
            -121.93334,37.478248,0
            -121.935037,37.482299,0
            -121.935113,37.482687,0
            -121.935101,37.483339,0
            -121.934947,37.483912,0
            -121.934638,37.484452,0
            -121.933597,37.485604,0
            -121.93356,37.485695,0
            -121.930211,37.489348,0
            -121.927372,37.491375,0
            -121.924626,37.494304,0
            -121.922533,37.495921,0
            -121.922086,37.49599,0
            -121.921907,37.495947,0
            -121.921812,37.495886,0
            -121.921693,37.495726,0
            -121.921682,37.495508,0
            -121.921763,37.495363,0
            -121.921975,37.495242,0
            -121.922191,37.49522,0
            -121.922568,37.495322,0
            -121.924604,37.497137,0
            -121.9247,37.497281,0
            -121.928754,37.500736,0
            -121.92884,37.500723,0
            -121.933416,37.504834,0
            -121.935121,37.506933,0
            -121.941773,37.518447,0
            -121.945448,37.523815,0
            -121.945742,37.524431,0
            -121.945958,37.525307,0
            -121.945953,37.526297,0
            -121.94581,37.52695,0
            -121.945348,37.527915,0
            -121.944556,37.528878,0
            -121.941242,37.53116,0
            -121.926717,37.538736,0
            -121.925737,37.539449,0
            -121.921325,37.543349,0
            -121.92066,37.54412,0
            -121.920217,37.544875,0
            -121.919937,37.545619,0
            -121.919634,37.548146,0
            -121.919302,37.549196,0
            -121.916483,37.554398,0
            -121.913068,37.558552,0
            -121.911996,37.559327,0
            -121.910735,37.559898,0
            -121.907088,37.561032,0
            -121.906092,37.561501,0
            -121.905133,37.562153,0
            -121.901771,37.564956,0
            -121.890132,37.571244,0
            -121.885852,37.574052,0
            -121.884414,37.574741,0
            -121.880777,37.575909,0
            -121.879828,37.576316,0
            -121.87895,37.576864,0
            -121.876085,37.579267,0
            -121.875151,37.580395,0
            -121.870215,37.589944,0
            -121.870024,37.591031,0
            -121.870086,37.591702,0
            -121.87062,37.593086,0
            -121.872687,37.595682,0
            -121.873192,37.596793,0
            -121.873338,37.598106,0
            -121.872998,37.599451,0
            -121.872009,37.601267,0
            -121.871674,37.602352,0
            -121.871631,37.603133,0
            -121.87187,37.604309,0
            -121.875135,37.612462,0
            -121.879506,37.621198,0
            -121.879767,37.621928,0
            -121.880058,37.627073,0
            -121.880515,37.628984,0
            -121.880991,37.630016,0
            -121.883495,37.63356,0
            -121.883923,37.634576,0
            -121.884102,37.635282,0
            -121.884191,37.636405,0
            -121.884097,37.638285,0
            -121.8844,37.63981,0
            -121.884872,37.640716,0
            -121.885422,37.641426,0
            -121.90449,37.659764,0
            -121.906409,37.661848,0
            -121.908056,37.664336,0
            -121.908689,37.6656,0
            -121.923382,37.70292,0
            -121.924353,37.70457,0
            -121.936773,37.719331,0
            -121.942237,37.726381,0
            -121.94235,37.72646,0
            -121.94956,37.735799,0
            -121.970059,37.767336,0
            -121.977643,37.78218,0
            -121.98029,37.786798,0
            -121.98443,37.795324,0
            -121.987207,37.799078,0
            -121.988246,37.800838,0
            -121.992771,37.811403,0
            -121.993037,37.812329,0
            -121.993245,37.813768,0
            -121.99311,37.820459,0
            -121.993221,37.821773,0
            -121.993765,37.823519,0
            -121.994375,37.824635,0
            -121.994908,37.825363,0
            -121.996086,37.826561,0
            -121.997137,37.827355,0
            -122.019285,37.84122,0
            -122.026317,37.846496,0
            -122.027244,37.847386,0
            -122.027724,37.848012,0
            -122.028346,37.849217,0
            -122.028543,37.849876,0
            -122.028964,37.853645,0
            -122.0293,37.854994,0
            -122.033442,37.86175,0
            -122.033945,37.862274,0
            -122.037343,37.864966,0
            -122.04437,37.874346,0
            -122.048043,37.878021,0
            -122.050474,37.88134,0
            -122.051353,37.882313,0
            -122.05547,37.886088,0
            -122.057262,37.888728,0
            -122.058267,37.889735,0
            -122.059344,37.89041,0
            -122.069187,37.895024,0
            -122.069614,37.895299,0
            -122.070169,37.895799,0
            -122.070567,37.89633,0
            -122.070842,37.897024,0
            -122.070937,37.897664,0
            -122.069929,37.902767,0
            -122.06996,37.902942,0
            -122.068782,37.907692,0
            -122.066358,37.914334,0
            -122.065412,37.915825,0
            -122.063258,37.918204,0
            -122.062525,37.919489,0
            -122.061036,37.923211,0
            -122.060709,37.924647,0
            -122.060187,37.929483,0
            -122.06013,37.939749,0
            -122.059707,37.941504,0
            -122.052749,37.956794,0
            -122.052467,37.95782,0
            -122.052438,37.959125,0
            -122.052757,37.960253,0
            -122.055407,37.965173,0
            -122.056548,37.966797,0
            -122.063182,37.974859,0
            -122.063763,37.975719,0
            -122.064719,37.977616,0
            -122.065119,37.978788,0
            -122.067803,37.991637,0
            -122.068241,37.992597,0
            -122.06886,37.993569,0
            -122.069995,37.994819,0
            -122.076332,37.999915,0
            -122.087965,38.010554,0
            -122.095858,38.018606,0
            -122.096691,38.019195,0
            -122.097351,38.019547,0
            -122.112585,38.025859,0
            -122.115294,38.027662,0
            -122.115789,38.028162,0
            -122.116209,38.02876,0
            -122.116198,38.028893,0
            -122.116624,38.030069,0
            -122.116779,38.034859,0
            -122.117179,38.03638,0
            -122.117899,38.037798,0
            -122.126478,38.048933,0
            -122.126541,38.049115,0
            -122.1287,38.051909,0
            -122.129199,38.052902,0
            -122.129408,38.053653,0
            -122.129456,38.056851,0
            -122.129704,38.057866,0
            -122.131125,38.060862,0
            -122.131323,38.061648,0
            -122.131364,38.062583,0
            -122.131247,38.063382,0
            -122.131036,38.064021,0
            -122.130606,38.064813,0
            -122.119366,38.078355,0
            -122.112718,38.084713,0
            -122.10837,38.089933,0
            -122.10758,38.09111,0
            -122.10696,38.092493,0
            -122.103327,38.103553,0
            -122.103097,38.104746,0
            -122.103069,38.105697,0
            -122.103287,38.107118,0
            -122.104031,38.108887,0
            -122.105276,38.110875,0
            -122.105863,38.1122,0
            -122.106122,38.113319,0
            -122.106029,38.119513,0
            -122.107429,38.129533,0
            -122.107958,38.131081,0
            -122.109867,38.134662,0
            -122.110178,38.135715,0
            -122.110325,38.13716,0
            -122.109372,38.142299,0
            -122.109396,38.143481,0
            -122.109559,38.144511,0
            -122.114576,38.156639,0
            -122.115472,38.157924,0
            -122.128904,38.173539,0
            -122.129638,38.17461,0
            -122.136842,38.187583,0
            -122.137325,38.188719,0
            -122.137669,38.190228,0
            -122.13771,38.215323,0
            -122.13739,38.2162,0
            -122.136827,38.216922,0
            -122.134432,38.218787,0
            -122.134413,38.218965,0
            -122.125213,38.225007,0
            -122.119532,38.227964,0
            -122.076952,38.246503,0
            -122.073173,38.247607,0
            -122.071421,38.248379,0
            -122.070442,38.249014,0
            -122.069581,38.249752,0
            -122.035397,38.29007,0
            -122.034653,38.291186,0
            -122.034107,38.292576,0
            -122.033947,38.293812,0
            -122.033671,38.30677,0
            -122.032688,38.313188,0
            -122.03246,38.313961,0
            -122.031806,38.315368,0
            -122.031039,38.316491,0
            -122.025335,38.322924,0
            -122.016191,38.337162,0
            -122.014835,38.338765,0
            -122.013065,38.340207,0
            -122.011315,38.341218,0
            -122.010007,38.341785,0
            -122.00396,38.343618,0
            -121.981518,38.352351,0
            -121.980205,38.353012,0
            -121.978836,38.353971,0
            -121.974179,38.358277,0
            -121.973069,38.359098,0
            -121.964144,38.36462,0
            -121.801645,38.490367,0
            -121.765614,38.523905,0
            -121.762467,38.526189,0
            -121.75951,38.527712,0
            -121.757288,38.528553,0
            -121.754838,38.529271,0
            -121.751531,38.529931,0
            -121.749485,38.530484,0
            -121.746513,38.531633,0
            -121.744213,38.532901,0
            -121.742991,38.533753,0
            -121.732366,38.542628,0
            -121.730479,38.54385,0
            -121.729106,38.544551,0
            -121.727095,38.545334,0
            -121.699239,38.55175,0
            -121.69557,38.552244,0
            -121.693161,38.552769,0
            -121.69002,38.55381,0
            -121.670076,38.558318,0
            -121.653283,38.560715,0
            -121.580519,38.573712,0
            -121.572304,38.574931,0
            -121.572011,38.574888,0
            -121.569946,38.575084,0
            -121.566608,38.575,0
            -121.56551,38.575171,0
            -121.564738,38.575397,0
            -121.563827,38.575787,0
            -121.562612,38.576601,0
            -121.561907,38.577339,0
            -121.538199,38.612445,0
            -121.537479,38.613316,0
            -121.535917,38.614745,0
            -121.534519,38.615686,0
            -121.492956,38.637602,0
            -121.491519,38.638242,0
            -121.487894,38.639283,0
            -121.469425,38.641575,0
            -121.467085,38.641646,0
            -121.449236,38.641109,0
            -121.447385,38.641233,0
            -121.435416,38.643113,0
            -121.433228,38.643177,0
            -121.430622,38.642963,0
            -121.428878,38.642643,0
            -121.427286,38.642218,0
            -121.424765,38.641238,0
            -121.419246,38.638509,0
            -121.41783,38.637972,0
            -121.416296,38.637572,0
            -121.415097,38.637375,0
            -121.413486,38.637257,0
            -121.404538,38.637295,0
            -121.403617,38.637381,0
            -121.402577,38.637597,0
            -121.401634,38.63794,0
            -121.400701,38.638436,0
            -121.395826,38.641905,0
            -121.393758,38.642949,0
            -121.392086,38.643528,0
            -121.390929,38.643809,0
            -121.379175,38.645561,0
            -121.377836,38.645917,0
            -121.376344,38.646503,0
            -121.374704,38.647465,0
            -121.374326,38.647801,0
            -121.374181,38.647863,0
            -121.273648,38.739934,0
            -121.272085,38.741817,0
            -121.257926,38.763445,0
            -121.25739,38.764087,0
            -121.256375,38.764977,0
            -121.233179,38.779579,0
            -121.134524,38.862096,0
            -121.133919,38.862855,0
            -121.133145,38.864207,0
            -121.132742,38.865379,0
            -121.131263,38.8742,0
            -121.130938,38.875093,0
            -121.130501,38.875788,0
            -121.130077,38.876274,0
            -121.129015,38.877112,0
            -121.128223,38.877528,0
            -121.126899,38.877961,0
            -121.126056,38.878096,0
            -121.118781,38.878529,0
            -121.116947,38.878792,0
            -121.106235,38.881912,0
            -121.104342,38.882698,0
            -121.09742,38.886691,0
            -121.09606,38.887348,0
            -121.094548,38.887893,0
            -121.091241,38.88872,0
            -121.089711,38.889306,0
            -121.088092,38.890296,0
            -121.085757,38.892166,0
            -121.082974,38.893659,0
            -121.082204,38.89428,0
            -121.080778,38.895738,0
            -121.077697,38.897503,0
            -121.072463,38.902103,0
            -121.071907,38.90282,0
            -121.071537,38.903488,0
            -121.071218,38.90473,0
            -121.071276,38.906859,0
            -121.071106,38.907667,0
            -121.070578,38.908637,0
            -121.069913,38.909339,0
            -121.06786,38.910862,0
            -121.067227,38.911499,0
            -121.065608,38.913536,0
            -121.060624,38.918053,0
            -121.060145,38.918627,0
            -121.057651,38.922733,0
            -121.057006,38.924094,0
            -121.056444,38.92587,0
            -121.054681,38.934228,0
            -121.0543,38.935128,0
            -121.0522,38.938201,0
            -121.050462,38.941405,0
            -121.049793,38.942189,0
            -121.046122,38.945245,0
            -121.042359,38.949005,0
            -121.037716,38.954215,0
            -121.036425,38.955286,0
            -121.022731,38.963867,0
            -121.022032,38.964403,0
            -121.021434,38.965007,0
            -121.019812,38.967375,0
            -121.016301,38.971146,0
            -121.006641,38.98405,0
            -121.001131,38.989798,0
            -121.000538,38.990577,0
            -120.997939,38.995097,0
            -120.99571,39.000415,0
            -120.995023,39.001621,0
            -120.990102,39.008366,0
            -120.989763,39.009265,0
            -120.989624,39.010202,0
            -120.989765,39.012441,0
            -120.989575,39.013629,0
            -120.989181,39.014492,0
            -120.988334,39.015537,0
            -120.987556,39.016149,0
            -120.986858,39.016546,0
            -120.982724,39.018417,0
            -120.981583,39.01913,0
            -120.980911,39.019728,0
            -120.978873,39.02215,0
            -120.97827,39.023306,0
            -120.9769,39.027994,0
            -120.97587,39.032945,0
            -120.975561,39.033702,0
            -120.973924,39.036141,0
            -120.97329,39.03776,0
            -120.973165,39.039315,0
            -120.973306,39.040235,0
            -120.974027,39.042658,0
            -120.974131,39.04365,0
            -120.974087,39.044186,0
            -120.973822,39.045172,0
            -120.970582,39.05215,0
            -120.967845,39.061826,0
            -120.967496,39.06258,0
            -120.966808,39.063631,0
            -120.965006,39.065721,0
            -120.964321,39.06708,0
            -120.963925,39.070389,0
            -120.963686,39.071297,0
            -120.955692,39.086318,0
            -120.954629,39.087805,0
            -120.951635,39.090688,0
            -120.950982,39.091452,0
            -120.950194,39.092758,0
            -120.949705,39.094169,0
            -120.948107,39.104672,0
            -120.947752,39.105749,0
            -120.94632,39.108669,0
            -120.943553,39.11602,0
            -120.941825,39.118586,0
            -120.940841,39.121976,0
            -120.937321,39.128066,0
            -120.936108,39.131661,0
            -120.935912,39.132017,0
            -120.935496,39.132508,0
            -120.934974,39.132902,0
            -120.934508,39.133144,0
            -120.932366,39.133837,0
            -120.931669,39.134202,0
            -120.931229,39.134549,0
            -120.928858,39.137901,0
            -120.928514,39.13824,0
            -120.927635,39.138767,0
            -120.926974,39.138981,0
            -120.926047,39.139086,0
            -120.920587,39.138534,0
            -120.919834,39.138556,0
            -120.918888,39.138707,0
            -120.917901,39.13903,0
            -120.917305,39.139314,0
            -120.913418,39.14203,0
            -120.912764,39.142658,0
            -120.91239,39.143172,0
            -120.911398,39.145374,0
            -120.910983,39.145881,0
            -120.910218,39.146467,0
            -120.909543,39.146786,0
            -120.908716,39.147023,0
            -120.907957,39.147129,0
            -120.905614,39.147044,0
            -120.904345,39.147177,0
            -120.903702,39.147345,0
            -120.883344,39.156694,0
            -120.877982,39.158629,0
            -120.877296,39.158968,0
            -120.876551,39.159503,0
            -120.876118,39.159938,0
            -120.875651,39.160613,0
            -120.87531,39.161527,0
            -120.875247,39.162406,0
            -120.875694,39.165319,0
            -120.875654,39.166236,0
            -120.87531,39.167392,0
            -120.874831,39.168225,0
            -120.874162,39.168998,0
            -120.873634,39.169453,0
            -120.872558,39.170133,0
            -120.87113,39.170692,0
            -120.861885,39.172803,0
            -120.860553,39.173286,0
            -120.859308,39.174021,0
            -120.849873,39.181865,0
            -120.849273,39.182501,0
            -120.848043,39.184215,0
            -120.847266,39.18504,0
            -120.846161,39.185885,0
            -120.842143,39.187879,0
            -120.840966,39.188289,0
            -120.840164,39.188461,0
            -120.835745,39.188808,0
            -120.834034,39.188678,0
            -120.831274,39.187867,0
            -120.8305,39.187734,0
            -120.829758,39.187708,0
            -120.824569,39.188396,0
            -120.823882,39.188552,0
            -120.822987,39.188889,0
            -120.818791,39.191542,0
            -120.818239,39.19203,0
            -120.817656,39.192832,0
            -120.816855,39.195235,0
            -120.81643,39.195987,0
            -120.814305,39.198792,0
            -120.813371,39.200488,0
            -120.812729,39.201227,0
            -120.8119,39.201822,0
            -120.810676,39.202326,0
            -120.80536,39.20315,0
            -120.803497,39.203209,0
            -120.799502,39.202748,0
            -120.79847,39.202777,0
            -120.797176,39.203064,0
            -120.796496,39.203343,0
            -120.795701,39.203826,0
            -120.793185,39.205706,0
            -120.786891,39.208822,0
            -120.776801,39.214663,0
            -120.775724,39.215697,0
            -120.773977,39.21821,0
            -120.773194,39.219045,0
            -120.768424,39.222849,0
            -120.766848,39.225112,0
            -120.766396,39.225575,0
            -120.765653,39.226104,0
            -120.763351,39.227157,0
            -120.762565,39.227662,0
            -120.762,39.228194,0
            -120.760604,39.230421,0
            -120.760214,39.230835,0
            -120.759289,39.231485,0
            -120.757411,39.232428,0
            -120.75634,39.233128,0
            -120.754359,39.23484,0
            -120.753684,39.235577,0
            -120.75309,39.236445,0
            -120.752618,39.237569,0
            -120.752328,39.240339,0
            -120.752082,39.241103,0
            -120.75145,39.242018,0
            -120.75087,39.242503,0
            -120.748109,39.244012,0
            -120.745081,39.245374,0
            -120.74431,39.245956,0
            -120.737058,39.253236,0
            -120.736119,39.253767,0
            -120.733875,39.25463,0
            -120.732903,39.255165,0
            -120.732175,39.255709,0
            -120.731163,39.256856,0
            -120.726322,39.26605,0
            -120.725908,39.266542,0
            -120.725216,39.267121,0
            -120.724529,39.267524,0
            -120.716479,39.270282,0
            -120.715525,39.27076,0
            -120.71506,39.271096,0
            -120.714488,39.271657,0
            -120.714185,39.27209,0
            -120.713824,39.272903,0
            -120.71372,39.273422,0
            -120.713864,39.276415,0
            -120.713647,39.277482,0
            -120.713208,39.278381,0
            -120.712793,39.278938,0
            -120.711918,39.279746,0
            -120.711065,39.280279,0
            -120.687411,39.291245,0
            -120.686226,39.291613,0
            -120.681794,39.291976,0
            -120.680735,39.292209,0
            -120.679071,39.292833,0
            -120.678371,39.293222,0
            -120.675655,39.295105,0
            -120.675035,39.295742,0
            -120.674063,39.29737,0
            -120.673506,39.29805,0
            -120.672926,39.298517,0
            -120.671906,39.299042,0
            -120.668019,39.30029,0
            -120.653236,39.303956,0
            -120.648989,39.304762,0
            -120.647808,39.305103,0
            -120.646216,39.305759,0
            -120.639852,39.308981,0
            -120.638364,39.309459,0
            -120.637154,39.309639,0
            -120.63378,39.309803,0
            -120.632762,39.309994,0
            -120.631594,39.310409,0
            -120.630912,39.310776,0
            -120.627024,39.313439,0
            -120.625287,39.31431,0
            -120.623883,39.314725,0
            -120.622526,39.31493,0
            -120.619634,39.315059,0
            -120.617689,39.315351,0
            -120.61604,39.315848,0
            -120.604904,39.321444,0
            -120.604478,39.321731,0
            -120.603867,39.322306,0
            -120.602416,39.324408,0
            -120.6017,39.325004,0
            -120.600975,39.325401,0
            -120.600422,39.325612,0
            -120.59943,39.325838,0
            -120.595511,39.326051,0
            -120.594876,39.326202,0
            -120.593706,39.326681,0
            -120.593082,39.327076,0
            -120.590213,39.329391,0
            -120.589186,39.329849,0
            -120.58817,39.330095,0
            -120.587303,39.330173,0
            -120.586662,39.330156,0
            -120.585619,39.32999,0
            -120.57408,39.326906,0
            -120.573038,39.326508,0
            -120.571695,39.325772,0
            -120.570831,39.325113,0
            -120.5666,39.321138,0
            -120.565174,39.320079,0
            -120.563535,39.319257,0
            -120.560499,39.318095,0
            -120.559929,39.317786,0
            -120.557576,39.31612,0
            -120.556314,39.315454,0
            -120.551879,39.313939,0
            -120.543731,39.309509,0
            -120.538122,39.305859,0
            -120.536919,39.305392,0
            -120.533356,39.304496,0
            -120.532531,39.304371,0
            -120.531198,39.304402,0
            -120.528266,39.305086,0
            -120.527129,39.305228,0
            -120.523577,39.305229,0
            -120.522811,39.305352,0
            -120.521907,39.305635,0
            -120.521366,39.305888,0
            -120.520459,39.306522,0
            -120.52001,39.306993,0
            -120.519641,39.307541,0
            -120.518319,39.310655,0
            -120.517632,39.311492,0
            -120.516279,39.312475,0
            -120.515431,39.312858,0
            -120.514116,39.313224,0
            -120.51297,39.313352,0
            -120.511486,39.313273,0
            -120.506744,39.312127,0
            -120.504276,39.311763,0
            -120.490911,39.31158,0
            -120.489425,39.311678,0
            -120.476979,39.313632,0
            -120.475986,39.313695,0
            -120.469949,39.313461,0
            -120.46837,39.313592,0
            -120.467325,39.31383,0
            -120.464301,39.314804,0
            -120.463025,39.315061,0
            -120.461569,39.315172,0
            -120.460609,39.315144,0
            -120.450269,39.313716,0
            -120.448039,39.313725,0
            -120.435723,39.316142,0
            -120.433783,39.316679,0
            -120.415835,39.323592,0
            -120.415004,39.323782,0
            -120.414066,39.323866,0
            -120.413118,39.323819,0
            -120.412089,39.323611,0
            -120.408411,39.322398,0
            -120.406273,39.322061,0
            -120.404707,39.322074,0
            -120.403389,39.322257,0
            -120.393693,39.324544,0
            -120.392933,39.32485,0
            -120.388827,39.326998,0
            -120.387898,39.327312,0
            -120.386696,39.327496,0
            -120.385879,39.327495,0
            -120.38486,39.327346,0
            -120.381382,39.326485,0
            -120.378865,39.326191,0
            -120.377047,39.326177,0
            -120.374049,39.32651,0
            -120.37169,39.327105,0
            -120.370256,39.327639,0
            -120.356736,39.334175,0
            -120.354984,39.335241,0
            -120.352047,39.337504,0
            -120.350913,39.338181,0
            -120.349802,39.33866,0
            -120.337099,39.342363,0
            -120.335556,39.342682,0
            -120.333929,39.342844,0
            -120.326001,39.342532,0
            -120.325369,39.342446,0
            -120.324242,39.342161,0
            -120.321805,39.341242,0
            -120.32039,39.340997,0
            -120.319184,39.341029,0
            -120.315608,39.341788,0
            -120.314436,39.341777,0
            -120.313607,39.341635,0
            -120.312972,39.341444,0
            -120.312122,39.34105,0
            -120.307942,39.337829,0
            -120.307278,39.337079,0
            -120.306828,39.336249,0
            -120.305935,39.333852,0
            -120.305331,39.332768,0
            -120.302896,39.329329,0
            -120.302284,39.3287,0
            -120.301122,39.327926,0
            -120.300078,39.327505,0
            -120.298442,39.327199,0
            -120.297544,39.327184,0
            -120.29658,39.327288,0
            -120.295471,39.327576,0
            -120.294445,39.328033,0
            -120.293645,39.328566,0
            -120.291938,39.330012,0
            -120.291131,39.330477,0
            -120.289884,39.330886,0
            -120.289263,39.330987,0
            -120.288228,39.331008,0
            -120.287023,39.330821,0
            -120.276631,39.327371,0
            -120.275668,39.327171,0
            -120.274258,39.327059,0
            -120.273305,39.327099,0
            -120.272166,39.327268,0
            -120.27104,39.327582,0
            -120.268644,39.32852,0
            -120.267695,39.328799,0
            -120.264287,39.329165,0
            -120.26324,39.329455,0
            -120.259735,39.331015,0
            -120.258472,39.331365,0
            -120.257467,39.331501,0
            -120.256434,39.331524,0
            -120.247201,39.330801,0
            -120.243432,39.329948,0
            -120.24229,39.329459,0
            -120.238766,39.326948,0
            -120.237762,39.3264,0
            -120.236856,39.326057,0
            -120.232244,39.324994,0
            -120.216353,39.323084,0
            -120.202643,39.322944,0
            -120.201598,39.32301,0
            -120.20046,39.323192,0
            -120.195645,39.324336,0
            -120.194485,39.324706,0
            -120.193067,39.325344,0
            -120.191925,39.326061,0
            -120.18842,39.32924,0
            -120.186958,39.33036,0
            -120.178737,39.335155,0
            -120.177127,39.335846,0
            -120.169528,39.337544,0
            -120.168041,39.3381,0
            -120.1667,39.338808,0
            -120.143859,39.357023,0
            -120.142157,39.358053,0
            -120.140091,39.358928,0
            -120.124733,39.363162,0
            -120.123291,39.363452,0
            -120.118862,39.363865,0
            -120.117688,39.364268,0
            -120.117144,39.364562,0
            -120.116112,39.365423,0
            -120.115508,39.366385,0
            -120.113869,39.370681,0
            -120.113148,39.371657,0
            -120.112551,39.372239,0
            -120.111757,39.372837,0
            -120.110821,39.373368,0
            -120.106456,39.375053,0
            -120.104914,39.375907,0
            -120.101942,39.378045,0
            -120.093967,39.382816,0
            -120.093028,39.383112,0
            -120.084509,39.383953,0
            -120.083277,39.383966,0
            -120.081868,39.383824,0
            -120.080511,39.383547,0
            -120.079006,39.383051,0
            -120.078063,39.382634,0
            -120.073257,39.379769,0
            -120.072768,39.379333,0
            -120.072261,39.378682,0
            -120.071428,39.377208,0
            -120.070796,39.376484,0
            -120.070099,39.375948,0
            -120.069193,39.375478,0
            -120.06374,39.373359,0
            -120.062248,39.372978,0
            -120.053238,39.372009,0
            -120.052221,39.37172,0
            -120.048896,39.370042,0
            -120.048242,39.369826,0
            -120.04725,39.369646,0
            -120.046574,39.369617,0
            -120.040699,39.370345,0
            -120.039086,39.370759,0
            -120.03373,39.372816,0
            -120.032798,39.373389,0
            -120.0322,39.374023,0
            -120.031168,39.375684,0
            -120.03059,39.376193,0
            -120.029575,39.376713,0
            -120.024735,39.378276,0
            -120.023874,39.378753,0
            -120.023301,39.379255,0
            -120.022958,39.379687,0
            -120.02264,39.380318,0
            -120.022509,39.380827,0
            -120.022498,39.381497,0
            -120.0228,39.382525,0
            -120.023201,39.383259,0
            -120.024463,39.385012,0
            -120.024806,39.385755,0
            -120.024921,39.386275,0
            -120.024935,39.386918,0
            -120.02461,39.38875,0
            -120.02462,39.389284,0
            -120.025606,39.392613,0
            -120.025607,39.393354,0
            -120.025434,39.394072,0
            -120.024778,39.395154,0
            -120.02261,39.39734,0
            -120.022212,39.397948,0
            -120.021951,39.398702,0
            -120.021889,39.399361,0
            -120.022351,39.401433,0
            -120.022677,39.402053,0
            -120.023359,39.402791,0
            -120.025503,39.404115,0
            -120.026017,39.404543,0
            -120.026483,39.405119,0
            -120.02683,39.40588,0
            -120.027171,39.409941,0
            -120.028156,39.412026,0
            -120.028411,39.412913,0
            -120.028633,39.414491,0
            -120.028995,39.415497,0
            -120.029209,39.415856,0
            -120.033055,39.420361,0
            -120.035019,39.422099,0
            -120.035314,39.422467,0
            -120.035721,39.423353,0
            -120.035796,39.423862,0
            -120.035726,39.424608,0
            -120.033607,39.430047,0
            -120.033149,39.430722,0
            -120.032341,39.431442,0
            -120.028146,39.433873,0
            -120.018329,39.440319,0
            -120.017163,39.440852,0
            -120.014194,39.441804,0
            -120.01313,39.442266,0
            -120.01237,39.442728,0
            -120.011556,39.443401,0
            -120.010987,39.444046,0
            -120.010363,39.445127,0
            -120.009251,39.44883,0
            -120.009098,39.449886,0
            -120.009253,39.456349,0
            -120.008932,39.457921,0
            -120.007323,39.461347,0
            -120.003125,39.467804,0
            -120.00038,39.471083,0
            -119.999919,39.47151,0
            -119.997722,39.472885,0
            -119.997146,39.473523,0
            -119.996845,39.474068,0
            -119.994246,39.481797,0
            -119.993885,39.484295,0
            -119.994021,39.486168,0
            -119.994355,39.487569,0
            -119.997562,39.496106,0
            -119.999181,39.50446,0
            -119.999181,39.505253,0
            -119.998946,39.506419,0
            -119.9987,39.507047,0
            -119.998154,39.507962,0
            -119.997345,39.508879,0
            -119.996088,39.509835,0
            -119.990328,39.512663,0
            -119.987595,39.513608,0
            -119.985127,39.514104,0
            -119.98331,39.51428,0
            -119.980292,39.514245,0
            -119.978307,39.513984,0
            -119.962449,39.510345,0
            -119.961159,39.510274,0
            -119.960312,39.510325,0
            -119.951012,39.511917,0
            -119.949556,39.512023,0
            -119.948449,39.511951,0
            -119.94661,39.511509,0
            -119.943316,39.510298,0
            -119.941747,39.509888,0
            -119.939622,39.509648,0
            -119.937932,39.509699,0
            -119.93574,39.510066,0
            -119.934416,39.510488,0
            -119.92881,39.512963,0
            -119.924288,39.51538,0
            -119.923258,39.515773,0
            -119.922448,39.515971,0
            -119.921315,39.5161,0
            -119.920468,39.516094,0
            -119.919067,39.515894,0
            -119.91048,39.513661,0
            -119.908874,39.513402,0
            -119.906262,39.5132,0
            -119.904639,39.513202,0
            -119.902247,39.513393,0
            -119.876767,39.517649,0
            -119.874417,39.518215,0
            -119.87103,39.519442,0
            -119.860574,39.52498,0
            -119.858323,39.525829,0
            -119.855554,39.526419,0
            -119.836048,39.527208,0
            -119.835054,39.527343,0
            -119.834868,39.527322,0
            -119.833754,39.527526,0
            -119.832582,39.527882,0
            -119.830165,39.528845,0
            -119.829861,39.528833,0
            -119.828645,39.528187,0
            -119.828526,39.52835,0
            -119.828542,39.528395,0
            -119.828429,39.528531,0
            -119.82813,39.528677,0
            -119.820435,39.53013,0
          </coordinates>
        </LineString>
      </Placemark>
      <Placemark>
        <name>Ramen4Real</name>
        <description><![CDATA[description: Ramen from 2019-05-25T19:33:33.000Z to 2019-05-25T20:33:36.000Z. Distance 0m<br>Email: syugen.zhou@gmail.com<br>Category: Ramen<br>Distance: 0]]></description>
        <styleUrl>#icon-1739-0288D1</styleUrl>
        <ExtendedData>
          <Data name="description">
            <value>Ramen from 2019-05-25T19:33:33.000Z to 2019-05-25T20:33:36.000Z. Distance 0m</value>
          </Data>
          <Data name="Email">
            <value>syugen.zhou@gmail.com</value>
          </Data>
          <Data name="Category">
            <value>Ramen</value>
          </Data>
          <Data name="Distance">
            <value>0</value>
          </Data>
        </ExtendedData>
        <Point>
          <coordinates>
            -119.820344,39.52985,0
          </coordinates>
        </Point>
      </Placemark>
      <Placemark>
        <name>Driving</name>
        <description><![CDATA[description: Driving from 2019-05-25T20:33:36.997Z to 2019-05-25T21:37:06.000Z. Distance 96311m<br>Email: syugen.zhou@gmail.com<br>Category: Driving<br>Distance: 96311]]></description>
        <styleUrl>#line-A52714-5000</styleUrl>
        <ExtendedData>
          <Data name="description">
            <value>Driving from 2019-05-25T20:33:36.997Z to 2019-05-25T21:37:06.000Z. Distance 96311m</value>
          </Data>
          <Data name="Email">
            <value>syugen.zhou@gmail.com</value>
          </Data>
          <Data name="Category">
            <value>Driving</value>
          </Data>
          <Data name="Distance">
            <value>96311</value>
          </Data>
        </ExtendedData>
        <LineString>
          <tessellate>1</tessellate>
          <coordinates>
            -119.820341,39.530148,0
            -119.817266,39.530727,0
            -119.8171,39.530719,0
            -119.813333,39.531429,0
            -119.813746,39.532729,0
            -119.805098,39.534383,0
            -119.804937,39.534355,0
            -119.80348,39.534628,0
            -119.803189,39.534635,0
            -119.803279,39.53626,0
            -119.799574,39.536423,0
            -119.799377,39.536497,0
            -119.796383,39.536462,0
            -119.785674,39.537328,0
            -119.784405,39.537264,0
            -119.783123,39.537057,0
            -119.781661,39.536662,0
            -119.780954,39.536398,0
            -119.777369,39.53474,0
            -119.776502,39.534491,0
            -119.772249,39.533914,0
            -119.753931,39.533833,0
            -119.753046,39.533887,0
            -119.75056,39.534295,0
            -119.749255,39.534404,0
            -119.742019,39.534292,0
            -119.741059,39.534121,0
            -119.740403,39.533934,0
            -119.731996,39.530388,0
            -119.730107,39.529829,0
            -119.727673,39.529372,0
            -119.704493,39.526959,0
            -119.702275,39.5266,0
            -119.698745,39.525768,0
            -119.696252,39.525002,0
            -119.690298,39.522778,0
            -119.688793,39.522003,0
            -119.68769,39.521313,0
            -119.685147,39.519411,0
            -119.684489,39.518819,0
            -119.683162,39.51739,0
            -119.682537,39.516834,0
            -119.681476,39.516093,0
            -119.676355,39.513587,0
            -119.675299,39.513195,0
            -119.669978,39.51195,0
            -119.665533,39.51073,0
            -119.663979,39.510434,0
            -119.661643,39.510257,0
            -119.65986,39.510331,0
            -119.652435,39.511569,0
            -119.64757,39.512143,0
            -119.646712,39.512373,0
            -119.644372,39.513375,0
            -119.643613,39.513594,0
            -119.642624,39.513763,0
            -119.639654,39.513811,0
            -119.638719,39.513896,0
            -119.637424,39.514176,0
            -119.636456,39.514539,0
            -119.635311,39.51518,0
            -119.615785,39.528957,0
            -119.614763,39.529466,0
            -119.613702,39.529843,0
            -119.609158,39.531037,0
            -119.608501,39.531272,0
            -119.607441,39.53177,0
            -119.606391,39.532453,0
            -119.605848,39.532916,0
            -119.596543,39.54226,0
            -119.595418,39.543241,0
            -119.593929,39.544268,0
            -119.59189,39.545316,0
            -119.586571,39.547228,0
            -119.585734,39.547458,0
            -119.580405,39.548381,0
            -119.577243,39.549135,0
            -119.57475,39.549912,0
            -119.57169,39.551112,0
            -119.550228,39.561049,0
            -119.548519,39.561712,0
            -119.545943,39.562487,0
            -119.54178,39.563415,0
            -119.539926,39.564109,0
            -119.538868,39.564678,0
            -119.536033,39.566518,0
            -119.534986,39.567088,0
            -119.533993,39.567508,0
            -119.533076,39.567808,0
            -119.531804,39.568102,0
            -119.530099,39.5683,0
            -119.505882,39.567848,0
            -119.49081,39.56635,0
            -119.487817,39.5663,0
            -119.484892,39.566439,0
            -119.477345,39.567446,0
            -119.476184,39.56778,0
            -119.475412,39.568111,0
            -119.47456,39.568602,0
            -119.473515,39.569482,0
            -119.472838,39.57035,0
            -119.472486,39.571017,0
            -119.472181,39.572046,0
            -119.472122,39.572764,0
            -119.472246,39.575244,0
            -119.472097,39.576482,0
            -119.471792,39.577443,0
            -119.469203,39.583277,0
            -119.46882,39.583933,0
            -119.468179,39.584696,0
            -119.46728,39.585444,0
            -119.466699,39.585801,0
            -119.464229,39.58691,0
            -119.460863,39.588998,0
            -119.459394,39.589662,0
            -119.458605,39.589908,0
            -119.457509,39.590144,0
            -119.455922,39.59029,0
            -119.454734,39.590253,0
            -119.444116,39.589084,0
            -119.440951,39.588963,0
            -119.425577,39.589301,0
            -119.423783,39.58947,0
            -119.415674,39.591109,0
            -119.414375,39.591281,0
            -119.412271,39.591361,0
            -119.406923,39.590972,0
            -119.404992,39.590648,0
            -119.399449,39.589305,0
            -119.397883,39.589064,0
            -119.395463,39.588931,0
            -119.393637,39.589022,0
            -119.39167,39.589304,0
            -119.384146,39.590955,0
            -119.38308,39.591055,0
            -119.382103,39.591022,0
            -119.380904,39.590821,0
            -119.378364,39.590027,0
            -119.377164,39.589822,0
            -119.376301,39.589784,0
            -119.375379,39.58984,0
            -119.374333,39.59003,0
            -119.369932,39.591295,0
            -119.368899,39.591744,0
            -119.368271,39.592119,0
            -119.367292,39.592949,0
            -119.365219,39.595313,0
            -119.364359,39.59604,0
            -119.363574,39.596505,0
            -119.36309,39.596724,0
            -119.359021,39.598062,0
            -119.357836,39.598295,0
            -119.356947,39.598352,0
            -119.353911,39.598149,0
            -119.352291,39.598138,0
            -119.350651,39.598242,0
            -119.348415,39.59858,0
            -119.346958,39.598929,0
            -119.328792,39.604682,0
            -119.325797,39.605886,0
            -119.323487,39.607189,0
            -119.314045,39.613634,0
            -119.312661,39.614452,0
            -119.310638,39.615382,0
            -119.309214,39.615886,0
            -119.307142,39.616418,0
            -119.304754,39.616778,0
            -119.287273,39.618131,0
            -119.28366,39.618172,0
            -119.280199,39.61794,0
            -119.260825,39.615324,0
            -119.257882,39.615063,0
            -119.241897,39.615048,0
            -119.239917,39.614931,0
            -119.227689,39.613344,0
            -119.227603,39.613281,0
            -119.225026,39.612803,0
            -119.223438,39.612608,0
            -119.21979,39.612446,0
            -119.219286,39.612363,0
            -119.218952,39.612152,0
            -119.218842,39.612006,0
            -119.218799,39.611881,0
            -119.218792,39.61163,0
            -119.219407,39.610322,0
            -119.219915,39.60963,0
            -119.222196,39.607803,0
            -119.226729,39.604597,0
            -119.226966,39.604279,0
            -119.227159,39.603752,0
            -119.22728,39.603697,0
            -119.227346,39.603613,0
            -119.227348,39.603491,0
            -119.227312,39.603423,0
            -119.227176,39.603331,0
            -119.227034,39.603321,0
            -119.2269,39.603364,0
            -119.226808,39.603451,0
            -119.226548,39.603476,0
            -119.226221,39.603415,0
            -119.224233,39.602609,0
            -119.21975,39.601393,0
            -119.217247,39.600934,0
            -119.192875,39.597766,0
            -119.191348,39.597493,0
            -119.130054,39.58938,0
            -119.125276,39.588465,0
            -119.121882,39.587437,0
            -119.11715,39.58567,0
            -119.114976,39.584652,0
            -119.109686,39.5818,0
            -119.0811,39.564855,0
            -119.078704,39.563743,0
            -119.077427,39.563302,0
            -119.074601,39.562631,0
            -119.072105,39.562354,0
            -119.070093,39.562324,0
            -119.067237,39.562575,0
            -119.067139,39.56264,0
            -119.054514,39.563848,0
            -119.053075,39.563879,0
            -119.051563,39.563799,0
            -119.051381,39.563733,0
            -119.048732,39.56331,0
            -119.047514,39.562997,0
            -119.045373,39.562231,0
            -118.953666,39.519685,0
            -118.953588,39.519706,0
            -118.945882,39.516198,0
            -118.945724,39.516059,0
            -118.937233,39.512091,0
            -118.937025,39.512062,0
            -118.928974,39.508376,0
            -118.927104,39.507788,0
            -118.913759,39.50444,0
            -118.907149,39.502138,0
            -118.906058,39.501652,0
            -118.888561,39.490557,0
            -118.887316,39.489935,0
            -118.885481,39.489174,0
            -118.883545,39.488593,0
            -118.882009,39.488236,0
            -118.866455,39.485606,0
            -118.865277,39.485508,0
            -118.838637,39.485493,0
            -118.837677,39.485438,0
            -118.83659,39.485291,0
            -118.808702,39.478341,0
            -118.808677,39.478296,0
            -118.803689,39.477046,0
            -118.80354,39.477059,0
            -118.800847,39.476388,0
          </coordinates>
        </LineString>
      </Placemark>
      <Placemark>
        <name><![CDATA[McDonald's]]></name>
        <description><![CDATA[description: Fast Food from 2019-05-25T21:37:06.000Z to 2019-05-25T21:45:35.000Z. Distance 0m<br>Email: syugen.zhou@gmail.com<br>Category: Fast Food<br>Distance: 0]]></description>
        <styleUrl>#icon-1739-0288D1</styleUrl>
        <ExtendedData>
          <Data name="description">
            <value>Fast Food from 2019-05-25T21:37:06.000Z to 2019-05-25T21:45:35.000Z. Distance 0m</value>
          </Data>
          <Data name="Email">
            <value>syugen.zhou@gmail.com</value>
          </Data>
          <Data name="Category">
            <value>Fast Food</value>
          </Data>
          <Data name="Distance">
            <value>0</value>
          </Data>
        </ExtendedData>
        <Point>
          <coordinates>
            -118.80079,39.476089,0
          </coordinates>
        </Point>
      </Placemark>
      <Placemark>
        <name>Driving</name>
        <description><![CDATA[description: Driving from 2019-05-25T21:45:35.000Z to 2019-05-26T00:41:10.000Z. Distance 261086m<br>Email: syugen.zhou@gmail.com<br>Category: Driving<br>Distance: 261086]]></description>
        <styleUrl>#line-A52714-5000</styleUrl>
        <ExtendedData>
          <Data name="description">
            <value>Driving from 2019-05-25T21:45:35.000Z to 2019-05-26T00:41:10.000Z. Distance 261086m</value>
          </Data>
          <Data name="Email">
            <value>syugen.zhou@gmail.com</value>
          </Data>
          <Data name="Category">
            <value>Driving</value>
          </Data>
          <Data name="Distance">
            <value>261086</value>
          </Data>
        </ExtendedData>
        <LineString>
          <tessellate>1</tessellate>
          <coordinates>
            -118.800682,39.476346,0
            -118.797205,39.475456,0
            -118.79578,39.475172,0
            -118.794848,39.475028,0
            -118.794186,39.474954,0
            -118.792706,39.474847,0
            -118.770428,39.474894,0
            -118.770334,39.474863,0
            -118.756358,39.474788,0
            -118.754121,39.474823,0
            -118.753974,39.474847,0
            -118.693596,39.47511,0
            -118.693475,39.475091,0
            -118.69272,39.475085,0
            -118.691508,39.474993,0
            -118.690886,39.47489,0
            -118.68996,39.474672,0
            -118.689339,39.474497,0
            -118.68864,39.474257,0
            -118.687846,39.473936,0
            -118.687321,39.473676,0
            -118.68688,39.473429,0
            -118.686764,39.473387,0
            -118.686451,39.473202,0
            -118.685662,39.472641,0
            -118.685158,39.472211,0
            -118.684617,39.471673,0
            -118.68419,39.471184,0
            -118.683736,39.470548,0
            -118.683243,39.469648,0
            -118.650083,39.401407,0
            -118.649646,39.40063,0
            -118.649177,39.39993,0
            -118.648655,39.399243,0
            -118.647846,39.398338,0
            -118.647133,39.397654,0
            -118.646561,39.397157,0
            -118.645803,39.396573,0
            -118.645013,39.396029,0
            -118.64368,39.395246,0
            -118.635113,39.391003,0
            -118.633383,39.390246,0
            -118.630886,39.38932,0
            -118.578439,39.373363,0
            -118.577352,39.372989,0
            -118.576136,39.372525,0
            -118.57436,39.371754,0
            -118.573054,39.371128,0
            -118.555052,39.361655,0
            -118.554686,39.361422,0
            -118.549321,39.357344,0
            -118.542521,39.352352,0
            -118.523318,39.336615,0
            -118.499219,39.313151,0
            -118.485887,39.302209,0
            -118.48526,39.301731,0
            -118.484126,39.301017,0
            -118.483619,39.300755,0
            -118.482477,39.300258,0
            -118.481641,39.299966,0
            -118.480982,39.299771,0
            -118.480096,39.299557,0
            -118.466557,39.297139,0
            -118.464837,39.29675,0
            -118.463714,39.296437,0
            -118.461584,39.295736,0
            -118.443076,39.289019,0
            -118.43523,39.285892,0
            -118.433905,39.2853,0
            -118.404149,39.27015,0
            -118.402764,39.269533,0
            -118.401279,39.268944,0
            -118.399743,39.268402,0
            -118.398713,39.268076,0
            -118.397278,39.267674,0
            -118.384549,39.264466,0
            -118.383398,39.264258,0
            -118.382027,39.264097,0
            -118.381243,39.264047,0
            -118.38046,39.264028,0
            -118.379569,39.264045,0
            -118.378211,39.264143,0
            -118.377505,39.264229,0
            -118.376483,39.264402,0
            -118.371734,39.265462,0
            -118.371,39.265676,0
            -118.370594,39.265816,0
            -118.369648,39.266212,0
            -118.368908,39.266589,0
            -118.368513,39.266817,0
            -118.367733,39.26735,0
            -118.365482,39.269048,0
            -118.364594,39.26965,0
            -118.3636,39.270243,0
            -118.362769,39.27067,0
            -118.3618,39.271107,0
            -118.360847,39.271475,0
            -118.359508,39.271902,0
            -118.358045,39.272265,0
            -118.347313,39.274432,0
            -118.345836,39.274674,0
            -118.343901,39.274915,0
            -118.341734,39.275085,0
            -118.34,39.275143,0
            -118.337298,39.275112,0
            -118.335926,39.275033,0
            -118.334342,39.27489,0
            -118.33277,39.274687,0
            -118.331347,39.274455,0
            -118.329923,39.274177,0
            -118.323067,39.272504,0
            -118.321993,39.272327,0
            -118.320987,39.272248,0
            -118.320468,39.272236,0
            -118.31933,39.272272,0
            -118.318526,39.272362,0
            -118.300082,39.275432,0
            -118.299509,39.275586,0
            -118.284951,39.277976,0
            -118.232626,39.282594,0
            -118.189843,39.285101,0
            -118.189549,39.285053,0
            -118.155702,39.287008,0
            -118.153161,39.287068,0
            -118.135068,39.28653,0
            -118.132676,39.286616,0
            -118.071089,39.291084,0
            -118.069704,39.291146,0
            -118.068288,39.291166,0
            -118.032198,39.290078,0
            -118.030334,39.290123,0
            -118.028185,39.290271,0
            -117.979624,39.294609,0
            -117.977596,39.294847,0
            -117.976111,39.295095,0
            -117.974264,39.295473,0
            -117.97282,39.29582,0
            -117.970207,39.296611,0
            -117.969018,39.29703,0
            -117.956915,39.301955,0
            -117.956075,39.302346,0
            -117.955322,39.302739,0
            -117.953955,39.303585,0
            -117.952517,39.304615,0
            -117.86042,39.382042,0
            -117.859388,39.382996,0
            -117.857946,39.384461,0
            -117.857121,39.385408,0
            -117.855827,39.387087,0
            -117.847554,39.399813,0
            -117.846678,39.401396,0
            -117.845838,39.40324,0
            -117.845329,39.404624,0
            -117.83406,39.444787,0
            -117.83374,39.445708,0
            -117.832989,39.447508,0
            -117.832569,39.44836,0
            -117.831292,39.450554,0
            -117.804498,39.487421,0
            -117.803381,39.488744,0
            -117.802385,39.489797,0
            -117.800756,39.491329,0
            -117.799255,39.492554,0
            -117.797448,39.493851,0
            -117.795553,39.495037,0
            -117.794368,39.495694,0
            -117.719996,39.533911,0
            -117.717631,39.534923,0
            -117.60889,39.573853,0
            -117.607222,39.574407,0
            -117.604932,39.575033,0
            -117.603356,39.575389,0
            -117.601539,39.57572,0
            -117.600387,39.575894,0
            -117.554587,39.581225,0
            -117.553571,39.58131,0
            -117.551299,39.581414,0
            -117.548782,39.5814,0
            -117.54725,39.581322,0
            -117.545067,39.581128,0
            -117.543489,39.580912,0
            -117.540638,39.580388,0
            -117.537962,39.579712,0
            -117.535555,39.578963,0
            -117.524397,39.574727,0
            -117.523795,39.574467,0
            -117.523157,39.574117,0
            -117.522649,39.573779,0
            -117.522179,39.5734,0
            -117.521888,39.57312,0
            -117.520691,39.571799,0
            -117.520314,39.571478,0
            -117.519931,39.571205,0
            -117.519304,39.570852,0
            -117.518852,39.57065,0
            -117.518492,39.570518,0
            -117.517951,39.570356,0
            -117.5165,39.570098,0
            -117.515591,39.569857,0
            -117.515198,39.56972,0
            -117.514597,39.569458,0
            -117.509903,39.566728,0
            -117.508582,39.565879,0
            -117.504858,39.563279,0
            -117.504235,39.562764,0
            -117.498855,39.557643,0
            -117.498244,39.557005,0
            -117.497329,39.555888,0
            -117.496838,39.555155,0
            -117.49574,39.553333,0
            -117.495204,39.552567,0
            -117.494747,39.551987,0
            -117.494142,39.551321,0
            -117.493625,39.550811,0
            -117.485494,39.5438,0
            -117.484684,39.543186,0
            -117.484111,39.542791,0
            -117.482598,39.541879,0
            -117.481824,39.541495,0
            -117.480924,39.541105,0
            -117.479309,39.540526,0
            -117.411039,39.521486,0
            -117.409352,39.520951,0
            -117.408184,39.520537,0
            -117.406347,39.519801,0
            -117.404479,39.518938,0
            -117.403223,39.518286,0
            -117.401467,39.517267,0
            -117.33962,39.476464,0
            -117.338527,39.475862,0
            -117.337018,39.475179,0
            -117.335769,39.474723,0
            -117.334836,39.474438,0
            -117.333114,39.474041,0
            -117.331174,39.473755,0
            -117.330195,39.47368,0
            -117.329201,39.473651,0
            -117.328134,39.473658,0
            -117.326556,39.473765,0
            -117.11175,39.501794,0
            -117.110363,39.501923,0
            -117.108311,39.502036,0
            -117.107204,39.502057,0
            -117.104607,39.502022,0
            -117.088975,39.501515,0
            -117.088147,39.501405,0
            -117.083788,39.500602,0
            -117.081714,39.500302,0
            -117.081537,39.500258,0
            -117.081225,39.500143,0
            -117.080957,39.499971,0
            -117.080806,39.499848,0
            -117.08062,39.499645,0
            -117.080134,39.498914,0
            -117.079946,39.498729,0
            -117.079732,39.498573,0
            -117.079235,39.498268,0
            -117.079089,39.498136,0
            -117.078792,39.497796,0
            -117.078539,39.497574,0
            -117.078348,39.497469,0
            -117.07779,39.497311,0
            -117.077526,39.497218,0
            -117.077323,39.497107,0
            -117.077106,39.496939,0
            -117.07684,39.496686,0
            -117.076638,39.496535,0
            -117.075076,39.49575,0
            -117.074754,39.495555,0
            -117.074595,39.495438,0
            -117.074525,39.495368,0
            -117.074403,39.495163,0
            -117.074251,39.494745,0
            -117.074117,39.494493,0
            -117.073923,39.494314,0
            -117.073738,39.494195,0
            -117.073171,39.493948,0
            -117.071275,39.492948,0
            -117.070783,39.492478,0
            -117.069955,39.491602,0
            -117.069421,39.491107,0
            -117.069109,39.490851,0
            -117.067151,39.489547,0
            -117.066896,39.489397,0
            -117.066499,39.489219,0
            -117.066194,39.489112,0
            -117.065717,39.489021,0
            -117.06517,39.489003,0
            -117.064998,39.489012,0
            -117.06301,39.48936,0
            -117.062802,39.489373,0
            -117.061245,39.489342,0
            -117.0611,39.489319,0
            -117.06096,39.489282,0
            -117.060854,39.489241,0
            -117.060767,39.489191,0
            -117.060689,39.489124,0
            -117.060548,39.488953,0
            -117.060318,39.488463,0
            -117.060169,39.488238,0
            -117.060023,39.488086,0
            -117.059906,39.488016,0
            -117.059776,39.487979,0
            -117.059687,39.487966,0
            -117.059611,39.487966,0
            -117.059395,39.488025,0
            -117.059337,39.48806,0
            -117.059249,39.48814,0
            -117.05918,39.488243,0
            -117.059158,39.488378,0
            -117.059189,39.48853,0
            -117.059662,39.489545,0
            -117.059898,39.489935,0
            -117.060672,39.490815,0
            -117.060887,39.491132,0
            -117.061003,39.491452,0
            -117.061026,39.491676,0
            -117.060973,39.491979,0
            -117.060525,39.492988,0
            -117.060467,39.493063,0
            -117.060382,39.49314,0
            -117.060282,39.493211,0
            -117.060207,39.493243,0
            -117.060021,39.493278,0
            -117.059862,39.493277,0
            -117.059805,39.493269,0
            -117.05963,39.493217,0
            -117.059471,39.493124,0
            -117.059376,39.493027,0
            -117.059322,39.492934,0
            -117.05929,39.492791,0
            -117.059291,39.492736,0
            -117.059436,39.492273,0
            -117.059441,39.492092,0
            -117.059427,39.491995,0
            -117.059395,39.491895,0
            -117.059294,39.491726,0
            -117.059095,39.491544,0
            -117.058911,39.49143,0
            -117.058792,39.491382,0
            -117.058585,39.491332,0
            -117.057743,39.49127,0
            -117.057442,39.491223,0
            -117.057351,39.491191,0
            -117.057251,39.491136,0
            -117.057131,39.491035,0
            -117.057009,39.490886,0
            -117.056804,39.490396,0
            -117.056749,39.49031,0
            -117.056717,39.490277,0
            -117.056543,39.490149,0
            -117.055442,39.489621,0
            -117.055294,39.489512,0
            -117.054905,39.488935,0
            -117.054749,39.48877,0
            -117.054485,39.488583,0
            -117.054354,39.488524,0
            -117.054189,39.488479,0
            -117.053986,39.488453,0
            -117.053693,39.488451,0
            -117.053524,39.48847,0
            -117.051539,39.48905,0
            -117.051216,39.489094,0
            -117.050862,39.489093,0
            -117.05066,39.489065,0
            -117.050381,39.488997,0
            -117.050146,39.488905,0
            -117.049923,39.488747,0
            -117.049837,39.48866,0
            -117.049746,39.488508,0
            -117.049706,39.488386,0
            -117.049689,39.488243,0
            -117.049706,39.488102,0
            -117.049778,39.487921,0
            -117.049866,39.487788,0
            -117.050825,39.486754,0
            -117.051064,39.486374,0
            -117.051099,39.486284,0
            -117.051151,39.486041,0
            -117.051136,39.485535,0
            -117.05111,39.48543,0
            -117.05102,39.485229,0
            -117.050977,39.485162,0
            -117.050839,39.485002,0
            -117.050567,39.484757,0
            -117.050383,39.484629,0
            -117.049527,39.484193,0
            -117.049398,39.484096,0
            -117.048979,39.48367,0
            -117.048797,39.48353,0
            -117.048606,39.483434,0
            -117.048431,39.483387,0
            -117.048242,39.483368,0
            -117.043955,39.48365,0
            -117.043738,39.483643,0
            -117.043451,39.483601,0
            -117.043381,39.483573,0
            -117.043235,39.48349,0
            -117.043178,39.483438,0
            -117.043067,39.483286,0
            -117.042781,39.482782,0
            -117.042731,39.482723,0
            -117.042524,39.48254,0
            -117.042431,39.482486,0
            -117.042324,39.482445,0
            -117.042123,39.482404,0
            -117.041542,39.482397,0
            -117.039832,39.482469,0
            -117.039403,39.482448,0
            -117.039056,39.482388,0
            -117.03615,39.481508,0
            -117.03593,39.481415,0
            -117.035783,39.48133,0
            -117.035588,39.48119,0
            -117.034348,39.48016,0
            -117.033859,39.479866,0
            -117.033479,39.479694,0
            -117.033021,39.479533,0
            -117.031134,39.479087,0
            -117.030816,39.478986,0
            -117.026823,39.477328,0
            -117.026464,39.477252,0
            -117.025525,39.477178,0
            -117.025377,39.477153,0
            -117.025234,39.477114,0
            -117.024428,39.476779,0
            -117.02407,39.476679,0
            -117.023729,39.47662,0
            -117.023516,39.476605,0
            -117.021548,39.476792,0
            -117.021394,39.476843,0
            -117.021229,39.476948,0
            -117.021154,39.477016,0
            -117.020837,39.477418,0
            -117.020738,39.477519,0
            -117.020546,39.477666,0
            -117.020378,39.477751,0
            -117.020218,39.477805,0
            -117.020052,39.477838,0
            -117.01983,39.477857,0
            -117.018641,39.477873,0
            -117.018452,39.477912,0
            -117.018221,39.478008,0
            -117.018062,39.478105,0
            -117.017967,39.478184,0
            -117.016701,39.479905,0
            -117.016588,39.480133,0
            -117.016563,39.480251,0
            -117.016534,39.480637,0
            -117.016482,39.480794,0
            -117.016434,39.480866,0
            -117.016353,39.48094,0
            -117.016269,39.480997,0
            -117.016132,39.481059,0
            -117.01597,39.4811,0
            -117.015831,39.481111,0
            -117.015624,39.481103,0
            -117.015271,39.481038,0
            -117.01506,39.480968,0
            -117.01484,39.48086,0
            -117.014677,39.48076,0
            -117.014535,39.480641,0
            -117.014343,39.480426,0
            -117.014212,39.480192,0
            -117.013972,39.479476,0
            -117.013835,39.479235,0
            -117.013744,39.479111,0
            -117.013539,39.478899,0
            -117.013388,39.478776,0
            -117.01309,39.478611,0
            -117.012887,39.478529,0
            -117.01241,39.478415,0
            -117.012144,39.478395,0
            -117.011916,39.478403,0
            -117.010963,39.478537,0
            -117.010727,39.478549,0
            -117.010479,39.478536,0
            -117.010003,39.478425,0
            -117.008025,39.477816,0
            -117.007683,39.477744,0
            -117.007061,39.477672,0
            -117.004929,39.477522,0
            -117.004589,39.477455,0
            -117.004352,39.477373,0
            -117.004169,39.477286,0
            -117.003913,39.477117,0
            -117.003646,39.476852,0
            -117.003026,39.475983,0
            -117.00217,39.47463,0
            -117.00204,39.474295,0
            -117.00198,39.474013,0
            -117.001962,39.473651,0
            -117.002059,39.472798,0
            -117.002702,39.46901,0
            -117.002726,39.4687,0
            -117.002714,39.468277,0
            -117.002657,39.46804,0
            -117.002543,39.467738,0
            -117.002362,39.46743,0
            -117.002238,39.467268,0
            -117.000084,39.465065,0
            -116.999664,39.464575,0
            -116.999461,39.464263,0
            -116.999176,39.463671,0
            -116.999041,39.463225,0
            -116.998533,39.458785,0
            -116.99843,39.45848,0
            -116.998372,39.458371,0
            -116.998253,39.458199,0
            -116.998185,39.458127,0
            -116.99779,39.457847,0
            -116.992942,39.455495,0
            -116.992554,39.455241,0
            -116.992388,39.455089,0
            -116.992294,39.454968,0
            -116.992076,39.454565,0
            -116.991594,39.45339,0
            -116.991353,39.452923,0
            -116.991257,39.452786,0
            -116.991032,39.452534,0
            -116.990619,39.452132,0
            -116.9899,39.451506,0
            -116.989449,39.451039,0
            -116.98771,39.448956,0
            -116.987414,39.448494,0
            -116.987077,39.447654,0
            -116.986846,39.44695,0
            -116.986356,39.445716,0
            -116.985715,39.444537,0
            -116.985406,39.444123,0
            -116.984042,39.44257,0
            -116.983879,39.442433,0
            -116.983734,39.442343,0
            -116.982773,39.441843,0
            -116.978363,39.439711,0
            -116.977583,39.43927,0
            -116.977013,39.438902,0
            -116.971359,39.434011,0
            -116.970971,39.433624,0
            -116.970423,39.432924,0
            -116.970204,39.432529,0
            -116.968713,39.428971,0
            -116.96858,39.428565,0
            -116.968509,39.428165,0
            -116.968271,39.425016,0
            -116.968215,39.424622,0
            -116.968122,39.424229,0
            -116.967995,39.42385,0
            -116.967748,39.423316,0
            -116.967349,39.422692,0
            -116.965435,39.420385,0
            -116.965282,39.420245,0
            -116.964729,39.419825,0
            -116.963974,39.419349,0
            -116.962078,39.418335,0
            -116.961305,39.417989,0
            -116.959028,39.417298,0
            -116.958169,39.416984,0
            -116.957469,39.416652,0
            -116.956733,39.41622,0
            -116.956349,39.415956,0
            -116.955815,39.415512,0
            -116.955136,39.41481,0
            -116.95489,39.414488,0
            -116.954538,39.413943,0
            -116.954138,39.41315,0
            -116.952519,39.409408,0
            -116.952215,39.408894,0
            -116.951848,39.408412,0
            -116.951524,39.408051,0
            -116.950865,39.407454,0
            -116.950515,39.407196,0
            -116.949989,39.406866,0
            -116.949038,39.406412,0
            -116.948111,39.406097,0
            -116.855911,39.388105,0
            -116.854582,39.387889,0
            -116.853053,39.387736,0
            -116.851776,39.387691,0
            -116.850467,39.387702,0
            -116.849375,39.387781,0
            -116.847493,39.388043,0
            -116.846548,39.388239,0
            -116.845626,39.388469,0
            -116.79829,39.403426,0
            -116.796835,39.403992,0
            -116.795706,39.404476,0
            -116.788287,39.40791,0
            -116.787686,39.408136,0
            -116.78644,39.408527,0
            -116.785699,39.408713,0
            -116.784559,39.408936,0
            -116.783071,39.40911,0
            -116.778245,39.409309,0
            -116.777392,39.409402,0
            -116.77635,39.40958,0
            -116.775247,39.409832,0
            -116.774039,39.410207,0
            -116.765759,39.413197,0
            -116.764939,39.413571,0
            -116.764182,39.413973,0
            -116.76344,39.414425,0
            -116.762542,39.415071,0
            -116.757814,39.419121,0
            -116.757285,39.419616,0
            -116.756327,39.420663,0
            -116.755885,39.421228,0
            -116.755195,39.422268,0
            -116.749992,39.430879,0
            -116.749606,39.431679,0
            -116.749497,39.431956,0
            -116.749363,39.432444,0
            -116.749262,39.433082,0
            -116.749237,39.433566,0
            -116.749365,39.435469,0
            -116.749369,39.436617,0
            -116.749317,39.43698,0
            -116.749015,39.437917,0
            -116.747358,39.441438,0
            -116.747187,39.441739,0
            -116.746964,39.44206,0
            -116.746523,39.442579,0
            -116.745913,39.443127,0
            -116.745339,39.443566,0
            -116.744827,39.443874,0
            -116.744338,39.444114,0
            -116.744064,39.444222,0
            -116.742292,39.444791,0
            -116.741671,39.445035,0
            -116.7411,39.445307,0
            -116.74047,39.445651,0
            -116.739819,39.446091,0
            -116.739443,39.446391,0
            -116.739045,39.446763,0
            -116.738737,39.447093,0
            -116.738389,39.447517,0
            -116.738072,39.447981,0
            -116.736343,39.450944,0
            -116.736017,39.451378,0
            -116.735543,39.45189,0
            -116.735145,39.452234,0
            -116.734833,39.452471,0
            -116.734311,39.452811,0
            -116.722357,39.458693,0
            -116.721144,39.459155,0
            -116.720196,39.459447,0
            -116.719122,39.459706,0
            -116.318291,39.530529,0
            -116.315633,39.531111,0
            -116.239137,39.551192,0
            -116.236937,39.551817,0
            -116.23562,39.552246,0
            -116.234129,39.552791,0
            -116.197384,39.567557,0
            -116.183697,39.5723,0
            -116.182198,39.572783,0
            -116.180332,39.573291,0
            -116.178711,39.573662,0
            -116.131171,39.583251,0
            -116.129429,39.583535,0
            -116.127635,39.583759,0
            -116.126418,39.583873,0
            -116.123663,39.583994,0
            -116.106563,39.583822,0
            -116.105243,39.583691,0
            -116.103903,39.583479,0
            -116.102597,39.583197,0
            -116.101463,39.582867,0
            -116.100074,39.582375,0
            -116.078692,39.573488,0
            -116.077655,39.573093,0
            -116.076867,39.572858,0
            -116.075651,39.572603,0
            -116.074939,39.572514,0
            -116.073941,39.572437,0
            -116.072922,39.572436,0
            -116.071847,39.572519,0
            -116.071067,39.572641,0
            -116.066411,39.57364,0
            -116.065704,39.573759,0
            -116.064477,39.573897,0
            -116.063031,39.57395,0
            -116.062372,39.573933,0
            -116.061089,39.573839,0
            -116.059815,39.573648,0
            -116.059002,39.573484,0
            -115.992298,39.554699,0
            -115.99115,39.554298,0
            -115.990679,39.554102,0
            -115.989656,39.553607,0
            -115.988838,39.553122,0
            -115.988067,39.552594,0
            -115.978661,39.545342,0
            -115.977517,39.544304,0
            -115.976239,39.542922,0
            -115.975456,39.541884,0
            -115.970314,39.53415,0
            -115.969215,39.532365,0
            -115.968761,39.531423,0
            -115.961041,39.512839,0
          </coordinates>
        </LineString>
      </Placemark>
      <Placemark>
        <name>Chevron Eureka</name>
        <description><![CDATA[description: Gas station from 2019-05-26T00:41:10.000Z to 2019-05-26T00:46:26.000Z. Distance 0m<br>Email: syugen.zhou@gmail.com<br>Category: Gas station<br>Distance: 0]]></description>
        <styleUrl>#icon-1739-0288D1</styleUrl>
        <ExtendedData>
          <Data name="description">
            <value>Gas station from 2019-05-26T00:41:10.000Z to 2019-05-26T00:46:26.000Z. Distance 0m</value>
          </Data>
          <Data name="Email">
            <value>syugen.zhou@gmail.com</value>
          </Data>
          <Data name="Category">
            <value>Gas station</value>
          </Data>
          <Data name="Distance">
            <value>0</value>
          </Data>
        </ExtendedData>
        <Point>
          <coordinates>
            -115.961284,39.512687,0
          </coordinates>
        </Point>
      </Placemark>
      <Placemark>
        <name>Driving</name>
        <description><![CDATA[description: Driving from 2019-05-26T00:46:26.136Z to 2019-05-26T02:42:21.000Z. Distance 105364m<br>Email: syugen.zhou@gmail.com<br>Category: Driving<br>Distance: 105364]]></description>
        <styleUrl>#line-A52714-5000</styleUrl>
        <ExtendedData>
          <Data name="description">
            <value>Driving from 2019-05-26T00:46:26.136Z to 2019-05-26T02:42:21.000Z. Distance 105364m</value>
          </Data>
          <Data name="Email">
            <value>syugen.zhou@gmail.com</value>
          </Data>
          <Data name="Category">
            <value>Driving</value>
          </Data>
          <Data name="Distance">
            <value>105364</value>
          </Data>
        </ExtendedData>
        <LineString>
          <tessellate>1</tessellate>
          <coordinates>
            -115.961006,39.512752,0
            -115.9609,39.512489,0
            -115.959866,39.507209,0
            -115.959807,39.505555,0
            -115.959598,39.504259,0
            -115.957844,39.496634,0
            -115.957507,39.495893,0
            -115.957098,39.495269,0
            -115.956783,39.494893,0
            -115.956058,39.494241,0
            -115.955377,39.493757,0
            -115.951072,39.491391,0
            -115.950662,39.491091,0
            -115.949645,39.490106,0
            -115.94926,39.489466,0
            -115.948159,39.486491,0
            -115.947984,39.486201,0
            -115.944497,39.481913,0
            -115.94393,39.481023,0
            -115.943612,39.480274,0
            -115.943498,39.479732,0
            -115.94347,39.47854,0
            -115.943567,39.477978,0
            -115.94534,39.473631,0
            -115.945447,39.473232,0
            -115.945521,39.472611,0
            -115.945451,39.468276,0
            -115.945395,39.467783,0
            -115.945282,39.467314,0
            -115.945111,39.466859,0
            -115.94465,39.465987,0
            -115.941614,39.46217,0
            -115.940435,39.460448,0
            -115.93454,39.45108,0
            -115.933521,39.448918,0
            -115.93187,39.444862,0
            -115.930639,39.442703,0
            -115.929455,39.441096,0
            -115.928919,39.440467,0
            -115.927353,39.438894,0
            -115.923251,39.435694,0
            -115.922154,39.434661,0
            -115.92174,39.434169,0
            -115.921047,39.433132,0
            -115.92058,39.432053,0
            -115.920388,39.43141,0
            -115.920227,39.430165,0
            -115.920227,39.429803,0
            -115.920708,39.425242,0
            -115.920886,39.414123,0
            -115.920753,39.413168,0
            -115.920504,39.412212,0
            -115.919941,39.410816,0
            -115.917584,39.406523,0
            -115.917383,39.405828,0
            -115.917284,39.404921,0
            -115.91735,39.404103,0
            -115.917421,39.403777,0
            -115.917902,39.402656,0
            -115.918274,39.40209,0
            -115.9209,39.398997,0
            -115.921506,39.398082,0
            -115.921909,39.39726,0
            -115.922248,39.396155,0
            -115.922382,39.395021,0
            -115.922298,39.391222,0
            -115.922196,39.390193,0
            -115.921996,39.389326,0
            -115.921684,39.388372,0
            -115.9212,39.387352,0
            -115.920616,39.38645,0
            -115.919409,39.385008,0
            -115.918583,39.384239,0
            -115.917585,39.383472,0
            -115.916178,39.382624,0
            -115.914629,39.381907,0
            -115.878429,39.369463,0
            -115.876692,39.369026,0
            -115.874772,39.368716,0
            -115.872456,39.368565,0
            -115.870065,39.36866,0
            -115.869228,39.368759,0
            -115.724331,39.393449,0
            -115.723251,39.393763,0
            -115.712545,39.398084,0
            -115.71005,39.399401,0
            -115.709408,39.399656,0
            -115.708846,39.399781,0
            -115.7068,39.399943,0
            -115.706347,39.400022,0
            -115.705839,39.400159,0
            -115.705028,39.400483,0
            -115.704526,39.40077,0
            -115.703938,39.401216,0
            -115.698451,39.407363,0
            -115.69162,39.414144,0
            -115.690976,39.414659,0
            -115.690209,39.415111,0
            -115.68961,39.415389,0
            -115.688772,39.415689,0
            -115.687995,39.415869,0
            -115.679986,39.416755,0
            -115.660613,39.420027,0
            -115.65928,39.420121,0
            -115.657362,39.420134,0
            -115.655998,39.420038,0
            -115.577147,39.409613,0
            -115.574619,39.409084,0
            -115.572965,39.408603,0
            -115.539917,39.396514,0
            -115.538216,39.39608,0
            -115.537222,39.395885,0
            -115.502734,39.391114,0
            -115.50198,39.391071,0
            -115.501447,39.391091,0
            -115.495484,39.39171,0
            -115.495201,39.3917,0
            -115.494891,39.391654,0
            -115.49457,39.391566,0
            -115.494019,39.391295,0
            -115.493818,39.391158,0
            -115.492452,39.389979,0
            -115.492146,39.389784,0
            -115.491839,39.389672,0
            -115.491626,39.389642,0
            -115.491456,39.389645,0
            -115.491041,39.389742,0
            -115.49074,39.389913,0
            -115.490615,39.390032,0
            -115.490508,39.3902,0
            -115.490129,39.391398,0
            -115.490072,39.391503,0
            -115.4899,39.391692,0
            -115.489623,39.391891,0
            -115.488743,39.392284,0
            -115.488608,39.392372,0
            -115.488453,39.392528,0
            -115.488298,39.392809,0
            -115.487636,39.39444,0
            -115.487541,39.394584,0
            -115.487251,39.394839,0
            -115.486912,39.394982,0
            -115.486744,39.395015,0
            -115.486466,39.395026,0
            -115.486246,39.394995,0
            -115.485149,39.394645,0
            -115.484699,39.394548,0
            -115.484257,39.394529,0
            -115.478622,39.39537,0
            -115.478065,39.395521,0
            -115.477574,39.395711,0
            -115.477283,39.395856,0
            -115.476708,39.396225,0
            -115.474824,39.397902,0
            -115.474562,39.398088,0
            -115.474278,39.398231,0
            -115.473919,39.398363,0
            -115.473583,39.398451,0
            -115.473175,39.3985,0
            -115.472815,39.398495,0
            -115.472397,39.398436,0
            -115.469834,39.397701,0
            -115.465851,39.396939,0
            -115.464969,39.396672,0
            -115.464222,39.396374,0
            -115.456672,39.392081,0
            -115.449542,39.389107,0
            -115.448786,39.388664,0
            -115.446793,39.387061,0
            -115.446462,39.386877,0
            -115.441003,39.38481,0
            -115.440527,39.38455,0
            -115.43879,39.383438,0
            -115.43835,39.383206,0
            -115.437859,39.383023,0
            -115.437551,39.382949,0
            -115.437029,39.382881,0
            -115.432114,39.382709,0
            -115.430778,39.382719,0
            -115.430368,39.382768,0
            -115.429391,39.38297,0
            -115.428541,39.383088,0
            -115.427778,39.383075,0
            -115.427071,39.382933,0
            -115.426712,39.382819,0
            -115.425188,39.382148,0
            -115.424231,39.381662,0
            -115.423748,39.381305,0
            -115.423421,39.380947,0
            -115.422694,39.379818,0
            -115.422386,39.379476,0
            -115.419575,39.377259,0
            -115.418395,39.376055,0
            -115.417638,39.37512,0
            -115.415565,39.371932,0
            -115.415341,39.371684,0
            -115.414996,39.371393,0
            -115.414572,39.371118,0
            -115.414205,39.370942,0
            -115.405664,39.36784,0
            -115.405026,39.36755,0
            -115.404068,39.367017,0
            -115.403188,39.366405,0
            -115.402051,39.36536,0
            -115.401466,39.364633,0
            -115.392413,39.349931,0
            -115.391988,39.349449,0
            -115.391577,39.349129,0
            -115.391091,39.348864,0
            -115.390613,39.348681,0
            -115.387288,39.347969,0
            -115.386805,39.347963,0
            -115.3866,39.348,0
            -115.386382,39.348069,0
            -115.386149,39.348179,0
            -115.385024,39.348958,0
            -115.384457,39.349283,0
            -115.38412,39.349425,0
            -115.383327,39.349656,0
            -115.382605,39.349752,0
            -115.38197,39.34975,0
            -115.381365,39.349688,0
            -115.379688,39.349287,0
            -115.37939,39.349245,0
            -115.379081,39.349241,0
            -115.378956,39.349256,0
            -115.378726,39.349325,0
            -115.378533,39.349427,0
            -115.378362,39.349581,0
            -115.377769,39.350595,0
            -115.37738,39.350952,0
            -115.376764,39.351259,0
            -115.376542,39.351322,0
            -115.372834,39.351754,0
            -115.368057,39.352072,0
            -115.367275,39.35204,0
            -115.366957,39.351981,0
            -115.365129,39.351372,0
            -115.364917,39.351327,0
            -115.364401,39.3513,0
            -115.364135,39.351336,0
            -115.363922,39.351396,0
            -115.362275,39.352123,0
            -115.360143,39.35279,0
            -115.359674,39.353014,0
            -115.359376,39.353205,0
            -115.359039,39.353491,0
            -115.358592,39.354067,0
            -115.357977,39.35505,0
            -115.357745,39.355331,0
            -115.357318,39.355686,0
            -115.35532,39.356719,0
            -115.355087,39.356872,0
            -115.354786,39.35713,0
            -115.353282,39.35867,0
            -115.352939,39.358967,0
            -115.352738,39.359085,0
            -115.35246,39.359202,0
            -115.352145,39.35929,0
            -115.351825,39.359327,0
            -115.351536,39.359316,0
            -115.351276,39.359275,0
            -115.35084,39.359125,0
            -115.350658,39.359019,0
            -115.350311,39.358736,0
            -115.34884,39.356951,0
            -115.348596,39.356719,0
            -115.34838,39.356572,0
            -115.348011,39.356383,0
            -115.345265,39.355511,0
            -115.345009,39.355461,0
            -115.344761,39.355444,0
            -115.344398,39.355465,0
            -115.343553,39.355595,0
            -115.343008,39.355627,0
            -115.34217,39.355531,0
            -115.340876,39.355219,0
            -115.340611,39.355193,0
            -115.340218,39.355209,0
            -115.339885,39.355265,0
            -115.337591,39.355823,0
            -115.336996,39.355927,0
            -115.334765,39.356166,0
            -115.333602,39.356406,0
            -115.332779,39.356676,0
            -115.331929,39.357074,0
            -115.331383,39.357402,0
            -115.329478,39.35874,0
            -115.328229,39.359482,0
            -115.326939,39.360033,0
            -115.322727,39.361363,0
            -115.322154,39.361592,0
            -115.264786,39.391514,0
            -115.223374,39.413654,0
            -115.221841,39.414318,0
            -115.204255,39.420668,0
            -115.198778,39.422216,0
            -115.198359,39.42238,0
            -115.197233,39.423011,0
            -115.194997,39.424745,0
            -115.192647,39.426329,0
            -115.191385,39.427094,0
            -115.188674,39.428521,0
            -115.187543,39.428947,0
            -115.18675,39.429132,0
            -115.185829,39.429259,0
            -115.185077,39.429289,0
            -115.150234,39.427238,0
            -115.144257,39.427456,0
            -115.143199,39.427606,0
            -115.142244,39.427831,0
            -115.14153,39.428076,0
            -115.139442,39.428956,0
            -115.138407,39.429294,0
            -115.137781,39.429427,0
            -115.136718,39.429548,0
            -115.135435,39.429567,0
            -115.133496,39.429439,0
            -115.132229,39.429462,0
            -115.131465,39.429553,0
            -115.128673,39.430096,0
            -115.127654,39.430186,0
            -115.127075,39.430196,0
            -115.124219,39.42996,0
            -115.114072,39.430101,0
            -115.11292,39.430002,0
            -115.111761,39.429765,0
            -115.111037,39.429545,0
            -115.110169,39.429187,0
            -115.109565,39.428868,0
            -115.108029,39.42789,0
            -115.107261,39.427462,0
            -115.106566,39.427151,0
            -115.104479,39.426442,0
            -115.103414,39.42596,0
            -115.102894,39.425661,0
            -115.102148,39.425135,0
            -115.100379,39.423629,0
            -115.099728,39.423202,0
            -115.098789,39.42273,0
            -115.097048,39.421978,0
            -115.096047,39.421423,0
            -115.095457,39.420998,0
            -115.094573,39.420173,0
            -115.091826,39.416609,0
            -115.091459,39.41621,0
            -115.091032,39.41585,0
            -115.090501,39.415511,0
            -115.089741,39.415152,0
            -115.088915,39.414898,0
            -115.088287,39.414784,0
            -115.087391,39.414718,0
            -115.086549,39.414758,0
            -115.084315,39.415141,0
            -115.083639,39.415192,0
            -115.082905,39.415173,0
            -115.082322,39.415101,0
            -115.081609,39.41495,0
            -115.081116,39.414795,0
            -115.08042,39.414499,0
            -115.079684,39.414054,0
            -115.079293,39.413744,0
            -115.07884,39.413297,0
            -115.078445,39.412782,0
            -115.078236,39.412423,0
            -115.078034,39.411961,0
            -115.077867,39.41127,0
            -115.077839,39.410808,0
            -115.077873,39.410352,0
            -115.078091,39.409504,0
            -115.078365,39.408953,0
            -115.082007,39.403401,0
            -115.082329,39.402761,0
            -115.082554,39.402117,0
            -115.083425,39.396906,0
            -115.083458,39.396448,0
            -115.083412,39.395583,0
            -115.083242,39.394812,0
            -115.082864,39.393845,0
            -115.082577,39.393326,0
            -115.082265,39.392874,0
            -115.081734,39.392251,0
            -115.081279,39.391816,0
            -115.080722,39.391368,0
            -115.069454,39.383394,0
            -115.067972,39.382218,0
            -115.066541,39.380936,0
            -115.0368,39.348447,0
            -115.014203,39.32773,0
            -114.991813,39.30989,0
            -114.990744,39.308843,0
            -114.98897,39.306761,0
            -114.988182,39.305959,0
            -114.986887,39.304853,0
            -114.985934,39.304179,0
            -114.983332,39.302599,0
            -114.967629,39.290965,0
            -114.96699,39.290385,0
            -114.966036,39.289312,0
            -114.965491,39.288555,0
            -114.964744,39.287186,0
            -114.964194,39.285639,0
            -114.964201,39.285562,0
            -114.964087,39.284892,0
            -114.963885,39.28089,0
            -114.963855,39.280811,0
            -114.963821,39.280072,0
            -114.963687,39.279296,0
            -114.963313,39.278236,0
            -114.96297,39.277598,0
            -114.960599,39.274285,0
            -114.95986,39.273129,0
            -114.959459,39.272653,0
            -114.958801,39.272027,0
            -114.950337,39.265825,0
            -114.949712,39.265461,0
            -114.949058,39.26516,0
            -114.948415,39.264929,0
            -114.943731,39.263834,0
            -114.940655,39.262981,0
            -114.937135,39.261744,0
            -114.930599,39.258903,0
            -114.924282,39.256688,0
            -114.920324,39.255131,0
            -114.919911,39.255001,0
            -114.919207,39.254839,0
            -114.917445,39.254627,0
            -114.91653,39.254436,0
            -114.915449,39.254045,0
            -114.915042,39.253843,0
            -114.908935,39.249889,0
            -114.908209,39.249271,0
            -114.906817,39.247502,0
            -114.906416,39.247109,0
            -114.906114,39.246888,0
            -114.905766,39.246707,0
            -114.905296,39.246528,0
            -114.904904,39.246438,0
            -114.90422,39.246379,0
            -114.903903,39.246395,0
            -114.903332,39.246495,0
            -114.902965,39.246616,0
            -114.901781,39.247155,0
            -114.901332,39.247319,0
            -114.900924,39.247415,0
            -114.900207,39.247474,0
            -114.899958,39.24746,0
            -114.898568,39.247247,0
            -114.89797,39.247281,0
            -114.884554,39.249289,0
            -114.884147,39.249425,0
            -114.879065,39.252246,0
            -114.877792,39.252804,0
            -114.877238,39.252957,0
            -114.876755,39.253043,0
            -114.875067,39.253167,0
            -114.874203,39.253377,0
            -114.869297,39.243999,0
            -114.8701,39.243753,0
            -114.869932,39.243432,0
          </coordinates>
        </LineString>
      </Placemark>
      <Placemark>
        <name><![CDATA[McDonald's]]></name>
        <description><![CDATA[description: Fast Food from 2019-05-26T02:42:21.000Z to 2019-05-26T02:47:20.000Z. Distance 0m<br>Email: syugen.zhou@gmail.com<br>Category: Fast Food<br>Distance: 0]]></description>
        <styleUrl>#icon-1739-0288D1</styleUrl>
        <ExtendedData>
          <Data name="description">
            <value>Fast Food from 2019-05-26T02:42:21.000Z to 2019-05-26T02:47:20.000Z. Distance 0m</value>
          </Data>
          <Data name="Email">
            <value>syugen.zhou@gmail.com</value>
          </Data>
          <Data name="Category">
            <value>Fast Food</value>
          </Data>
          <Data name="Distance">
            <value>0</value>
          </Data>
        </ExtendedData>
        <Point>
          <coordinates>
            -114.869523,39.24329,0
          </coordinates>
        </Point>
      </Placemark>
      <Placemark>
        <name>Driving</name>
        <description><![CDATA[description: Driving from 2019-05-26T02:47:20.985Z to 2019-05-26T02:58:01.438Z. Distance 338m<br>Email: syugen.zhou@gmail.com<br>Category: Driving<br>Distance: 338]]></description>
        <styleUrl>#line-A52714-5000</styleUrl>
        <ExtendedData>
          <Data name="description">
            <value>Driving from 2019-05-26T02:47:20.985Z to 2019-05-26T02:58:01.438Z. Distance 338m</value>
          </Data>
          <Data name="Email">
            <value>syugen.zhou@gmail.com</value>
          </Data>
          <Data name="Category">
            <value>Driving</value>
          </Data>
          <Data name="Distance">
            <value>338</value>
          </Data>
        </ExtendedData>
        <LineString>
          <tessellate>1</tessellate>
          <coordinates>
            -114.869891,39.243354,0
            -114.869894,39.24336,0
            -114.869902,39.243374,0
            -114.869914,39.243397,0
            -114.870015,39.243591,0
            -114.8701,39.243753,0
            -114.869728,39.243865,0
            -114.869678,39.243881,0
            -114.869595,39.243906,0
            -114.869297,39.243999,0
            -114.869524,39.244472,0
            -114.86963,39.244663,0
            -114.869738,39.244857,0
            -114.869753,39.244882,0
            -114.86998,39.245343,0
            -114.870453,39.246181,0
          </coordinates>
        </LineString>
      </Placemark>
      <Placemark>
        <name><![CDATA[La Quinta Inn & Suites by Wyndham Ely]]></name>
        <description><![CDATA[description: Hotel from 2019-05-26T02:58:01.438Z to 2019-05-26T15:11:24.000Z. Distance 0m<br>Email: syugen.zhou@gmail.com<br>Category: Hotel<br>Distance: 0]]></description>
        <styleUrl>#icon-1602-0288D1</styleUrl>
        <ExtendedData>
          <Data name="description">
            <value>Hotel from 2019-05-26T02:58:01.438Z to 2019-05-26T15:11:24.000Z. Distance 0m</value>
          </Data>
          <Data name="Email">
            <value>syugen.zhou@gmail.com</value>
          </Data>
          <Data name="Category">
            <value>Hotel</value>
          </Data>
          <Data name="Distance">
            <value>0</value>
          </Data>
        </ExtendedData>
        <Point>
          <coordinates>
            -114.871816,39.245907,0
          </coordinates>
        </Point>
      </Placemark>
    </Folder>
  </Document>
</kml>
