<?xml version="1.0" encoding="UTF-8"?>
<kml xmlns="http://www.opengis.net/kml/2.2">
  <Document>
    <name>43-orlando</name>
    <description/>
    <Style id="icon-1504-0288D1-normal">
      <IconStyle>
        <color>ffd18802</color>
        <scale>1</scale>
        <Icon>
          <href>https://www.gstatic.com/mapspro/images/stock/503-wht-blank_maps.png</href>
        </Icon>
      </IconStyle>
      <LabelStyle>
        <scale>0</scale>
      </LabelStyle>
    </Style>
    <Style id="icon-1504-0288D1-highlight">
      <IconStyle>
        <color>ffd18802</color>
        <scale>1</scale>
        <Icon>
          <href>https://www.gstatic.com/mapspro/images/stock/503-wht-blank_maps.png</href>
        </Icon>
      </IconStyle>
      <LabelStyle>
        <scale>1</scale>
      </LabelStyle>
    </Style>
    <StyleMap id="icon-1504-0288D1">
      <Pair>
        <key>normal</key>
        <styleUrl>#icon-1504-0288D1-normal</styleUrl>
      </Pair>
      <Pair>
        <key>highlight</key>
        <styleUrl>#icon-1504-0288D1-highlight</styleUrl>
      </Pair>
    </StyleMap>
    <Style id="icon-1535-0288D1-normal">
      <IconStyle>
        <color>ffd18802</color>
        <scale>1</scale>
        <Icon>
          <href>https://www.gstatic.com/mapspro/images/stock/503-wht-blank_maps.png</href>
        </Icon>
      </IconStyle>
      <LabelStyle>
        <scale>0</scale>
      </LabelStyle>
    </Style>
    <Style id="icon-1535-0288D1-highlight">
      <IconStyle>
        <color>ffd18802</color>
        <scale>1</scale>
        <Icon>
          <href>https://www.gstatic.com/mapspro/images/stock/503-wht-blank_maps.png</href>
        </Icon>
      </IconStyle>
      <LabelStyle>
        <scale>1</scale>
      </LabelStyle>
    </Style>
    <StyleMap id="icon-1535-0288D1">
      <Pair>
        <key>normal</key>
        <styleUrl>#icon-1535-0288D1-normal</styleUrl>
      </Pair>
      <Pair>
        <key>highlight</key>
        <styleUrl>#icon-1535-0288D1-highlight</styleUrl>
      </Pair>
    </StyleMap>
    <Style id="icon-1602-0288D1-normal">
      <IconStyle>
        <color>ffd18802</color>
        <scale>1</scale>
        <Icon>
          <href>https://www.gstatic.com/mapspro/images/stock/503-wht-blank_maps.png</href>
        </Icon>
      </IconStyle>
      <LabelStyle>
        <scale>0</scale>
      </LabelStyle>
    </Style>
    <Style id="icon-1602-0288D1-highlight">
      <IconStyle>
        <color>ffd18802</color>
        <scale>1</scale>
        <Icon>
          <href>https://www.gstatic.com/mapspro/images/stock/503-wht-blank_maps.png</href>
        </Icon>
      </IconStyle>
      <LabelStyle>
        <scale>1</scale>
      </LabelStyle>
    </Style>
    <StyleMap id="icon-1602-0288D1">
      <Pair>
        <key>normal</key>
        <styleUrl>#icon-1602-0288D1-normal</styleUrl>
      </Pair>
      <Pair>
        <key>highlight</key>
        <styleUrl>#icon-1602-0288D1-highlight</styleUrl>
      </Pair>
    </StyleMap>
    <Style id="icon-1739-0288D1-normal">
      <IconStyle>
        <color>ffd18802</color>
        <scale>1</scale>
        <Icon>
          <href>https://www.gstatic.com/mapspro/images/stock/503-wht-blank_maps.png</href>
        </Icon>
      </IconStyle>
      <LabelStyle>
        <scale>0</scale>
      </LabelStyle>
    </Style>
    <Style id="icon-1739-0288D1-highlight">
      <IconStyle>
        <color>ffd18802</color>
        <scale>1</scale>
        <Icon>
          <href>https://www.gstatic.com/mapspro/images/stock/503-wht-blank_maps.png</href>
        </Icon>
      </IconStyle>
      <LabelStyle>
        <scale>1</scale>
      </LabelStyle>
    </Style>
    <StyleMap id="icon-1739-0288D1">
      <Pair>
        <key>normal</key>
        <styleUrl>#icon-1739-0288D1-normal</styleUrl>
      </Pair>
      <Pair>
        <key>highlight</key>
        <styleUrl>#icon-1739-0288D1-highlight</styleUrl>
      </Pair>
    </StyleMap>
    <Style id="line-7CB342-5000-normal">
      <LineStyle>
        <color>ff42b37c</color>
        <width>5</width>
      </LineStyle>
    </Style>
    <Style id="line-7CB342-5000-highlight">
      <LineStyle>
        <color>ff42b37c</color>
        <width>7.5</width>
      </LineStyle>
    </Style>
    <StyleMap id="line-7CB342-5000">
      <Pair>
        <key>normal</key>
        <styleUrl>#line-7CB342-5000-normal</styleUrl>
      </Pair>
      <Pair>
        <key>highlight</key>
        <styleUrl>#line-7CB342-5000-highlight</styleUrl>
      </Pair>
    </StyleMap>
    <Style id="line-A52714-5000-normal">
      <LineStyle>
        <color>ff1427a5</color>
        <width>5</width>
      </LineStyle>
    </Style>
    <Style id="line-A52714-5000-highlight">
      <LineStyle>
        <color>ff1427a5</color>
        <width>7.5</width>
      </LineStyle>
    </Style>
    <StyleMap id="line-A52714-5000">
      <Pair>
        <key>normal</key>
        <styleUrl>#line-A52714-5000-normal</styleUrl>
      </Pair>
      <Pair>
        <key>highlight</key>
        <styleUrl>#line-A52714-5000-highlight</styleUrl>
      </Pair>
    </StyleMap>
    <Style id="line-F9A825-5000-normal">
      <LineStyle>
        <color>ff25a8f9</color>
        <width>5</width>
      </LineStyle>
    </Style>
    <Style id="line-F9A825-5000-highlight">
      <LineStyle>
        <color>ff25a8f9</color>
        <width>7.5</width>
      </LineStyle>
    </Style>
    <StyleMap id="line-F9A825-5000">
      <Pair>
        <key>normal</key>
        <styleUrl>#line-F9A825-5000-normal</styleUrl>
      </Pair>
      <Pair>
        <key>highlight</key>
        <styleUrl>#line-F9A825-5000-highlight</styleUrl>
      </Pair>
    </StyleMap>
    <Style id="line-FFEA00-5000-normal">
      <LineStyle>
        <color>ff00eaff</color>
        <width>5</width>
      </LineStyle>
    </Style>
    <Style id="line-FFEA00-5000-highlight">
      <LineStyle>
        <color>ff00eaff</color>
        <width>7.5</width>
      </LineStyle>
    </Style>
    <StyleMap id="line-FFEA00-5000">
      <Pair>
        <key>normal</key>
        <styleUrl>#line-FFEA00-5000-normal</styleUrl>
      </Pair>
      <Pair>
        <key>highlight</key>
        <styleUrl>#line-FFEA00-5000-highlight</styleUrl>
      </Pair>
    </StyleMap>
    <Folder>
      <name>2019-09-24</name>
      <Placemark>
        <name><![CDATA[Hampton Inn & Suites Orlando/East UCF Area]]></name>
        <description><![CDATA[description: Hotel from 2019-09-24T01:00:00.000Z to 2019-09-24T12:29:54.000Z. Distance 0m<br>Email: syugen.zhou@gmail.com<br>Category: Hotel<br>Distance: 0]]></description>
        <styleUrl>#icon-1602-0288D1</styleUrl>
        <ExtendedData>
          <Data name="description">
            <value>Hotel from 2019-09-24T01:00:00.000Z to 2019-09-24T12:29:54.000Z. Distance 0m</value>
          </Data>
          <Data name="Email">
            <value>syugen.zhou@gmail.com</value>
          </Data>
          <Data name="Category">
            <value>Hotel</value>
          </Data>
          <Data name="Distance">
            <value>0</value>
          </Data>
        </ExtendedData>
        <Point>
          <coordinates>
            -81.216476,28.599253,0
          </coordinates>
        </Point>
      </Placemark>
      <Placemark>
        <name>Driving</name>
        <description><![CDATA[description: Driving from 2019-09-24T12:29:54.000Z to 2019-09-24T12:50:00.000Z. Distance 3304m<br>Email: syugen.zhou@gmail.com<br>Category: Driving<br>Distance: 3304]]></description>
        <styleUrl>#line-7CB342-5000</styleUrl>
        <ExtendedData>
          <Data name="description">
            <value>Driving from 2019-09-24T12:29:54.000Z to 2019-09-24T12:50:00.000Z. Distance 3304m</value>
          </Data>
          <Data name="Email">
            <value>syugen.zhou@gmail.com</value>
          </Data>
          <Data name="Category">
            <value>Driving</value>
          </Data>
          <Data name="Distance">
            <value>3304</value>
          </Data>
        </ExtendedData>
        <LineString>
          <tessellate>1</tessellate>
          <coordinates>
            -81.215901,28.598873,0
            -81.215902,28.598854,0
            -81.215908,28.598703,0
            -81.215918,28.597748,0
            -81.215923,28.597589,0
            -81.215744,28.597595,0
            -81.213538,28.597624,0
            -81.212804,28.597626,0
            -81.212701,28.597625,0
            -81.210854,28.597649,0
            -81.210375,28.597669,0
            -81.210113,28.597651,0
            -81.209683,28.597657,0
            -81.209523,28.597655,0
            -81.20786,28.597659,0
            -81.207652,28.597658,0
            -81.207648,28.597843,0
            -81.207634,28.598433,0
            -81.207638,28.598978,0
            -81.20763,28.599415,0
            -81.207626,28.600003,0
            -81.207617,28.600186,0
            -81.207618,28.600427,0
            -81.207605,28.600944,0
            -81.207596,28.601358,0
            -81.207567,28.602252,0
            -81.207568,28.602357,0
            -81.207506,28.605197,0
            -81.207508,28.605535,0
            -81.207518,28.606268,0
            -81.207508,28.606795,0
            -81.207504,28.6075,0
            -81.206526,28.607511,0
            -81.205944,28.607512,0
            -81.205802,28.60751,0
            -81.205611,28.6075,0
            -81.205466,28.607486,0
            -81.205395,28.607475,0
            -81.205307,28.607458,0
            -81.205173,28.60743,0
            -81.205031,28.607393,0
            -81.204893,28.607352,0
            -81.204744,28.607301,0
            -81.204613,28.607248,0
            -81.2045,28.607199,0
            -81.20438,28.607139,0
            -81.204263,28.607073,0
            -81.204148,28.606997,0
            -81.204063,28.60693,0
            -81.204008,28.606875,0
            -81.203961,28.60682,0
            -81.203891,28.606718,0
            -81.203834,28.606631,0
            -81.203718,28.606462,0
            -81.203651,28.606371,0
            -81.203531,28.606209,0
            -81.203407,28.606039,0
            -81.203311,28.605915,0
            -81.203272,28.605872,0
            -81.203234,28.605835,0
            -81.203096,28.605719,0
            -81.203024,28.605673,0
            -81.202941,28.605626,0
            -81.202879,28.605594,0
            -81.202802,28.605564,0
            -81.202705,28.605532,0
            -81.202614,28.605506,0
            -81.202516,28.605487,0
            -81.202419,28.605476,0
            -81.202248,28.605461,0
            -81.202065,28.605453,0
            -81.201957,28.605448,0
            -81.201832,28.605448,0
            -81.201733,28.605457,0
            -81.201611,28.605475,0
            -81.201492,28.605501,0
            -81.201338,28.605547,0
            -81.200828,28.605716,0
            -81.199733,28.606073,0
            -81.199501,28.606147,0
            -81.199271,28.606218,0
            -81.199148,28.606254,0
            -81.199017,28.606286,0
            -81.198883,28.606311,0
            -81.198787,28.606323,0
            -81.198698,28.606329,0
            -81.198611,28.606331,0
            -81.198493,28.60633,0
            -81.198524,28.606446,0
            -81.198527,28.606483,0
            -81.198527,28.606509,0
            -81.198521,28.606537,0
            -81.198511,28.606562,0
            -81.198496,28.606595,0
            -81.198476,28.606632,0
            -81.197958,28.607544,0
            -81.197314,28.608656,0
            -81.196958,28.609287,0
            -81.19646,28.609055,0
            -81.196214,28.608946,0
          </coordinates>
        </LineString>
      </Placemark>
      <Placemark>
        <name>University of Central Florida</name>
        <description><![CDATA[description: Public university from 2019-09-24T12:50:00.000Z to 2019-09-24T12:52:00.000Z. Distance 0m<br>Email: syugen.zhou@gmail.com<br>Category: Public university<br>Distance: 0]]></description>
        <styleUrl>#icon-1739-0288D1</styleUrl>
        <ExtendedData>
          <Data name="description">
            <value>Public university from 2019-09-24T12:50:00.000Z to 2019-09-24T12:52:00.000Z. Distance 0m</value>
          </Data>
          <Data name="Email">
            <value>syugen.zhou@gmail.com</value>
          </Data>
          <Data name="Category">
            <value>Public university</value>
          </Data>
          <Data name="Distance">
            <value>0</value>
          </Data>
        </ExtendedData>
        <Point>
          <coordinates>
            -81.20006,28.602427,0
          </coordinates>
        </Point>
      </Placemark>
      <Placemark>
        <name>Hiking</name>
        <description><![CDATA[description: Hiking from 2019-09-24T12:52:00.000Z to 2019-09-24T19:13:44.000Z. Distance 1646m<br>Email: syugen.zhou@gmail.com<br>Category: Hiking<br>Distance: 1646]]></description>
        <styleUrl>#line-7CB342-5000</styleUrl>
        <ExtendedData>
          <Data name="description">
            <value>Hiking from 2019-09-24T12:52:00.000Z to 2019-09-24T19:13:44.000Z. Distance 1646m</value>
          </Data>
          <Data name="Email">
            <value>syugen.zhou@gmail.com</value>
          </Data>
          <Data name="Category">
            <value>Hiking</value>
          </Data>
          <Data name="Distance">
            <value>1646</value>
          </Data>
        </ExtendedData>
        <LineString>
          <tessellate>1</tessellate>
          <coordinates>
            -81.196464,28.608441,0
            -81.196151,28.608124,0
            -81.197134,28.607594,0
            -81.196401,28.608824,0
            -81.197387,28.608191,0
            -81.196776,28.607654,0
            -81.197909,28.607642,0
            -81.1971,28.607438,0
            -81.197662,28.607572,0
            -81.197002,28.607333,0
            -81.197658,28.607657,0
            -81.196934,28.607439,0
            -81.197278,28.608377,0
            -81.196934,28.607439,0
            -81.197278,28.608377,0
            -81.196934,28.607439,0
            -81.196644,28.608914,0
            -81.196195,28.608598,0
          </coordinates>
        </LineString>
      </Placemark>
      <Placemark>
        <name>Driving</name>
        <description><![CDATA[description: Driving from 2019-09-24T19:13:44.000Z to 2019-09-24T19:53:06.419Z. Distance 23869m<br>Email: syugen.zhou@gmail.com<br>Category: Driving<br>Distance: 23869]]></description>
        <styleUrl>#line-7CB342-5000</styleUrl>
        <ExtendedData>
          <Data name="description">
            <value>Driving from 2019-09-24T19:13:44.000Z to 2019-09-24T19:53:06.419Z. Distance 23869m</value>
          </Data>
          <Data name="Email">
            <value>syugen.zhou@gmail.com</value>
          </Data>
          <Data name="Category">
            <value>Driving</value>
          </Data>
          <Data name="Distance">
            <value>23869</value>
          </Data>
        </ExtendedData>
        <LineString>
          <tessellate>1</tessellate>
          <coordinates>
            -81.196084,28.608008,0
            -81.197292,28.606255,0
            -81.197339,28.606202,0
            -81.19753,28.606272,0
            -81.197804,28.606355,0
            -81.198127,28.606416,0
            -81.198392,28.606447,0
            -81.198446,28.606449,0
            -81.198703,28.606436,0
            -81.198969,28.606406,0
            -81.19923,28.606353,0
            -81.201508,28.60562,0
            -81.201618,28.605591,0
            -81.201707,28.605574,0
            -81.201831,28.60556,0
            -81.201932,28.605559,0
            -81.202436,28.605593,0
            -81.202618,28.605626,0
            -81.202764,28.605674,0
            -81.202861,28.605716,0
            -81.202939,28.605759,0
            -81.203073,28.605853,0
            -81.203173,28.60594,0
            -81.203233,28.60601,0
            -81.203872,28.606889,0
            -81.203949,28.60698,0
            -81.203991,28.607023,0
            -81.204121,28.607125,0
            -81.204254,28.607208,0
            -81.20452,28.607334,0
            -81.204866,28.607459,0
            -81.205128,28.607532,0
            -81.205409,28.607584,0
            -81.205592,28.607608,0
            -81.208558,28.607663,0
            -81.20878,28.6077,0
            -81.209801,28.607975,0
            -81.209986,28.608014,0
            -81.210065,28.608009,0
            -81.210455,28.608123,0
            -81.210705,28.608169,0
            -81.210898,28.608191,0
            -81.211125,28.6082,0
            -81.211347,28.608195,0
            -81.211615,28.608175,0
            -81.211875,28.608131,0
            -81.21208,28.608086,0
            -81.212365,28.607994,0
            -81.212666,28.607855,0
            -81.213097,28.607594,0
            -81.215529,28.605352,0
            -81.215728,28.605267,0
            -81.215898,28.605104,0
            -81.216533,28.604548,0
            -81.217054,28.604215,0
            -81.217379,28.604042,0
            -81.217992,28.603834,0
            -81.21857,28.603715,0
            -81.219236,28.603551,0
            -81.219344,28.603472,0
            -81.219671,28.603417,0
            -81.219988,28.603321,0
            -81.220274,28.603203,0
            -81.220527,28.603053,0
            -81.220781,28.60287,0
            -81.221153,28.602581,0
            -81.221549,28.602238,0
            -81.221799,28.602074,0
            -81.221842,28.602081,0
            -81.22191,28.602055,0
            -81.222096,28.601957,0
            -81.222699,28.601746,0
            -81.222794,28.601731,0
            -81.223371,28.601701,0
            -81.224249,28.601708,0
            -81.224386,28.601715,0
            -81.224422,28.600027,0
            -81.224456,28.599595,0
            -81.224602,28.598728,0
            -81.224638,28.598288,0
            -81.224619,28.596041,0
            -81.22459,28.595695,0
            -81.224481,28.595017,0
            -81.22444,28.594568,0
            -81.224308,28.585837,0
            -81.224309,28.582914,0
            -81.224263,28.580236,0
            -81.224254,28.580211,0
            -81.224098,28.570222,0
            -81.223995,28.568805,0
            -81.232286,28.569754,0
            -81.232751,28.569775,0
            -81.232933,28.56981,0
            -81.234175,28.569897,0
            -81.236625,28.569933,0
            -81.238502,28.569891,0
            -81.239541,28.569818,0
            -81.243409,28.569446,0
            -81.246687,28.56908,0
            -81.250809,28.568684,0
            -81.251265,28.568617,0
            -81.252269,28.568516,0
            -81.2533,28.568435,0
            -81.254087,28.568417,0
            -81.259284,28.56842,0
            -81.259968,28.568442,0
            -81.261316,28.568459,0
            -81.268699,28.568446,0
            -81.270845,28.5684,0
            -81.282564,28.568397,0
            -81.286155,28.568365,0
            -81.287071,28.568312,0
            -81.287664,28.568262,0
            -81.289008,28.568118,0
            -81.289018,28.568114,0
            -81.289391,28.568074,0
            -81.290214,28.567944,0
            -81.291409,28.567727,0
            -81.292304,28.567531,0
            -81.293398,28.567259,0
            -81.294382,28.566988,0
            -81.295666,28.56656,0
            -81.297025,28.566054,0
            -81.297721,28.565761,0
            -81.299122,28.565109,0
            -81.299349,28.565013,0
            -81.30047,28.564445,0
            -81.302121,28.563479,0
            -81.303873,28.562299,0
            -81.305906,28.560805,0
            -81.306979,28.559962,0
            -81.307082,28.559949,0
            -81.307126,28.559936,0
            -81.307227,28.559885,0
            -81.307353,28.559808,0
            -81.30801,28.559359,0
            -81.309301,28.558372,0
            -81.310228,28.55772,0
            -81.310307,28.55759,0
            -81.310447,28.557424,0
            -81.310701,28.557061,0
            -81.310866,28.556798,0
            -81.310857,28.555574,0
            -81.310832,28.554999,0
            -81.310644,28.538975,0
            -81.310613,28.538033,0
            -81.310518,28.530966,0
            -81.310527,28.529436,0
            -81.310474,28.524456,0
            -81.310483,28.523645,0
            -81.310496,28.523499,0
            -81.310307,28.498951,0
            -81.310316,28.49882,0
            -81.310328,28.497821,0
            -81.310214,28.480669,0
            -81.311722,28.480667,0
          </coordinates>
        </LineString>
      </Placemark>
      <Placemark>
        <name>Mobil</name>
        <description><![CDATA[description: Gas station from 2019-09-24T19:53:06.419Z to 2019-09-24T19:59:06.000Z. Distance 0m<br>Email: syugen.zhou@gmail.com<br>Category: Gas station<br>Distance: 0]]></description>
        <styleUrl>#icon-1739-0288D1</styleUrl>
        <ExtendedData>
          <Data name="description">
            <value>Gas station from 2019-09-24T19:53:06.419Z to 2019-09-24T19:59:06.000Z. Distance 0m</value>
          </Data>
          <Data name="Email">
            <value>syugen.zhou@gmail.com</value>
          </Data>
          <Data name="Category">
            <value>Gas station</value>
          </Data>
          <Data name="Distance">
            <value>0</value>
          </Data>
        </ExtendedData>
        <Point>
          <coordinates>
            -81.310733,28.48019,0
          </coordinates>
        </Point>
      </Placemark>
      <Placemark>
        <name>Driving</name>
        <description><![CDATA[description: Driving from 2019-09-24T19:59:06.000Z to 2019-09-24T20:15:30.000Z. Distance 6161m<br>Email: syugen.zhou@gmail.com<br>Category: Driving<br>Distance: 6161]]></description>
        <styleUrl>#line-7CB342-5000</styleUrl>
        <ExtendedData>
          <Data name="description">
            <value>Driving from 2019-09-24T19:59:06.000Z to 2019-09-24T20:15:30.000Z. Distance 6161m</value>
          </Data>
          <Data name="Email">
            <value>syugen.zhou@gmail.com</value>
          </Data>
          <Data name="Category">
            <value>Driving</value>
          </Data>
          <Data name="Distance">
            <value>6161</value>
          </Data>
        </ExtendedData>
        <LineString>
          <tessellate>1</tessellate>
          <coordinates>
            -81.310686,28.480365,0
            -81.310583,28.480368,0
            -81.310557,28.480363,0
            -81.310539,28.480355,0
            -81.310527,28.480341,0
            -81.310521,28.480326,0
            -81.310511,28.480274,0
            -81.310505,28.480165,0
            -81.310489,28.480136,0
            -81.310481,28.48013,0
            -81.310466,28.480123,0
            -81.310351,28.48011,0
            -81.310214,28.480106,0
            -81.310179,28.465974,0
            -81.310123,28.463276,0
            -81.310133,28.463084,0
            -81.310142,28.460263,0
            -81.310163,28.459908,0
            -81.310165,28.457277,0
            -81.310142,28.456945,0
            -81.31015,28.456381,0
            -81.310096,28.455255,0
            -81.310029,28.454555,0
            -81.309925,28.453852,0
            -81.309659,28.452585,0
            -81.30945,28.451872,0
            -81.30928,28.451195,0
            -81.309017,28.449889,0
            -81.30901,28.449745,0
            -81.308913,28.448968,0
            -81.308898,28.448288,0
            -81.308975,28.44742,0
            -81.309107,28.446778,0
            -81.309179,28.446501,0
            -81.309264,28.44625,0
            -81.309548,28.445541,0
            -81.309908,28.444879,0
            -81.310645,28.443371,0
            -81.311054,28.442415,0
            -81.311182,28.442173,0
            -81.31157,28.441344,0
            -81.311628,28.441156,0
            -81.311701,28.44074,0
            -81.311704,28.440566,0
            -81.311672,28.440254,0
            -81.311608,28.439998,0
            -81.311511,28.439748,0
            -81.311481,28.439699,0
            -81.311299,28.439313,0
            -81.310462,28.437861,0
            -81.310266,28.437439,0
            -81.310285,28.437351,0
            -81.310242,28.437145,0
            -81.310208,28.436801,0
            -81.310228,28.436318,0
            -81.310268,28.436054,0
            -81.310367,28.435687,0
            -81.310392,28.435629,0
            -81.31043,28.435567,0
            -81.310587,28.435056,0
            -81.311173,28.433386,0
            -81.311287,28.432893,0
            -81.311308,28.432727,0
            -81.31132,28.432301,0
            -81.311305,28.429946,0
            -81.311292,28.429731,0
            -81.311265,28.429512,0
            -81.311154,28.429018,0
            -81.311035,28.428692,0
            -81.31034,28.427038,0
            -81.310266,28.426922,0
            -81.310171,28.426816,0
            -81.309998,28.426661,0
            -81.309908,28.426598,0
            -81.309643,28.426493,0
            -81.309348,28.426415,0
            -81.309175,28.426383,0
            -81.30882,28.426353,0
            -81.30865,28.426352,0
            -81.308394,28.426371,0
            -81.307986,28.42644,0
            -81.307761,28.426493,0
            -81.307603,28.426546,0
            -81.307468,28.426602,0
            -81.307179,28.426746,0
            -81.306984,28.426868,0
            -81.306906,28.426926,0
            -81.306845,28.427005,0
            -81.30646,28.427344,0
            -81.30631,28.427531,0
            -81.306236,28.427647,0
            -81.305797,28.42845,0
            -81.305832,28.428558,0
            -81.305812,28.428803,0
            -81.305798,28.429259,0
            -81.305826,28.429353,0
            -81.305868,28.429406,0
            -81.305929,28.429432,0
            -81.306036,28.429451,0
            -81.306498,28.429417,0
          </coordinates>
        </LineString>
      </Placemark>
      <Placemark>
        <name>On the subway</name>
        <description><![CDATA[description: On the subway from 2019-09-24T20:15:30.000Z to 2019-09-24T20:39:41.000Z. Distance 652m<br>Email: syugen.zhou@gmail.com<br>Category: On the subway<br>Distance: 652]]></description>
        <styleUrl>#line-7CB342-5000</styleUrl>
        <ExtendedData>
          <Data name="description">
            <value>On the subway from 2019-09-24T20:15:30.000Z to 2019-09-24T20:39:41.000Z. Distance 652m</value>
          </Data>
          <Data name="Email">
            <value>syugen.zhou@gmail.com</value>
          </Data>
          <Data name="Category">
            <value>On the subway</value>
          </Data>
          <Data name="Distance">
            <value>652</value>
          </Data>
        </ExtendedData>
        <LineString>
          <tessellate>1</tessellate>
          <coordinates>
            -81.308577,28.430957,0
            -81.314037,28.427584,0
          </coordinates>
        </LineString>
      </Placemark>
      <Placemark>
        <name>Terminal B</name>
        <description><![CDATA[description: Building from 2019-09-24T20:39:41.000Z to 2019-09-24T21:45:46.000Z. Distance 0m<br>Email: syugen.zhou@gmail.com<br>Category: Building<br>Distance: 0]]></description>
        <styleUrl>#icon-1504-0288D1</styleUrl>
        <ExtendedData>
          <Data name="description">
            <value>Building from 2019-09-24T20:39:41.000Z to 2019-09-24T21:45:46.000Z. Distance 0m</value>
          </Data>
          <Data name="Email">
            <value>syugen.zhou@gmail.com</value>
          </Data>
          <Data name="Category">
            <value>Building</value>
          </Data>
          <Data name="Distance">
            <value>0</value>
          </Data>
        </ExtendedData>
        <Point>
          <coordinates>
            -81.314037,28.427584,0
          </coordinates>
        </Point>
      </Placemark>
    </Folder>
    <Folder>
      <name>2019-09-23</name>
      <Placemark>
        <name><![CDATA[Hampton Inn & Suites Orlando/East UCF Area]]></name>
        <description><![CDATA[description: Hotel from 2019-09-22T22:49:56.098Z to 2019-09-23T19:04:05.000Z. Distance 0m<br>Email: syugen.zhou@gmail.com<br>Category: Hotel<br>Distance: 0]]></description>
        <styleUrl>#icon-1602-0288D1</styleUrl>
        <ExtendedData>
          <Data name="description">
            <value>Hotel from 2019-09-22T22:49:56.098Z to 2019-09-23T19:04:05.000Z. Distance 0m</value>
          </Data>
          <Data name="Email">
            <value>syugen.zhou@gmail.com</value>
          </Data>
          <Data name="Category">
            <value>Hotel</value>
          </Data>
          <Data name="Distance">
            <value>0</value>
          </Data>
        </ExtendedData>
        <Point>
          <coordinates>
            -81.216476,28.599253,0
          </coordinates>
        </Point>
      </Placemark>
      <Placemark>
        <name>Driving</name>
        <description><![CDATA[description: Driving from 2019-09-23T19:04:05.000Z to 2019-09-23T19:07:34.000Z. Distance 2006m<br>Email: syugen.zhou@gmail.com<br>Category: Driving<br>Distance: 2006]]></description>
        <styleUrl>#line-FFEA00-5000</styleUrl>
        <ExtendedData>
          <Data name="description">
            <value>Driving from 2019-09-23T19:04:05.000Z to 2019-09-23T19:07:34.000Z. Distance 2006m</value>
          </Data>
          <Data name="Email">
            <value>syugen.zhou@gmail.com</value>
          </Data>
          <Data name="Category">
            <value>Driving</value>
          </Data>
          <Data name="Distance">
            <value>2006</value>
          </Data>
        </ExtendedData>
        <LineString>
          <tessellate>1</tessellate>
          <coordinates>
            -81.216136,28.59954,0
            -81.216139,28.599555,0
            -81.216146,28.599571,0
            -81.216154,28.599581,0
            -81.216169,28.599594,0
            -81.216184,28.599603,0
            -81.216206,28.59961,0
            -81.216256,28.599616,0
            -81.216871,28.59959,0
            -81.216917,28.599575,0
            -81.216946,28.599555,0
            -81.21696,28.59954,0
            -81.217018,28.599425,0
            -81.217166,28.599526,0
            -81.217224,28.599561,0
            -81.217157,28.599628,0
            -81.217072,28.599681,0
            -81.217009,28.599704,0
            -81.216932,28.599728,0
            -81.215794,28.599784,0
            -81.215645,28.599796,0
            -81.215683,28.599982,0
            -81.215727,28.600062,0
            -81.215759,28.600366,0
            -81.215785,28.600528,0
            -81.215851,28.600803,0
            -81.216129,28.601304,0
            -81.216262,28.601507,0
            -81.216394,28.601657,0
            -81.216599,28.601859,0
            -81.216734,28.601962,0
            -81.216723,28.602041,0
            -81.216833,28.602236,0
            -81.21708,28.602525,0
            -81.21737,28.602927,0
            -81.217494,28.603145,0
            -81.217702,28.603665,0
            -81.217121,28.603896,0
            -81.216818,28.604079,0
            -81.216338,28.60443,0
            -81.215759,28.605009,0
            -81.215602,28.605179,0
            -81.215529,28.605352,0
            -81.215349,28.605513,0
            -81.21456,28.606258,0
            -81.213097,28.607594,0
            -81.212666,28.607855,0
            -81.212365,28.607994,0
            -81.21208,28.608086,0
            -81.211875,28.608131,0
            -81.211615,28.608175,0
            -81.211347,28.608195,0
            -81.211125,28.6082,0
            -81.210898,28.608191,0
            -81.210705,28.608169,0
            -81.210455,28.608123,0
            -81.210065,28.608009,0
            -81.210009,28.607956,0
            -81.209611,28.607777,0
            -81.209466,28.607717,0
            -81.209263,28.607647,0
            -81.209036,28.607576,0
            -81.20881,28.607534,0
            -81.208652,28.607512,0
            -81.208427,28.607497,0
            -81.205802,28.60751,0
            -81.205611,28.607501,0
            -81.205466,28.607487,0
            -81.205395,28.607475,0
            -81.205173,28.60743,0
            -81.204893,28.607352,0
            -81.204744,28.607301,0
            -81.2045,28.607199,0
            -81.20438,28.607139,0
            -81.204263,28.607073,0
            -81.204148,28.606997,0
            -81.204063,28.60693,0
            -81.204008,28.606875,0
            -81.203961,28.60682,0
            -81.203651,28.606371,0
            -81.203545,28.60644,0
            -81.203533,28.606499,0
            -81.203522,28.606528,0
            -81.203507,28.60656,0
            -81.203494,28.606599,0
            -81.203483,28.606603,0
            -81.203472,28.606605,0
            -81.203446,28.606605,0
            -81.203435,28.606601,0
            -81.203426,28.606595,0
            -81.203417,28.606586,0
            -81.20331,28.60644,0
            -81.203246,28.606372,0
            -81.203219,28.60635,0
            -81.203202,28.606341,0
            -81.203188,28.606341,0
            -81.203157,28.606342,0
            -81.20312,28.606356,0
            -81.203069,28.606389,0
            -81.202712,28.606714,0
          </coordinates>
        </LineString>
      </Placemark>
      <Placemark>
        <name>University of Central Florida</name>
        <description><![CDATA[description: Public university from 2019-09-23T19:07:34.000Z to 2019-09-23T23:10:00.000Z. Distance 0m<br>Email: syugen.zhou@gmail.com<br>Category: Public university<br>Distance: 0]]></description>
        <styleUrl>#icon-1739-0288D1</styleUrl>
        <ExtendedData>
          <Data name="description">
            <value>Public university from 2019-09-23T19:07:34.000Z to 2019-09-23T23:10:00.000Z. Distance 0m</value>
          </Data>
          <Data name="Email">
            <value>syugen.zhou@gmail.com</value>
          </Data>
          <Data name="Category">
            <value>Public university</value>
          </Data>
          <Data name="Distance">
            <value>0</value>
          </Data>
        </ExtendedData>
        <Point>
          <coordinates>
            -81.20006,28.602427,0
          </coordinates>
        </Point>
      </Placemark>
      <Placemark>
        <name>Driving</name>
        <description><![CDATA[description: Driving from 2019-09-23T23:10:00.000Z to 2019-09-24T00:10:21.000Z. Distance 36629m<br>Email: syugen.zhou@gmail.com<br>Category: Driving<br>Distance: 36629]]></description>
        <styleUrl>#line-FFEA00-5000</styleUrl>
        <ExtendedData>
          <Data name="description">
            <value>Driving from 2019-09-23T23:10:00.000Z to 2019-09-24T00:10:21.000Z. Distance 36629m</value>
          </Data>
          <Data name="Email">
            <value>syugen.zhou@gmail.com</value>
          </Data>
          <Data name="Category">
            <value>Driving</value>
          </Data>
          <Data name="Distance">
            <value>36629</value>
          </Data>
        </ExtendedData>
        <LineString>
          <tessellate>1</tessellate>
          <coordinates>
            -81.202712,28.606714,0
            -81.203069,28.606389,0
            -81.20312,28.606356,0
            -81.203157,28.606342,0
            -81.203202,28.606341,0
            -81.203219,28.60635,0
            -81.20331,28.606439,0
            -81.203417,28.606586,0
            -81.203435,28.606601,0
            -81.203446,28.606604,0
            -81.203472,28.606605,0
            -81.203521,28.606591,0
            -81.203616,28.606538,0
            -81.203872,28.606889,0
            -81.203991,28.607022,0
            -81.204121,28.607125,0
            -81.204254,28.607208,0
            -81.20452,28.607334,0
            -81.204866,28.607459,0
            -81.205128,28.607532,0
            -81.205592,28.607608,0
            -81.207499,28.607641,0
            -81.207485,28.611848,0
            -81.207502,28.611989,0
            -81.210923,28.611895,0
            -81.211067,28.61187,0
            -81.224096,28.611788,0
            -81.224099,28.611554,0
            -81.224118,28.611501,0
            -81.224154,28.609531,0
            -81.224133,28.609466,0
            -81.224256,28.604027,0
            -81.224294,28.603806,0
            -81.224369,28.602395,0
            -81.224422,28.600027,0
            -81.224456,28.599595,0
            -81.224602,28.598727,0
            -81.224638,28.598288,0
            -81.224619,28.596041,0
            -81.22459,28.595695,0
            -81.224481,28.595017,0
            -81.22444,28.594568,0
            -81.224263,28.580236,0
            -81.224254,28.580211,0
            -81.224098,28.570222,0
            -81.223995,28.568805,0
            -81.232286,28.569754,0
            -81.232751,28.569775,0
            -81.232933,28.56981,0
            -81.234175,28.569897,0
            -81.236625,28.569933,0
            -81.238502,28.569891,0
            -81.239541,28.569818,0
            -81.250809,28.568684,0
            -81.251265,28.568617,0
            -81.253299,28.568435,0
            -81.259284,28.56842,0
            -81.261316,28.568459,0
            -81.268699,28.568446,0
            -81.270845,28.5684,0
            -81.286155,28.568365,0
            -81.287071,28.568312,0
            -81.289391,28.568074,0
            -81.291409,28.567727,0
            -81.292304,28.567531,0
            -81.294382,28.566988,0
            -81.295666,28.56656,0
            -81.297025,28.566054,0
            -81.297721,28.565761,0
            -81.299349,28.565013,0
            -81.30047,28.564445,0
            -81.302121,28.563479,0
            -81.303873,28.562299,0
            -81.305906,28.560805,0
            -81.309364,28.558062,0
            -81.310753,28.557144,0
            -81.311482,28.556739,0
            -81.312461,28.556257,0
            -81.313966,28.555609,0
            -81.314805,28.555284,0
            -81.31587,28.554924,0
            -81.317609,28.554406,0
            -81.319435,28.553982,0
            -81.320148,28.553848,0
            -81.322673,28.553505,0
            -81.323648,28.55344,0
            -81.331365,28.553466,0
            -81.332375,28.553522,0
            -81.335499,28.553535,0
            -81.353161,28.553251,0
            -81.353206,28.553242,0
            -81.35332,28.553181,0
            -81.353427,28.553188,0
            -81.360308,28.553118,0
            -81.368163,28.553205,0
            -81.379052,28.553106,0
            -81.379192,28.553155,0
            -81.379652,28.553175,0
            -81.3801,28.553259,0
            -81.38076,28.55329,0
            -81.381426,28.55326,0
            -81.38222,28.553161,0
            -81.382377,28.553162,0
            -81.38242,28.552997,0
            -81.382455,28.552929,0
            -81.382482,28.552911,0
            -81.38269,28.552839,0
            -81.382773,28.552783,0
            -81.382835,28.551562,0
            -81.382911,28.551147,0
            -81.382914,28.550718,0
            -81.382833,28.549094,0
            -81.382843,28.549029,0
            -81.382836,28.549007,0
            -81.382753,28.548937,0
            -81.382603,28.544475,0
            -81.382521,28.543217,0
            -81.382479,28.540498,0
            -81.382534,28.539665,0
            -81.382679,28.538648,0
            -81.382839,28.537894,0
            -81.383101,28.536857,0
            -81.383432,28.535979,0
            -81.383698,28.535406,0
            -81.384063,28.53471,0
            -81.384212,28.534488,0
            -81.385327,28.532477,0
            -81.38557,28.531991,0
            -81.385995,28.530948,0
            -81.386316,28.52978,0
            -81.386453,28.528933,0
            -81.386524,28.527904,0
            -81.386499,28.521536,0
            -81.386518,28.520983,0
            -81.386611,28.520199,0
            -81.386744,28.519632,0
            -81.386992,28.518862,0
            -81.387335,28.518089,0
            -81.387687,28.517469,0
            -81.387893,28.517156,0
            -81.388273,28.516654,0
            -81.388471,28.516421,0
            -81.388906,28.515972,0
            -81.389225,28.515672,0
            -81.389768,28.515229,0
            -81.394538,28.511927,0
            -81.395449,28.511388,0
            -81.396208,28.511011,0
            -81.396742,28.510777,0
            -81.397588,28.510465,0
            -81.398835,28.510114,0
            -81.399558,28.509962,0
            -81.400291,28.509848,0
            -81.401089,28.509765,0
            -81.401904,28.50973,0
            -81.415698,28.509654,0
            -81.416448,28.509566,0
            -81.416914,28.50949,0
            -81.417511,28.509358,0
            -81.417878,28.509257,0
            -81.418462,28.509065,0
            -81.419385,28.508675,0
            -81.419783,28.508473,0
            -81.420501,28.508037,0
            -81.421069,28.507625,0
            -81.421636,28.507138,0
            -81.422093,28.506675,0
            -81.436342,28.49024,0
            -81.437235,28.489288,0
            -81.438467,28.488129,0
            -81.449212,28.47923,0
            -81.45352,28.475931,0
            -81.453745,28.475864,0
            -81.455622,28.474478,0
            -81.456029,28.474204,0
            -81.456161,28.474129,0
            -81.456207,28.474072,0
            -81.456248,28.474041,0
            -81.456392,28.473963,0
            -81.457746,28.473401,0
            -81.458013,28.473272,0
            -81.45827,28.473126,0
            -81.458471,28.472983,0
            -81.458722,28.472753,0
            -81.458844,28.47261,0
            -81.459019,28.47236,0
            -81.459143,28.472124,0
            -81.459194,28.472,0
            -81.459261,28.471773,0
            -81.45935,28.471233,0
            -81.459391,28.470847,0
            -81.459404,28.470152,0
            -81.459464,28.469765,0
            -81.459456,28.468766,0
            -81.459402,28.468208,0
            -81.458922,28.465045,0
            -81.458815,28.463833,0
            -81.458824,28.462427,0
            -81.458809,28.46228,0
            -81.458757,28.455079,0
            -81.458753,28.455058,0
            -81.458764,28.454713,0
            -81.458795,28.45468,0
            -81.458843,28.454338,0
            -81.458893,28.45411,0
            -81.459029,28.453689,0
            -81.459239,28.453245,0
            -81.459461,28.452894,0
            -81.459676,28.452613,0
            -81.459983,28.452289,0
            -81.460277,28.452034,0
            -81.460564,28.451828,0
            -81.461147,28.451483,0
            -81.461583,28.451274,0
            -81.462263,28.450993,0
            -81.462546,28.450907,0
            -81.462974,28.450802,0
            -81.463045,28.450777,0
            -81.463201,28.450701,0
            -81.465524,28.450235,0
            -81.46568,28.450222,0
            -81.465798,28.449988,0
            -81.465914,28.449477,0
            -81.466021,28.44873,0
            -81.465957,28.448642,0
            -81.4661,28.447512,0
            -81.466177,28.447437,0
            -81.46635,28.446644,0
            -81.467001,28.444428,0
            -81.467458,28.444481,0
            -81.467774,28.444501,0
            -81.468348,28.444504,0
            -81.468625,28.444487,0
            -81.469837,28.444502,0
            -81.469917,28.444587,0
            -81.469857,28.44466,0
            -81.469821,28.444742,0
            -81.46981,28.445115,0
            -81.470345,28.445125,0
            -81.470349,28.445332,0
          </coordinates>
        </LineString>
      </Placemark>
      <Placemark>
        <name>Driving</name>
        <description><![CDATA[description: Driving from 2019-09-24T00:15:52.000Z to 2019-09-24T01:00:00.000Z. Distance 32873m<br>Email: syugen.zhou@gmail.com<br>Category: Driving<br>Distance: 32873]]></description>
        <styleUrl>#line-FFEA00-5000</styleUrl>
        <ExtendedData>
          <Data name="description">
            <value>Driving from 2019-09-24T00:15:52.000Z to 2019-09-24T01:00:00.000Z. Distance 32873m</value>
          </Data>
          <Data name="Email">
            <value>syugen.zhou@gmail.com</value>
          </Data>
          <Data name="Category">
            <value>Driving</value>
          </Data>
          <Data name="Distance">
            <value>32873</value>
          </Data>
        </ExtendedData>
        <LineString>
          <tessellate>1</tessellate>
          <coordinates>
            -81.470421,28.445563,0
            -81.470371,28.44556,0
            -81.470351,28.445533,0
            -81.470345,28.445125,0
            -81.46981,28.445115,0
            -81.469822,28.444742,0
            -81.469917,28.444587,0
            -81.470018,28.444631,0
            -81.470604,28.444616,0
            -81.470808,28.445568,0
            -81.470884,28.447655,0
            -81.470916,28.447779,0
            -81.470957,28.447835,0
            -81.470858,28.45001,0
            -81.472616,28.450021,0
            -81.472677,28.450075,0
            -81.473365,28.450115,0
            -81.473605,28.450264,0
            -81.473976,28.452339,0
            -81.47408,28.453401,0
            -81.474181,28.453565,0
            -81.474138,28.454919,0
            -81.474021,28.455756,0
            -81.473676,28.456927,0
            -81.473267,28.457803,0
            -81.472845,28.458472,0
            -81.472029,28.45948,0
            -81.467855,28.463022,0
            -81.467803,28.463189,0
            -81.452754,28.47595,0
            -81.443759,28.483175,0
            -81.443487,28.483469,0
            -81.438128,28.487863,0
            -81.436914,28.489086,0
            -81.421816,28.506471,0
            -81.421184,28.507048,0
            -81.420327,28.507692,0
            -81.419221,28.508312,0
            -81.418121,28.508754,0
            -81.417098,28.509058,0
            -81.41599,28.509242,0
            -81.414809,28.50931,0
            -81.402345,28.509369,0
            -81.400504,28.509462,0
            -81.399536,28.509597,0
            -81.397591,28.510016,0
            -81.397002,28.510212,0
            -81.396738,28.510194,0
            -81.395523,28.510781,0
            -81.394782,28.511218,0
            -81.388956,28.515299,0
            -81.387833,28.516454,0
            -81.387121,28.517481,0
            -81.386759,28.51817,0
            -81.386297,28.519418,0
            -81.386062,28.520599,0
            -81.386021,28.528214,0
            -81.385773,28.529931,0
            -81.385243,28.531414,0
            -81.382811,28.535652,0
            -81.382321,28.536785,0
            -81.382044,28.537968,0
            -81.381853,28.539919,0
            -81.382169,28.546767,0
            -81.382091,28.546903,0
            -81.382068,28.5494,0
            -81.381935,28.549402,0
            -81.381874,28.55249,0
            -81.381816,28.552758,0
            -81.381754,28.552894,0
            -81.381648,28.552985,0
            -81.381402,28.55304,0
            -81.379198,28.553053,0
            -81.379052,28.553106,0
            -81.35332,28.553181,0
            -81.353183,28.553129,0
            -81.332832,28.553397,0
            -81.331392,28.553307,0
            -81.323644,28.553311,0
            -81.321785,28.55347,0
            -81.31958,28.553794,0
            -81.317767,28.554174,0
            -81.315931,28.554701,0
            -81.314045,28.555365,0
            -81.3139,28.555458,0
            -81.312493,28.556045,0
            -81.310445,28.557134,0
            -81.303111,28.562588,0
            -81.301191,28.563819,0
            -81.2986,28.56518,0
            -81.296957,28.565895,0
            -81.294353,28.566799,0
            -81.292271,28.567348,0
            -81.289098,28.567933,0
            -81.287625,28.568106,0
            -81.286056,28.56819,0
            -81.286093,28.57162,0
            -81.286145,28.571681,0
            -81.286153,28.572245,0
            -81.286084,28.572347,0
            -81.286493,28.597058,0
            -81.28638,28.59721,0
            -81.286266,28.597284,0
            -81.286118,28.59733,0
            -81.27951,28.597432,0
            -81.278577,28.59758,0
            -81.277626,28.597888,0
            -81.277048,28.59815,0
            -81.274945,28.59936,0
            -81.274104,28.599732,0
            -81.273238,28.599955,0
            -81.272711,28.600033,0
            -81.27193,28.600051,0
            -81.271183,28.599983,0
            -81.270352,28.599798,0
            -81.263984,28.597643,0
            -81.263107,28.59743,0
            -81.262271,28.597324,0
            -81.254045,28.597135,0
            -81.224471,28.597534,0
            -81.224466,28.598533,0
            -81.224285,28.599864,0
            -81.22425,28.601576,0
            -81.223142,28.601558,0
            -81.222778,28.601598,0
            -81.222375,28.601723,0
            -81.22181,28.602023,0
            -81.221799,28.602074,0
            -81.220527,28.603053,0
            -81.220274,28.603203,0
            -81.219671,28.603417,0
            -81.219344,28.603472,0
            -81.219225,28.603455,0
            -81.217934,28.603604,0
            -81.217737,28.603055,0
            -81.217454,28.602575,0
            -81.217047,28.602135,0
            -81.216826,28.601966,0
            -81.216734,28.601962,0
            -81.216262,28.601507,0
            -81.215851,28.600803,0
            -81.215727,28.600062,0
            -81.215765,28.599976,0
            -81.215794,28.599784,0
            -81.216932,28.599728,0
            -81.217157,28.599628,0
            -81.217386,28.599385,0
            -81.21797,28.599401,0
            -81.218022,28.599354,0
            -81.218002,28.598596,0
            -81.217404,28.598571,0
            -81.217381,28.598581,0
            -81.217368,28.59861,0
            -81.217386,28.599385,0
            -81.217157,28.599628,0
            -81.216932,28.599728,0
            -81.215794,28.599784,0
            -81.215902,28.598855,0
            -81.215923,28.597589,0
            -81.207652,28.597658,0
            -81.207504,28.6075,0
            -81.205465,28.607487,0
            -81.204744,28.607301,0
            -81.204263,28.607073,0
            -81.204063,28.60693,0
            -81.20331,28.605915,0
            -81.203095,28.60572,0
            -81.202879,28.605594,0
            -81.202516,28.605487,0
            -81.201832,28.605448,0
            -81.201492,28.605502,0
            -81.198883,28.606311,0
            -81.198492,28.60633,0
            -81.198523,28.606447,0
            -81.198521,28.606537,0
            -81.197571,28.608212,0
          </coordinates>
        </LineString>
      </Placemark>
      <Placemark>
        <name><![CDATA[Hampton Inn & Suites Orlando/East UCF Area]]></name>
        <description><![CDATA[description: Hotel from 2019-09-24T01:00:00.000Z to 2019-09-24T12:29:54.000Z. Distance 0m<br>Email: syugen.zhou@gmail.com<br>Category: Hotel<br>Distance: 0]]></description>
        <styleUrl>#icon-1602-0288D1</styleUrl>
        <ExtendedData>
          <Data name="description">
            <value>Hotel from 2019-09-24T01:00:00.000Z to 2019-09-24T12:29:54.000Z. Distance 0m</value>
          </Data>
          <Data name="Email">
            <value>syugen.zhou@gmail.com</value>
          </Data>
          <Data name="Category">
            <value>Hotel</value>
          </Data>
          <Data name="Distance">
            <value>0</value>
          </Data>
        </ExtendedData>
        <Point>
          <coordinates>
            -81.216476,28.599253,0
          </coordinates>
        </Point>
      </Placemark>
    </Folder>
    <Folder>
      <name>2019-09-22</name>
      <Placemark>
        <name>Residence Inn by Marriott Orlando Convention Center</name>
        <description><![CDATA[description: Hotel from 2019-09-22T01:20:18.128Z to 2019-09-22T11:43:56.999Z. Distance 0m<br>Email: syugen.zhou@gmail.com<br>Category: Hotel<br>Distance: 0]]></description>
        <styleUrl>#icon-1602-0288D1</styleUrl>
        <ExtendedData>
          <Data name="description">
            <value>Hotel from 2019-09-22T01:20:18.128Z to 2019-09-22T11:43:56.999Z. Distance 0m</value>
          </Data>
          <Data name="Email">
            <value>syugen.zhou@gmail.com</value>
          </Data>
          <Data name="Category">
            <value>Hotel</value>
          </Data>
          <Data name="Distance">
            <value>0</value>
          </Data>
        </ExtendedData>
        <Point>
          <coordinates>
            -81.46845,28.437777,0
          </coordinates>
        </Point>
      </Placemark>
      <Placemark>
        <name>Driving</name>
        <description><![CDATA[description: Driving from 2019-09-22T11:43:56.999Z to 2019-09-22T11:52:43.000Z. Distance 4244m<br>Email: syugen.zhou@gmail.com<br>Category: Driving<br>Distance: 4244]]></description>
        <styleUrl>#line-F9A825-5000</styleUrl>
        <ExtendedData>
          <Data name="description">
            <value>Driving from 2019-09-22T11:43:56.999Z to 2019-09-22T11:52:43.000Z. Distance 4244m</value>
          </Data>
          <Data name="Email">
            <value>syugen.zhou@gmail.com</value>
          </Data>
          <Data name="Category">
            <value>Driving</value>
          </Data>
          <Data name="Distance">
            <value>4244</value>
          </Data>
        </ExtendedData>
        <LineString>
          <tessellate>1</tessellate>
          <coordinates>
            -81.468458,28.437983,0
            -81.468383,28.437983,0
            -81.468364,28.437975,0
            -81.468349,28.437959,0
            -81.468342,28.437945,0
            -81.468337,28.437924,0
            -81.468339,28.437357,0
            -81.468075,28.437382,0
            -81.467845,28.43739,0
            -81.467875,28.437986,0
            -81.467871,28.43819,0
            -81.467919,28.438627,0
            -81.467968,28.438886,0
            -81.468042,28.439538,0
            -81.468017,28.439652,0
            -81.468021,28.439903,0
            -81.468006,28.440355,0
            -81.467977,28.440632,0
            -81.46791,28.44104,0
            -81.467763,28.441659,0
            -81.467599,28.442163,0
            -81.467352,28.442822,0
            -81.467103,28.443396,0
            -81.46701,28.443649,0
            -81.466242,28.446507,0
            -81.466102,28.44711,0
            -81.466041,28.447419,0
            -81.466101,28.447512,0
            -81.465957,28.448642,0
            -81.465883,28.448718,0
            -81.46584,28.44906,0
            -81.46581,28.449227,0
            -81.465788,28.449394,0
            -81.465638,28.44997,0
            -81.465524,28.450235,0
            -81.465344,28.450939,0
            -81.46491,28.452352,0
            -81.464405,28.454161,0
            -81.46436,28.454372,0
            -81.464327,28.454642,0
            -81.464318,28.454837,0
            -81.46432,28.455015,0
            -81.464472,28.456992,0
            -81.464461,28.457176,0
            -81.464443,28.45726,0
            -81.46442,28.45734,0
            -81.464372,28.457452,0
            -81.464324,28.457547,0
            -81.464263,28.457649,0
            -81.463983,28.458181,0
            -81.463818,28.458555,0
            -81.463778,28.458672,0
            -81.46372,28.458889,0
            -81.463688,28.459057,0
            -81.463676,28.459153,0
            -81.46367,28.459176,0
            -81.463645,28.459375,0
            -81.463641,28.459482,0
            -81.463642,28.45961,0
            -81.463653,28.459753,0
            -81.463682,28.459987,0
            -81.463702,28.460098,0
            -81.463738,28.460244,0
            -81.463881,28.460673,0
            -81.463904,28.460761,0
            -81.463927,28.460952,0
            -81.463954,28.462176,0
            -81.463928,28.462355,0
            -81.463957,28.463616,0
            -81.463962,28.463666,0
            -81.464009,28.463899,0
            -81.464449,28.465194,0
            -81.464547,28.465382,0
            -81.464629,28.465704,0
            -81.464708,28.466087,0
            -81.464783,28.466533,0
            -81.464841,28.467093,0
            -81.464865,28.467514,0
            -81.464872,28.467831,0
            -81.464802,28.470212,0
            -81.464727,28.470276,0
            -81.464719,28.470289,0
            -81.464695,28.470388,0
            -81.464667,28.470476,0
            -81.464625,28.470577,0
            -81.464558,28.470708,0
            -81.464465,28.470858,0
            -81.464368,28.470995,0
            -81.464238,28.471151,0
            -81.464164,28.471228,0
            -81.464073,28.471303,0
            -81.463938,28.47143,0
            -81.463866,28.471511,0
            -81.463784,28.471624,0
            -81.463729,28.471719,0
            -81.463638,28.471905,0
            -81.463634,28.47192,0
            -81.463633,28.47194,0
            -81.463647,28.471982,0
            -81.462785,28.473464,0
          </coordinates>
        </LineString>
      </Placemark>
      <Placemark>
        <name>Universal Orlando Resort</name>
        <description><![CDATA[description: Theme park from 2019-09-22T11:52:43.000Z to 2019-09-22T12:05:08.000Z. Distance 0m<br>Email: syugen.zhou@gmail.com<br>Category: Theme park<br>Distance: 0]]></description>
        <styleUrl>#icon-1535-0288D1</styleUrl>
        <ExtendedData>
          <Data name="description">
            <value>Theme park from 2019-09-22T11:52:43.000Z to 2019-09-22T12:05:08.000Z. Distance 0m</value>
          </Data>
          <Data name="Email">
            <value>syugen.zhou@gmail.com</value>
          </Data>
          <Data name="Category">
            <value>Theme park</value>
          </Data>
          <Data name="Distance">
            <value>0</value>
          </Data>
        </ExtendedData>
        <Point>
          <coordinates>
            -81.467819,28.474321,0
          </coordinates>
        </Point>
      </Placemark>
      <Placemark>
        <name>Hiking</name>
        <description><![CDATA[description: Hiking from 2019-09-22T12:05:08.000Z to 2019-09-22T22:06:00.000Z. Distance 6137m<br>Email: syugen.zhou@gmail.com<br>Category: Hiking<br>Distance: 6137]]></description>
        <styleUrl>#line-F9A825-5000</styleUrl>
        <ExtendedData>
          <Data name="description">
            <value>Hiking from 2019-09-22T12:05:08.000Z to 2019-09-22T22:06:00.000Z. Distance 6137m</value>
          </Data>
          <Data name="Email">
            <value>syugen.zhou@gmail.com</value>
          </Data>
          <Data name="Category">
            <value>Hiking</value>
          </Data>
          <Data name="Distance">
            <value>6137</value>
          </Data>
        </ExtendedData>
        <LineString>
          <tessellate>1</tessellate>
          <coordinates>
            -81.461377,28.474001,0
            -81.464219,28.473971,0
            -81.465832,28.473453,0
            -81.466535,28.475125,0
            -81.467804,28.475452,0
            -81.468703,28.475102,0
            -81.468548,28.476735,0
            -81.468141,28.475306,0
            -81.469165,28.476182,0
            -81.469207,28.477006,0
            -81.469541,28.478104,0
            -81.469523,28.47855,0
            -81.469324,28.47923,0
            -81.470016,28.479801,0
            -81.468796,28.479721,0
            -81.467875,28.479693,0
            -81.468072,28.480717,0
            -81.467273,28.480071,0
            -81.467557,28.480214,0
            -81.468193,28.480563,0
            -81.469559,28.479104,0
            -81.470437,28.4792,0
            -81.472666,28.474025,0
            -81.472702,28.473134,0
            -81.473583,28.472705,0
            -81.472754,28.472956,0
            -81.473589,28.471759,0
            -81.473054,28.472863,0
            -81.472044,28.473195,0
            -81.472771,28.472899,0
            -81.472935,28.471521,0
            -81.473602,28.470767,0
            -81.472984,28.470223,0
            -81.47304,28.469552,0
            -81.471815,28.469921,0
            -81.473228,28.470405,0
            -81.472472,28.469733,0
            -81.471233,28.469866,0
            -81.469435,28.470636,0
            -81.468025,28.4719,0
            -81.464634,28.473561,0
            -81.46276,28.474214,0
            -81.460834,28.472773,0
          </coordinates>
        </LineString>
      </Placemark>
      <Placemark>
        <name>Driving</name>
        <description><![CDATA[description: Driving from 2019-09-22T22:06:00.000Z to 2019-09-22T22:49:56.000Z. Distance 31885m<br>Email: syugen.zhou@gmail.com<br>Category: Driving<br>Distance: 31885]]></description>
        <styleUrl>#line-F9A825-5000</styleUrl>
        <ExtendedData>
          <Data name="description">
            <value>Driving from 2019-09-22T22:06:00.000Z to 2019-09-22T22:49:56.000Z. Distance 31885m</value>
          </Data>
          <Data name="Email">
            <value>syugen.zhou@gmail.com</value>
          </Data>
          <Data name="Category">
            <value>Driving</value>
          </Data>
          <Data name="Distance">
            <value>31885</value>
          </Data>
        </ExtendedData>
        <LineString>
          <tessellate>1</tessellate>
          <coordinates>
            -81.461577,28.473578,0
            -81.462158,28.473826,0
            -81.46227,28.473847,0
            -81.462358,28.473826,0
            -81.462473,28.473746,0
            -81.463508,28.471928,0
            -81.46374,28.471384,0
            -81.463752,28.471251,0
            -81.46374,28.471187,0
            -81.463694,28.471093,0
            -81.463627,28.471016,0
            -81.463534,28.47096,0
            -81.462761,28.470723,0
            -81.462653,28.470648,0
            -81.462515,28.470489,0
            -81.462435,28.470324,0
            -81.462418,28.470089,0
            -81.462466,28.469918,0
            -81.463031,28.468851,0
            -81.463499,28.468301,0
            -81.465278,28.466655,0
            -81.465452,28.466536,0
            -81.465703,28.466462,0
            -81.465925,28.466455,0
            -81.466086,28.466491,0
            -81.466266,28.466576,0
            -81.466457,28.466743,0
            -81.466544,28.466897,0
            -81.466591,28.467124,0
            -81.466564,28.467289,0
            -81.466441,28.46752,0
            -81.466326,28.467628,0
            -81.466194,28.467709,0
            -81.466035,28.467769,0
            -81.465799,28.467794,0
            -81.465666,28.467779,0
            -81.465462,28.467711,0
            -81.465325,28.467627,0
            -81.465204,28.467505,0
            -81.4651,28.467332,0
            -81.465043,28.467275,0
            -81.464853,28.465839,0
            -81.464761,28.465474,0
            -81.464697,28.465424,0
            -81.464487,28.465156,0
            -81.464449,28.465194,0
            -81.464272,28.465259,0
            -81.463288,28.465973,0
            -81.459492,28.469955,0
            -81.459404,28.470108,0
            -81.438117,28.487678,0
            -81.436535,28.489152,0
            -81.421944,28.506062,0
            -81.421446,28.506567,0
            -81.420783,28.50713,0
            -81.419804,28.507791,0
            -81.418404,28.508465,0
            -81.417244,28.508837,0
            -81.416632,28.508972,0
            -81.415169,28.509148,0
            -81.40098,28.509261,0
            -81.399703,28.509378,0
            -81.398949,28.509509,0
            -81.397531,28.509893,0
            -81.396738,28.510194,0
            -81.395523,28.510781,0
            -81.394782,28.511218,0
            -81.388956,28.515299,0
            -81.38843,28.515794,0
            -81.387833,28.516454,0
            -81.387121,28.517481,0
            -81.386759,28.51817,0
            -81.386297,28.519418,0
            -81.386062,28.520599,0
            -81.386009,28.521371,0
            -81.386021,28.528214,0
            -81.385773,28.529931,0
            -81.385551,28.530663,0
            -81.385244,28.531414,0
            -81.382811,28.535652,0
            -81.382321,28.536785,0
            -81.382044,28.537968,0
            -81.381853,28.539919,0
            -81.382284,28.548564,0
            -81.382211,28.548706,0
            -81.382136,28.550562,0
            -81.381996,28.551895,0
            -81.381916,28.552004,0
            -81.381816,28.552758,0
            -81.381754,28.552894,0
            -81.381648,28.552985,0
            -81.381402,28.55304,0
            -81.379198,28.553053,0
            -81.379052,28.553106,0
            -81.35332,28.553181,0
            -81.353183,28.553129,0
            -81.332832,28.553397,0
            -81.331392,28.553307,0
            -81.323644,28.553311,0
            -81.321785,28.55347,0
            -81.31958,28.553794,0
            -81.317768,28.554174,0
            -81.315931,28.554701,0
            -81.314045,28.555365,0
            -81.3139,28.555458,0
            -81.312493,28.556045,0
            -81.310445,28.557134,0
            -81.309486,28.557781,0
            -81.303111,28.562588,0
            -81.301191,28.563819,0
            -81.2986,28.56518,0
            -81.296957,28.565895,0
            -81.294353,28.566799,0
            -81.292271,28.567348,0
            -81.289098,28.567933,0
            -81.287625,28.568106,0
            -81.286056,28.56819,0
            -81.286093,28.57162,0
            -81.286145,28.571681,0
            -81.286153,28.572245,0
            -81.286084,28.572347,0
            -81.286493,28.597058,0
            -81.28638,28.59721,0
            -81.286266,28.597284,0
            -81.286118,28.59733,0
            -81.27951,28.597432,0
            -81.278577,28.59758,0
            -81.277626,28.597888,0
            -81.277048,28.59815,0
            -81.274945,28.59936,0
            -81.274104,28.599732,0
            -81.273238,28.599955,0
            -81.272711,28.600033,0
            -81.27193,28.600051,0
            -81.271183,28.599983,0
            -81.270352,28.599798,0
            -81.263984,28.597643,0
            -81.263107,28.59743,0
            -81.262271,28.597324,0
            -81.254045,28.597135,0
            -81.244577,28.597394,0
            -81.224471,28.597534,0
            -81.224466,28.598533,0
            -81.224285,28.599864,0
            -81.22425,28.601576,0
            -81.223142,28.601558,0
            -81.222778,28.601598,0
            -81.222375,28.601723,0
            -81.22181,28.602023,0
            -81.221799,28.602074,0
            -81.220527,28.603053,0
            -81.220274,28.603203,0
            -81.219671,28.603417,0
            -81.219344,28.603472,0
            -81.219225,28.603455,0
            -81.217934,28.603604,0
            -81.217737,28.603055,0
            -81.217454,28.602575,0
            -81.217047,28.602135,0
            -81.216826,28.601966,0
            -81.216734,28.601962,0
            -81.216599,28.601859,0
            -81.216262,28.601507,0
            -81.215851,28.600803,0
            -81.215727,28.600062,0
            -81.215765,28.599976,0
            -81.215902,28.598855,0
            -81.21618,28.598861,0
            -81.216134,28.599528,0
            -81.216154,28.599581,0
            -81.216184,28.599603,0
            -81.216313,28.599614,0
          </coordinates>
        </LineString>
      </Placemark>
      <Placemark>
        <name><![CDATA[Hampton Inn & Suites Orlando/East UCF Area]]></name>
        <description><![CDATA[description: Hotel from 2019-09-22T22:49:56.098Z to 2019-09-23T19:04:05.000Z. Distance 0m<br>Email: syugen.zhou@gmail.com<br>Category: Hotel<br>Distance: 0]]></description>
        <styleUrl>#icon-1602-0288D1</styleUrl>
        <ExtendedData>
          <Data name="description">
            <value>Hotel from 2019-09-22T22:49:56.098Z to 2019-09-23T19:04:05.000Z. Distance 0m</value>
          </Data>
          <Data name="Email">
            <value>syugen.zhou@gmail.com</value>
          </Data>
          <Data name="Category">
            <value>Hotel</value>
          </Data>
          <Data name="Distance">
            <value>0</value>
          </Data>
        </ExtendedData>
        <Point>
          <coordinates>
            -81.216476,28.599253,0
          </coordinates>
        </Point>
      </Placemark>
    </Folder>
    <Folder>
      <name>2019-09-21</name>
      <Placemark>
        <name>Terminal B</name>
        <description><![CDATA[description: Building from 2019-09-21T10:03:43.000Z to 2019-09-21T10:13:19.000Z. Distance 0m<br>Email: syugen.zhou@gmail.com<br>Category: Building<br>Distance: 0]]></description>
        <styleUrl>#icon-1504-0288D1</styleUrl>
        <ExtendedData>
          <Data name="description">
            <value>Building from 2019-09-21T10:03:43.000Z to 2019-09-21T10:13:19.000Z. Distance 0m</value>
          </Data>
          <Data name="Email">
            <value>syugen.zhou@gmail.com</value>
          </Data>
          <Data name="Category">
            <value>Building</value>
          </Data>
          <Data name="Distance">
            <value>0</value>
          </Data>
        </ExtendedData>
        <Point>
          <coordinates>
            -81.314037,28.427584,0
          </coordinates>
        </Point>
      </Placemark>
      <Placemark>
        <name>On the subway</name>
        <description><![CDATA[description: On the subway from 2019-09-21T10:13:19.681Z to 2019-09-21T10:15:56.000Z. Distance 723m<br>Email: syugen.zhou@gmail.com<br>Category: On the subway<br>Distance: 723]]></description>
        <styleUrl>#line-A52714-5000</styleUrl>
        <ExtendedData>
          <Data name="description">
            <value>On the subway from 2019-09-21T10:13:19.681Z to 2019-09-21T10:15:56.000Z. Distance 723m</value>
          </Data>
          <Data name="Email">
            <value>syugen.zhou@gmail.com</value>
          </Data>
          <Data name="Category">
            <value>On the subway</value>
          </Data>
          <Data name="Distance">
            <value>723</value>
          </Data>
        </ExtendedData>
        <LineString>
          <tessellate>1</tessellate>
          <coordinates>
            -81.314037,28.427584,0
            -81.313899,28.427863,0
            -81.308307,28.431637,0
          </coordinates>
        </LineString>
      </Placemark>
      <Placemark>
        <name>Alamo Rent A Car</name>
        <description><![CDATA[description: Car rental agency from 2019-09-21T10:15:56.000Z to 2019-09-21T10:17:59.000Z. Distance 0m<br>Email: syugen.zhou@gmail.com<br>Category: Car rental agency<br>Distance: 0]]></description>
        <styleUrl>#icon-1739-0288D1</styleUrl>
        <ExtendedData>
          <Data name="description">
            <value>Car rental agency from 2019-09-21T10:15:56.000Z to 2019-09-21T10:17:59.000Z. Distance 0m</value>
          </Data>
          <Data name="Email">
            <value>syugen.zhou@gmail.com</value>
          </Data>
          <Data name="Category">
            <value>Car rental agency</value>
          </Data>
          <Data name="Distance">
            <value>0</value>
          </Data>
        </ExtendedData>
        <Point>
          <coordinates>
            -81.308307,28.431637,0
          </coordinates>
        </Point>
      </Placemark>
      <Placemark>
        <name>Walking</name>
        <description><![CDATA[description: Walking from 2019-09-21T10:17:59.000Z to 2019-09-21T10:42:08.000Z. Distance 631m<br>Email: syugen.zhou@gmail.com<br>Category: Walking<br>Distance: 631]]></description>
        <styleUrl>#line-A52714-5000</styleUrl>
        <ExtendedData>
          <Data name="description">
            <value>Walking from 2019-09-21T10:17:59.000Z to 2019-09-21T10:42:08.000Z. Distance 631m</value>
          </Data>
          <Data name="Email">
            <value>syugen.zhou@gmail.com</value>
          </Data>
          <Data name="Category">
            <value>Walking</value>
          </Data>
          <Data name="Distance">
            <value>631</value>
          </Data>
        </ExtendedData>
        <LineString>
          <tessellate>1</tessellate>
          <coordinates>
            -81.308307,28.431637,0
            -81.309142,28.43068,0
            -81.307739,28.430107,0
            -81.307587,28.42915,0
            -81.30803,28.428876,0
            -81.308573,28.428494,0
            -81.3096,28.429056,0
          </coordinates>
        </LineString>
      </Placemark>
      <Placemark>
        <name>Driving</name>
        <description><![CDATA[description: Driving from 2019-09-21T10:42:08.000Z to 2019-09-21T10:48:35.000Z. Distance 4774m<br>Email: syugen.zhou@gmail.com<br>Category: Driving<br>Distance: 4774]]></description>
        <styleUrl>#line-A52714-5000</styleUrl>
        <ExtendedData>
          <Data name="description">
            <value>Driving from 2019-09-21T10:42:08.000Z to 2019-09-21T10:48:35.000Z. Distance 4774m</value>
          </Data>
          <Data name="Email">
            <value>syugen.zhou@gmail.com</value>
          </Data>
          <Data name="Category">
            <value>Driving</value>
          </Data>
          <Data name="Distance">
            <value>4774</value>
          </Data>
        </ExtendedData>
        <LineString>
          <tessellate>1</tessellate>
          <coordinates>
            -81.309889,28.429048,0
            -81.31,28.429094,0
            -81.310298,28.42916,0
            -81.310402,28.429154,0
            -81.310454,28.429143,0
            -81.310503,28.429126,0
            -81.310551,28.429102,0
            -81.310591,28.429049,0
            -81.310611,28.42899,0
            -81.310609,28.42889,0
            -81.310593,28.428796,0
            -81.310589,28.428458,0
            -81.310613,28.428356,0
            -81.310676,28.428188,0
            -81.310285,28.427282,0
            -81.310224,28.427176,0
            -81.310148,28.427079,0
            -81.310037,28.42697,0
            -81.309962,28.426914,0
            -81.309898,28.426874,0
            -81.30983,28.426843,0
            -81.309735,28.426811,0
            -81.309461,28.426817,0
            -81.307467,28.426786,0
            -81.307411,28.426789,0
            -81.307327,28.426804,0
            -81.307244,28.426824,0
            -81.307165,28.42685,0
            -81.307068,28.426891,0
            -81.306905,28.426982,0
            -81.306845,28.427005,0
            -81.306696,28.427128,0
            -81.30646,28.427344,0
            -81.30631,28.427531,0
            -81.306236,28.427647,0
            -81.306081,28.427919,0
            -81.306025,28.428032,0
            -81.3057,28.428622,0
            -81.305602,28.428723,0
            -81.305554,28.428796,0
            -81.305382,28.429132,0
            -81.30533,28.429267,0
            -81.305305,28.429357,0
            -81.305269,28.42958,0
            -81.30523,28.429733,0
            -81.305166,28.429879,0
            -81.305109,28.431726,0
            -81.30509,28.431958,0
            -81.305085,28.432461,0
            -81.305092,28.432595,0
            -81.305117,28.432815,0
            -81.305201,28.433151,0
            -81.305266,28.433349,0
            -81.305398,28.433658,0
            -81.305556,28.433949,0
            -81.306234,28.435073,0
            -81.306387,28.43536,0
            -81.306903,28.436236,0
            -81.307319,28.436898,0
            -81.307479,28.437172,0
            -81.307631,28.437522,0
            -81.307752,28.437845,0
            -81.307811,28.438057,0
            -81.307879,28.438424,0
            -81.307909,28.438524,0
            -81.307944,28.438583,0
            -81.307945,28.438773,0
            -81.307917,28.439181,0
            -81.307844,28.439573,0
            -81.307706,28.440211,0
            -81.30766,28.440468,0
            -81.307459,28.441405,0
            -81.306828,28.444775,0
            -81.306741,28.445331,0
            -81.306687,28.44577,0
            -81.306664,28.446134,0
            -81.306655,28.446586,0
            -81.306694,28.447207,0
            -81.306692,28.4474,0
            -81.30701,28.448543,0
            -81.307204,28.449176,0
            -81.307533,28.449908,0
            -81.30782,28.450429,0
            -81.308184,28.451164,0
            -81.308623,28.451964,0
            -81.308746,28.452285,0
            -81.309071,28.453002,0
            -81.309491,28.45408,0
            -81.309528,28.454156,0
            -81.309649,28.454554,0
            -81.309796,28.455195,0
            -81.309864,28.455605,0
            -81.309899,28.455899,0
            -81.309912,28.4561,0
            -81.30991,28.458482,0
            -81.309959,28.459257,0
            -81.309928,28.462252,0
            -81.309987,28.4681,0
            -81.309382,28.468092,0
            -81.308533,28.468106,0
          </coordinates>
        </LineString>
      </Placemark>
      <Placemark>
        <name>Starbucks</name>
        <description><![CDATA[description: Coffee shop from 2019-09-21T10:48:35.000Z to 2019-09-21T11:12:30.000Z. Distance 0m<br>Email: syugen.zhou@gmail.com<br>Category: Coffee shop<br>Distance: 0]]></description>
        <styleUrl>#icon-1739-0288D1</styleUrl>
        <ExtendedData>
          <Data name="description">
            <value>Coffee shop from 2019-09-21T10:48:35.000Z to 2019-09-21T11:12:30.000Z. Distance 0m</value>
          </Data>
          <Data name="Email">
            <value>syugen.zhou@gmail.com</value>
          </Data>
          <Data name="Category">
            <value>Coffee shop</value>
          </Data>
          <Data name="Distance">
            <value>0</value>
          </Data>
        </ExtendedData>
        <Point>
          <coordinates>
            -81.309237,28.467952,0
          </coordinates>
        </Point>
      </Placemark>
      <Placemark>
        <name>Driving</name>
        <description><![CDATA[description: Driving from 2019-09-21T11:12:30.118Z to 2019-09-21T14:04:26.417Z. Distance 303066m<br>Email: syugen.zhou@gmail.com<br>Category: Driving<br>Distance: 303066]]></description>
        <styleUrl>#line-A52714-5000</styleUrl>
        <ExtendedData>
          <Data name="description">
            <value>Driving from 2019-09-21T11:12:30.118Z to 2019-09-21T14:04:26.417Z. Distance 303066m</value>
          </Data>
          <Data name="Email">
            <value>syugen.zhou@gmail.com</value>
          </Data>
          <Data name="Category">
            <value>Driving</value>
          </Data>
          <Data name="Distance">
            <value>303066</value>
          </Data>
        </ExtendedData>
        <LineString>
          <tessellate>1</tessellate>
          <coordinates>
            -81.307183,28.468712,0
            -81.307284,28.468723,0
            -81.308226,28.468926,0
            -81.309021,28.469038,0
            -81.309982,28.46904,0
            -81.310186,28.511418,0
            -81.310201,28.51158,0
            -81.310232,28.517066,0
            -81.310248,28.517173,0
            -81.310282,28.520489,0
            -81.310262,28.521036,0
            -81.310282,28.522348,0
            -81.310311,28.522677,0
            -81.310514,28.541766,0
            -81.310573,28.543149,0
            -81.31054,28.543712,0
            -81.310701,28.557061,0
            -81.31131,28.557066,0
            -81.311527,28.556937,0
            -81.313952,28.555723,0
            -81.31432,28.55556,0
            -81.315826,28.554992,0
            -81.315836,28.554985,0
            -81.31587,28.554924,0
            -81.317609,28.554406,0
            -81.319435,28.553982,0
            -81.320148,28.553848,0
            -81.322673,28.553505,0
            -81.323648,28.55344,0
            -81.331365,28.553466,0
            -81.332375,28.553522,0
            -81.335499,28.553535,0
            -81.353161,28.553251,0
            -81.353206,28.553242,0
            -81.35332,28.553181,0
            -81.353427,28.553188,0
            -81.360308,28.553118,0
            -81.368163,28.553205,0
            -81.37686,28.553134,0
            -81.376957,28.559925,0
            -81.377047,28.560104,0
            -81.377128,28.560198,0
            -81.377222,28.560287,0
            -81.377262,28.560346,0
            -81.377318,28.560398,0
            -81.377465,28.560463,0
            -81.377554,28.560486,0
            -81.37811,28.56058,0
            -81.378226,28.560634,0
            -81.378312,28.560706,0
            -81.378398,28.5608,0
            -81.378465,28.560894,0
            -81.378504,28.560983,0
            -81.378523,28.561125,0
            -81.378511,28.56127,0
            -81.378428,28.561506,0
            -81.378153,28.561911,0
            -81.377737,28.56239,0
            -81.377057,28.563301,0
            -81.37661,28.564012,0
            -81.376417,28.56439,0
            -81.376409,28.564463,0
            -81.37643,28.564539,0
            -81.376178,28.565046,0
            -81.37597,28.56556,0
            -81.375906,28.565679,0
            -81.375726,28.566243,0
            -81.375644,28.566659,0
            -81.375567,28.567271,0
            -81.375576,28.567378,0
            -81.375553,28.5676,0
            -81.375596,28.567759,0
            -81.375537,28.57133,0
            -81.375517,28.571502,0
            -81.375532,28.574312,0
            -81.37548,28.575094,0
            -81.375393,28.575717,0
            -81.374882,28.577904,0
            -81.374794,28.578435,0
            -81.374645,28.578656,0
            -81.374539,28.579732,0
            -81.374537,28.582261,0
            -81.373108,28.582282,0
            -81.373237,28.588859,0
            -81.373311,28.589641,0
            -81.373348,28.593168,0
            -81.377012,28.593177,0
            -81.380777,28.593086,0
            -81.380959,28.59313,0
            -81.381174,28.593146,0
            -81.381459,28.593117,0
            -81.381579,28.593243,0
            -81.381736,28.593347,0
            -81.383484,28.594771,0
            -81.384094,28.595377,0
            -81.384105,28.595383,0
            -81.384223,28.595384,0
            -81.384601,28.595885,0
            -81.384972,28.59648,0
            -81.385372,28.597245,0
            -81.385576,28.59776,0
            -81.385801,28.598465,0
            -81.385971,28.599252,0
            -81.386026,28.599685,0
            -81.386071,28.600331,0
            -81.386327,28.609244,0
            -81.386222,28.612255,0
            -81.386251,28.6202,0
            -81.386349,28.620328,0
            -81.386359,28.62035,0
            -81.386413,28.621192,0
            -81.386493,28.621697,0
            -81.386567,28.62599,0
            -81.386674,28.627365,0
            -81.386762,28.627961,0
            -81.38694,28.628866,0
            -81.3875,28.631246,0
            -81.387558,28.631728,0
            -81.387605,28.63262,0
            -81.387468,28.635772,0
            -81.387467,28.636332,0
            -81.388328,28.64573,0
            -81.388449,28.648056,0
            -81.388639,28.691166,0
            -81.388675,28.692277,0
            -81.388618,28.692829,0
            -81.388478,28.693543,0
            -81.38826,28.69425,0
            -81.387977,28.694952,0
            -81.387582,28.695658,0
            -81.384062,28.700743,0
            -81.382438,28.702988,0
            -81.382056,28.70361,0
            -81.382046,28.703617,0
            -81.381926,28.70367,0
            -81.381469,28.704565,0
            -81.381036,28.705586,0
            -81.379624,28.70952,0
            -81.378734,28.712333,0
            -81.374936,28.723071,0
            -81.374751,28.723666,0
            -81.373974,28.725681,0
            -81.365887,28.748515,0
            -81.365845,28.748685,0
            -81.358015,28.770711,0
            -81.357155,28.772749,0
            -81.351438,28.784134,0
            -81.351318,28.784417,0
            -81.34482,28.797271,0
            -81.34406,28.798966,0
            -81.343518,28.799913,0
            -81.340258,28.806336,0
            -81.338807,28.809003,0
            -81.336661,28.813343,0
            -81.335267,28.816429,0
            -81.333161,28.820596,0
            -81.332529,28.821618,0
            -81.331986,28.82238,0
            -81.331334,28.823156,0
            -81.330783,28.823752,0
            -81.327726,28.826806,0
            -81.324727,28.829625,0
            -81.318509,28.835822,0
            -81.318366,28.835991,0
            -81.312698,28.841656,0
            -81.310011,28.844571,0
            -81.286997,28.867593,0
            -81.286164,28.86856,0
            -81.285737,28.86913,0
            -81.285214,28.869908,0
            -81.284571,28.871027,0
            -81.284288,28.871611,0
            -81.283887,28.872553,0
            -81.241851,29.004572,0
            -81.241553,29.005415,0
            -81.241073,29.006513,0
            -81.240724,29.007187,0
            -81.240234,29.008012,0
            -81.239783,29.008679,0
            -81.239444,29.009135,0
            -81.238771,29.009951,0
            -81.216611,29.033403,0
            -81.214084,29.035911,0
            -81.212363,29.0377,0
            -81.2092,29.041237,0
            -81.19076,29.060696,0
            -81.186837,29.064636,0
            -81.183861,29.067957,0
            -81.163713,29.089224,0
            -81.161377,29.091533,0
            -81.159364,29.093681,0
            -81.157825,29.095432,0
            -81.120928,29.134355,0
            -81.119616,29.135576,0
            -81.118615,29.136374,0
            -81.117401,29.13722,0
            -81.116551,29.137744,0
            -81.115213,29.138473,0
            -81.114333,29.138892,0
            -81.081582,29.152783,0
            -81.080611,29.153299,0
            -81.079934,29.153717,0
            -81.079187,29.154256,0
            -81.078567,29.154797,0
            -81.078158,29.155223,0
            -81.077857,29.155579,0
            -81.077578,29.155952,0
            -81.077335,29.156348,0
            -81.077193,29.156653,0
            -81.077065,29.157031,0
            -81.076995,29.157367,0
            -81.076961,29.15766,0
            -81.076956,29.158168,0
            -81.077005,29.158528,0
            -81.077111,29.158945,0
            -81.077226,29.159251,0
            -81.077327,29.159462,0
            -81.077498,29.159756,0
            -81.078746,29.161497,0
            -81.079492,29.162661,0
            -81.079502,29.162745,0
            -81.081512,29.166152,0
            -81.081976,29.167039,0
            -81.082729,29.168723,0
            -81.083529,29.17077,0
            -81.084106,29.171952,0
            -81.084669,29.17289,0
            -81.085012,29.17339,0
            -81.086821,29.175699,0
            -81.087362,29.17645,0
            -81.08784,29.177245,0
            -81.088155,29.177855,0
            -81.088386,29.178367,0
            -81.089139,29.180251,0
            -81.089152,29.180265,0
            -81.089258,29.180334,0
            -81.102817,29.219347,0
            -81.102903,29.219647,0
            -81.122562,29.27623,0
            -81.124176,29.281438,0
            -81.126566,29.287749,0
            -81.13102,29.300545,0
            -81.131286,29.301497,0
            -81.131482,29.302468,0
            -81.131608,29.303397,0
            -81.131668,29.304744,0
            -81.131084,29.331487,0
            -81.131091,29.331572,0
            -81.131018,29.33501,0
            -81.130998,29.335093,0
            -81.130963,29.336702,0
            -81.130976,29.336826,0
            -81.130901,29.340528,0
            -81.13088,29.340618,0
            -81.130828,29.343071,0
            -81.130843,29.343197,0
            -81.130799,29.346363,0
            -81.130874,29.347162,0
            -81.130963,29.347696,0
            -81.131118,29.348364,0
            -81.131392,29.349216,0
            -81.151072,29.394572,0
            -81.151089,29.39465,0
            -81.15182,29.396331,0
            -81.151882,29.39642,0
            -81.154341,29.402087,0
            -81.154341,29.402108,0
            -81.154328,29.402151,0
            -81.157543,29.409512,0
            -81.157565,29.409595,0
            -81.15894,29.412704,0
            -81.15901,29.412817,0
            -81.16373,29.423652,0
            -81.205876,29.534154,0
            -81.206136,29.534707,0
            -81.206647,29.535667,0
            -81.207034,29.536309,0
            -81.244083,29.592793,0
            -81.245184,29.59458,0
            -81.277568,29.654145,0
            -81.278031,29.654926,0
            -81.278357,29.65542,0
            -81.27917,29.656501,0
            -81.279676,29.657087,0
            -81.280252,29.657693,0
            -81.281151,29.658531,0
            -81.281943,29.659177,0
            -81.282764,29.65977,0
            -81.283386,29.660171,0
            -81.3127,29.676734,0
            -81.313633,29.677297,0
            -81.314839,29.678119,0
            -81.315936,29.678966,0
            -81.317319,29.680212,0
            -81.31842,29.681365,0
            -81.31925,29.682356,0
            -81.320171,29.683624,0
            -81.320643,29.684364,0
            -81.321086,29.685125,0
            -81.321734,29.686407,0
            -81.322098,29.687244,0
            -81.370924,29.808952,0
            -81.371867,29.810989,0
            -81.391227,29.850183,0
            -81.392019,29.85209,0
            -81.392271,29.852795,0
            -81.412669,29.920031,0
            -81.413042,29.920993,0
            -81.41327,29.921503,0
            -81.413816,29.922539,0
            -81.414288,29.923303,0
            -81.414736,29.923947,0
            -81.415177,29.924524,0
            -81.415628,29.925057,0
            -81.440569,29.952164,0
            -81.441433,29.953184,0
            -81.442116,29.954052,0
            -81.442939,29.95518,0
            -81.44347,29.955976,0
            -81.49484,30.040971,0
            -81.495449,30.042077,0
            -81.495996,30.043327,0
            -81.496259,30.04408,0
            -81.496477,30.044826,0
            -81.496693,30.045823,0
            -81.496814,30.046622,0
            -81.498582,30.072956,0
            -81.4986,30.073788,0
            -81.498555,30.075471,0
            -81.497544,30.089038,0
            -81.497513,30.09013,0
            -81.497526,30.090761,0
            -81.497605,30.091887,0
            -81.497712,30.09276,0
            -81.497923,30.093949,0
            -81.498237,30.095214,0
            -81.498522,30.096128,0
            -81.499019,30.097418,0
            -81.499327,30.098108,0
            -81.499841,30.099123,0
            -81.500356,30.10002,0
            -81.500777,30.100678,0
            -81.501698,30.101956,0
            -81.502437,30.102852,0
            -81.502893,30.103359,0
            -81.54024,30.141144,0
            -81.541219,30.142253,0
            -81.542152,30.143391,0
            -81.543432,30.145176,0
            -81.544153,30.14631,0
            -81.54495,30.147703,0
            -81.557486,30.172053,0
            -81.557857,30.172861,0
            -81.55821,30.173805,0
            -81.55856,30.175014,0
            -81.558699,30.175667,0
            -81.558857,30.17674,0
            -81.558921,30.177589,0
            -81.55893,30.178507,0
            -81.558873,30.179477,0
            -81.558801,30.180084,0
            -81.556172,30.194992,0
            -81.556114,30.19576,0
            -81.55612,30.196157,0
            -81.556214,30.196926,0
            -81.556315,30.197453,0
            -81.556443,30.197931,0
            -81.556649,30.19851,0
            -81.556936,30.199132,0
            -81.557117,30.199461,0
            -81.581084,30.236159,0
            -81.581556,30.236833,0
            -81.581589,30.236912,0
            -81.582073,30.237549,0
            -81.582665,30.238264,0
            -81.583538,30.239218,0
            -81.603446,30.258263,0
            -81.603521,30.258322,0
            -81.604744,30.259549,0
            -81.606093,30.26111,0
            -81.607286,30.262683,0
            -81.620559,30.281434,0
            -81.621601,30.282783,0
            -81.62267,30.284027,0
            -81.62377,30.285185,0
            -81.63892,30.29931,0
            -81.639431,30.299861,0
            -81.639797,30.300333,0
            -81.641262,30.302683,0
            -81.641225,30.302785,0
            -81.64163,30.303562,0
            -81.642113,30.304324,0
            -81.642473,30.3048,0
            -81.642773,30.305151,0
            -81.643161,30.305557,0
            -81.644939,30.307226,0
            -81.645002,30.307263,0
            -81.64536,30.307624,0
            -81.645905,30.308243,0
            -81.646168,30.308582,0
            -81.647043,30.309879,0
            -81.647476,30.310345,0
            -81.64796,30.310786,0
            -81.649701,30.311979,0
            -81.650123,30.312305,0
            -81.651414,30.313474,0
            -81.651785,30.313742,0
            -81.652296,30.314022,0
            -81.652625,30.314159,0
            -81.652852,30.314236,0
            -81.653342,30.314362,0
            -81.653602,30.314404,0
            -81.653859,30.314424,0
            -81.658222,30.31433,0
            -81.658421,30.314357,0
            -81.658676,30.314423,0
            -81.658832,30.314482,0
            -81.659024,30.314585,0
            -81.659211,30.314712,0
            -81.659331,30.31481,0
            -81.659477,30.314963,0
            -81.660845,30.316682,0
            -81.661284,30.317356,0
            -81.662177,30.318918,0
            -81.665422,30.323819,0
            -81.666389,30.325475,0
            -81.666433,30.32557,0
            -81.666477,30.325784,0
            -81.666468,30.326,0
            -81.666447,30.326089,0
            -81.666361,30.326275,0
            -81.666268,30.326409,0
            -81.666192,30.326486,0
            -81.665763,30.326837,0
            -81.665656,30.326977,0
            -81.665513,30.327349,0
            -81.665372,30.3276,0
            -81.664867,30.329346,0
            -81.67183,30.330946,0
            -81.672044,30.331007,0
            -81.67219,30.3311,0
            -81.672267,30.33118,0
            -81.672315,30.331252,0
            -81.672726,30.332077,0
            -81.672722,30.332248,0
            -81.672709,30.332319,0
            -81.672685,30.332384,0
            -81.672649,30.33245,0
            -81.672592,30.332522,0
            -81.672453,30.332618,0
            -81.672327,30.332676,0
            -81.671832,30.332826,0
            -81.671649,30.33292,0
            -81.671517,30.333008,0
            -81.671408,30.333031,0
            -81.671013,30.333383,0
            -81.670519,30.333907,0
            -81.670213,30.33427,0
            -81.669566,30.335199,0
            -81.669322,30.335595,0
            -81.669026,30.336146,0
            -81.668474,30.337365,0
            -81.668282,30.337997,0
            -81.668095,30.338879,0
            -81.668004,30.339589,0
            -81.66797,30.34051,0
            -81.668895,30.371135,0
            -81.669012,30.371883,0
            -81.669121,30.372303,0
            -81.66935,30.372927,0
            -81.669535,30.37333,0
            -81.669816,30.373834,0
            -81.672879,30.378025,0
            -81.673098,30.378404,0
            -81.6732,30.378621,0
            -81.673327,30.378967,0
            -81.673425,30.37934,0
            -81.673496,30.379776,0
            -81.673506,30.380381,0
            -81.673441,30.380907,0
            -81.673255,30.381501,0
            -81.673129,30.381805,0
            -81.672981,30.382093,0
            -81.672728,30.382502,0
            -81.672391,30.382932,0
            -81.672216,30.383115,0
            -81.670041,30.38511,0
            -81.6695,30.385712,0
            -81.669174,30.38613,0
            -81.66888,30.386572,0
            -81.668537,30.38719,0
            -81.668377,30.387535,0
            -81.66812,30.388244,0
            -81.667951,30.388895,0
            -81.667833,30.389651,0
            -81.667801,30.390317,0
            -81.667966,30.396432,0
            -81.667955,30.396832,0
            -81.667914,30.397166,0
            -81.667839,30.397529,0
            -81.667763,30.397785,0
            -81.667558,30.39829,0
            -81.667428,30.398544,0
            -81.667116,30.39903,0
            -81.666909,30.399293,0
            -81.666645,30.399579,0
            -81.666376,30.399827,0
            -81.665845,30.400227,0
            -81.660263,30.403809,0
            -81.65987,30.404088,0
            -81.659354,30.404519,0
            -81.65877,30.405122,0
            -81.658329,30.405707,0
            -81.658071,30.406116,0
            -81.657803,30.406654,0
            -81.657605,30.407146,0
            -81.657496,30.407512,0
            -81.657401,30.407932,0
            -81.657317,30.408563,0
            -81.655758,30.434946,0
            -81.655593,30.436552,0
            -81.655443,30.437517,0
            -81.655197,30.438778,0
            -81.654913,30.439941,0
            -81.645411,30.473217,0
            -81.644729,30.475937,0
            -81.643434,30.482026,0
            -81.643368,30.482432,0
            -81.642188,30.488039,0
            -81.641732,30.48976,0
            -81.64109,30.491657,0
            -81.640588,30.492894,0
            -81.635239,30.504593,0
            -81.634807,30.505823,0
            -81.634589,30.506641,0
            -81.634431,30.507404,0
            -81.634282,30.508485,0
            -81.634219,30.509664,0
            -81.634252,30.510744,0
            -81.637438,30.540234,0
            -81.637739,30.542437,0
            -81.638031,30.544123,0
            -81.638457,30.546156,0
            -81.64644,30.578402,0
            -81.646615,30.57926,0
            -81.646744,30.580067,0
            -81.646876,30.58145,0
            -81.646905,30.582211,0
            -81.646889,30.58332,0
            -81.646816,30.584309,0
            -81.644591,30.598958,0
            -81.644474,30.600536,0
            -81.644492,30.601986,0
            -81.644584,30.603086,0
            -81.644685,30.60386,0
            -81.644888,30.604942,0
            -81.645119,30.605884,0
            -81.645637,30.607515,0
            -81.675594,30.692501,0
            -81.675874,30.693424,0
            -81.676132,30.694578,0
            -81.676282,30.695522,0
            -81.676373,30.69642,0
            -81.676419,30.69743,0
            -81.676395,30.698529,0
            -81.676308,30.699516,0
            -81.676151,30.700563,0
            -81.675969,30.701439,0
            -81.6756,30.70275,0
            -81.675135,30.704019,0
            -81.674784,30.704806,0
            -81.65192,30.748487,0
            -81.651633,30.749148,0
            -81.65135,30.749978,0
            -81.651141,30.750868,0
            -81.651023,30.751639,0
            -81.650987,30.752531,0
            -81.651017,30.753282,0
            -81.651105,30.754008,0
            -81.65105,30.754143,0
            -81.651062,30.754487,0
            -81.65103,30.754838,0
            -81.650942,30.755214,0
            -81.650774,30.755663,0
            -81.65065,30.755907,0
            -81.649539,30.758584,0
            -81.649499,30.758767,0
            -81.649477,30.758959,0
            -81.649492,30.759306,0
            -81.64951,30.759411,0
            -81.64946,30.759532,0
            -81.649416,30.759588,0
            -81.649343,30.759636,0
            -81.649176,30.759695,0
            -81.647964,30.759871,0
            -81.644252,30.760526,0
            -81.633463,30.762254,0
            -81.633056,30.762291,0
            -81.632392,30.762311,0
            -81.632087,30.762295,0
            -81.631537,30.762235,0
            -81.631124,30.762158,0
            -81.630552,30.762015,0
            -81.629884,30.761774,0
            -81.629467,30.761578,0
            -81.619578,30.756024,0
            -81.618918,30.755686,0
            -81.618695,30.755587,0
            -81.618037,30.755357,0
            -81.617503,30.755212,0
            -81.617097,30.755136,0
            -81.616246,30.755058,0
            -81.615733,30.75506,0
            -81.61511,30.755111,0
            -81.614886,30.755143,0
            -81.614447,30.755232,0
            -81.614083,30.755327,0
            -81.609478,30.756765,0
            -81.609122,30.756922,0
            -81.608612,30.757183,0
            -81.608271,30.75739,0
            -81.607704,30.757827,0
            -81.607261,30.758248,0
            -81.607025,30.758513,0
            -81.605055,30.761164,0
            -81.604947,30.761222,0
            -81.604896,30.761262,0
            -81.604048,30.762228,0
            -81.603923,30.762332,0
            -81.603764,30.762415,0
            -81.603589,30.762467,0
            -81.603484,30.762479,0
            -81.603361,30.762475,0
            -81.60319,30.762448,0
            -81.603106,30.76242,0
            -81.602959,30.762351,0
            -81.60284,30.762259,0
            -81.602781,30.762203,0
            -81.602708,30.762105,0
            -81.602654,30.762002,0
            -81.602621,30.76189,0
            -81.602609,30.761776,0
            -81.602614,30.761648,0
            -81.602636,30.761579,0
            -81.603249,30.760529,0
            -81.589111,30.754168,0
            -81.588326,30.753876,0
            -81.587944,30.753778,0
            -81.587057,30.753627,0
            -81.586594,30.753595,0
            -81.586176,30.753592,0
            -81.582554,30.753814,0
            -81.582064,30.753814,0
            -81.581337,30.753748,0
            -81.580976,30.753688,0
            -81.580396,30.753544,0
            -81.579931,30.75339,0
            -81.576155,30.751752,0
            -81.574623,30.751159,0
            -81.574495,30.751155,0
            -81.566876,30.747924,0
            -81.556059,30.744033,0
            -81.555395,30.743701,0
            -81.554153,30.742916,0
            -81.554673,30.742301,0
            -81.554843,30.742061,0
            -81.554943,30.741807,0
            -81.556268,30.736272,0
            -81.556283,30.736132,0
            -81.558538,30.726355,0
            -81.558604,30.725877,0
            -81.558642,30.725232,0
            -81.558638,30.724943,0
            -81.55859,30.72453,0
            -81.558478,30.724122,0
            -81.558208,30.723542,0
            -81.557853,30.722977,0
            -81.557494,30.722549,0
            -81.556878,30.722129,0
            -81.556199,30.721783,0
            -81.556041,30.721721,0
            -81.555688,30.721612,0
            -81.555419,30.721549,0
            -81.55143,30.720859,0
          </coordinates>
        </LineString>
      </Placemark>
      <Placemark>
        <name>St Marys</name>
        <description><![CDATA[description: from 2019-09-21T14:04:26.417Z to 2019-09-21T14:44:21.000Z. Distance 0m<br>Email: syugen.zhou@gmail.com<br>Category: <br>Distance: 0]]></description>
        <styleUrl>#icon-1739-0288D1</styleUrl>
        <ExtendedData>
          <Data name="description">
            <value>from 2019-09-21T14:04:26.417Z to 2019-09-21T14:44:21.000Z. Distance 0m</value>
          </Data>
          <Data name="Email">
            <value>syugen.zhou@gmail.com</value>
          </Data>
          <Data name="Category">
            <value/>
          </Data>
          <Data name="Distance">
            <value>0</value>
          </Data>
        </ExtendedData>
        <Point>
          <coordinates>
            -81.570611,30.747895,0
          </coordinates>
        </Point>
      </Placemark>
      <Placemark>
        <name>On a ferry</name>
        <description><![CDATA[description: On a ferry from 2019-09-21T14:44:21.000Z to 2019-09-21T16:38:20.000Z. Distance 11254m<br>Email: syugen.zhou@gmail.com<br>Category: On a ferry<br>Distance: 11254]]></description>
        <styleUrl>#line-A52714-5000</styleUrl>
        <ExtendedData>
          <Data name="description">
            <value>On a ferry from 2019-09-21T14:44:21.000Z to 2019-09-21T16:38:20.000Z. Distance 11254m</value>
          </Data>
          <Data name="Email">
            <value>syugen.zhou@gmail.com</value>
          </Data>
          <Data name="Category">
            <value>On a ferry</value>
          </Data>
          <Data name="Distance">
            <value>11254</value>
          </Data>
        </ExtendedData>
        <LineString>
          <tessellate>1</tessellate>
          <coordinates>
            -81.550767,30.720554,0
            -81.550068,30.720425,0
            -81.549004,30.720282,0
            -81.547049,30.720233,0
            -81.546488,30.71999,0
            -81.541698,30.712203,0
            -81.533124,30.710272,0
            -81.503897,30.722263,0
            -81.476744,30.750818,0
            -81.471552,30.76398,0
            -81.470747,30.76168,0
          </coordinates>
        </LineString>
      </Placemark>
      <Placemark>
        <name>Hiking</name>
        <description><![CDATA[description: Hiking from 2019-09-21T16:38:20.000Z to 2019-09-21T20:17:27.999Z. Distance 5790m<br>Email: syugen.zhou@gmail.com<br>Category: Hiking<br>Distance: 5790]]></description>
        <styleUrl>#line-A52714-5000</styleUrl>
        <ExtendedData>
          <Data name="description">
            <value>Hiking from 2019-09-21T16:38:20.000Z to 2019-09-21T20:17:27.999Z. Distance 5790m</value>
          </Data>
          <Data name="Email">
            <value>syugen.zhou@gmail.com</value>
          </Data>
          <Data name="Category">
            <value>Hiking</value>
          </Data>
          <Data name="Distance">
            <value>5790</value>
          </Data>
        </ExtendedData>
        <LineString>
          <tessellate>1</tessellate>
          <coordinates>
            -81.470747,30.76168,0
            -81.471202,30.759862,0
            -81.471384,30.758816,0
            -81.471633,30.757155,0
            -81.473384,30.754357,0
            -81.473443,30.754226,0
            -81.470332,30.750103,0
            -81.470512,30.749162,0
            -81.468145,30.74698,0
            -81.464685,30.744954,0
            -81.458563,30.748017,0
            -81.459151,30.755218,0
            -81.459222,30.758641,0
            -81.459466,30.764032,0
            -81.463599,30.763994,0
            -81.47062,30.764214,0
          </coordinates>
        </LineString>
      </Placemark>
      <Placemark>
        <name>On a ferry</name>
        <description><![CDATA[description: On a ferry from 2019-09-21T20:17:27.999Z to 2019-09-21T21:35:00.505Z. Distance 11351m<br>Email: syugen.zhou@gmail.com<br>Category: On a ferry<br>Distance: 11351]]></description>
        <styleUrl>#line-A52714-5000</styleUrl>
        <ExtendedData>
          <Data name="description">
            <value>On a ferry from 2019-09-21T20:17:27.999Z to 2019-09-21T21:35:00.505Z. Distance 11351m</value>
          </Data>
          <Data name="Email">
            <value>syugen.zhou@gmail.com</value>
          </Data>
          <Data name="Category">
            <value>On a ferry</value>
          </Data>
          <Data name="Distance">
            <value>11351</value>
          </Data>
        </ExtendedData>
        <LineString>
          <tessellate>1</tessellate>
          <coordinates>
            -81.47062,30.764214,0
            -81.475947,30.752884,0
            -81.504422,30.722614,0
            -81.531,30.723653,0
            -81.532322,30.714302,0
            -81.543149,30.715971,0
            -81.546371,30.719763,0
            -81.549232,30.720578,0
            -81.551406,30.720956,0
          </coordinates>
        </LineString>
      </Placemark>
      <Placemark>
        <name>Cumberland Island NS Visitor Parking</name>
        <description><![CDATA[description: Free parking lot from 2019-09-21T21:35:00.505Z to 2019-09-21T21:41:30.000Z. Distance 0m<br>Email: syugen.zhou@gmail.com<br>Category: Free parking lot<br>Distance: 0]]></description>
        <styleUrl>#icon-1739-0288D1</styleUrl>
        <ExtendedData>
          <Data name="description">
            <value>Free parking lot from 2019-09-21T21:35:00.505Z to 2019-09-21T21:41:30.000Z. Distance 0m</value>
          </Data>
          <Data name="Email">
            <value>syugen.zhou@gmail.com</value>
          </Data>
          <Data name="Category">
            <value>Free parking lot</value>
          </Data>
          <Data name="Distance">
            <value>0</value>
          </Data>
        </ExtendedData>
        <Point>
          <coordinates>
            -81.551406,30.720956,0
          </coordinates>
        </Point>
      </Placemark>
      <Placemark>
        <name>Driving</name>
        <description><![CDATA[description: Driving from 2019-09-21T21:41:30.000Z to 2019-09-21T23:46:22.908Z. Distance 226313m<br>Email: syugen.zhou@gmail.com<br>Category: Driving<br>Distance: 226313]]></description>
        <styleUrl>#line-A52714-5000</styleUrl>
        <ExtendedData>
          <Data name="description">
            <value>Driving from 2019-09-21T21:41:30.000Z to 2019-09-21T23:46:22.908Z. Distance 226313m</value>
          </Data>
          <Data name="Email">
            <value>syugen.zhou@gmail.com</value>
          </Data>
          <Data name="Category">
            <value>Driving</value>
          </Data>
          <Data name="Distance">
            <value>226313</value>
          </Data>
        </ExtendedData>
        <LineString>
          <tessellate>1</tessellate>
          <coordinates>
            -81.550881,30.720763,0
            -81.555688,30.721612,0
            -81.556199,30.721783,0
            -81.556878,30.722129,0
            -81.557493,30.722549,0
            -81.557853,30.722977,0
            -81.558208,30.723542,0
            -81.558478,30.724122,0
            -81.55859,30.72453,0
            -81.558638,30.724943,0
            -81.558604,30.725877,0
            -81.558538,30.726355,0
            -81.554943,30.741807,0
            -81.554843,30.742061,0
            -81.554153,30.742916,0
            -81.555395,30.743701,0
            -81.556059,30.744033,0
            -81.566876,30.747924,0
            -81.574495,30.751155,0
            -81.574574,30.751242,0
            -81.579815,30.753477,0
            -81.580319,30.753648,0
            -81.580933,30.753803,0
            -81.581819,30.75392,0
            -81.582419,30.753938,0
            -81.586086,30.753713,0
            -81.586661,30.753716,0
            -81.587557,30.753821,0
            -81.588152,30.753955,0
            -81.588983,30.754246,0
            -81.606196,30.761986,0
            -81.606304,30.762079,0
            -81.606376,30.76217,0
            -81.606437,30.762354,0
            -81.606153,30.762778,0
            -81.60607,30.762855,0
            -81.605833,30.762978,0
            -81.605542,30.763028,0
            -81.605249,30.762986,0
            -81.605028,30.762876,0
            -81.604858,30.76272,0
            -81.604758,30.762547,0
            -81.604722,30.762381,0
            -81.604745,30.762144,0
            -81.604774,30.762066,0
            -81.605635,30.760847,0
            -81.605658,30.760778,0
            -81.605658,30.760692,0
            -81.607255,30.758543,0
            -81.607903,30.7579,0
            -81.608753,30.757318,0
            -81.609372,30.757013,0
            -81.609916,30.756807,0
            -81.614507,30.755395,0
            -81.615188,30.755277,0
            -81.615755,30.75523,0
            -81.616272,30.755232,0
            -81.617267,30.75534,0
            -81.618278,30.755612,0
            -81.619143,30.755998,0
            -81.629031,30.761556,0
            -81.629736,30.761906,0
            -81.63043,30.762162,0
            -81.631015,30.762323,0
            -81.631605,30.762421,0
            -81.63239,30.762483,0
            -81.633193,30.762457,0
            -81.644204,30.760715,0
            -81.646754,30.760195,0
            -81.652932,30.759154,0
            -81.653155,30.759139,0
            -81.653316,30.759163,0
            -81.653515,30.759226,0
            -81.653733,30.759329,0
            -81.653944,30.759485,0
            -81.654085,30.759638,0
            -81.654139,30.759733,0
            -81.654207,30.75994,0
            -81.654211,30.760039,0
            -81.654181,30.760183,0
            -81.654111,30.760309,0
            -81.653967,30.760447,0
            -81.653866,30.760504,0
            -81.653644,30.760571,0
            -81.653482,30.76058,0
            -81.653294,30.760547,0
            -81.653105,30.760469,0
            -81.652905,30.760309,0
            -81.652816,30.760189,0
            -81.652763,30.760074,0
            -81.652618,30.759533,0
            -81.652496,30.759401,0
            -81.65136,30.75407,0
            -81.65123,30.752775,0
            -81.651242,30.751895,0
            -81.651412,30.750674,0
            -81.65166,30.749742,0
            -81.651941,30.748994,0
            -81.67566,30.70362,0
            -81.676304,30.701907,0
            -81.676641,30.700576,0
            -81.676812,30.699523,0
            -81.676909,30.69818,0
            -81.676842,30.696454,0
            -81.676657,30.69521,0
            -81.676207,30.693505,0
            -81.645466,30.606211,0
            -81.645174,30.605118,0
            -81.644835,30.603155,0
            -81.644731,30.601955,0
            -81.644717,30.600549,0
            -81.644868,30.598688,0
            -81.646993,30.584838,0
            -81.647127,30.583325,0
            -81.647134,30.581646,0
            -81.646946,30.579804,0
            -81.646709,30.578502,0
            -81.638604,30.545712,0
            -81.637806,30.541244,0
            -81.634487,30.510748,0
            -81.63446,30.509626,0
            -81.634508,30.508622,0
            -81.634808,30.506743,0
            -81.63529,30.505116,0
            -81.640886,30.492792,0
            -81.641506,30.491219,0
            -81.642165,30.489154,0
            -81.645201,30.475015,0
            -81.655216,30.439745,0
            -81.655522,30.438411,0
            -81.655947,30.435604,0
            -81.657526,30.40843,0
            -81.657599,30.407926,0
            -81.657866,30.407007,0
            -81.658209,30.406265,0
            -81.658812,30.405361,0
            -81.65947,30.404659,0
            -81.660453,30.403894,0
            -81.665973,30.400358,0
            -81.666357,30.400074,0
            -81.666988,30.399476,0
            -81.667312,30.399071,0
            -81.667772,30.398277,0
            -81.668011,30.397623,0
            -81.668125,30.397081,0
            -81.668167,30.396575,0
            -81.667997,30.390257,0
            -81.66809,30.389235,0
            -81.668393,30.388053,0
            -81.668797,30.387122,0
            -81.669256,30.386358,0
            -81.669924,30.38551,0
            -81.67264,30.382944,0
            -81.673031,30.382418,0
            -81.673391,30.381736,0
            -81.673572,30.38122,0
            -81.673696,30.380525,0
            -81.67371,30.380028,0
            -81.673657,30.379532,0
            -81.673499,30.3789,0
            -81.673301,30.378424,0
            -81.673019,30.377934,0
            -81.66985,30.373574,0
            -81.669499,30.372873,0
            -81.669304,30.372349,0
            -81.669143,30.371705,0
            -81.669059,30.37109,0
            -81.668194,30.341299,0
            -81.668303,30.339964,0
            -81.668507,30.339043,0
            -81.668812,30.338138,0
            -81.669281,30.337065,0
            -81.670053,30.335842,0
            -81.670872,30.334858,0
            -81.671298,30.33443,0
            -81.672844,30.333139,0
            -81.67325,30.332729,0
            -81.673606,30.332158,0
            -81.673618,30.332085,0
            -81.673883,30.33152,0
            -81.67418,30.331074,0
            -81.674494,30.330726,0
            -81.678125,30.32784,0
            -81.679073,30.326884,0
            -81.679444,30.326338,0
            -81.681552,30.321413,0
            -81.681723,30.320904,0
            -81.681764,30.320688,0
            -81.68173,30.320098,0
            -81.68165,30.319796,0
            -81.681416,30.319377,0
            -81.681158,30.319044,0
            -81.680755,30.318651,0
            -81.680466,30.318466,0
            -81.679385,30.318056,0
            -81.677684,30.31722,0
            -81.67506,30.31615,0
            -81.673546,30.315676,0
            -81.666871,30.314089,0
            -81.665942,30.31394,0
            -81.665108,30.313881,0
            -81.659824,30.313896,0
            -81.654268,30.314097,0
            -81.653906,30.314082,0
            -81.653426,30.314013,0
            -81.652908,30.313872,0
            -81.652594,30.313753,0
            -81.652187,30.313549,0
            -81.651621,30.313151,0
            -81.649779,30.311441,0
            -81.648111,30.310242,0
            -81.647751,30.309899,0
            -81.647411,30.309497,0
            -81.646603,30.308165,0
            -81.646586,30.308086,0
            -81.646039,30.307398,0
            -81.645199,30.306579,0
            -81.643821,30.30555,0
            -81.643094,30.304895,0
            -81.642353,30.303988,0
            -81.640059,30.300309,0
            -81.639434,30.29952,0
            -81.624207,30.285389,0
            -81.622925,30.284072,0
            -81.621997,30.283012,0
            -81.620561,30.28116,0
            -81.606396,30.261204,0
            -81.605381,30.259971,0
            -81.603477,30.257956,0
            -81.603429,30.257884,0
            -81.58598,30.241197,0
            -81.583079,30.238071,0
            -81.581565,30.236215,0
            -81.579989,30.234037,0
            -81.557249,30.199219,0
            -81.556942,30.198593,0
            -81.556689,30.197917,0
            -81.556494,30.197138,0
            -81.556395,30.196369,0
            -81.55642,30.195154,0
            -81.559091,30.179857,0
            -81.55919,30.178401,0
            -81.559159,30.177333,0
            -81.559024,30.176021,0
            -81.558632,30.174348,0
            -81.558047,30.172691,0
            -81.556586,30.16974,0
            -81.556392,30.169235,0
            -81.555791,30.167089,0
            -81.555438,30.166285,0
            -81.555083,30.165657,0
            -81.553693,30.16382,0
            -81.552767,30.16236,0
            -81.544444,30.146343,0
            -81.542723,30.143771,0
            -81.541466,30.142176,0
            -81.540208,30.140788,0
            -81.502893,30.103025,0
            -81.501828,30.101747,0
            -81.50051,30.099824,0
            -81.499951,30.098844,0
            -81.49915,30.097134,0
            -81.498395,30.094921,0
            -81.498073,30.093529,0
            -81.497816,30.091669,0
            -81.497754,30.090485,0
            -81.497787,30.088967,0
            -81.49881,30.075072,0
            -81.498817,30.072872,0
            -81.496979,30.045821,0
            -81.496796,30.044715,0
            -81.496462,30.043596,0
            -81.496104,30.042746,0
            -81.443633,29.955798,0
            -81.442128,29.953688,0
            -81.44095,29.952253,0
            -81.415642,29.924723,0
            -81.414776,29.923606,0
            -81.414115,29.922586,0
            -81.413399,29.921219,0
            -81.412923,29.920033,0
            -81.392585,29.852985,0
            -81.391435,29.850068,0
            -81.371991,29.810724,0
            -81.370947,29.808424,0
            -81.321436,29.684988,0
            -81.320835,29.683795,0
            -81.320243,29.682822,0
            -81.319327,29.681574,0
            -81.318572,29.680707,0
            -81.31712,29.67933,0
            -81.315906,29.678392,0
            -81.314799,29.677672,0
            -81.284942,29.660844,0
            -81.283095,29.659727,0
            -81.28157,29.6586,0
            -81.280578,29.657707,0
            -81.279841,29.656941,0
            -81.278956,29.655871,0
            -81.277959,29.654371,0
            -81.24509,29.593954,0
            -81.207117,29.536008,0
            -81.206497,29.534909,0
            -81.205883,29.533572,0
            -81.169594,29.438269,0
            -81.16777,29.431917,0
            -81.166722,29.429127,0
            -81.16586,29.427146,0
            -81.163845,29.423284,0
            -81.156917,29.407435,0
            -81.156854,29.407339,0
            -81.154633,29.402215,0
            -81.154626,29.402153,0
            -81.153392,29.3993,0
            -81.153382,29.399242,0
            -81.131673,29.349295,0
            -81.131401,29.348503,0
            -81.131229,29.347827,0
            -81.131039,29.346405,0
            -81.131174,29.339782,0
            -81.131159,29.339697,0
            -81.131219,29.336809,0
            -81.131239,29.336728,0
            -81.131278,29.334883,0
            -81.131262,29.334795,0
            -81.131882,29.303936,0
            -81.131777,29.30284,0
            -81.131542,29.301558,0
            -81.131349,29.300828,0
            -81.12612,29.285565,0
            -81.125028,29.282002,0
            -81.122557,29.275463,0
            -81.089705,29.180899,0
            -81.089752,29.180766,0
            -81.089132,29.178762,0
            -81.088848,29.178047,0
            -81.088344,29.177026,0
            -81.087488,29.175687,0
            -81.085483,29.173084,0
            -81.085117,29.172537,0
            -81.084407,29.171289,0
            -81.082559,29.166898,0
            -81.07533,29.154247,0
            -81.075278,29.154195,0
            -81.072973,29.150167,0
            -81.072936,29.150066,0
            -81.070334,29.145647,0
            -81.070144,29.1455,0
            -81.062284,29.131855,0
            -81.061644,29.131036,0
            -81.060654,29.13003,0
            -81.060084,29.129559,0
            -81.059227,29.128952,0
            -81.034621,29.114058,0
            -81.033621,29.113334,0
            -81.033064,29.112858,0
            -81.032255,29.112056,0
            -81.032245,29.11193,0
            -81.031791,29.111352,0
            -81.0313,29.110618,0
            -81.030667,29.109338,0
            -81.029638,29.106112,0
            -81.029534,29.105911,0
            -81.029449,29.105826,0
            -81.029423,29.105769,0
            -81.027987,29.106407,0
            -81.028053,29.106507,0
            -81.028079,29.106671,0
            -81.030838,29.110842,0
            -81.030948,29.110888,0
            -81.031734,29.112064,0
            -81.032827,29.113259,0
            -81.033534,29.113864,0
            -81.034339,29.114431,0
            -81.057513,29.128468,0
            -81.059509,29.129985,0
            -81.061453,29.131843,0
            -81.062663,29.133257,0
            -81.064044,29.135314,0
            -81.081911,29.166534,0
            -81.082408,29.167519,0
            -81.083524,29.170291,0
            -81.084183,29.171695,0
            -81.085025,29.173095,0
            -81.087269,29.176043,0
            -81.087896,29.177026,0
            -81.088567,29.178396,0
            -81.100651,29.21315,0
            -81.100608,29.213257,0
            -81.101278,29.21588,0
            -81.101324,29.216397,0
            -81.101279,29.216866,0
            -81.1011,29.217485,0
            -81.100284,29.219196,0
            -81.100212,29.219512,0
            -81.100237,29.219856,0
            -81.100566,29.220827,0
            -81.100607,29.220879,0
            -81.100861,29.220981,0
            -81.104141,29.219608,0
            -81.10453,29.219574,0
            -81.104719,29.219597,0
            -81.104831,29.219632,0
            -81.105035,29.219756,0
            -81.105138,29.219852,0
            -81.105257,29.220064,0
            -81.105285,29.220245,0
            -81.105227,29.220527,0
            -81.105102,29.220692,0
            -81.10494,29.220824,0
            -81.104839,29.220873,0
            -81.104663,29.220925,0
            -81.104339,29.220934,0
            -81.104069,29.220869,0
            -81.10397,29.220828,0
            -81.103749,29.220691,0
            -81.10367,29.220615,0
            -81.103516,29.220359,0
            -81.103411,29.220324,0
            -81.089705,29.180899,0
            -81.089752,29.180766,0
            -81.089132,29.178762,0
            -81.088848,29.178047,0
            -81.088344,29.177026,0
            -81.087488,29.175687,0
            -81.085483,29.173084,0
            -81.085117,29.172537,0
            -81.084407,29.171289,0
            -81.082559,29.166898,0
            -81.07533,29.154247,0
            -81.075304,29.154016,0
            -81.075358,29.153783,0
            -81.075416,29.153679,0
            -81.075506,29.153577,0
            -81.075624,29.153483,0
            -81.075776,29.15341,0
            -81.075894,29.153378,0
            -81.076079,29.153362,0
            -81.076236,29.153376,0
            -81.076365,29.153415,0
            -81.076559,29.153528,0
            -81.076704,29.153692,0
            -81.076795,29.153919,0
            -81.076796,29.154114,0
            -81.076751,29.154255,0
            -81.076663,29.154396,0
            -81.076584,29.154479,0
            -81.076465,29.154565,0
            -81.07644,29.154633,0
            -81.072403,29.156791,0
            -81.071774,29.157083,0
            -81.070884,29.157409,0
            -81.067171,29.159005,0
            -81.066548,29.157852,0
            -81.066409,29.157887,0
            -81.06703,29.159066,0
            -81.038612,29.171035,0
            -81.039476,29.172547,0
            -81.040869,29.174458,0
            -81.041262,29.175153,0
            -81.041453,29.175646,0
            -81.041863,29.177387,0
            -81.042065,29.179041,0
            -81.042045,29.17918,0
            -81.042279,29.181563,0
            -81.042335,29.181698,0
            -81.042401,29.183189,0
            -81.042367,29.183414,0
            -81.042435,29.185169,0
            -81.042447,29.185191,0
            -81.042495,29.18523,0
            -81.042553,29.185977,0
            -81.042636,29.186313,0
            -81.042984,29.187094,0
            -81.043285,29.187537,0
            -81.043806,29.188098,0
            -81.044223,29.18842,0
            -81.045163,29.18901,0
            -81.04522,29.189088,0
            -81.050905,29.192615,0
            -81.051175,29.192721,0
            -81.051852,29.193178,0
            -81.052217,29.193546,0
            -81.052268,29.193728,0
            -81.052582,29.194235,0
            -81.053278,29.196647,0
            -81.053797,29.197807,0
            -81.057777,29.196368,0
            -81.058067,29.196903,0
            -81.058089,29.196925,0
            -81.058127,29.196941,0
            -81.058199,29.196937,0
            -81.058261,29.196899,0
            -81.058276,29.196862,0
            -81.058267,29.196808,0
            -81.058106,29.19652,0
          </coordinates>
        </LineString>
      </Placemark>
      <Placemark>
        <name>RaceTrac</name>
        <description><![CDATA[description: Gas station from 2019-09-21T23:46:22.908Z to 2019-09-21T23:51:09.830Z. Distance 0m<br>Email: syugen.zhou@gmail.com<br>Category: Gas station<br>Distance: 0]]></description>
        <styleUrl>#icon-1739-0288D1</styleUrl>
        <ExtendedData>
          <Data name="description">
            <value>Gas station from 2019-09-21T23:46:22.908Z to 2019-09-21T23:51:09.830Z. Distance 0m</value>
          </Data>
          <Data name="Email">
            <value>syugen.zhou@gmail.com</value>
          </Data>
          <Data name="Category">
            <value>Gas station</value>
          </Data>
          <Data name="Distance">
            <value>0</value>
          </Data>
        </ExtendedData>
        <Point>
          <coordinates>
            -81.06739,29.15812,0
          </coordinates>
        </Point>
      </Placemark>
      <Placemark>
        <name>Driving</name>
        <description><![CDATA[description: Driving from 2019-09-21T23:51:09.830Z to 2019-09-22T00:01:12.000Z. Distance 6929m<br>Email: syugen.zhou@gmail.com<br>Category: Driving<br>Distance: 6929]]></description>
        <styleUrl>#line-A52714-5000</styleUrl>
        <ExtendedData>
          <Data name="description">
            <value>Driving from 2019-09-21T23:51:09.830Z to 2019-09-22T00:01:12.000Z. Distance 6929m</value>
          </Data>
          <Data name="Email">
            <value>syugen.zhou@gmail.com</value>
          </Data>
          <Data name="Category">
            <value>Driving</value>
          </Data>
          <Data name="Distance">
            <value>6929</value>
          </Data>
        </ExtendedData>
        <LineString>
          <tessellate>1</tessellate>
          <coordinates>
            -81.067452,29.158242,0
            -81.067183,29.158347,0
            -81.066947,29.157862,0
            -81.066936,29.157816,0
            -81.066592,29.157937,0
            -81.066548,29.157852,0
            -81.066409,29.157887,0
            -81.067031,29.159066,0
            -81.049632,29.166386,0
            -81.049203,29.16656,0
            -81.045191,29.168258,0
            -81.044179,29.168706,0
            -81.042181,29.169538,0
            -81.041839,29.169673,0
            -81.0409,29.170089,0
            -81.040464,29.170258,0
            -81.039903,29.170503,0
            -81.038612,29.171035,0
            -81.038691,29.17117,0
            -81.039192,29.172091,0
            -81.039476,29.172547,0
            -81.03963,29.172768,0
            -81.040069,29.173359,0
            -81.040122,29.173437,0
            -81.040386,29.173771,0
            -81.040741,29.174267,0
            -81.040869,29.174458,0
            -81.041095,29.174852,0
            -81.041115,29.174883,0
            -81.041262,29.175153,0
            -81.041453,29.175646,0
            -81.041551,29.175996,0
            -81.041777,29.176971,0
            -81.041863,29.177388,0
            -81.041923,29.177787,0
            -81.042065,29.179041,0
            -81.042045,29.179181,0
            -81.042113,29.179956,0
            -81.042279,29.181563,0
            -81.042335,29.181699,0
            -81.042381,29.182406,0
            -81.042377,29.182505,0
            -81.042378,29.182701,0
            -81.042401,29.183189,0
            -81.042367,29.183414,0
            -81.04238,29.18394,0
            -81.042435,29.18517,0
            -81.042438,29.185179,0
            -81.042447,29.185191,0
            -81.042495,29.18523,0
            -81.042504,29.185605,0
            -81.042553,29.185977,0
            -81.042636,29.186313,0
            -81.042814,29.18676,0
            -81.042984,29.187094,0
            -81.04314,29.187338,0
            -81.043215,29.187445,0
            -81.043285,29.187537,0
            -81.043469,29.187758,0
            -81.043618,29.187918,0
            -81.043806,29.188098,0
            -81.043886,29.188168,0
            -81.044043,29.188292,0
            -81.044223,29.18842,0
            -81.044398,29.188534,0
            -81.045163,29.18901,0
            -81.04522,29.189088,0
            -81.045223,29.18909,0
            -81.045641,29.189351,0
            -81.046215,29.189725,0
            -81.047156,29.190306,0
            -81.047675,29.190642,0
            -81.048512,29.19113,0
            -81.049671,29.191873,0
            -81.05074,29.192511,0
            -81.050905,29.192615,0
            -81.051175,29.192721,0
            -81.051358,29.192831,0
            -81.051619,29.193001,0
            -81.051752,29.193099,0
            -81.051852,29.193178,0
            -81.052031,29.193342,0
            -81.052217,29.193546,0
            -81.052268,29.193728,0
            -81.052463,29.194028,0
            -81.052582,29.194235,0
            -81.052635,29.194362,0
            -81.052673,29.194466,0
            -81.052808,29.194934,0
            -81.053209,29.196429,0
            -81.053278,29.196647,0
            -81.0537,29.197629,0
            -81.053797,29.197807,0
            -81.054493,29.19755,0
            -81.055979,29.197022,0
            -81.056728,29.196744,0
            -81.057071,29.196631,0
            -81.057176,29.196585,0
            -81.057777,29.196368,0
            -81.057889,29.196586,0
          </coordinates>
        </LineString>
      </Placemark>
      <Placemark>
        <name><![CDATA[Wendy's]]></name>
        <description><![CDATA[description: Fast Food from 2019-09-22T00:01:12.000Z to 2019-09-22T00:18:50.000Z. Distance 0m<br>Email: syugen.zhou@gmail.com<br>Category: Fast Food<br>Distance: 0]]></description>
        <styleUrl>#icon-1739-0288D1</styleUrl>
        <ExtendedData>
          <Data name="description">
            <value>Fast Food from 2019-09-22T00:01:12.000Z to 2019-09-22T00:18:50.000Z. Distance 0m</value>
          </Data>
          <Data name="Email">
            <value>syugen.zhou@gmail.com</value>
          </Data>
          <Data name="Category">
            <value>Fast Food</value>
          </Data>
          <Data name="Distance">
            <value>0</value>
          </Data>
        </ExtendedData>
        <Point>
          <coordinates>
            -81.058027,29.196611,0
          </coordinates>
        </Point>
      </Placemark>
      <Placemark>
        <name>Driving</name>
        <description><![CDATA[description: Driving from 2019-09-22T00:18:50.101Z to 2019-09-22T01:20:18.128Z. Distance 99438m<br>Email: syugen.zhou@gmail.com<br>Category: Driving<br>Distance: 99438]]></description>
        <styleUrl>#line-A52714-5000</styleUrl>
        <ExtendedData>
          <Data name="description">
            <value>Driving from 2019-09-22T00:18:50.101Z to 2019-09-22T01:20:18.128Z. Distance 99438m</value>
          </Data>
          <Data name="Email">
            <value>syugen.zhou@gmail.com</value>
          </Data>
          <Data name="Category">
            <value>Driving</value>
          </Data>
          <Data name="Distance">
            <value>99438</value>
          </Data>
        </ExtendedData>
        <LineString>
          <tessellate>1</tessellate>
          <coordinates>
            -81.058078,29.196471,0
            -81.05798,29.196296,0
            -81.071905,29.191303,0
            -81.072661,29.190965,0
            -81.073722,29.190351,0
            -81.074528,29.189738,0
            -81.075246,29.189041,0
            -81.075928,29.188199,0
            -81.076193,29.18781,0
            -81.083335,29.174303,0
            -81.083437,29.174296,0
            -81.083467,29.17428,0
            -81.083665,29.174084,0
            -81.083894,29.173971,0
            -81.084066,29.173929,0
            -81.084865,29.173836,0
            -81.085059,29.173788,0
            -81.085271,29.173685,0
            -81.085471,29.173526,0
            -81.085536,29.173452,0
            -81.085622,29.173312,0
            -81.085688,29.173111,0
            -81.085693,29.172826,0
            -81.085633,29.172646,0
            -81.085503,29.172439,0
            -81.084499,29.171138,0
            -81.084268,29.17078,0
            -81.083995,29.170257,0
            -81.083923,29.170228,0
            -81.083153,29.168235,0
            -81.082559,29.166898,0
            -81.078024,29.158941,0
            -81.078052,29.158842,0
            -81.077857,29.158409,0
            -81.077718,29.157816,0
            -81.077697,29.157382,0
            -81.077723,29.157082,0
            -81.077813,29.156668,0
            -81.077968,29.156261,0
            -81.078238,29.155795,0
            -81.078443,29.155533,0
            -81.078772,29.155207,0
            -81.08025,29.154115,0
            -81.081671,29.153223,0
            -81.081697,29.153124,0
            -81.083579,29.152191,0
            -81.116414,29.138338,0
            -81.117346,29.137879,0
            -81.118178,29.137367,0
            -81.118626,29.137046,0
            -81.119598,29.136204,0
            -81.158662,29.095074,0
            -81.159406,29.094383,0
            -81.161754,29.091971,0
            -81.164973,29.088366,0
            -81.182739,29.069592,0
            -81.188014,29.064242,0
            -81.191152,29.060725,0
            -81.209553,29.041313,0
            -81.212922,29.037947,0
            -81.216252,29.034254,0
            -81.239061,29.010089,0
            -81.23994,29.008996,0
            -81.240582,29.008049,0
            -81.241347,29.006682,0
            -81.242001,29.005134,0
            -81.273144,28.907109,0
            -81.273947,28.905127,0
            -81.275798,28.901606,0
            -81.276288,28.900456,0
            -81.276906,28.898591,0
            -81.277337,28.896626,0
            -81.277709,28.893459,0
            -81.278144,28.891364,0
            -81.284039,28.872776,0
            -81.284656,28.871359,0
            -81.284985,28.870725,0
            -81.285752,28.869494,0
            -81.286408,28.868607,0
            -81.287175,28.867719,0
            -81.309844,28.845075,0
            -81.313355,28.841795,0
            -81.331353,28.823631,0
            -81.332272,28.822533,0
            -81.333295,28.821019,0
            -81.33902,28.809699,0
            -81.34052,28.806982,0
            -81.340794,28.806366,0
            -81.342138,28.803832,0
            -81.342853,28.802683,0
            -81.343536,28.801355,0
            -81.345301,28.798663,0
            -81.346444,28.796563,0
            -81.347114,28.795077,0
            -81.350053,28.787669,0
            -81.357875,28.771966,0
            -81.3584,28.770651,0
            -81.358408,28.770571,0
            -81.379883,28.710081,0
            -81.379851,28.709937,0
            -81.381483,28.705242,0
            -81.381957,28.704221,0
            -81.382713,28.702899,0
            -81.38767,28.695764,0
            -81.388161,28.694869,0
            -81.388401,28.694284,0
            -81.388673,28.693311,0
            -81.388746,28.692895,0
            -81.388818,28.692055,0
            -81.388558,28.647162,0
            -81.387565,28.636686,0
            -81.387555,28.635016,0
            -81.387715,28.63271,0
            -81.387652,28.631302,0
            -81.387104,28.629088,0
            -81.386804,28.627359,0
            -81.386679,28.625612,0
            -81.38651,28.612704,0
            -81.386601,28.608931,0
            -81.386343,28.599693,0
            -81.386296,28.599309,0
            -81.386099,28.598394,0
            -81.385831,28.597568,0
            -81.385418,28.596654,0
            -81.384726,28.595547,0
            -81.383942,28.594622,0
            -81.377769,28.589268,0
            -81.377225,28.58868,0
            -81.376301,28.587438,0
            -81.375813,28.586431,0
            -81.375464,28.585331,0
            -81.375311,28.584333,0
            -81.37501,28.580012,0
            -81.375057,28.578778,0
            -81.375806,28.575125,0
            -81.375857,28.57435,0
            -81.3758,28.571073,0
            -81.375891,28.567509,0
            -81.376025,28.566573,0
            -81.376137,28.56617,0
            -81.376542,28.565164,0
            -81.377389,28.563879,0
            -81.380017,28.560312,0
            -81.380448,28.559628,0
            -81.380965,28.558611,0
            -81.38135,28.557488,0
            -81.382248,28.553627,0
            -81.382489,28.552072,0
            -81.382616,28.549655,0
            -81.382556,28.547311,0
            -81.382503,28.547019,0
            -81.38231,28.542444,0
            -81.382345,28.540642,0
            -81.382518,28.538674,0
            -81.382737,28.537618,0
            -81.383057,28.536507,0
            -81.383803,28.534744,0
            -81.385361,28.53213,0
            -81.385712,28.531284,0
            -81.386129,28.52975,0
            -81.386267,28.528963,0
            -81.386366,28.52751,0
            -81.38635,28.521159,0
            -81.386434,28.520338,0
            -81.386629,28.519498,0
            -81.386983,28.518445,0
            -81.387396,28.517663,0
            -81.388101,28.516652,0
            -81.388844,28.515806,0
            -81.389345,28.515358,0
            -81.392218,28.513284,0
            -81.394845,28.511536,0
            -81.395658,28.511069,0
            -81.396764,28.510549,0
            -81.39826,28.510027,0
            -81.398899,28.509848,0
            -81.39994,28.509643,0
            -81.400618,28.50958,0
            -81.414182,28.509534,0
            -81.415675,28.509474,0
            -81.416262,28.509395,0
            -81.418354,28.508955,0
            -81.4191,28.508668,0
            -81.420476,28.507873,0
            -81.4208,28.507829,0
            -81.421636,28.507138,0
            -81.422093,28.506675,0
            -81.436342,28.49024,0
            -81.437235,28.489288,0
            -81.438467,28.488129,0
            -81.449212,28.47923,0
            -81.45352,28.475931,0
            -81.453745,28.475864,0
            -81.455622,28.474478,0
            -81.456161,28.474129,0
            -81.456207,28.474072,0
            -81.456392,28.473963,0
            -81.457746,28.473401,0
            -81.45827,28.473126,0
            -81.458471,28.472983,0
            -81.458722,28.472753,0
            -81.459019,28.47236,0
            -81.459194,28.472,0
            -81.459261,28.471773,0
            -81.459391,28.470847,0
            -81.459404,28.470152,0
            -81.459464,28.469765,0
            -81.459456,28.468766,0
            -81.458922,28.465045,0
            -81.458815,28.463833,0
            -81.458764,28.454713,0
            -81.458795,28.45468,0
            -81.458893,28.45411,0
            -81.459029,28.453689,0
            -81.45924,28.453245,0
            -81.459676,28.452613,0
            -81.459983,28.452289,0
            -81.460564,28.451828,0
            -81.461147,28.451483,0
            -81.462264,28.450993,0
            -81.463045,28.450777,0
            -81.463201,28.450701,0
            -81.465524,28.450235,0
            -81.46568,28.450222,0
            -81.465798,28.449988,0
            -81.466021,28.44873,0
            -81.465957,28.448642,0
            -81.466101,28.447512,0
            -81.466177,28.447437,0
            -81.46635,28.446644,0
            -81.467354,28.443351,0
            -81.467787,28.442351,0
            -81.467966,28.441834,0
            -81.468154,28.441035,0
            -81.468221,28.440564,0
            -81.468247,28.439421,0
            -81.468107,28.438207,0
            -81.468085,28.437531,0
            -81.468339,28.437526,0
            -81.468337,28.437924,0
            -81.468349,28.437959,0
            -81.468364,28.437975,0
            -81.468383,28.437983,0
            -81.468811,28.437974,0
          </coordinates>
        </LineString>
      </Placemark>
      <Placemark>
        <name>Residence Inn by Marriott Orlando Convention Center</name>
        <description><![CDATA[description: Hotel from 2019-09-22T01:20:18.128Z to 2019-09-22T11:43:56.999Z. Distance 0m<br>Email: syugen.zhou@gmail.com<br>Category: Hotel<br>Distance: 0]]></description>
        <styleUrl>#icon-1602-0288D1</styleUrl>
        <ExtendedData>
          <Data name="description">
            <value>Hotel from 2019-09-22T01:20:18.128Z to 2019-09-22T11:43:56.999Z. Distance 0m</value>
          </Data>
          <Data name="Email">
            <value>syugen.zhou@gmail.com</value>
          </Data>
          <Data name="Category">
            <value>Hotel</value>
          </Data>
          <Data name="Distance">
            <value>0</value>
          </Data>
        </ExtendedData>
        <Point>
          <coordinates>
            -81.46845,28.437777,0
          </coordinates>
        </Point>
      </Placemark>
    </Folder>
  </Document>
</kml>
