<?xml version="1.0" encoding="UTF-8"?>
<kml xmlns="http://www.opengis.net/kml/2.2">
  <Document>
    <name>59-yosemite</name>
    <description/>
    <Style id="icon-1535-0288D1-normal">
      <IconStyle>
        <color>ffd18802</color>
        <scale>1</scale>
        <Icon>
          <href>https://www.gstatic.com/mapspro/images/stock/503-wht-blank_maps.png</href>
        </Icon>
      </IconStyle>
      <LabelStyle>
        <scale>0</scale>
      </LabelStyle>
    </Style>
    <Style id="icon-1535-0288D1-highlight">
      <IconStyle>
        <color>ffd18802</color>
        <scale>1</scale>
        <Icon>
          <href>https://www.gstatic.com/mapspro/images/stock/503-wht-blank_maps.png</href>
        </Icon>
      </IconStyle>
      <LabelStyle>
        <scale>1</scale>
      </LabelStyle>
    </Style>
    <StyleMap id="icon-1535-0288D1">
      <Pair>
        <key>normal</key>
        <styleUrl>#icon-1535-0288D1-normal</styleUrl>
      </Pair>
      <Pair>
        <key>highlight</key>
        <styleUrl>#icon-1535-0288D1-highlight</styleUrl>
      </Pair>
    </StyleMap>
    <Style id="icon-1602-0288D1-normal">
      <IconStyle>
        <color>ffd18802</color>
        <scale>1</scale>
        <Icon>
          <href>https://www.gstatic.com/mapspro/images/stock/503-wht-blank_maps.png</href>
        </Icon>
      </IconStyle>
      <LabelStyle>
        <scale>0</scale>
      </LabelStyle>
    </Style>
    <Style id="icon-1602-0288D1-highlight">
      <IconStyle>
        <color>ffd18802</color>
        <scale>1</scale>
        <Icon>
          <href>https://www.gstatic.com/mapspro/images/stock/503-wht-blank_maps.png</href>
        </Icon>
      </IconStyle>
      <LabelStyle>
        <scale>1</scale>
      </LabelStyle>
    </Style>
    <StyleMap id="icon-1602-0288D1">
      <Pair>
        <key>normal</key>
        <styleUrl>#icon-1602-0288D1-normal</styleUrl>
      </Pair>
      <Pair>
        <key>highlight</key>
        <styleUrl>#icon-1602-0288D1-highlight</styleUrl>
      </Pair>
    </StyleMap>
    <Style id="icon-1739-0288D1-normal">
      <IconStyle>
        <color>ffd18802</color>
        <scale>1</scale>
        <Icon>
          <href>https://www.gstatic.com/mapspro/images/stock/503-wht-blank_maps.png</href>
        </Icon>
      </IconStyle>
      <LabelStyle>
        <scale>0</scale>
      </LabelStyle>
    </Style>
    <Style id="icon-1739-0288D1-highlight">
      <IconStyle>
        <color>ffd18802</color>
        <scale>1</scale>
        <Icon>
          <href>https://www.gstatic.com/mapspro/images/stock/503-wht-blank_maps.png</href>
        </Icon>
      </IconStyle>
      <LabelStyle>
        <scale>1</scale>
      </LabelStyle>
    </Style>
    <StyleMap id="icon-1739-0288D1">
      <Pair>
        <key>normal</key>
        <styleUrl>#icon-1739-0288D1-normal</styleUrl>
      </Pair>
      <Pair>
        <key>highlight</key>
        <styleUrl>#icon-1739-0288D1-highlight</styleUrl>
      </Pair>
    </StyleMap>
    <Style id="line-A52714-5000-normal">
      <LineStyle>
        <color>ff1427a5</color>
        <width>5</width>
      </LineStyle>
    </Style>
    <Style id="line-A52714-5000-highlight">
      <LineStyle>
        <color>ff1427a5</color>
        <width>7.5</width>
      </LineStyle>
    </Style>
    <StyleMap id="line-A52714-5000">
      <Pair>
        <key>normal</key>
        <styleUrl>#line-A52714-5000-normal</styleUrl>
      </Pair>
      <Pair>
        <key>highlight</key>
        <styleUrl>#line-A52714-5000-highlight</styleUrl>
      </Pair>
    </StyleMap>
    <Style id="line-F9A825-5000-normal">
      <LineStyle>
        <color>ff25a8f9</color>
        <width>5</width>
      </LineStyle>
    </Style>
    <Style id="line-F9A825-5000-highlight">
      <LineStyle>
        <color>ff25a8f9</color>
        <width>7.5</width>
      </LineStyle>
    </Style>
    <StyleMap id="line-F9A825-5000">
      <Pair>
        <key>normal</key>
        <styleUrl>#line-F9A825-5000-normal</styleUrl>
      </Pair>
      <Pair>
        <key>highlight</key>
        <styleUrl>#line-F9A825-5000-highlight</styleUrl>
      </Pair>
    </StyleMap>
    <Folder>
      <name>2021-09-12</name>
      <Placemark>
        <name>The Westin Monache Resort, Mammoth</name>
        <description><![CDATA[description: Hotel from 2021-09-12T01:38:46.000Z to 2021-09-12T17:25:48.000Z. Distance 0m<br>Email: syugen.zhou@gmail.com<br>Category: Hotel<br>Distance: 0]]></description>
        <styleUrl>#icon-1602-0288D1</styleUrl>
        <ExtendedData>
          <Data name="description">
            <value>Hotel from 2021-09-12T01:38:46.000Z to 2021-09-12T17:25:48.000Z. Distance 0m</value>
          </Data>
          <Data name="Email">
            <value>syugen.zhou@gmail.com</value>
          </Data>
          <Data name="Category">
            <value>Hotel</value>
          </Data>
          <Data name="Distance">
            <value>0</value>
          </Data>
        </ExtendedData>
        <Point>
          <coordinates>
            -118.986319,37.649229,0
          </coordinates>
        </Point>
      </Placemark>
      <Placemark>
        <name>Driving</name>
        <description><![CDATA[description: Driving from 2021-09-12T17:25:48.699Z to 2021-09-12T17:44:56.420Z. Distance 3390m<br>Email: syugen.zhou@gmail.com<br>Category: Driving<br>Distance: 3390]]></description>
        <styleUrl>#line-F9A825-5000</styleUrl>
        <ExtendedData>
          <Data name="description">
            <value>Driving from 2021-09-12T17:25:48.699Z to 2021-09-12T17:44:56.420Z. Distance 3390m</value>
          </Data>
          <Data name="Email">
            <value>syugen.zhou@gmail.com</value>
          </Data>
          <Data name="Category">
            <value>Driving</value>
          </Data>
          <Data name="Distance">
            <value>3390</value>
          </Data>
        </ExtendedData>
        <LineString>
          <tessellate>1</tessellate>
          <coordinates>
            -118.986513,37.649346,0
            -118.986516,37.649343,0
            -118.986522,37.649339,0
            -118.986533,37.649335,0
            -118.986559,37.649331,0
            -118.986591,37.649329,0
            -118.986617,37.649335,0
            -118.986654,37.649351,0
            -118.986692,37.649381,0
            -118.986703,37.649399,0
            -118.986714,37.649417,0
            -118.986757,37.649477,0
            -118.986769,37.649485,0
            -118.986829,37.64951,0
            -118.986873,37.649532,0
            -118.98693,37.649545,0
            -118.987026,37.649552,0
            -118.987083,37.649552,0
            -118.987081,37.649729,0
            -118.987074,37.649886,0
            -118.987045,37.650217,0
            -118.986969,37.650239,0
            -118.986842,37.650251,0
            -118.986704,37.650246,0
            -118.986555,37.650217,0
            -118.986381,37.650184,0
            -118.986197,37.650137,0
            -118.985984,37.650078,0
            -118.985817,37.650011,0
            -118.985734,37.649974,0
            -118.985656,37.649927,0
            -118.985584,37.649878,0
            -118.985408,37.649735,0
            -118.985316,37.649656,0
            -118.985182,37.649542,0
            -118.985033,37.649371,0
            -118.984942,37.649217,0
            -118.984872,37.649074,0
            -118.984847,37.649023,0
            -118.984799,37.648828,0
            -118.984785,37.64873,0
            -118.984757,37.648503,0
            -118.984734,37.648381,0
            -118.984716,37.648326,0
            -118.984691,37.648276,0
            -118.98466,37.648231,0
            -118.984635,37.648203,0
            -118.984452,37.647998,0
            -118.984373,37.647909,0
            -118.984205,37.648018,0
            -118.983971,37.648128,0
            -118.983848,37.648179,0
            -118.983732,37.648227,0
            -118.983635,37.648261,0
            -118.983462,37.64832,0
            -118.983168,37.648397,0
            -118.982693,37.648482,0
            -118.982516,37.648507,0
            -118.98242,37.64852,0
            -118.982407,37.648521,0
            -118.982185,37.64854,0
            -118.981966,37.64856,0
            -118.981471,37.648583,0
            -118.981217,37.648599,0
            -118.979774,37.648706,0
            -118.979588,37.64872,0
            -118.979116,37.648748,0
            -118.977463,37.6488,0
            -118.976719,37.648799,0
            -118.976124,37.648768,0
            -118.976046,37.648765,0
            -118.9753,37.648715,0
            -118.974584,37.648642,0
            -118.974304,37.648606,0
            -118.973593,37.648496,0
            -118.973454,37.64847,0
            -118.972757,37.648332,0
            -118.972562,37.648288,0
            -118.971401,37.648043,0
            -118.969825,37.64771,0
            -118.968634,37.647452,0
            -118.96847,37.647408,0
            -118.968083,37.647327,0
            -118.967501,37.647205,0
            -118.967394,37.647182,0
            -118.967202,37.64714,0
            -118.966986,37.647092,0
            -118.966587,37.647003,0
            -118.966513,37.646986,0
            -118.966354,37.646951,0
            -118.965836,37.646859,0
            -118.965701,37.646835,0
            -118.965326,37.646781,0
            -118.964811,37.646719,0
            -118.964757,37.646716,0
            -118.964445,37.646678,0
          </coordinates>
        </LineString>
      </Placemark>
      <Placemark>
        <name>Starbucks</name>
        <description><![CDATA[description: Coffee shop from 2021-09-12T17:44:56.420Z to 2021-09-12T17:50:23.627Z. Distance 0m<br>Email: syugen.zhou@gmail.com<br>Category: Coffee shop<br>Distance: 0]]></description>
        <styleUrl>#icon-1739-0288D1</styleUrl>
        <ExtendedData>
          <Data name="description">
            <value>Coffee shop from 2021-09-12T17:44:56.420Z to 2021-09-12T17:50:23.627Z. Distance 0m</value>
          </Data>
          <Data name="Email">
            <value>syugen.zhou@gmail.com</value>
          </Data>
          <Data name="Category">
            <value>Coffee shop</value>
          </Data>
          <Data name="Distance">
            <value>0</value>
          </Data>
        </ExtendedData>
        <Point>
          <coordinates>
            -118.964273,37.646108,0
          </coordinates>
        </Point>
      </Placemark>
      <Placemark>
        <name>Driving</name>
        <description><![CDATA[description: Driving from 2021-09-12T17:50:23.627Z to 2021-09-12T18:19:38.740Z. Distance 38617m<br>Email: syugen.zhou@gmail.com<br>Category: Driving<br>Distance: 38617]]></description>
        <styleUrl>#line-F9A825-5000</styleUrl>
        <ExtendedData>
          <Data name="description">
            <value>Driving from 2021-09-12T17:50:23.627Z to 2021-09-12T18:19:38.740Z. Distance 38617m</value>
          </Data>
          <Data name="Email">
            <value>syugen.zhou@gmail.com</value>
          </Data>
          <Data name="Category">
            <value>Driving</value>
          </Data>
          <Data name="Distance">
            <value>38617</value>
          </Data>
        </ExtendedData>
        <LineString>
          <tessellate>1</tessellate>
          <coordinates>
            -118.964966,37.646738,0
            -118.963394,37.6466,0
            -118.956818,37.646546,0
            -118.954268,37.646225,0
            -118.950123,37.644949,0
            -118.938588,37.640013,0
            -118.936703,37.639602,0
            -118.930347,37.639587,0
            -118.930127,37.639651,0
            -118.924462,37.639706,0
            -118.922894,37.639909,0
            -118.915526,37.64156,0
            -118.919639,37.643337,0
            -118.919831,37.643374,0
            -118.921465,37.644553,0
            -118.922762,37.646003,0
            -118.923377,37.647044,0
            -118.923926,37.648731,0
            -118.924043,37.653388,0
            -118.924326,37.654899,0
            -118.924685,37.655949,0
            -118.925461,37.657476,0
            -118.928415,37.66169,0
            -118.931659,37.664724,0
            -118.932526,37.665964,0
            -118.93346,37.668167,0
            -118.939,37.676306,0
            -118.942712,37.690062,0
            -118.9439,37.692062,0
            -118.947607,37.696017,0
            -118.948045,37.696764,0
            -118.951058,37.704112,0
            -118.953242,37.712202,0
            -118.953793,37.713303,0
            -118.976673,37.743662,0
            -118.982117,37.748727,0
            -118.982598,37.749426,0
            -118.984779,37.754754,0
            -118.985335,37.755585,0
            -118.988269,37.758292,0
            -118.989833,37.759292,0
            -118.99215,37.760091,0
            -118.992919,37.760557,0
            -118.994327,37.762207,0
            -118.995257,37.762757,0
            -118.997906,37.76352,0
            -118.999637,37.764471,0
            -119.003256,37.767777,0
            -119.018435,37.777652,0
            -119.019378,37.778573,0
            -119.020077,37.779483,0
            -119.020731,37.780679,0
            -119.02107,37.781703,0
            -119.021565,37.784449,0
            -119.021919,37.785338,0
            -119.022352,37.78602,0
            -119.023167,37.786904,0
            -119.023998,37.787523,0
            -119.024818,37.787973,0
            -119.029056,37.789517,0
            -119.037653,37.793897,0
            -119.038948,37.794841,0
            -119.040078,37.796196,0
            -119.040629,37.7974,0
            -119.040859,37.798822,0
            -119.040711,37.801881,0
            -119.040956,37.80292,0
            -119.041317,37.803702,0
            -119.041827,37.804399,0
            -119.042586,37.805141,0
            -119.043109,37.805509,0
            -119.046025,37.807054,0
            -119.047935,37.808348,0
            -119.054147,37.813292,0
            -119.054291,37.813334,0
            -119.055603,37.814366,0
            -119.055727,37.814537,0
            -119.058957,37.817241,0
            -119.06007,37.818719,0
            -119.064081,37.826104,0
            -119.067807,37.830547,0
            -119.068666,37.831989,0
            -119.069179,37.833273,0
            -119.070352,37.839054,0
            -119.070899,37.840374,0
            -119.072117,37.842432,0
            -119.073328,37.84384,0
            -119.077995,37.848368,0
            -119.079636,37.850268,0
            -119.084523,37.858175,0
            -119.085704,37.860836,0
            -119.101272,37.940483,0
            -119.10246,37.94302,0
            -119.10667,37.948019,0
            -119.107333,37.948628,0
            -119.108342,37.949287,0
            -119.109056,37.949623,0
            -119.110164,37.949979,0
            -119.116102,37.950945,0
            -119.116734,37.951228,0
            -119.117306,37.951678,0
            -119.117584,37.952011,0
            -119.117924,37.95284,0
            -119.118257,37.954879,0
            -119.118352,37.954946,0
            -119.119267,37.95667,0
            -119.124344,37.963554,0
            -119.124362,37.963665,0
            -119.122632,37.964496,0
            -119.120554,37.96495,0
            -119.120362,37.965077,0
            -119.120168,37.965321,0
            -119.120051,37.965823,0
            -119.120088,37.966031,0
            -119.120574,37.966663,0
            -119.120732,37.966743,0
          </coordinates>
        </LineString>
      </Placemark>
      <Placemark>
        <name>Mono Basin Scenic Area Visitor Center</name>
        <description><![CDATA[description: Visitor center from 2021-09-12T18:19:38.740Z to 2021-09-12T18:39:53.119Z. Distance 0m<br>Email: syugen.zhou@gmail.com<br>Category: Visitor center<br>Distance: 0]]></description>
        <styleUrl>#icon-1535-0288D1</styleUrl>
        <ExtendedData>
          <Data name="description">
            <value>Visitor center from 2021-09-12T18:19:38.740Z to 2021-09-12T18:39:53.119Z. Distance 0m</value>
          </Data>
          <Data name="Email">
            <value>syugen.zhou@gmail.com</value>
          </Data>
          <Data name="Category">
            <value>Visitor center</value>
          </Data>
          <Data name="Distance">
            <value>0</value>
          </Data>
        </ExtendedData>
        <Point>
          <coordinates>
            -119.120077,37.966987,0
          </coordinates>
        </Point>
      </Placemark>
      <Placemark>
        <name>Driving</name>
        <description><![CDATA[description: Driving from 2021-09-12T18:39:53.119Z to 2021-09-12T19:34:33.000Z. Distance 28362m<br>Email: syugen.zhou@gmail.com<br>Category: Driving<br>Distance: 28362]]></description>
        <styleUrl>#line-F9A825-5000</styleUrl>
        <ExtendedData>
          <Data name="description">
            <value>Driving from 2021-09-12T18:39:53.119Z to 2021-09-12T19:34:33.000Z. Distance 28362m</value>
          </Data>
          <Data name="Email">
            <value>syugen.zhou@gmail.com</value>
          </Data>
          <Data name="Category">
            <value>Driving</value>
          </Data>
          <Data name="Distance">
            <value>28362</value>
          </Data>
        </ExtendedData>
        <LineString>
          <tessellate>1</tessellate>
          <coordinates>
            -119.120732,37.966743,0
            -119.120574,37.966663,0
            -119.120088,37.966031,0
            -119.120051,37.965823,0
            -119.120168,37.965321,0
            -119.120362,37.965077,0
            -119.120554,37.96495,0
            -119.122632,37.964496,0
            -119.124362,37.963665,0
            -119.125271,37.964596,0
            -119.12638,37.965332,0
            -119.128987,37.966599,0
            -119.130139,37.967526,0
            -119.130512,37.968011,0
            -119.130581,37.968039,0
            -119.133504,37.9725,0
            -119.133876,37.974322,0
            -119.134151,37.974969,0
            -119.135702,37.976866,0
            -119.135467,37.976934,0
            -119.13525,37.976895,0
            -119.13459,37.976474,0
            -119.133798,37.977011,0
            -119.13459,37.976474,0
            -119.13525,37.976895,0
            -119.135467,37.976934,0
            -119.135702,37.976866,0
            -119.134151,37.974969,0
            -119.133876,37.974322,0
            -119.133504,37.9725,0
            -119.130581,37.968039,0
            -119.130593,37.967984,0
            -119.129994,37.96726,0
            -119.129283,37.966686,0
            -119.126103,37.965081,0
            -119.125443,37.964606,0
            -119.124467,37.963608,0
            -119.124344,37.963554,0
            -119.119267,37.95667,0
            -119.118352,37.954946,0
            -119.118386,37.954864,0
            -119.118015,37.952767,0
            -119.117705,37.952085,0
            -119.116734,37.951228,0
            -119.115972,37.950859,0
            -119.113868,37.950491,0
            -119.113367,37.950316,0
            -119.113196,37.950097,0
            -119.113628,37.948613,0
            -119.114025,37.947908,0
            -119.114369,37.947534,0
            -119.1171,37.945609,0
            -119.117814,37.944838,0
            -119.118074,37.944359,0
            -119.118601,37.94196,0
            -119.11917,37.940989,0
            -119.119828,37.940406,0
            -119.120776,37.93992,0
            -119.122234,37.939635,0
            -119.123358,37.93971,0
            -119.126393,37.940454,0
            -119.130207,37.940753,0
            -119.134792,37.940063,0
            -119.146883,37.935862,0
            -119.150921,37.93394,0
            -119.160542,37.931056,0
            -119.164422,37.931134,0
            -119.168382,37.930418,0
            -119.169902,37.93043,0
            -119.17545,37.931824,0
            -119.176275,37.932278,0
            -119.177031,37.932944,0
            -119.177338,37.933381,0
            -119.179318,37.937935,0
            -119.181327,37.940572,0
            -119.182092,37.941339,0
            -119.183597,37.942338,0
            -119.184221,37.942971,0
            -119.184472,37.943433,0
            -119.184683,37.944283,0
            -119.185138,37.944722,0
            -119.186687,37.945309,0
            -119.187959,37.946186,0
            -119.188485,37.946721,0
            -119.188961,37.947543,0
            -119.189292,37.9478,0
            -119.18989,37.94795,0
            -119.191477,37.947756,0
            -119.194778,37.948347,0
            -119.196744,37.949154,0
            -119.200078,37.949971,0
            -119.205803,37.950131,0
            -119.207169,37.950422,0
            -119.207667,37.950432,0
            -119.20903,37.95017,0
            -119.210543,37.95017,0
            -119.211557,37.949941,0
            -119.212673,37.949511,0
            -119.213154,37.949451,0
            -119.214196,37.949541,0
            -119.218046,37.950289,0
            -119.219028,37.950725,0
            -119.222164,37.951427,0
            -119.222868,37.951762,0
            -119.22376,37.952476,0
            -119.224181,37.952653,0
            -119.224646,37.952722,0
            -119.225304,37.952617,0
            -119.225893,37.95226,0
            -119.226114,37.951948,0
            -119.226178,37.951628,0
            -119.226112,37.951193,0
            -119.225899,37.950813,0
            -119.224829,37.949846,0
            -119.224717,37.949598,0
            -119.224757,37.948853,0
            -119.225801,37.947511,0
            -119.226123,37.945793,0
            -119.226251,37.945525,0
            -119.227631,37.944138,0
            -119.228966,37.94216,0
            -119.230007,37.941084,0
            -119.230258,37.939798,0
            -119.23121,37.938594,0
            -119.231293,37.938162,0
            -119.231098,37.936621,0
            -119.231238,37.936287,0
            -119.23143,37.936065,0
            -119.231942,37.935757,0
            -119.232543,37.935632,0
            -119.23304,37.935677,0
            -119.235265,37.936765,0
            -119.238695,37.939586,0
            -119.239389,37.939966,0
            -119.240689,37.940268,0
            -119.241429,37.940256,0
            -119.242227,37.940101,0
            -119.243028,37.939755,0
            -119.244531,37.938616,0
            -119.245411,37.938227,0
            -119.246155,37.938117,0
            -119.247985,37.93835,0
            -119.24858,37.938303,0
            -119.249101,37.938014,0
            -119.249448,37.937534,0
            -119.249523,37.937201,0
            -119.249437,37.936725,0
            -119.248414,37.935269,0
            -119.24832,37.93481,0
            -119.248358,37.934502,0
            -119.250488,37.930689,0
            -119.250848,37.93036,0
            -119.251342,37.930086,0
            -119.253265,37.929557,0
            -119.254265,37.929101,0
            -119.254739,37.928747,0
            -119.255217,37.928171,0
            -119.256274,37.925774,0
            -119.256309,37.925065,0
            -119.256172,37.924417,0
            -119.254896,37.921558,0
            -119.255192,37.918661,0
            -119.256517,37.916541,0
            -119.257736,37.91299,0
            -119.258072,37.909672,0
            -119.259622,37.905792,0
            -119.259989,37.904227,0
            -119.26012,37.901324,0
            -119.259658,37.896989,0
            -119.259929,37.893713,0
            -119.260287,37.892878,0
            -119.260774,37.89235,0
            -119.270258,37.886143,0
            -119.27402,37.882277,0
            -119.275678,37.879876,0
            -119.276378,37.879417,0
            -119.277099,37.879251,0
            -119.278479,37.879288,0
            -119.279009,37.879213,0
            -119.281096,37.878441,0
            -119.285357,37.87765,0
            -119.286662,37.87754,0
            -119.289713,37.877822,0
            -119.293228,37.878748,0
            -119.295733,37.8789,0
            -119.298293,37.878693,0
            -119.299922,37.87877,0
            -119.301248,37.879021,0
            -119.306387,37.880589,0
            -119.307851,37.880826,0
            -119.309907,37.880876,0
            -119.313589,37.880297,0
            -119.315433,37.880234,0
            -119.32106,37.881157,0
            -119.323138,37.882051,0
            -119.323462,37.882121,0
            -119.324266,37.882093,0
            -119.324833,37.881875,0
            -119.325833,37.88097,0
            -119.328104,37.880189,0
            -119.329004,37.8801,0
            -119.331558,37.880168,0
            -119.333063,37.880361,0
            -119.336786,37.880402,0
            -119.337327,37.8803,0
            -119.341704,37.878425,0
            -119.343171,37.877963,0
            -119.347554,37.877266,0
            -119.353189,37.877022,0
            -119.353637,37.876931,0
            -119.354416,37.876585,0
            -119.358283,37.873782,0
            -119.360223,37.872962,0
            -119.362278,37.872486,0
            -119.369369,37.871943,0
            -119.37088,37.87206,0
          </coordinates>
        </LineString>
      </Placemark>
      <Placemark>
        <name>Tuolumne Meadows Visitor Center</name>
        <description><![CDATA[description: Visitor center from 2021-09-12T19:34:33.000Z to 2021-09-12T19:47:17.000Z. Distance 0m<br>Email: syugen.zhou@gmail.com<br>Category: Visitor center<br>Distance: 0]]></description>
        <styleUrl>#icon-1535-0288D1</styleUrl>
        <ExtendedData>
          <Data name="description">
            <value>Visitor center from 2021-09-12T19:34:33.000Z to 2021-09-12T19:47:17.000Z. Distance 0m</value>
          </Data>
          <Data name="Email">
            <value>syugen.zhou@gmail.com</value>
          </Data>
          <Data name="Category">
            <value>Visitor center</value>
          </Data>
          <Data name="Distance">
            <value>0</value>
          </Data>
        </ExtendedData>
        <Point>
          <coordinates>
            -119.374168,37.871575,0
          </coordinates>
        </Point>
      </Placemark>
      <Placemark>
        <name>Walking</name>
        <description><![CDATA[description: Walking from 2021-09-12T19:47:17.000Z to 2021-09-12T20:01:01.000Z. Distance 1057m<br>Email: syugen.zhou@gmail.com<br>Category: Walking<br>Distance: 1057]]></description>
        <styleUrl>#line-F9A825-5000</styleUrl>
        <ExtendedData>
          <Data name="description">
            <value>Walking from 2021-09-12T19:47:17.000Z to 2021-09-12T20:01:01.000Z. Distance 1057m</value>
          </Data>
          <Data name="Email">
            <value>syugen.zhou@gmail.com</value>
          </Data>
          <Data name="Category">
            <value>Walking</value>
          </Data>
          <Data name="Distance">
            <value>1057</value>
          </Data>
        </ExtendedData>
        <LineString>
          <tessellate>1</tessellate>
          <coordinates>
            -119.372683,37.872487,0
            -119.372307,37.872388,0
            -119.372028,37.872317,0
            -119.37174,37.872255,0
            -119.371402,37.872187,0
            -119.371143,37.872143,0
            -119.37088,37.872105,0
            -119.370611,37.872081,0
            -119.370392,37.872047,0
            -119.370352,37.872044,0
            -119.370042,37.872303,0
            -119.369645,37.872581,0
            -119.369471,37.872668,0
            -119.368702,37.873159,0
            -119.368681,37.873176,0
            -119.367785,37.8739,0
            -119.367448,37.874195,0
            -119.366792,37.874809,0
            -119.366645,37.874972,0
            -119.366624,37.875001,0
            -119.366522,37.875139,0
            -119.366401,37.875444,0
            -119.366343,37.87564,0
            -119.366303,37.875931,0
            -119.366176,37.877141,0
            -119.36617,37.877208,0
            -119.366164,37.877263,0
            -119.366159,37.877308,0
            -119.366092,37.877638,0
            -119.366068,37.877853,0
            -119.366036,37.877941,0
            -119.36596,37.878047,0
            -119.365847,37.878172,0
            -119.365575,37.878416,0
            -119.365231,37.878645,0
            -119.365072,37.878796,0
            -119.364998,37.878876,0
            -119.365196,37.878773,0
            -119.365315,37.878727,0
            -119.365473,37.878663,0
            -119.365594,37.878616,0
            -119.365595,37.878615,0
            -119.365695,37.878597,0
            -119.365783,37.878591,0
            -119.365871,37.8786,0
            -119.365948,37.878615,0
            -119.366006,37.878636,0
            -119.366033,37.878649,0
            -119.366034,37.87865,0
            -119.366044,37.878658,0
            -119.366051,37.878667,0
            -119.366059,37.878678,0
            -119.366067,37.878697,0
            -119.366073,37.878722,0
            -119.366071,37.878748,0
            -119.366067,37.878811,0
            -119.366056,37.87885,0
            -119.366023,37.878904,0
            -119.365991,37.878949,0
            -119.365942,37.879045,0
            -119.365925,37.879096,0
            -119.365926,37.879107,0
            -119.365928,37.879112,0
            -119.365931,37.879121,0
            -119.365935,37.879126,0
            -119.365942,37.879132,0
            -119.365956,37.879139,0
            -119.36597,37.879145,0
            -119.366015,37.879152,0
            -119.366078,37.879161,0
            -119.366214,37.879183,0
            -119.366311,37.879202,0
            -119.366384,37.87921,0
            -119.366445,37.879218,0
            -119.366545,37.879222,0
            -119.366595,37.879221,0
            -119.366621,37.879219,0
            -119.366641,37.879215,0
            -119.366646,37.879214,0
            -119.36667,37.879208,0
            -119.3667,37.879194,0
            -119.366811,37.879107,0
            -119.366891,37.879045,0
            -119.367004,37.878962,0
            -119.367072,37.878921,0
            -119.367112,37.878885,0
            -119.367135,37.878856,0
            -119.36715,37.878832,0
            -119.367161,37.878806,0
            -119.367165,37.878785,0
            -119.367165,37.878765,0
            -119.367157,37.878722,0
            -119.367142,37.878694,0
            -119.367087,37.878639,0
            -119.367061,37.878601,0
            -119.367052,37.878572,0
            -119.367051,37.878532,0
            -119.367066,37.878477,0
            -119.367119,37.878407,0
            -119.367125,37.878396,0
          </coordinates>
        </LineString>
      </Placemark>
      <Placemark>
        <name>Parsons Memorial Lodge</name>
        <description><![CDATA[description: Historical landmark from 2021-09-12T20:01:01.000Z to 2021-09-12T20:13:02.000Z. Distance 0m<br>Email: syugen.zhou@gmail.com<br>Category: Historical landmark<br>Distance: 0]]></description>
        <styleUrl>#icon-1602-0288D1</styleUrl>
        <ExtendedData>
          <Data name="description">
            <value>Historical landmark from 2021-09-12T20:01:01.000Z to 2021-09-12T20:13:02.000Z. Distance 0m</value>
          </Data>
          <Data name="Email">
            <value>syugen.zhou@gmail.com</value>
          </Data>
          <Data name="Category">
            <value>Historical landmark</value>
          </Data>
          <Data name="Distance">
            <value>0</value>
          </Data>
        </ExtendedData>
        <Point>
          <coordinates>
            -119.367386,37.878375,0
          </coordinates>
        </Point>
      </Placemark>
      <Placemark>
        <name>Walking</name>
        <description><![CDATA[description: Walking from 2021-09-12T20:13:02.000Z to 2021-09-12T20:24:27.000Z. Distance 1179m<br>Email: syugen.zhou@gmail.com<br>Category: Walking<br>Distance: 1179]]></description>
        <styleUrl>#line-F9A825-5000</styleUrl>
        <ExtendedData>
          <Data name="description">
            <value>Walking from 2021-09-12T20:13:02.000Z to 2021-09-12T20:24:27.000Z. Distance 1179m</value>
          </Data>
          <Data name="Email">
            <value>syugen.zhou@gmail.com</value>
          </Data>
          <Data name="Category">
            <value>Walking</value>
          </Data>
          <Data name="Distance">
            <value>1179</value>
          </Data>
        </ExtendedData>
        <LineString>
          <tessellate>1</tessellate>
          <coordinates>
            -119.367165,37.878338,0
            -119.367157,37.878346,0
            -119.367118,37.878407,0
            -119.367066,37.878477,0
            -119.367051,37.878532,0
            -119.367052,37.878572,0
            -119.36706,37.878601,0
            -119.367087,37.878639,0
            -119.367142,37.878694,0
            -119.367157,37.878722,0
            -119.367165,37.878765,0
            -119.367165,37.878785,0
            -119.367161,37.878806,0
            -119.36715,37.878832,0
            -119.367135,37.878856,0
            -119.367112,37.878885,0
            -119.367072,37.878921,0
            -119.367004,37.878962,0
            -119.366891,37.879045,0
            -119.366811,37.879107,0
            -119.3667,37.879194,0
            -119.36667,37.879208,0
            -119.366646,37.879214,0
            -119.366641,37.879215,0
            -119.366621,37.879219,0
            -119.366595,37.879221,0
            -119.366545,37.879222,0
            -119.366445,37.879218,0
            -119.366384,37.87921,0
            -119.36631,37.879202,0
            -119.366214,37.879183,0
            -119.366078,37.879161,0
            -119.366015,37.879152,0
            -119.36597,37.879145,0
            -119.365956,37.879139,0
            -119.365942,37.879132,0
            -119.365935,37.879126,0
            -119.365931,37.879121,0
            -119.365928,37.879112,0
            -119.365926,37.879107,0
            -119.365925,37.879096,0
            -119.365942,37.879045,0
            -119.365991,37.878949,0
            -119.366023,37.878904,0
            -119.366056,37.87885,0
            -119.366066,37.878811,0
            -119.366071,37.878748,0
            -119.366073,37.878722,0
            -119.366067,37.878697,0
            -119.366059,37.878678,0
            -119.366051,37.878667,0
            -119.366043,37.878658,0
            -119.366034,37.87865,0
            -119.366033,37.878649,0
            -119.366005,37.878636,0
            -119.365948,37.878615,0
            -119.365871,37.8786,0
            -119.365782,37.878591,0
            -119.365695,37.878597,0
            -119.365595,37.878615,0
            -119.365593,37.878616,0
            -119.365473,37.878663,0
            -119.365315,37.878727,0
            -119.365196,37.878773,0
            -119.364998,37.878876,0
            -119.365072,37.878796,0
            -119.365231,37.878645,0
            -119.365575,37.878416,0
            -119.365847,37.878172,0
            -119.36596,37.878047,0
            -119.366036,37.877941,0
            -119.366068,37.877853,0
            -119.366092,37.877638,0
            -119.366159,37.877308,0
            -119.36617,37.877208,0
            -119.366176,37.877141,0
            -119.366303,37.875931,0
            -119.366343,37.87564,0
            -119.366401,37.875444,0
            -119.366522,37.875139,0
            -119.366624,37.875001,0
            -119.366645,37.874972,0
            -119.366792,37.874809,0
            -119.367448,37.874195,0
            -119.367785,37.8739,0
            -119.368681,37.873176,0
            -119.368701,37.873159,0
            -119.369471,37.872668,0
            -119.369645,37.872581,0
            -119.370041,37.872303,0
            -119.370352,37.872044,0
            -119.370392,37.872047,0
            -119.370611,37.872081,0
            -119.37088,37.872105,0
            -119.371143,37.872143,0
            -119.371402,37.872187,0
            -119.37174,37.872255,0
            -119.372028,37.872318,0
            -119.372307,37.872388,0
            -119.372688,37.872488,0
          </coordinates>
        </LineString>
      </Placemark>
      <Placemark>
        <name>Tuolumne Meadows Visitor Center</name>
        <description><![CDATA[description: Visitor center from 2021-09-12T20:24:27.000Z to 2021-09-12T20:27:27.000Z. Distance 0m<br>Email: syugen.zhou@gmail.com<br>Category: Visitor center<br>Distance: 0]]></description>
        <styleUrl>#icon-1535-0288D1</styleUrl>
        <ExtendedData>
          <Data name="description">
            <value>Visitor center from 2021-09-12T20:24:27.000Z to 2021-09-12T20:27:27.000Z. Distance 0m</value>
          </Data>
          <Data name="Email">
            <value>syugen.zhou@gmail.com</value>
          </Data>
          <Data name="Category">
            <value>Visitor center</value>
          </Data>
          <Data name="Distance">
            <value>0</value>
          </Data>
        </ExtendedData>
        <Point>
          <coordinates>
            -119.374168,37.871575,0
          </coordinates>
        </Point>
      </Placemark>
      <Placemark>
        <name>Driving</name>
        <description><![CDATA[description: Driving from 2021-09-12T20:27:27.000Z to 2021-09-13T01:05:34.999Z. Distance 275217m<br>Email: syugen.zhou@gmail.com<br>Category: Driving<br>Distance: 275217]]></description>
        <styleUrl>#line-F9A825-5000</styleUrl>
        <ExtendedData>
          <Data name="description">
            <value>Driving from 2021-09-12T20:27:27.000Z to 2021-09-13T01:05:34.999Z. Distance 275217m</value>
          </Data>
          <Data name="Email">
            <value>syugen.zhou@gmail.com</value>
          </Data>
          <Data name="Category">
            <value>Driving</value>
          </Data>
          <Data name="Distance">
            <value>275217</value>
          </Data>
        </ExtendedData>
        <LineString>
          <tessellate>1</tessellate>
          <coordinates>
            -119.374008,37.871872,0
            -119.373909,37.871862,0
            -119.37375,37.87225,0
            -119.373666,37.872275,0
            -119.373338,37.872643,0
            -119.376141,37.873533,0
            -119.377673,37.873749,0
            -119.384125,37.873329,0
            -119.386436,37.873632,0
            -119.394433,37.876762,0
            -119.395396,37.87764,0
            -119.396157,37.879635,0
            -119.396864,37.880354,0
            -119.397673,37.88081,0
            -119.40057,37.881478,0
            -119.401021,37.881447,0
            -119.401822,37.881174,0
            -119.404128,37.879418,0
            -119.40546,37.877313,0
            -119.406205,37.876763,0
            -119.406714,37.876577,0
            -119.411904,37.876007,0
            -119.413012,37.87608,0
            -119.415573,37.876708,0
            -119.416299,37.876741,0
            -119.417203,37.876554,0
            -119.41768,37.876334,0
            -119.419502,37.874571,0
            -119.420127,37.874274,0
            -119.425094,37.87357,0
            -119.426691,37.872659,0
            -119.431801,37.865613,0
            -119.432934,37.863349,0
            -119.437962,37.857304,0
            -119.439913,37.853679,0
            -119.443057,37.849558,0
            -119.445015,37.847795,0
            -119.447845,37.842711,0
            -119.450725,37.83941,0
            -119.454865,37.836041,0
            -119.458979,37.833813,0
            -119.459575,37.83363,0
            -119.4607,37.8336,0
            -119.463001,37.834314,0
            -119.463581,37.834218,0
            -119.46611,37.832819,0
            -119.466444,37.832509,0
            -119.467693,37.830321,0
            -119.468029,37.828981,0
            -119.469336,37.82653,0
            -119.470175,37.825974,0
            -119.475906,37.824402,0
            -119.477091,37.823686,0
            -119.477693,37.822799,0
            -119.478339,37.819506,0
            -119.478736,37.818753,0
            -119.481111,37.816303,0
            -119.483786,37.811537,0
            -119.484446,37.811021,0
            -119.484949,37.810914,0
            -119.485621,37.810991,0
            -119.486019,37.811177,0
            -119.486798,37.812149,0
            -119.48754,37.812558,0
            -119.488017,37.812617,0
            -119.491668,37.812336,0
            -119.492551,37.812492,0
            -119.495669,37.814101,0
            -119.496143,37.814625,0
            -119.496301,37.815147,0
            -119.496247,37.816341,0
            -119.49645,37.816697,0
            -119.496879,37.817018,0
            -119.497243,37.817136,0
            -119.497863,37.817153,0
            -119.498601,37.816821,0
            -119.500794,37.814534,0
            -119.502526,37.813276,0
            -119.505957,37.81204,0
            -119.507343,37.81124,0
            -119.507989,37.81111,0
            -119.508684,37.811229,0
            -119.509028,37.81142,0
            -119.509408,37.811899,0
            -119.50942,37.812598,0
            -119.509201,37.812951,0
            -119.508005,37.813992,0
            -119.507621,37.814518,0
            -119.507515,37.815715,0
            -119.507698,37.816178,0
            -119.508141,37.81672,0
            -119.509096,37.817175,0
            -119.514257,37.817275,0
            -119.515458,37.817861,0
            -119.516533,37.817933,0
            -119.51706,37.817752,0
            -119.519251,37.816106,0
            -119.529052,37.812159,0
            -119.53091,37.81197,0
            -119.532034,37.811596,0
            -119.535765,37.808926,0
            -119.537753,37.808144,0
            -119.545263,37.806705,0
            -119.546104,37.806755,0
            -119.548296,37.80726,0
            -119.549196,37.807177,0
            -119.550882,37.806544,0
            -119.555017,37.805877,0
            -119.556606,37.805913,0
            -119.566044,37.80741,0
            -119.568104,37.808014,0
            -119.571139,37.80965,0
            -119.572719,37.811072,0
            -119.574646,37.814001,0
            -119.57529,37.814486,0
            -119.575879,37.814651,0
            -119.576842,37.814597,0
            -119.57828,37.814028,0
            -119.579049,37.814016,0
            -119.579876,37.814339,0
            -119.580427,37.815015,0
            -119.580546,37.815422,0
            -119.580432,37.816114,0
            -119.578692,37.817532,0
            -119.578259,37.818102,0
            -119.57803,37.819089,0
            -119.578394,37.820107,0
            -119.578995,37.820705,0
            -119.580463,37.821439,0
            -119.580937,37.821973,0
            -119.581001,37.822569,0
            -119.580185,37.823818,0
            -119.580018,37.824404,0
            -119.580135,37.824979,0
            -119.581417,37.826786,0
            -119.581344,37.827936,0
            -119.578332,37.832219,0
            -119.577885,37.833856,0
            -119.578029,37.836285,0
            -119.577731,37.837407,0
            -119.573868,37.842945,0
            -119.571857,37.848047,0
            -119.571732,37.84904,0
            -119.57195,37.849901,0
            -119.572986,37.851174,0
            -119.574088,37.851743,0
            -119.577098,37.852287,0
            -119.578074,37.852185,0
            -119.579151,37.851593,0
            -119.580444,37.85022,0
            -119.581844,37.849348,0
            -119.583058,37.848856,0
            -119.585104,37.847292,0
            -119.586385,37.84684,0
            -119.587103,37.846405,0
            -119.5879,37.845639,0
            -119.588797,37.843908,0
            -119.588837,37.841679,0
            -119.589535,37.839918,0
            -119.589795,37.839665,0
            -119.5903,37.839419,0
            -119.59232,37.839034,0
            -119.592935,37.839181,0
            -119.593349,37.839444,0
            -119.593693,37.839989,0
            -119.593921,37.841696,0
            -119.595047,37.843515,0
            -119.595167,37.844134,0
            -119.594868,37.845924,0
            -119.595065,37.846485,0
            -119.596505,37.848356,0
            -119.597254,37.848741,0
            -119.598154,37.848822,0
            -119.599894,37.848332,0
            -119.601245,37.848272,0
            -119.602216,37.848478,0
            -119.604534,37.849971,0
            -119.605516,37.850189,0
            -119.608138,37.849781,0
            -119.610323,37.848822,0
            -119.610909,37.848715,0
            -119.611486,37.848777,0
            -119.615269,37.85048,0
            -119.61589,37.850532,0
            -119.616583,37.85036,0
            -119.618429,37.849395,0
            -119.619509,37.849097,0
            -119.621482,37.849007,0
            -119.627432,37.850178,0
            -119.635029,37.853402,0
            -119.640492,37.856759,0
            -119.643366,37.857616,0
            -119.644296,37.857671,0
            -119.645048,37.857542,0
            -119.646011,37.857125,0
            -119.650953,37.852735,0
            -119.651703,37.851387,0
            -119.652606,37.850579,0
            -119.653528,37.850172,0
            -119.655092,37.849815,0
            -119.656311,37.849735,0
            -119.65755,37.849937,0
            -119.658406,37.850268,0
            -119.660224,37.85141,0
            -119.661153,37.851585,0
            -119.662061,37.851553,0
            -119.665597,37.850116,0
            -119.671175,37.849974,0
            -119.67217,37.849604,0
            -119.68507,37.841155,0
            -119.687064,37.839414,0
            -119.690329,37.838261,0
            -119.692319,37.836345,0
            -119.698749,37.832187,0
            -119.70109,37.831568,0
            -119.701701,37.831236,0
            -119.702057,37.830848,0
            -119.702249,37.830219,0
            -119.701768,37.82616,0
            -119.701913,37.825361,0
            -119.702835,37.823555,0
            -119.705082,37.821469,0
            -119.706353,37.821003,0
            -119.711859,37.820034,0
            -119.713091,37.820061,0
            -119.71373,37.819888,0
            -119.714181,37.819487,0
            -119.71433,37.819123,0
            -119.714282,37.818656,0
            -119.712995,37.817288,0
            -119.712581,37.8165,0
            -119.712629,37.814253,0
            -119.713335,37.813271,0
            -119.713434,37.812882,0
            -119.713152,37.811671,0
            -119.713218,37.811156,0
            -119.717947,37.802225,0
            -119.718643,37.799183,0
            -119.720123,37.797342,0
            -119.723923,37.790167,0
            -119.724525,37.78956,0
            -119.726853,37.788757,0
            -119.728441,37.788766,0
            -119.730242,37.789307,0
            -119.731302,37.789442,0
            -119.734731,37.789059,0
            -119.735285,37.788866,0
            -119.738445,37.786821,0
            -119.740489,37.784759,0
            -119.746692,37.78199,0
            -119.747777,37.781171,0
            -119.74827,37.78053,0
            -119.74911,37.777915,0
            -119.74988,37.777069,0
            -119.752438,37.77527,0
            -119.753734,37.774781,0
            -119.754521,37.774678,0
            -119.756007,37.774819,0
            -119.756525,37.774688,0
            -119.758504,37.773149,0
            -119.76144,37.771919,0
            -119.761854,37.771617,0
            -119.762768,37.770276,0
            -119.763231,37.76991,0
            -119.763929,37.769642,0
            -119.768551,37.769916,0
            -119.7696,37.769767,0
            -119.770675,37.769286,0
            -119.77377,37.766418,0
            -119.774288,37.765553,0
            -119.774908,37.762227,0
            -119.774818,37.761841,0
            -119.774486,37.761331,0
            -119.773908,37.760934,0
            -119.771824,37.760328,0
            -119.770637,37.759396,0
            -119.769827,37.758396,0
            -119.769862,37.757737,0
            -119.771983,37.755507,0
            -119.772896,37.755273,0
            -119.774292,37.755566,0
            -119.77678,37.756482,0
            -119.777625,37.757198,0
            -119.778507,37.759134,0
            -119.779057,37.75941,0
            -119.779543,37.759419,0
            -119.785141,37.757093,0
            -119.785847,37.757061,0
            -119.786388,37.757206,0
            -119.78828,37.758585,0
            -119.788832,37.758681,0
            -119.789336,37.758566,0
            -119.790656,37.757134,0
            -119.790989,37.756949,0
            -119.791479,37.756861,0
            -119.791962,37.756932,0
            -119.793455,37.757765,0
            -119.793844,37.758238,0
            -119.79399,37.758837,0
            -119.794224,37.759172,0
            -119.794717,37.759446,0
            -119.797611,37.759661,0
            -119.798081,37.759845,0
            -119.799544,37.760915,0
            -119.800043,37.761119,0
            -119.800761,37.761214,0
            -119.801425,37.761116,0
            -119.804544,37.759286,0
            -119.804929,37.758842,0
            -119.804988,37.758642,0
            -119.804768,37.758059,0
            -119.803469,37.756951,0
            -119.802693,37.755823,0
            -119.801767,37.755068,0
            -119.797793,37.75321,0
            -119.797577,37.752495,0
            -119.798084,37.752392,0
            -119.799547,37.751669,0
            -119.801348,37.751689,0
            -119.802184,37.751412,0
            -119.802634,37.751004,0
            -119.802804,37.750629,0
            -119.802777,37.749966,0
            -119.802249,37.749056,0
            -119.802176,37.748421,0
            -119.802405,37.74798,0
            -119.80287,37.747585,0
            -119.803697,37.747299,0
            -119.804401,37.747344,0
            -119.80669,37.747966,0
            -119.807396,37.748459,0
            -119.808519,37.75084,0
            -119.810983,37.753245,0
            -119.811724,37.753628,0
            -119.812301,37.753689,0
            -119.814203,37.753272,0
            -119.815032,37.753409,0
            -119.81553,37.753714,0
            -119.816519,37.755622,0
            -119.817406,37.755951,0
            -119.817915,37.755992,0
            -119.818385,37.7559,0
            -119.820584,37.754384,0
            -119.821023,37.75355,0
            -119.821196,37.752563,0
            -119.821376,37.75229,0
            -119.82194,37.751856,0
            -119.822885,37.751658,0
            -119.82422,37.751851,0
            -119.824913,37.75215,0
            -119.825259,37.752486,0
            -119.825444,37.752874,0
            -119.825558,37.754921,0
            -119.825853,37.755592,0
            -119.82771,37.758086,0
            -119.828142,37.758325,0
            -119.831907,37.759347,0
            -119.832291,37.759656,0
            -119.833216,37.761594,0
            -119.833844,37.76219,0
            -119.834353,37.762369,0
            -119.837121,37.762481,0
            -119.83951,37.76318,0
            -119.841777,37.763176,0
            -119.850078,37.764456,0
            -119.85092,37.764276,0
            -119.851894,37.763757,0
            -119.852505,37.763588,0
            -119.853455,37.763689,0
            -119.854138,37.764123,0
            -119.854726,37.765518,0
            -119.855413,37.766095,0
            -119.856217,37.766278,0
            -119.858026,37.766109,0
            -119.858805,37.766326,0
            -119.859264,37.766616,0
            -119.861379,37.769282,0
            -119.861496,37.773769,0
            -119.861165,37.77537,0
            -119.861248,37.775764,0
            -119.861615,37.776282,0
            -119.862092,37.776562,0
            -119.864639,37.777168,0
            -119.865252,37.777556,0
            -119.86555,37.778016,0
            -119.86596,37.779523,0
            -119.866282,37.779992,0
            -119.86835,37.781054,0
            -119.868833,37.781579,0
            -119.869328,37.782614,0
            -119.869767,37.783038,0
            -119.871387,37.783876,0
            -119.874603,37.786613,0
            -119.876444,37.78872,0
            -119.876557,37.789237,0
            -119.87642,37.789779,0
            -119.876139,37.790093,0
            -119.875522,37.790447,0
            -119.87339,37.790765,0
            -119.872872,37.79117,0
            -119.872609,37.791687,0
            -119.872609,37.792169,0
            -119.872843,37.792651,0
            -119.874251,37.793964,0
            -119.874452,37.794815,0
            -119.874296,37.795971,0
            -119.874423,37.796604,0
            -119.875205,37.797964,0
            -119.875361,37.79887,0
            -119.875137,37.799764,0
            -119.872671,37.804895,0
            -119.872806,37.805759,0
            -119.87328,37.80678,0
            -119.87321,37.80746,0
            -119.872118,37.808642,0
            -119.871953,37.809547,0
            -119.872195,37.810091,0
            -119.874128,37.811529,0
            -119.87476,37.812374,0
            -119.875143,37.815104,0
            -119.875373,37.815437,0
            -119.87614,37.815895,0
            -119.876785,37.816009,0
            -119.877378,37.815962,0
            -119.878108,37.815673,0
            -119.880296,37.813933,0
            -119.881661,37.813532,0
            -119.894256,37.813248,0
            -119.895416,37.813383,0
            -119.89784,37.814139,0
            -119.898794,37.814032,0
            -119.899483,37.813617,0
            -119.899672,37.813363,0
            -119.899925,37.811659,0
            -119.900407,37.81117,0
            -119.900933,37.810916,0
            -119.901871,37.810859,0
            -119.903754,37.811505,0
            -119.904409,37.812083,0
            -119.905197,37.813453,0
            -119.906222,37.814251,0
            -119.907032,37.814517,0
            -119.908752,37.814714,0
            -119.909281,37.814918,0
            -119.910087,37.815681,0
            -119.910554,37.817085,0
            -119.911173,37.817795,0
            -119.913232,37.818903,0
            -119.913926,37.819655,0
            -119.914365,37.821385,0
            -119.91463,37.821766,0
            -119.915136,37.822103,0
            -119.915749,37.822271,0
            -119.916215,37.822271,0
            -119.917129,37.821936,0
            -119.917923,37.821155,0
            -119.918565,37.820835,0
            -119.920064,37.820476,0
            -119.920518,37.820202,0
            -119.921201,37.819002,0
            -119.921641,37.818607,0
            -119.928655,37.816366,0
            -119.929227,37.816316,0
            -119.930853,37.816571,0
            -119.931317,37.816493,0
            -119.931858,37.816239,0
            -119.932684,37.815472,0
            -119.933255,37.815213,0
            -119.934081,37.815146,0
            -119.938497,37.816364,0
            -119.938964,37.816371,0
            -119.940232,37.815991,0
            -119.940965,37.815968,0
            -119.942606,37.81648,0
            -119.944812,37.816131,0
            -119.946856,37.816095,0
            -119.948277,37.815739,0
            -119.948824,37.815758,0
            -119.949536,37.816022,0
            -119.951327,37.818431,0
            -119.951928,37.818821,0
            -119.952327,37.818924,0
            -119.953053,37.818909,0
            -119.954245,37.818448,0
            -119.95509,37.818359,0
            -119.955601,37.818474,0
            -119.955966,37.818672,0
            -119.958199,37.821161,0
            -119.959155,37.821613,0
            -119.966378,37.822637,0
            -119.967589,37.823141,0
            -119.969718,37.824501,0
            -119.971603,37.824951,0
            -119.972387,37.825318,0
            -119.974043,37.826721,0
            -119.97492,37.827168,0
            -119.97908,37.827701,0
            -119.980152,37.828038,0
            -119.982096,37.829187,0
            -119.982801,37.829409,0
            -119.983252,37.829438,0
            -119.983752,37.829334,0
            -119.984182,37.829093,0
            -119.987256,37.825288,0
            -119.987638,37.824311,0
            -119.988242,37.82384,0
            -119.988924,37.823651,0
            -119.992482,37.82367,0
            -119.993069,37.823492,0
            -119.99375,37.823014,0
            -119.994659,37.821674,0
            -119.995184,37.821279,0
            -119.995666,37.821111,0
            -119.996626,37.821084,0
            -119.997151,37.821231,0
            -119.999709,37.822872,0
            -120.000483,37.823085,0
            -120.001041,37.82308,0
            -120.002664,37.822517,0
            -120.003376,37.822454,0
            -120.004242,37.822737,0
            -120.004732,37.823166,0
            -120.005134,37.823793,0
            -120.006009,37.824374,0
            -120.010551,37.824831,0
            -120.01181,37.824465,0
            -120.013382,37.823153,0
            -120.014426,37.822809,0
            -120.016626,37.822515,0
            -120.017523,37.823059,0
            -120.018908,37.824807,0
            -120.019869,37.8252,0
            -120.020216,37.825191,0
            -120.020869,37.824977,0
            -120.021495,37.824515,0
            -120.022195,37.823373,0
            -120.022571,37.823052,0
            -120.023426,37.822705,0
            -120.025773,37.822723,0
            -120.026873,37.822414,0
            -120.028307,37.821481,0
            -120.029613,37.821093,0
            -120.032262,37.820868,0
            -120.037582,37.821862,0
            -120.038569,37.821888,0
            -120.042587,37.821092,0
            -120.045292,37.819819,0
            -120.046443,37.819672,0
            -120.049098,37.819933,0
            -120.050262,37.819816,0
            -120.060806,37.816292,0
            -120.065139,37.813973,0
            -120.066135,37.813833,0
            -120.070485,37.814557,0
            -120.07138,37.814966,0
            -120.075356,37.819121,0
            -120.076132,37.819494,0
            -120.07699,37.819653,0
            -120.079232,37.819647,0
            -120.081664,37.820332,0
            -120.082761,37.820412,0
            -120.085803,37.820095,0
            -120.086667,37.820283,0
            -120.088365,37.821084,0
            -120.088898,37.82153,0
            -120.08936,37.822335,0
            -120.089698,37.823853,0
            -120.0904,37.824814,0
            -120.091226,37.825297,0
            -120.09217,37.825518,0
            -120.095995,37.825044,0
            -120.097775,37.824503,0
            -120.099615,37.823573,0
            -120.110784,37.816232,0
            -120.118111,37.813672,0
            -120.120212,37.813494,0
            -120.121897,37.813834,0
            -120.126079,37.81611,0
            -120.129657,37.817107,0
            -120.130817,37.817781,0
            -120.132891,37.819557,0
            -120.134332,37.820144,0
            -120.149473,37.821098,0
            -120.156109,37.820609,0
            -120.157608,37.820748,0
            -120.168852,37.823321,0
            -120.172686,37.825104,0
            -120.175247,37.825695,0
            -120.178997,37.827345,0
            -120.184028,37.828784,0
            -120.185327,37.828877,0
            -120.190352,37.827994,0
            -120.193967,37.828347,0
            -120.195241,37.828851,0
            -120.203071,37.834093,0
            -120.205916,37.838081,0
            -120.206203,37.838297,0
            -120.207527,37.838836,0
            -120.208225,37.838866,0
            -120.208961,37.838719,0
            -120.209823,37.838343,0
            -120.213683,37.835764,0
            -120.215112,37.835413,0
            -120.218935,37.835626,0
            -120.220015,37.835986,0
            -120.220738,37.836546,0
            -120.221542,37.838008,0
            -120.222222,37.838723,0
            -120.223759,37.839659,0
            -120.225364,37.839976,0
            -120.22894,37.839605,0
            -120.232258,37.837983,0
            -120.236047,37.836606,0
            -120.237444,37.83653,0
            -120.241373,37.834633,0
            -120.243371,37.832642,0
            -120.244325,37.83237,0
            -120.246504,37.830836,0
            -120.247246,37.82991,0
            -120.249443,37.828436,0
            -120.252107,37.827083,0
            -120.253296,37.826007,0
            -120.256331,37.824815,0
            -120.258093,37.82335,0
            -120.261481,37.822526,0
            -120.264386,37.818801,0
            -120.266735,37.817344,0
            -120.268008,37.817124,0
            -120.268596,37.816778,0
            -120.269362,37.815044,0
            -120.270219,37.814376,0
            -120.271708,37.813948,0
            -120.271992,37.813985,0
            -120.272106,37.814069,0
            -120.272184,37.8147,0
            -120.273056,37.816585,0
            -120.272995,37.816877,0
            -120.272185,37.817683,0
            -120.272198,37.817918,0
            -120.272377,37.81805,0
            -120.273841,37.818298,0
            -120.27405,37.818402,0
            -120.274095,37.818839,0
            -120.274194,37.818979,0
            -120.274349,37.819044,0
            -120.275212,37.819028,0
            -120.275492,37.819122,0
            -120.275654,37.81928,0
            -120.275847,37.819794,0
            -120.276092,37.81997,0
            -120.276844,37.820206,0
            -120.27692,37.820444,0
            -120.276829,37.82058,0
            -120.274907,37.821538,0
            -120.274808,37.821702,0
            -120.27483,37.821924,0
            -120.274976,37.82208,0
            -120.275705,37.822237,0
            -120.276144,37.822525,0
            -120.276888,37.822553,0
            -120.277091,37.822714,0
            -120.277067,37.823619,0
            -120.277161,37.82374,0
            -120.278228,37.823927,0
            -120.278522,37.82414,0
            -120.278762,37.82474,0
            -120.278969,37.824856,0
            -120.279275,37.824775,0
            -120.27979,37.824164,0
            -120.279875,37.823903,0
            -120.279803,37.823336,0
            -120.279866,37.823175,0
            -120.280071,37.823075,0
            -120.282066,37.8234,0
            -120.282209,37.823491,0
            -120.28258,37.82411,0
            -120.284281,37.824794,0
            -120.2845,37.824808,0
            -120.284731,37.824675,0
            -120.284724,37.824402,0
            -120.283576,37.823619,0
            -120.283521,37.822392,0
            -120.282749,37.821605,0
            -120.282772,37.821461,0
            -120.282865,37.821374,0
            -120.283633,37.821171,0
            -120.284087,37.821282,0
            -120.284991,37.821803,0
            -120.286634,37.821195,0
            -120.287654,37.821522,0
            -120.287852,37.821503,0
            -120.288286,37.821183,0
            -120.288835,37.821113,0
            -120.28981,37.82012,0
            -120.289779,37.819672,0
            -120.289879,37.819549,0
            -120.290068,37.819483,0
            -120.291055,37.819557,0
            -120.291308,37.819677,0
            -120.291394,37.819907,0
            -120.291199,37.820278,0
            -120.291251,37.820994,0
            -120.291355,37.821117,0
            -120.291982,37.821325,0
            -120.292835,37.820887,0
            -120.293541,37.820725,0
            -120.293882,37.820176,0
            -120.293731,37.819664,0
            -120.293952,37.819337,0
            -120.295402,37.818475,0
            -120.295721,37.818507,0
            -120.2959,37.818739,0
            -120.295878,37.819301,0
            -120.296144,37.819984,0
            -120.296313,37.820078,0
            -120.29648,37.820083,0
            -120.297137,37.819676,0
            -120.298038,37.819564,0
            -120.298253,37.819654,0
            -120.298983,37.820648,0
            -120.299157,37.820669,0
            -120.299777,37.820508,0
            -120.300933,37.819883,0
            -120.302681,37.819964,0
            -120.303643,37.819228,0
            -120.303932,37.819175,0
            -120.304541,37.819393,0
            -120.305182,37.819902,0
            -120.306843,37.820103,0
            -120.307261,37.819921,0
            -120.307439,37.819601,0
            -120.307343,37.819256,0
            -120.307085,37.819069,0
            -120.306867,37.819012,0
            -120.30563,37.819109,0
            -120.305171,37.819017,0
            -120.303596,37.818077,0
            -120.301322,37.817946,0
            -120.300804,37.81769,0
            -120.300211,37.81711,0
            -120.299878,37.81695,0
            -120.29782,37.816576,0
            -120.297587,37.816302,0
            -120.297574,37.816058,0
            -120.298905,37.814578,0
            -120.299567,37.814176,0
            -120.300174,37.813978,0
            -120.304257,37.813647,0
            -120.313189,37.81493,0
            -120.3154,37.81551,0
            -120.348806,37.830938,0
            -120.353131,37.831542,0
            -120.354785,37.832045,0
            -120.359163,37.834061,0
            -120.363025,37.837184,0
            -120.367651,37.839438,0
            -120.368769,37.839793,0
            -120.370299,37.84002,0
            -120.371795,37.83997,0
            -120.375937,37.838993,0
            -120.377814,37.839228,0
            -120.379132,37.839925,0
            -120.379704,37.84047,0
            -120.381068,37.843162,0
            -120.389101,37.848868,0
            -120.393192,37.850306,0
            -120.394268,37.85051,0
            -120.39997,37.850134,0
            -120.409316,37.85106,0
            -120.41261,37.852144,0
            -120.424643,37.861109,0
            -120.431437,37.868945,0
            -120.431536,37.869476,0
            -120.431158,37.871019,0
            -120.431292,37.871767,0
            -120.431591,37.87226,0
            -120.434181,37.87445,0
            -120.437676,37.875738,0
            -120.445338,37.87757,0
            -120.448553,37.877676,0
            -120.456038,37.880046,0
            -120.456412,37.880063,0
            -120.456925,37.879872,0
            -120.459056,37.878208,0
            -120.459441,37.878045,0
            -120.459983,37.878002,0
            -120.460555,37.878162,0
            -120.46305,37.879448,0
            -120.477879,37.88139,0
            -120.479388,37.882091,0
            -120.485199,37.886643,0
            -120.488262,37.8912,0
            -120.495497,37.888152,0
            -120.501601,37.883499,0
            -120.504851,37.88171,0
            -120.505558,37.881057,0
            -120.50604,37.880334,0
            -120.511276,37.866985,0
            -120.511647,37.865385,0
            -120.511979,37.85874,0
            -120.511688,37.857509,0
            -120.506864,37.846733,0
            -120.506732,37.846007,0
            -120.506958,37.844734,0
            -120.508044,37.843333,0
            -120.509486,37.842579,0
            -120.515318,37.841053,0
            -120.517266,37.840971,0
            -120.533705,37.843776,0
            -120.541633,37.843427,0
            -120.543394,37.843689,0
            -120.55197,37.846302,0
            -120.556241,37.847119,0
            -120.569567,37.847624,0
            -120.589037,37.850693,0
            -120.592661,37.850754,0
            -120.596363,37.850028,0
            -120.604039,37.847244,0
            -120.607765,37.846729,0
            -120.610595,37.846789,0
            -120.611774,37.846563,0
            -120.618696,37.844214,0
            -120.624707,37.840793,0
            -120.626092,37.839168,0
            -120.62875,37.833522,0
            -120.629269,37.83285,0
            -120.63372,37.829495,0
            -120.639726,37.823811,0
            -120.641392,37.822719,0
            -120.642635,37.822168,0
            -120.648452,37.820869,0
            -120.650147,37.820161,0
            -120.654218,37.81634,0
            -120.656475,37.8148,0
            -120.660685,37.812851,0
            -120.667075,37.807882,0
            -120.674415,37.80384,0
            -120.675583,37.803424,0
            -120.676736,37.803252,0
            -120.678386,37.803362,0
            -120.679333,37.803625,0
            -120.684656,37.806339,0
            -120.685727,37.806679,0
            -120.689918,37.806896,0
            -120.693271,37.80772,0
            -120.695238,37.807612,0
            -120.696438,37.807288,0
            -120.701128,37.805265,0
            -120.704464,37.804522,0
            -120.706334,37.804588,0
            -120.708222,37.805208,0
            -120.709808,37.806186,0
            -120.7107,37.806503,0
            -120.712472,37.806772,0
            -120.713339,37.806746,0
            -120.714268,37.806496,0
            -120.714946,37.806141,0
            -120.718632,37.803079,0
            -120.724194,37.795885,0
            -120.725442,37.792256,0
            -120.726038,37.791248,0
            -120.728607,37.788218,0
            -120.729154,37.787844,0
            -120.77402,37.776902,0
            -120.776231,37.776594,0
            -120.816339,37.776238,0
            -120.827024,37.774265,0
            -120.840136,37.76911,0
            -120.843501,37.768102,0
            -120.847029,37.766637,0
            -120.851222,37.772908,0
            -120.851415,37.773728,0
            -120.855407,37.781226,0
            -120.856012,37.781988,0
            -120.864951,37.789376,0
            -120.867143,37.790478,0
            -120.868507,37.79089,0
            -120.870735,37.791211,0
            -120.889742,37.791542,0
            -120.903901,37.792947,0
            -120.989107,37.794285,0
            -120.989605,37.794467,0
            -120.992222,37.79646,0
            -120.992592,37.796608,0
            -120.995309,37.796723,0
            -120.997443,37.797766,0
            -120.997482,37.797846,0
            -120.998311,37.798409,0
            -120.999289,37.798604,0
            -120.999427,37.798553,0
            -121.189775,37.797548,0
            -121.189943,37.797612,0
            -121.191968,37.797601,0
            -121.19074,37.794624,0
            -121.190622,37.794542,0
            -121.189686,37.790891,0
            -121.189365,37.786273,0
            -121.189904,37.785056,0
            -121.190482,37.78447,0
            -121.191476,37.78389,0
            -121.192437,37.78361,0
            -121.261987,37.78335,0
            -121.264989,37.783684,0
            -121.289569,37.790074,0
            -121.294385,37.790398,0
            -121.297366,37.789977,0
            -121.302468,37.788561,0
            -121.311637,37.782152,0
            -121.311669,37.782012,0
            -121.328432,37.76981,0
            -121.328631,37.769791,0
            -121.33211,37.767825,0
            -121.33501,37.767026,0
            -121.354193,37.76514,0
            -121.410973,37.764899,0
            -121.42242,37.763254,0
            -121.438276,37.76305,0
            -121.441983,37.76258,0
            -121.444504,37.761866,0
            -121.492965,37.742055,0
            -121.495455,37.741279,0
            -121.498127,37.740809,0
            -121.501215,37.740658,0
            -121.550738,37.743662,0
            -121.579342,37.741541,0
            -121.599084,37.738501,0
            -121.610062,37.737716,0
            -121.628216,37.734588,0
            -121.630965,37.733564,0
            -121.63286,37.732146,0
            -121.634826,37.729559,0
            -121.636119,37.72831,0
            -121.638175,37.7271,0
            -121.640203,37.726446,0
            -121.645098,37.725851,0
            -121.647068,37.725274,0
            -121.660261,37.719516,0
            -121.664762,37.718243,0
            -121.666691,37.71804,0
            -121.669219,37.718349,0
            -121.671238,37.719098,0
            -121.673791,37.720723,0
            -121.675344,37.721325,0
            -121.68028,37.721946,0
            -121.68252,37.721824,0
            -121.704253,37.717367,0
            -121.73668,37.703739,0
            -121.73985,37.7028,0
            -121.742403,37.702493,0
            -121.760896,37.703004,0
            -121.775368,37.700744,0
            -121.787043,37.699679,0
            -121.789294,37.699815,0
            -121.79458,37.700871,0
            -121.918667,37.702049,0
            -121.920471,37.701849,0
            -121.920982,37.701918,0
            -121.922782,37.702711,0
            -121.94956,37.735799,0
            -121.970059,37.767337,0
            -121.98443,37.795324,0
            -121.988246,37.800838,0
            -121.992771,37.811403,0
            -121.993245,37.813768,0
            -121.993221,37.821773,0
            -121.993765,37.823519,0
            -121.994908,37.825363,0
            -121.996086,37.826561,0
            -122.019285,37.84122,0
            -122.026317,37.846496,0
            -122.027724,37.848012,0
            -122.028543,37.849876,0
            -122.0293,37.854994,0
            -122.033442,37.861751,0
            -122.037343,37.864966,0
            -122.04437,37.874346,0
            -122.048043,37.878021,0
            -122.050474,37.88134,0
            -122.05547,37.886088,0
            -122.057262,37.888728,0
            -122.058267,37.889735,0
            -122.069187,37.895024,0
            -122.070169,37.895799,0
            -122.070567,37.89633,0
            -122.070937,37.897664,0
            -122.068782,37.907692,0
            -122.066358,37.914334,0
            -122.065412,37.915825,0
            -122.063258,37.918204,0
            -122.061036,37.923211,0
            -122.060187,37.929483,0
            -122.060145,37.937135,0
            -122.05998,37.937244,0
            -122.059447,37.940147,0
            -122.05974,37.940835,0
            -122.06039,37.941307,0
            -122.060085,37.955166,0
            -122.060611,37.9573,0
            -122.060094,37.957378,0
            -122.060308,37.958051,0
          </coordinates>
        </LineString>
      </Placemark>
      <Placemark>
        <name>Oyama BBQ</name>
        <description><![CDATA[description: Barbecue from 2021-09-13T01:05:34.999Z to 2021-09-13T02:41:23.137Z. Distance 0m<br>Email: syugen.zhou@gmail.com<br>Category: Barbecue<br>Distance: 0]]></description>
        <styleUrl>#icon-1739-0288D1</styleUrl>
        <ExtendedData>
          <Data name="description">
            <value>Barbecue from 2021-09-13T01:05:34.999Z to 2021-09-13T02:41:23.137Z. Distance 0m</value>
          </Data>
          <Data name="Email">
            <value>syugen.zhou@gmail.com</value>
          </Data>
          <Data name="Category">
            <value>Barbecue</value>
          </Data>
          <Data name="Distance">
            <value>0</value>
          </Data>
        </ExtendedData>
        <Point>
          <coordinates>
            -122.060547,37.958101,0
          </coordinates>
        </Point>
      </Placemark>
      <Placemark>
        <name>Driving</name>
        <description><![CDATA[description: Driving from 2021-09-13T02:41:23.137Z to 2021-09-13T03:31:33.170Z. Distance 53593m<br>Email: syugen.zhou@gmail.com<br>Category: Driving<br>Distance: 53593]]></description>
        <styleUrl>#line-F9A825-5000</styleUrl>
        <ExtendedData>
          <Data name="description">
            <value>Driving from 2021-09-13T02:41:23.137Z to 2021-09-13T03:31:33.170Z. Distance 53593m</value>
          </Data>
          <Data name="Email">
            <value>syugen.zhou@gmail.com</value>
          </Data>
          <Data name="Category">
            <value>Driving</value>
          </Data>
          <Data name="Distance">
            <value>53593</value>
          </Data>
        </ExtendedData>
        <LineString>
          <tessellate>1</tessellate>
          <coordinates>
            -122.060312,37.958076,0
            -122.060304,37.958111,0
            -122.060265,37.958134,0
            -122.06007,37.958148,0
            -122.060155,37.958472,0
            -122.060118,37.958578,0
            -122.060906,37.958435,0
            -122.061646,37.961985,0
            -122.061546,37.962324,0
            -122.061288,37.96255,0
            -122.06127,37.962616,0
            -122.056795,37.965584,0
            -122.056483,37.965641,0
            -122.056322,37.965604,0
            -122.056237,37.965539,0
            -122.05475,37.963447,0
            -122.054608,37.963414,0
            -122.0528,37.959839,0
            -122.052625,37.959032,0
            -122.052625,37.958103,0
            -122.052835,37.957235,0
            -122.055042,37.952655,0
            -122.055134,37.95255,0
            -122.060019,37.941431,0
            -122.060474,37.939081,0
            -122.060386,37.930713,0
            -122.061001,37.924554,0
            -122.061954,37.921495,0
            -122.063225,37.918758,0
            -122.063678,37.918099,0
            -122.065808,37.91583,0
            -122.066392,37.914967,0
            -122.067866,37.911078,0
            -122.06801,37.91092,0
            -122.070042,37.905305,0
            -122.071395,37.898891,0
            -122.07164,37.898329,0
            -122.072039,37.897757,0
            -122.072729,37.897118,0
            -122.07341,37.896724,0
            -122.074366,37.896355,0
            -122.074982,37.896225,0
            -122.075898,37.896169,0
            -122.076973,37.896295,0
            -122.079665,37.897027,0
            -122.079784,37.897098,0
            -122.083874,37.898099,0
            -122.086259,37.898234,0
            -122.097405,37.89789,0
            -122.099424,37.897698,0
            -122.122063,37.894005,0
            -122.13456,37.891001,0
            -122.13622,37.890829,0
            -122.137347,37.890864,0
            -122.141833,37.891587,0
            -122.143898,37.891633,0
            -122.147728,37.891375,0
            -122.149119,37.891435,0
            -122.16091,37.893108,0
            -122.163265,37.893174,0
            -122.165168,37.893073,0
            -122.168538,37.892556,0
            -122.170452,37.892051,0
            -122.17303,37.891077,0
            -122.174711,37.890151,0
            -122.176025,37.889188,0
            -122.177606,37.887589,0
            -122.181068,37.882331,0
            -122.182196,37.881186,0
            -122.186134,37.878041,0
            -122.187347,37.876464,0
            -122.188805,37.873704,0
            -122.18944,37.872956,0
            -122.195355,37.86843,0
            -122.196735,37.867776,0
            -122.197702,37.86753,0
            -122.198472,37.867434,0
            -122.201582,37.867405,0
            -122.202739,37.867273,0
            -122.203933,37.867016,0
            -122.207168,37.866016,0
            -122.208142,37.865436,0
            -122.20864,37.864947,0
            -122.2091,37.864204,0
            -122.20947,37.862834,0
            -122.210074,37.861579,0
            -122.210723,37.860726,0
            -122.215652,37.856325,0
            -122.216864,37.855531,0
            -122.218115,37.85497,0
            -122.220248,37.854293,0
            -122.220372,37.854285,0
            -122.221173,37.853892,0
            -122.221966,37.853234,0
            -122.222323,37.852755,0
            -122.223155,37.850706,0
            -122.223503,37.850156,0
            -122.224282,37.849444,0
            -122.224905,37.849109,0
            -122.226057,37.848787,0
            -122.226933,37.848732,0
            -122.230606,37.849123,0
            -122.234101,37.848841,0
            -122.234942,37.84887,0
            -122.235501,37.848973,0
            -122.237801,37.849917,0
            -122.238924,37.850118,0
            -122.239919,37.850093,0
            -122.240578,37.849961,0
            -122.242203,37.84933,0
            -122.246997,37.84671,0
            -122.255569,37.843344,0
            -122.262669,37.841008,0
            -122.263666,37.840413,0
            -122.264186,37.839986,0
            -122.264989,37.839032,0
            -122.26546,37.838186,0
            -122.267605,37.827953,0
            -122.270216,37.818242,0
            -122.271306,37.815086,0
            -122.271858,37.814202,0
            -122.272384,37.813587,0
            -122.274959,37.811266,0
            -122.277384,37.807972,0
            -122.28009,37.803576,0
            -122.280337,37.802769,0
            -122.280234,37.801623,0
            -122.27987,37.800872,0
            -122.27959,37.800498,0
            -122.279109,37.800053,0
            -122.278398,37.799604,0
            -122.272702,37.797464,0
            -122.272554,37.797499,0
            -122.265989,37.794858,0
            -122.265085,37.794315,0
            -122.261277,37.791144,0
            -122.260523,37.79067,0
            -122.259425,37.79017,0
            -122.25853,37.789905,0
            -122.253707,37.789076,0
            -122.249651,37.787962,0
            -122.245998,37.786513,0
            -122.241445,37.784079,0
            -122.240174,37.783219,0
            -122.239637,37.782716,0
            -122.239065,37.781907,0
            -122.237779,37.778585,0
            -122.237326,37.777835,0
            -122.236567,37.776933,0
            -122.235253,37.775866,0
            -122.23413,37.775245,0
            -122.224961,37.77212,0
            -122.223878,37.771636,0
            -122.222536,37.770719,0
            -122.221797,37.769964,0
            -122.218577,37.765719,0
            -122.182829,37.724962,0
            -122.171639,37.713918,0
            -122.129261,37.68454,0
            -122.112737,37.673041,0
            -122.111517,37.671927,0
            -122.110875,37.671186,0
            -122.096761,37.648713,0
            -122.09678,37.648544,0
            -122.095622,37.646652,0
            -122.094828,37.644976,0
            -122.094703,37.644022,0
            -122.094817,37.643465,0
            -122.095465,37.64217,0
            -122.095431,37.642072,0
            -122.097683,37.638251,0
            -122.098607,37.637283,0
            -122.099342,37.636746,0
            -122.100555,37.636129,0
            -122.109307,37.632748,0
            -122.112777,37.631078,0
            -122.149754,37.618689,0
            -122.151758,37.618248,0
            -122.153971,37.617579,0
            -122.155176,37.617066,0
            -122.243006,37.590785,0
            -122.244056,37.590245,0
            -122.245004,37.589582,0
            -122.272875,37.564271,0
            -122.27499,37.562734,0
            -122.283287,37.557541,0
            -122.285422,37.556423,0
            -122.287967,37.555363,0
            -122.291293,37.554257,0
            -122.300012,37.552774,0
            -122.308005,37.552522,0
            -122.308955,37.552246,0
            -122.309824,37.551762,0
            -122.309941,37.551761,0
            -122.310772,37.551317,0
            -122.311088,37.551238,0
            -122.312059,37.551367,0
            -122.312226,37.551316,0
            -122.312769,37.550888,0
            -122.310237,37.548567,0
          </coordinates>
        </LineString>
      </Placemark>
      <Placemark>
        <name>430 Station Park Cir</name>
        <description><![CDATA[description: from 2021-09-13T03:31:33.170Z to 2021-09-14T01:06:51.578Z. Distance 0m<br>Email: syugen.zhou@gmail.com<br>Category: <br>Distance: 0]]></description>
        <styleUrl>#icon-1739-0288D1</styleUrl>
        <ExtendedData>
          <Data name="description">
            <value>from 2021-09-13T03:31:33.170Z to 2021-09-14T01:06:51.578Z. Distance 0m</value>
          </Data>
          <Data name="Email">
            <value>syugen.zhou@gmail.com</value>
          </Data>
          <Data name="Category">
            <value/>
          </Data>
          <Data name="Distance">
            <value>0</value>
          </Data>
        </ExtendedData>
        <Point>
          <coordinates>
            -122.307404,37.554308,0
          </coordinates>
        </Point>
      </Placemark>
    </Folder>
    <Folder>
      <name>2021-09-11</name>
      <Placemark>
        <name>430 Station Park Cir</name>
        <description><![CDATA[description: from 2021-09-11T01:34:24.717Z to 2021-09-11T16:28:20.329Z. Distance 0m<br>Email: syugen.zhou@gmail.com<br>Category: <br>Distance: 0]]></description>
        <styleUrl>#icon-1739-0288D1</styleUrl>
        <ExtendedData>
          <Data name="description">
            <value>from 2021-09-11T01:34:24.717Z to 2021-09-11T16:28:20.329Z. Distance 0m</value>
          </Data>
          <Data name="Email">
            <value>syugen.zhou@gmail.com</value>
          </Data>
          <Data name="Category">
            <value/>
          </Data>
          <Data name="Distance">
            <value>0</value>
          </Data>
        </ExtendedData>
        <Point>
          <coordinates>
            -122.307404,37.554308,0
          </coordinates>
        </Point>
      </Placemark>
      <Placemark>
        <name>Driving</name>
        <description><![CDATA[description: Driving from 2021-09-11T16:28:20.329Z to 2021-09-11T16:36:14.080Z. Distance 2307m<br>Email: syugen.zhou@gmail.com<br>Category: Driving<br>Distance: 2307]]></description>
        <styleUrl>#line-A52714-5000</styleUrl>
        <ExtendedData>
          <Data name="description">
            <value>Driving from 2021-09-11T16:28:20.329Z to 2021-09-11T16:36:14.080Z. Distance 2307m</value>
          </Data>
          <Data name="Email">
            <value>syugen.zhou@gmail.com</value>
          </Data>
          <Data name="Category">
            <value>Driving</value>
          </Data>
          <Data name="Distance">
            <value>2307</value>
          </Data>
        </ExtendedData>
        <LineString>
          <tessellate>1</tessellate>
          <coordinates>
            -122.307471,37.554036,0
            -122.307238,37.553814,0
            -122.30722,37.553684,0
            -122.307136,37.553734,0
            -122.306765,37.553946,0
            -122.306568,37.554062,0
            -122.306116,37.554328,0
            -122.306605,37.554801,0
            -122.306744,37.554928,0
            -122.307075,37.555251,0
            -122.307163,37.555332,0
            -122.307452,37.555592,0
            -122.307683,37.555801,0
            -122.30782,37.55592,0
            -122.307963,37.556057,0
            -122.30811,37.55619,0
            -122.308349,37.556408,0
            -122.30861,37.556648,0
            -122.308669,37.556703,0
            -122.308816,37.556839,0
            -122.308925,37.556939,0
            -122.309018,37.557025,0
            -122.309358,37.557342,0
            -122.309576,37.557539,0
            -122.309666,37.557621,0
            -122.309718,37.557667,0
            -122.309825,37.557764,0
            -122.310711,37.558585,0
            -122.311698,37.559483,0
            -122.312208,37.559952,0
            -122.312733,37.560433,0
            -122.313355,37.561,0
            -122.314012,37.561599,0
            -122.31437,37.561926,0
            -122.314384,37.561939,0
            -122.315723,37.563173,0
            -122.317137,37.564469,0
            -122.317475,37.564784,0
            -122.318564,37.565772,0
            -122.318857,37.566038,0
            -122.318966,37.566137,0
            -122.319205,37.566367,0
            -122.319536,37.566678,0
            -122.319821,37.566938,0
            -122.320055,37.567145,0
            -122.320506,37.567558,0
            -122.320877,37.567898,0
            -122.321742,37.568677,0
            -122.322491,37.568133,0
            -122.323193,37.567668,0
            -122.323279,37.56761,0
            -122.323325,37.56758,0
            -122.323371,37.567547,0
            -122.323546,37.567425,0
            -122.323685,37.567333,0
            -122.323971,37.567134,0
          </coordinates>
        </LineString>
      </Placemark>
      <Placemark>
        <name>Philz Coffee</name>
        <description><![CDATA[description: Coffee shop from 2021-09-11T16:36:14.080Z to 2021-09-11T16:50:12.133Z. Distance 0m<br>Email: syugen.zhou@gmail.com<br>Category: Coffee shop<br>Distance: 0]]></description>
        <styleUrl>#icon-1739-0288D1</styleUrl>
        <ExtendedData>
          <Data name="description">
            <value>Coffee shop from 2021-09-11T16:36:14.080Z to 2021-09-11T16:50:12.133Z. Distance 0m</value>
          </Data>
          <Data name="Email">
            <value>syugen.zhou@gmail.com</value>
          </Data>
          <Data name="Category">
            <value>Coffee shop</value>
          </Data>
          <Data name="Distance">
            <value>0</value>
          </Data>
        </ExtendedData>
        <Point>
          <coordinates>
            -122.323718,37.566939,0
          </coordinates>
        </Point>
      </Placemark>
      <Placemark>
        <name>Driving</name>
        <description><![CDATA[description: Driving from 2021-09-11T16:50:12.133Z to 2021-09-11T20:51:31.999Z. Distance 264675m<br>Email: syugen.zhou@gmail.com<br>Category: Driving<br>Distance: 264675]]></description>
        <styleUrl>#line-A52714-5000</styleUrl>
        <ExtendedData>
          <Data name="description">
            <value>Driving from 2021-09-11T16:50:12.133Z to 2021-09-11T20:51:31.999Z. Distance 264675m</value>
          </Data>
          <Data name="Email">
            <value>syugen.zhou@gmail.com</value>
          </Data>
          <Data name="Category">
            <value>Driving</value>
          </Data>
          <Data name="Distance">
            <value>264675</value>
          </Data>
        </ExtendedData>
        <LineString>
          <tessellate>1</tessellate>
          <coordinates>
            -122.323965,37.567769,0
            -122.324248,37.568001,0
            -122.324732,37.567695,0
            -122.324095,37.567048,0
            -122.321742,37.568677,0
            -122.320877,37.567898,0
            -122.319141,37.569111,0
            -122.317481,37.567573,0
            -122.31456,37.569544,0
            -122.313537,37.569697,0
            -122.313242,37.569655,0
            -122.31238,37.569073,0
            -122.312235,37.569066,0
            -122.301358,37.558824,0
            -122.301379,37.558658,0
            -122.297811,37.554544,0
            -122.297119,37.554063,0
            -122.293975,37.553227,0
            -122.293224,37.553279,0
            -122.288064,37.555053,0
            -122.285,37.556401,0
            -122.273602,37.563485,0
            -122.244038,37.590128,0
            -122.242506,37.590871,0
            -122.152421,37.617518,0
            -122.112428,37.631,0
            -122.104233,37.634622,0
            -122.104055,37.634614,0
            -122.100311,37.635929,0
            -122.099039,37.636613,0
            -122.098065,37.637405,0
            -122.097313,37.638307,0
            -122.095023,37.642065,0
            -122.093604,37.643164,0
            -122.093193,37.643804,0
            -122.093085,37.644377,0
            -122.093232,37.645064,0
            -122.093501,37.645494,0
            -122.095416,37.647356,0
            -122.095542,37.6474,0
            -122.110654,37.67134,0
            -122.111782,37.672559,0
            -122.130508,37.68564,0
            -122.130522,37.685789,0
            -122.133517,37.688127,0
            -122.133769,37.688451,0
            -122.133928,37.689041,0
            -122.133659,37.689802,0
            -122.133211,37.690197,0
            -122.132757,37.690403,0
            -122.130908,37.69073,0
            -122.129639,37.690788,0
            -122.126577,37.690579,0
            -122.113284,37.688491,0
            -122.110241,37.688501,0
            -122.089897,37.690484,0
            -122.072995,37.690573,0
            -122.069001,37.690886,0
            -122.059255,37.693418,0
            -122.057019,37.693605,0
            -122.052369,37.693226,0
            -122.049349,37.693513,0
            -122.04719,37.694181,0
            -122.044845,37.695498,0
            -122.040498,37.699434,0
            -122.039123,37.700401,0
            -122.036917,37.701382,0
            -122.034954,37.701846,0
            -122.033176,37.701992,0
            -122.03124,37.701863,0
            -122.02749,37.700951,0
            -122.025196,37.700671,0
            -122.022543,37.700836,0
            -122.016183,37.702648,0
            -122.001491,37.70336,0
            -121.99763,37.703021,0
            -121.994045,37.702088,0
            -121.988937,37.699987,0
            -121.98787,37.699696,0
            -121.973342,37.697427,0
            -121.96929,37.697064,0
            -121.966079,37.697109,0
            -121.957546,37.69826,0
            -121.935635,37.698136,0
            -121.933804,37.698313,0
            -121.91825,37.701663,0
            -121.793998,37.700555,0
            -121.789513,37.699594,0
            -121.787986,37.699433,0
            -121.77575,37.700449,0
            -121.760904,37.702725,0
            -121.74349,37.702233,0
            -121.73921,37.702717,0
            -121.736596,37.703511,0
            -121.706729,37.716155,0
            -121.704088,37.716965,0
            -121.681946,37.721682,0
            -121.680353,37.721742,0
            -121.676425,37.721331,0
            -121.674714,37.720876,0
            -121.67135,37.71892,0
            -121.668972,37.718073,0
            -121.667102,37.717841,0
            -121.665779,37.71788,0
            -121.664284,37.718124,0
            -121.6366,37.726899,0
            -121.634738,37.728008,0
            -121.631378,37.731609,0
            -121.628906,37.733078,0
            -121.627646,37.733471,0
            -121.612176,37.734653,0
            -121.607975,37.735437,0
            -121.601321,37.737272,0
            -121.579226,37.741299,0
            -121.549275,37.743515,0
            -121.500271,37.740451,0
            -121.497505,37.740618,0
            -121.4941,37.741373,0
            -121.443471,37.761925,0
            -121.441635,37.762384,0
            -121.43866,37.762771,0
            -121.424447,37.76283,0
            -121.409783,37.764705,0
            -121.354504,37.764862,0
            -121.33119,37.767176,0
            -121.329626,37.767602,0
            -121.328122,37.76823,0
            -121.326469,37.769266,0
            -121.325302,37.770327,0
            -121.322788,37.773337,0
            -121.319765,37.775692,0
            -121.319646,37.775881,0
            -121.305997,37.785305,0
            -121.305794,37.785305,0
            -121.299923,37.788534,0
            -121.297959,37.789298,0
            -121.294735,37.789961,0
            -121.293226,37.790052,0
            -121.290566,37.789904,0
            -121.264826,37.783329,0
            -121.261521,37.783021,0
            -121.193157,37.78322,0
            -121.191901,37.783478,0
            -121.191227,37.783768,0
            -121.189492,37.784961,0
            -121.188406,37.785306,0
            -121.187165,37.785273,0
            -121.186414,37.785036,0
            -121.185605,37.784503,0
            -121.184998,37.783531,0
            -121.184935,37.78282,0
            -121.185159,37.782373,0
            -121.185667,37.782063,0
            -121.186094,37.782003,0
            -121.186514,37.78206,0
            -121.187011,37.782338,0
            -121.187213,37.782599,0
            -121.187725,37.784294,0
            -121.187834,37.784401,0
            -121.190451,37.794667,0
            -121.19058,37.797419,0
            -121.189893,37.797466,0
            -121.189775,37.797548,0
            -121.000116,37.798517,0
            -121.000015,37.798564,0
            -120.998712,37.798456,0
            -120.998376,37.79833,0
            -120.997568,37.797782,0
            -120.995308,37.796722,0
            -120.992592,37.796608,0
            -120.992222,37.79646,0
            -120.989605,37.794467,0
            -120.989107,37.794285,0
            -120.903901,37.792947,0
            -120.889742,37.791542,0
            -120.870735,37.791211,0
            -120.868507,37.79089,0
            -120.867142,37.790478,0
            -120.864951,37.789376,0
            -120.856012,37.781988,0
            -120.855407,37.781226,0
            -120.851415,37.773728,0
            -120.851222,37.772908,0
            -120.847029,37.766637,0
            -120.843501,37.768102,0
            -120.840136,37.76911,0
            -120.827023,37.774265,0
            -120.816338,37.776238,0
            -120.776231,37.776594,0
            -120.77402,37.776902,0
            -120.729729,37.787612,0
            -120.729154,37.787844,0
            -120.728607,37.788218,0
            -120.726038,37.791248,0
            -120.725442,37.792256,0
            -120.725062,37.793804,0
            -120.724193,37.795884,0
            -120.718632,37.803079,0
            -120.714946,37.806141,0
            -120.714268,37.806496,0
            -120.713339,37.806746,0
            -120.712472,37.806772,0
            -120.7107,37.806502,0
            -120.709808,37.806186,0
            -120.708222,37.805208,0
            -120.706334,37.804588,0
            -120.704464,37.804522,0
            -120.701128,37.805265,0
            -120.696438,37.807288,0
            -120.695238,37.807612,0
            -120.693271,37.80772,0
            -120.691898,37.807497,0
            -120.689918,37.806896,0
            -120.685727,37.806679,0
            -120.684656,37.806339,0
            -120.679333,37.803625,0
            -120.678386,37.803362,0
            -120.676736,37.803252,0
            -120.675583,37.803424,0
            -120.674415,37.80384,0
            -120.667075,37.807882,0
            -120.660685,37.812851,0
            -120.656475,37.8148,0
            -120.654218,37.81634,0
            -120.650753,37.819738,0
            -120.650147,37.820161,0
            -120.648452,37.820868,0
            -120.642488,37.82218,0
            -120.639923,37.823322,0
            -120.638247,37.824456,0
            -120.629342,37.831904,0
            -120.627827,37.833661,0
            -120.625468,37.838495,0
            -120.623696,37.840392,0
            -120.616488,37.844142,0
            -120.613623,37.845172,0
            -120.609393,37.846016,0
            -120.605707,37.846128,0
            -120.602311,37.846817,0
            -120.596832,37.849201,0
            -120.594583,37.849866,0
            -120.589163,37.849913,0
            -120.585847,37.84919,0
            -120.582579,37.849038,0
            -120.579971,37.848021,0
            -120.577697,37.847427,0
            -120.575095,37.847167,0
            -120.571718,37.847236,0
            -120.563441,37.846355,0
            -120.554744,37.846103,0
            -120.551064,37.845567,0
            -120.543215,37.843315,0
            -120.539872,37.843025,0
            -120.534453,37.843451,0
            -120.528511,37.842972,0
            -120.517265,37.840971,0
            -120.515318,37.841053,0
            -120.509486,37.842579,0
            -120.508044,37.843333,0
            -120.507497,37.843877,0
            -120.506958,37.844734,0
            -120.506732,37.846007,0
            -120.506864,37.846733,0
            -120.511688,37.857509,0
            -120.511979,37.85874,0
            -120.511647,37.865384,0
            -120.511276,37.866985,0
            -120.50604,37.880334,0
            -120.505558,37.881057,0
            -120.504851,37.88171,0
            -120.501601,37.883499,0
            -120.496582,37.887492,0
            -120.495497,37.888152,0
            -120.488262,37.8912,0
            -120.485199,37.886643,0
            -120.479388,37.882091,0
            -120.477879,37.881389,0
            -120.46305,37.879448,0
            -120.460555,37.878162,0
            -120.459983,37.878002,0
            -120.459441,37.878045,0
            -120.459055,37.878208,0
            -120.456925,37.879872,0
            -120.456412,37.880063,0
            -120.456037,37.880046,0
            -120.448553,37.877676,0
            -120.445338,37.87757,0
            -120.437676,37.875738,0
            -120.434181,37.87445,0
            -120.431591,37.87226,0
            -120.431292,37.871767,0
            -120.431158,37.871019,0
            -120.431536,37.869476,0
            -120.431437,37.868945,0
            -120.424643,37.861109,0
            -120.413814,37.85285,0
            -120.41261,37.852143,0
            -120.410395,37.851303,0
            -120.409316,37.85106,0
            -120.399969,37.850134,0
            -120.394268,37.85051,0
            -120.393192,37.850306,0
            -120.389101,37.848868,0
            -120.381068,37.843161,0
            -120.379704,37.84047,0
            -120.379132,37.839925,0
            -120.377814,37.839228,0
            -120.376785,37.839013,0
            -120.375937,37.838993,0
            -120.371795,37.83997,0
            -120.370299,37.84002,0
            -120.368769,37.839793,0
            -120.367651,37.839437,0
            -120.363025,37.837184,0
            -120.359163,37.834061,0
            -120.354785,37.832045,0
            -120.353131,37.831542,0
            -120.348806,37.830938,0
            -120.3154,37.81551,0
            -120.313188,37.81493,0
            -120.310147,37.814661,0
            -120.305328,37.813713,0
            -120.304257,37.813647,0
            -120.300174,37.813977,0
            -120.299567,37.814176,0
            -120.298905,37.814578,0
            -120.297574,37.816058,0
            -120.297587,37.816302,0
            -120.29782,37.816576,0
            -120.299878,37.816949,0
            -120.300211,37.81711,0
            -120.300803,37.81769,0
            -120.301321,37.817946,0
            -120.303596,37.818077,0
            -120.30416,37.81833,0
            -120.304743,37.818811,0
            -120.305171,37.819017,0
            -120.30563,37.819109,0
            -120.306867,37.819012,0
            -120.307085,37.819069,0
            -120.307343,37.819256,0
            -120.307439,37.819601,0
            -120.307261,37.819921,0
            -120.306843,37.820103,0
            -120.305182,37.819902,0
            -120.30454,37.819393,0
            -120.303932,37.819174,0
            -120.303643,37.819228,0
            -120.302681,37.819964,0
            -120.300933,37.819883,0
            -120.300479,37.820157,0
            -120.300072,37.820269,0
            -120.299777,37.820508,0
            -120.299157,37.820669,0
            -120.298983,37.820647,0
            -120.298856,37.820556,0
            -120.298682,37.820154,0
            -120.298253,37.819654,0
            -120.298038,37.819564,0
            -120.297606,37.819563,0
            -120.297137,37.819676,0
            -120.29648,37.820082,0
            -120.296312,37.820078,0
            -120.296144,37.819984,0
            -120.295878,37.819301,0
            -120.2959,37.818739,0
            -120.295721,37.818507,0
            -120.295573,37.818457,0
            -120.295402,37.818475,0
            -120.293952,37.819337,0
            -120.293731,37.819664,0
            -120.293882,37.820176,0
            -120.293541,37.820725,0
            -120.292835,37.820887,0
            -120.291982,37.821325,0
            -120.291355,37.821117,0
            -120.291251,37.820994,0
            -120.291199,37.820278,0
            -120.291394,37.819907,0
            -120.291308,37.819677,0
            -120.291055,37.819557,0
            -120.290068,37.819483,0
            -120.289879,37.819549,0
            -120.289779,37.819672,0
            -120.28981,37.82012,0
            -120.288982,37.821034,0
            -120.288835,37.821112,0
            -120.288286,37.821183,0
            -120.287852,37.821502,0
            -120.287654,37.821522,0
            -120.286634,37.821195,0
            -120.286454,37.821214,0
            -120.285178,37.821779,0
            -120.284991,37.821803,0
            -120.284514,37.821605,0
            -120.284087,37.821281,0
            -120.283633,37.821171,0
            -120.282865,37.821374,0
            -120.282772,37.821461,0
            -120.282749,37.821605,0
            -120.283442,37.822233,0
            -120.283521,37.822392,0
            -120.283576,37.823619,0
            -120.284723,37.824402,0
            -120.28477,37.8245,0
            -120.28473,37.824675,0
            -120.2845,37.824808,0
            -120.284281,37.824794,0
            -120.28258,37.82411,0
            -120.282209,37.823491,0
            -120.282066,37.8234,0
            -120.280071,37.823075,0
            -120.279866,37.823175,0
            -120.279803,37.823336,0
            -120.279875,37.823903,0
            -120.279789,37.824164,0
            -120.279275,37.824774,0
            -120.279122,37.824849,0
            -120.278968,37.824856,0
            -120.278762,37.82474,0
            -120.278522,37.82414,0
            -120.278228,37.823927,0
            -120.277161,37.82374,0
            -120.277067,37.823619,0
            -120.277091,37.822713,0
            -120.276888,37.822553,0
            -120.276144,37.822524,0
            -120.275705,37.822237,0
            -120.274975,37.82208,0
            -120.27483,37.821924,0
            -120.274808,37.821702,0
            -120.274907,37.821538,0
            -120.276829,37.82058,0
            -120.27692,37.820444,0
            -120.276844,37.820206,0
            -120.276092,37.819969,0
            -120.275847,37.819793,0
            -120.275654,37.81928,0
            -120.275492,37.819121,0
            -120.275212,37.819028,0
            -120.274349,37.819044,0
            -120.274194,37.818979,0
            -120.274095,37.818839,0
            -120.274112,37.818534,0
            -120.27405,37.818402,0
            -120.273841,37.818298,0
            -120.272376,37.81805,0
            -120.272198,37.817918,0
            -120.272185,37.817683,0
            -120.272995,37.816877,0
            -120.273056,37.816585,0
            -120.272184,37.8147,0
            -120.272195,37.814292,0
            -120.272106,37.814069,0
            -120.271992,37.813985,0
            -120.271708,37.813948,0
            -120.270219,37.814376,0
            -120.269362,37.815044,0
            -120.268596,37.816778,0
            -120.268383,37.816965,0
            -120.268008,37.817124,0
            -120.266735,37.817344,0
            -120.264386,37.818801,0
            -120.261481,37.822526,0
            -120.261341,37.822609,0
            -120.258093,37.82335,0
            -120.25633,37.824815,0
            -120.253296,37.826007,0
            -120.252107,37.827083,0
            -120.249442,37.828436,0
            -120.247246,37.82991,0
            -120.246504,37.830836,0
            -120.244324,37.83237,0
            -120.243371,37.832642,0
            -120.241373,37.834633,0
            -120.237444,37.83653,0
            -120.236047,37.836606,0
            -120.232258,37.837983,0
            -120.229402,37.839467,0
            -120.22894,37.839605,0
            -120.225364,37.839976,0
            -120.223759,37.839659,0
            -120.222222,37.838723,0
            -120.221542,37.838008,0
            -120.220738,37.836546,0
            -120.220015,37.835986,0
            -120.218934,37.835626,0
            -120.215112,37.835412,0
            -120.213683,37.835764,0
            -120.209823,37.838343,0
            -120.208961,37.838719,0
            -120.208225,37.838865,0
            -120.207527,37.838836,0
            -120.206203,37.838297,0
            -120.205916,37.838081,0
            -120.20307,37.834093,0
            -120.195241,37.828851,0
            -120.193967,37.828347,0
            -120.190352,37.827994,0
            -120.189066,37.828097,0
            -120.185327,37.828877,0
            -120.184028,37.828784,0
            -120.178997,37.827345,0
            -120.175247,37.825695,0
            -120.172686,37.825103,0
            -120.168852,37.823321,0
            -120.157608,37.820748,0
            -120.156109,37.820609,0
            -120.149473,37.821098,0
            -120.134332,37.820144,0
            -120.132891,37.819557,0
            -120.130817,37.817781,0
            -120.129657,37.817107,0
            -120.126079,37.81611,0
            -120.121897,37.813834,0
            -120.120212,37.813494,0
            -120.11904,37.813514,0
            -120.118111,37.813671,0
            -120.110784,37.816232,0
            -120.109548,37.816866,0
            -120.099615,37.823573,0
            -120.097775,37.824502,0
            -120.095995,37.825044,0
            -120.09217,37.825518,0
            -120.091226,37.825297,0
            -120.0904,37.824814,0
            -120.089955,37.82434,0
            -120.089698,37.823853,0
            -120.08936,37.822335,0
            -120.088897,37.82153,0
            -120.088365,37.821084,0
            -120.086667,37.820283,0
            -120.085803,37.820095,0
            -120.082761,37.820412,0
            -120.081663,37.820332,0
            -120.079232,37.819647,0
            -120.07699,37.819653,0
            -120.076132,37.819494,0
            -120.075356,37.819121,0
            -120.07138,37.814966,0
            -120.070485,37.814556,0
            -120.066135,37.813833,0
            -120.065139,37.813973,0
            -120.060806,37.816292,0
            -120.050262,37.819816,0
            -120.049097,37.819933,0
            -120.046442,37.819672,0
            -120.045291,37.819819,0
            -120.042587,37.821092,0
            -120.038569,37.821887,0
            -120.037582,37.821861,0
            -120.032261,37.820868,0
            -120.029613,37.821093,0
            -120.028307,37.821481,0
            -120.026873,37.822414,0
            -120.025773,37.822723,0
            -120.023426,37.822704,0
            -120.022571,37.823052,0
            -120.022195,37.823373,0
            -120.021495,37.824515,0
            -120.020869,37.824977,0
            -120.020216,37.825191,0
            -120.019868,37.8252,0
            -120.018908,37.824807,0
            -120.017523,37.823059,0
            -120.016625,37.822515,0
            -120.016202,37.822501,0
            -120.014426,37.822809,0
            -120.013382,37.823152,0
            -120.012854,37.823716,0
            -120.01181,37.824465,0
            -120.010551,37.824831,0
            -120.006009,37.824374,0
            -120.005134,37.823793,0
            -120.004732,37.823166,0
            -120.004242,37.822737,0
            -120.003376,37.822454,0
            -120.002664,37.822517,0
            -120.00104,37.82308,0
            -120.000482,37.823085,0
            -119.999709,37.822872,0
            -119.997151,37.821231,0
            -119.996626,37.821083,0
            -119.995666,37.821111,0
            -119.995183,37.821279,0
            -119.994659,37.821674,0
            -119.99375,37.823014,0
            -119.993069,37.823492,0
            -119.992482,37.82367,0
            -119.988924,37.823651,0
            -119.988242,37.82384,0
            -119.987638,37.824311,0
            -119.987256,37.825288,0
            -119.984182,37.829093,0
            -119.983752,37.829334,0
            -119.983252,37.829438,0
            -119.982801,37.829409,0
            -119.982096,37.829187,0
            -119.980152,37.828038,0
            -119.97908,37.8277,0
            -119.974919,37.827168,0
            -119.974043,37.826721,0
            -119.972387,37.825318,0
            -119.971603,37.824951,0
            -119.969718,37.824501,0
            -119.969183,37.824259,0
            -119.967589,37.82314,0
            -119.966378,37.822637,0
            -119.959154,37.821613,0
            -119.958199,37.821161,0
            -119.955966,37.818672,0
            -119.955601,37.818474,0
            -119.95509,37.818359,0
            -119.954245,37.818448,0
            -119.953053,37.818909,0
            -119.952327,37.818924,0
            -119.951928,37.818821,0
            -119.951327,37.81843,0
            -119.949536,37.816022,0
            -119.948824,37.815758,0
            -119.948277,37.815738,0
            -119.946856,37.816095,0
            -119.944812,37.816131,0
            -119.942606,37.81648,0
            -119.940832,37.815933,0
            -119.940183,37.815957,0
            -119.939122,37.816281,0
            -119.937984,37.81623,0
            -119.936631,37.81571,0
            -119.934081,37.815146,0
            -119.933255,37.815213,0
            -119.932684,37.815472,0
            -119.931858,37.816239,0
            -119.931317,37.816493,0
            -119.930853,37.816571,0
            -119.929227,37.816316,0
            -119.928655,37.816366,0
            -119.921641,37.818606,0
            -119.921201,37.819002,0
            -119.920518,37.820202,0
            -119.920064,37.820476,0
            -119.918565,37.820835,0
            -119.917923,37.821155,0
            -119.917129,37.821936,0
            -119.916767,37.822131,0
            -119.916215,37.82227,0
            -119.915749,37.822271,0
            -119.915136,37.822103,0
            -119.91463,37.821765,0
            -119.914365,37.821384,0
            -119.914124,37.820068,0
            -119.913926,37.819655,0
            -119.913232,37.818903,0
            -119.911173,37.817794,0
            -119.910553,37.817085,0
            -119.910087,37.815681,0
            -119.909815,37.815318,0
            -119.909281,37.814918,0
            -119.908752,37.814714,0
            -119.907032,37.814517,0
            -119.906222,37.81425,0
            -119.905669,37.813922,0
            -119.905197,37.813453,0
            -119.904409,37.812083,0
            -119.903754,37.811505,0
            -119.90187,37.810859,0
            -119.900933,37.810916,0
            -119.900407,37.811169,0
            -119.899925,37.811659,0
            -119.899672,37.813362,0
            -119.899482,37.813617,0
            -119.898794,37.814032,0
            -119.89784,37.814139,0
            -119.895416,37.813383,0
            -119.894256,37.813248,0
            -119.890704,37.813504,0
            -119.881661,37.813532,0
            -119.880296,37.813933,0
            -119.878108,37.815673,0
            -119.877378,37.815962,0
            -119.876785,37.816009,0
            -119.87614,37.815895,0
            -119.875373,37.815437,0
            -119.875143,37.815104,0
            -119.87476,37.812374,0
            -119.874128,37.811529,0
            -119.872195,37.810091,0
            -119.871953,37.809547,0
            -119.87195,37.809122,0
            -119.872118,37.808642,0
            -119.87321,37.807459,0
            -119.87328,37.80678,0
            -119.872806,37.805759,0
            -119.872671,37.804895,0
            -119.875137,37.799764,0
            -119.875361,37.79887,0
            -119.875205,37.797963,0
            -119.874423,37.796604,0
            -119.874296,37.795971,0
            -119.874452,37.794815,0
            -119.874251,37.793964,0
            -119.87385,37.793468,0
            -119.872843,37.79265,0
            -119.872609,37.792169,0
            -119.872609,37.791687,0
            -119.872872,37.79117,0
            -119.87339,37.790765,0
            -119.874011,37.79059,0
            -119.875522,37.790447,0
            -119.876139,37.790093,0
            -119.87642,37.789779,0
            -119.876557,37.789237,0
            -119.876443,37.78872,0
            -119.874603,37.786613,0
            -119.871387,37.783876,0
            -119.869767,37.783038,0
            -119.869328,37.782614,0
            -119.868833,37.781579,0
            -119.86835,37.781054,0
            -119.867708,37.780648,0
            -119.866703,37.780264,0
            -119.866282,37.779992,0
            -119.86596,37.779523,0
            -119.86555,37.778016,0
            -119.865252,37.777556,0
            -119.864639,37.777168,0
            -119.862092,37.776562,0
            -119.861614,37.776282,0
            -119.861248,37.775764,0
            -119.861165,37.77537,0
            -119.861496,37.773768,0
            -119.861458,37.769503,0
            -119.861379,37.769282,0
            -119.859264,37.766616,0
            -119.858804,37.766326,0
            -119.858026,37.766109,0
            -119.856217,37.766278,0
            -119.855413,37.766095,0
            -119.854726,37.765518,0
            -119.854381,37.764476,0
            -119.854138,37.764123,0
            -119.853454,37.763689,0
            -119.852505,37.763588,0
            -119.851894,37.763757,0
            -119.85092,37.764276,0
            -119.850078,37.764455,0
            -119.841777,37.763176,0
            -119.839509,37.76318,0
            -119.837121,37.762481,0
            -119.834353,37.762369,0
            -119.833844,37.76219,0
            -119.833216,37.761594,0
            -119.832291,37.759656,0
            -119.831907,37.759347,0
            -119.828142,37.758325,0
            -119.82771,37.758086,0
            -119.825853,37.755592,0
            -119.825558,37.754921,0
            -119.825444,37.752874,0
            -119.825259,37.752485,0
            -119.824913,37.75215,0
            -119.82422,37.751851,0
            -119.822885,37.751658,0
            -119.822417,37.751695,0
            -119.82194,37.751856,0
            -119.821376,37.75229,0
            -119.821196,37.752563,0
            -119.821023,37.75355,0
            -119.820584,37.754384,0
            -119.818385,37.7559,0
            -119.817915,37.755992,0
            -119.817406,37.755951,0
            -119.816519,37.755622,0
            -119.816112,37.754971,0
            -119.815802,37.754053,0
            -119.81553,37.753714,0
            -119.815032,37.753409,0
            -119.814203,37.753272,0
            -119.812301,37.753689,0
            -119.811724,37.753628,0
            -119.810983,37.753245,0
            -119.808519,37.75084,0
            -119.807396,37.748458,0
            -119.80669,37.747966,0
            -119.804401,37.747344,0
            -119.803697,37.747299,0
            -119.80287,37.747585,0
            -119.802405,37.74798,0
            -119.802176,37.748421,0
            -119.802249,37.749056,0
            -119.802777,37.749966,0
            -119.802804,37.750629,0
            -119.802634,37.751004,0
            -119.802184,37.751412,0
            -119.801348,37.751689,0
            -119.799547,37.751669,0
            -119.798084,37.752392,0
            -119.797577,37.752495,0
            -119.796721,37.752462,0
            -119.796401,37.752377,0
            -119.793194,37.750569,0
            -119.792222,37.750294,0
            -119.790903,37.750399,0
            -119.786365,37.751889,0
            -119.785483,37.751876,0
            -119.784815,37.751691,0
            -119.784291,37.751389,0
            -119.783133,37.750331,0
            -119.782198,37.749852,0
            -119.781888,37.749367,0
            -119.781801,37.748811,0
            -119.781627,37.748503,0
            -119.781303,37.748222,0
            -119.779682,37.747716,0
            -119.778813,37.746718,0
            -119.77839,37.746516,0
            -119.776998,37.746294,0
            -119.776734,37.746102,0
            -119.776505,37.745765,0
            -119.77632,37.744848,0
            -119.775417,37.743691,0
            -119.774811,37.742393,0
            -119.77318,37.739987,0
            -119.772793,37.739639,0
            -119.772371,37.739474,0
            -119.768918,37.739374,0
            -119.767949,37.739638,0
            -119.765861,37.739566,0
            -119.76492,37.739878,0
            -119.764482,37.740299,0
            -119.764033,37.741394,0
            -119.763708,37.741724,0
            -119.76197,37.742695,0
            -119.758994,37.743737,0
            -119.758428,37.743784,0
            -119.757752,37.743629,0
            -119.757301,37.743365,0
            -119.756947,37.742933,0
            -119.756832,37.742569,0
            -119.756865,37.742128,0
            -119.757204,37.741563,0
            -119.758878,37.740183,0
            -119.759101,37.739795,0
            -119.759102,37.739118,0
            -119.758526,37.738383,0
            -119.758405,37.738019,0
            -119.758969,37.736803,0
            -119.758931,37.735804,0
            -119.759928,37.733839,0
            -119.760473,37.733433,0
            -119.760683,37.733154,0
            -119.760714,37.73266,0
            -119.760499,37.732295,0
            -119.76023,37.732111,0
            -119.759638,37.731973,0
            -119.757443,37.732669,0
            -119.756742,37.732702,0
            -119.756098,37.732417,0
            -119.755839,37.731924,0
            -119.75625,37.730923,0
            -119.756423,37.729802,0
            -119.756129,37.729205,0
            -119.755734,37.728899,0
            -119.755104,37.728706,0
            -119.754483,37.728731,0
            -119.753044,37.729467,0
            -119.752775,37.729527,0
            -119.752281,37.729485,0
            -119.751785,37.729168,0
            -119.750386,37.726609,0
            -119.749745,37.725985,0
            -119.748434,37.725133,0
            -119.741939,37.719167,0
            -119.739743,37.716632,0
            -119.736285,37.71444,0
            -119.73492,37.714067,0
            -119.733407,37.714024,0
            -119.731924,37.713573,0
            -119.731188,37.713481,0
            -119.728072,37.713683,0
            -119.727262,37.714012,0
            -119.726809,37.71437,0
            -119.725706,37.715867,0
            -119.723825,37.716903,0
            -119.722193,37.718207,0
            -119.721859,37.71894,0
            -119.721512,37.71931,0
            -119.720711,37.720833,0
            -119.719966,37.721521,0
            -119.718643,37.723416,0
            -119.718242,37.724871,0
            -119.717847,37.725473,0
            -119.714939,37.727468,0
            -119.71435,37.727688,0
            -119.713759,37.727731,0
            -119.711939,37.727542,0
            -119.710954,37.72787,0
            -119.708955,37.727754,0
            -119.708683,37.727635,0
            -119.707723,37.726573,0
            -119.705087,37.725387,0
            -119.703345,37.725324,0
            -119.702865,37.725187,0
            -119.700653,37.723837,0
            -119.699006,37.723353,0
            -119.696668,37.723242,0
            -119.696139,37.72303,0
            -119.695116,37.722857,0
            -119.694132,37.722354,0
            -119.692995,37.722084,0
            -119.692255,37.721634,0
            -119.691795,37.721542,0
            -119.690167,37.722023,0
            -119.689208,37.721934,0
            -119.686859,37.721135,0
            -119.685573,37.720302,0
            -119.683642,37.719554,0
            -119.682766,37.719435,0
            -119.682482,37.719287,0
            -119.682467,37.719151,0
            -119.681315,37.718962,0
            -119.680016,37.719052,0
            -119.678893,37.718803,0
            -119.676182,37.718796,0
            -119.673826,37.717919,0
            -119.673414,37.717882,0
            -119.671799,37.718178,0
            -119.670197,37.718136,0
            -119.667805,37.717245,0
            -119.66648,37.717016,0
            -119.666251,37.716772,0
            -119.666143,37.71635,0
            -119.666039,37.716236,0
            -119.665535,37.716021,0
            -119.664622,37.714805,0
            -119.664216,37.714637,0
            -119.660835,37.715166,0
            -119.658544,37.716408,0
            -119.657688,37.716678,0
            -119.656599,37.716697,0
            -119.652179,37.7175,0
            -119.652025,37.717426,0
            -119.651957,37.717185,0
            -119.652528,37.716492,0
            -119.65284,37.716307,0
            -119.655688,37.715481,0
            -119.657857,37.714178,0
            -119.659571,37.713492,0
            -119.660783,37.712753,0
            -119.661372,37.712571,0
            -119.662717,37.712551,0
            -119.665129,37.712955,0
            -119.667189,37.712938,0
            -119.669314,37.713494,0
            -119.670038,37.713506,0
            -119.671736,37.713215,0
            -119.672611,37.713257,0
            -119.673071,37.713401,0
            -119.674084,37.714071,0
            -119.676226,37.71492,0
            -119.676742,37.715353,0
            -119.677053,37.715472,0
            -119.677115,37.715714,0
            -119.677299,37.715763,0
          </coordinates>
        </LineString>
      </Placemark>
      <Placemark>
        <name>Tunnel View</name>
        <description><![CDATA[description: Vista from 2021-09-11T20:51:31.999Z to 2021-09-11T21:08:41.230Z. Distance 0m<br>Email: syugen.zhou@gmail.com<br>Category: Vista<br>Distance: 0]]></description>
        <styleUrl>#icon-1535-0288D1</styleUrl>
        <ExtendedData>
          <Data name="description">
            <value>Vista from 2021-09-11T20:51:31.999Z to 2021-09-11T21:08:41.230Z. Distance 0m</value>
          </Data>
          <Data name="Email">
            <value>syugen.zhou@gmail.com</value>
          </Data>
          <Data name="Category">
            <value>Vista</value>
          </Data>
          <Data name="Distance">
            <value>0</value>
          </Data>
        </ExtendedData>
        <Point>
          <coordinates>
            -119.676906,37.715547,0
          </coordinates>
        </Point>
      </Placemark>
      <Placemark>
        <name>Driving</name>
        <description><![CDATA[description: Driving from 2021-09-11T21:08:41.230Z to 2021-09-11T21:28:03.606Z. Distance 9889m<br>Email: syugen.zhou@gmail.com<br>Category: Driving<br>Distance: 9889]]></description>
        <styleUrl>#line-A52714-5000</styleUrl>
        <ExtendedData>
          <Data name="description">
            <value>Driving from 2021-09-11T21:08:41.230Z to 2021-09-11T21:28:03.606Z. Distance 9889m</value>
          </Data>
          <Data name="Email">
            <value>syugen.zhou@gmail.com</value>
          </Data>
          <Data name="Category">
            <value>Driving</value>
          </Data>
          <Data name="Distance">
            <value>9889</value>
          </Data>
        </ExtendedData>
        <LineString>
          <tessellate>1</tessellate>
          <coordinates>
            -119.677368,37.715773,0
            -119.677489,37.71579,0
            -119.677525,37.715779,0
            -119.677552,37.715738,0
            -119.67756,37.715532,0
            -119.676976,37.715453,0
            -119.676742,37.715353,0
            -119.676226,37.71492,0
            -119.674084,37.714071,0
            -119.673071,37.713401,0
            -119.672611,37.713257,0
            -119.671736,37.713215,0
            -119.670038,37.713506,0
            -119.669314,37.713494,0
            -119.66903,37.713438,0
            -119.668106,37.71311,0
            -119.667189,37.712938,0
            -119.665129,37.712956,0
            -119.662717,37.712551,0
            -119.661714,37.712531,0
            -119.661372,37.712571,0
            -119.660783,37.712753,0
            -119.659571,37.713492,0
            -119.657857,37.714178,0
            -119.656498,37.715079,0
            -119.655688,37.715481,0
            -119.655115,37.715688,0
            -119.65284,37.716308,0
            -119.652528,37.716492,0
            -119.652252,37.716759,0
            -119.652006,37.717095,0
            -119.651679,37.717872,0
            -119.649992,37.719585,0
            -119.647758,37.720886,0
            -119.647219,37.721022,0
            -119.646952,37.721031,0
            -119.646243,37.720937,0
            -119.645488,37.720934,0
            -119.644443,37.721107,0
            -119.64345,37.721417,0
            -119.642618,37.721814,0
            -119.642253,37.721866,0
            -119.641929,37.721823,0
            -119.640161,37.721235,0
            -119.636828,37.720617,0
            -119.63538,37.720192,0
            -119.632888,37.719814,0
            -119.63234,37.719885,0
            -119.620402,37.722686,0
            -119.619296,37.72322,0
            -119.617729,37.724177,0
            -119.615282,37.725146,0
            -119.612984,37.725774,0
            -119.61149,37.726019,0
            -119.610562,37.726425,0
            -119.609425,37.726739,0
            -119.607195,37.727971,0
            -119.606846,37.72826,0
            -119.606693,37.728444,0
            -119.605847,37.729989,0
            -119.604461,37.731888,0
            -119.603527,37.732751,0
            -119.601433,37.734264,0
            -119.600348,37.735372,0
            -119.598038,37.737039,0
            -119.597413,37.737364,0
            -119.593511,37.739856,0
            -119.592305,37.741045,0
            -119.591792,37.741793,0
            -119.591673,37.741897,0
            -119.591306,37.742407,0
            -119.59069,37.742953,0
            -119.590499,37.743062,0
            -119.590305,37.743121,0
            -119.589721,37.74311,0
            -119.589624,37.743827,0
            -119.589537,37.744007,0
            -119.589372,37.744188,0
            -119.588766,37.744494,0
            -119.587616,37.744845,0
            -119.586733,37.744956,0
            -119.586345,37.744943,0
            -119.585996,37.745503,0
            -119.585951,37.745653,0
            -119.585977,37.745898,0
            -119.586117,37.746135,0
            -119.586414,37.746346,0
            -119.587166,37.746662,0
            -119.587843,37.746794,0
            -119.588307,37.746813,0
            -119.590543,37.746561,0
            -119.590555,37.746586,0
            -119.590276,37.746977,0
            -119.590466,37.747789,0
            -119.590462,37.748034,0
            -119.59022,37.748587,0
            -119.589528,37.749545,0
            -119.588932,37.749436,0
            -119.588601,37.749329,0
            -119.588496,37.748318,0
          </coordinates>
        </LineString>
      </Placemark>
      <Placemark>
        <name>Yosemite Valley Visitor Center</name>
        <description><![CDATA[description: Visitor center from 2021-09-11T21:28:03.606Z to 2021-09-11T21:48:45.559Z. Distance 0m<br>Email: syugen.zhou@gmail.com<br>Category: Visitor center<br>Distance: 0]]></description>
        <styleUrl>#icon-1535-0288D1</styleUrl>
        <ExtendedData>
          <Data name="description">
            <value>Visitor center from 2021-09-11T21:28:03.606Z to 2021-09-11T21:48:45.559Z. Distance 0m</value>
          </Data>
          <Data name="Email">
            <value>syugen.zhou@gmail.com</value>
          </Data>
          <Data name="Category">
            <value>Visitor center</value>
          </Data>
          <Data name="Distance">
            <value>0</value>
          </Data>
        </ExtendedData>
        <Point>
          <coordinates>
            -119.58742,37.748596,0
          </coordinates>
        </Point>
      </Placemark>
      <Placemark>
        <name>Driving</name>
        <description><![CDATA[description: Driving from 2021-09-11T21:48:45.559Z to 2021-09-12T01:38:46.000Z. Distance 146033m<br>Email: syugen.zhou@gmail.com<br>Category: Driving<br>Distance: 146033]]></description>
        <styleUrl>#line-A52714-5000</styleUrl>
        <ExtendedData>
          <Data name="description">
            <value>Driving from 2021-09-11T21:48:45.559Z to 2021-09-12T01:38:46.000Z. Distance 146033m</value>
          </Data>
          <Data name="Email">
            <value>syugen.zhou@gmail.com</value>
          </Data>
          <Data name="Category">
            <value>Driving</value>
          </Data>
          <Data name="Distance">
            <value>146033</value>
          </Data>
        </ExtendedData>
        <LineString>
          <tessellate>1</tessellate>
          <coordinates>
            -119.588512,37.748215,0
            -119.588601,37.749329,0
            -119.589528,37.749545,0
            -119.590462,37.748034,0
            -119.590276,37.746977,0
            -119.590555,37.746586,0
            -119.590543,37.746561,0
            -119.591759,37.746299,0
            -119.594384,37.745233,0
            -119.594707,37.745207,0
            -119.596529,37.745708,0
            -119.597206,37.745714,0
            -119.598451,37.745406,0
            -119.5992,37.744864,0
            -119.600533,37.742531,0
            -119.601342,37.741796,0
            -119.60729,37.738443,0
            -119.608181,37.737589,0
            -119.609494,37.735498,0
            -119.611244,37.733774,0
            -119.61141,37.733451,0
            -119.611601,37.731749,0
            -119.612883,37.729009,0
            -119.614628,37.727196,0
            -119.615107,37.726974,0
            -119.615707,37.726853,0
            -119.617018,37.726835,0
            -119.620455,37.727269,0
            -119.623122,37.727185,0
            -119.624327,37.727573,0
            -119.625088,37.727501,0
            -119.62603,37.727142,0
            -119.626666,37.727024,0
            -119.629561,37.727067,0
            -119.63022,37.72678,0
            -119.630469,37.726557,0
            -119.631288,37.725133,0
            -119.631969,37.724663,0
            -119.632054,37.724439,0
            -119.631905,37.724095,0
            -119.630761,37.723856,0
            -119.629813,37.723294,0
            -119.628132,37.721218,0
            -119.627354,37.721043,0
            -119.620402,37.722686,0
            -119.617729,37.724177,0
            -119.615282,37.725146,0
            -119.61149,37.726019,0
            -119.609425,37.726739,0
            -119.607195,37.727971,0
            -119.606694,37.728444,0
            -119.604461,37.731888,0
            -119.601433,37.734264,0
            -119.600348,37.735372,0
            -119.593511,37.739857,0
            -119.592305,37.741045,0
            -119.591306,37.742407,0
            -119.59069,37.742953,0
            -119.590305,37.743122,0
            -119.588856,37.742993,0
            -119.58804,37.7426,0
            -119.587433,37.742465,0
            -119.586466,37.742482,0
            -119.584784,37.742048,0
            -119.58403,37.741974,0
            -119.582708,37.741617,0
            -119.581835,37.741201,0
            -119.579583,37.740539,0
            -119.578096,37.739313,0
            -119.577204,37.738925,0
            -119.573127,37.739635,0
            -119.571699,37.738345,0
            -119.571122,37.738144,0
            -119.57071,37.738112,0
            -119.570607,37.738159,0
            -119.570514,37.738314,0
            -119.570448,37.739759,0
            -119.568332,37.739405,0
            -119.567587,37.738934,0
            -119.567134,37.7384,0
            -119.56463,37.739776,0
            -119.564391,37.739812,0
            -119.564421,37.74002,0
            -119.565823,37.740969,0
            -119.565565,37.742078,0
            -119.5658,37.74258,0
            -119.56599,37.742311,0
            -119.566371,37.742082,0
            -119.566473,37.741572,0
            -119.56442,37.74002,0
            -119.564391,37.739812,0
            -119.56463,37.739776,0
            -119.567134,37.7384,0
            -119.567587,37.738934,0
            -119.568332,37.739405,0
            -119.570448,37.739759,0
            -119.570514,37.738314,0
            -119.570607,37.738159,0
            -119.57071,37.738112,0
            -119.571122,37.738144,0
            -119.571699,37.738345,0
            -119.572572,37.739048,0
            -119.576701,37.743824,0
            -119.577081,37.744068,0
            -119.580199,37.74511,0
            -119.581733,37.745217,0
            -119.583336,37.745086,0
            -119.583421,37.745199,0
            -119.583563,37.74521,0
            -119.583662,37.745141,0
            -119.58366,37.745018,0
            -119.583587,37.744961,0
            -119.583535,37.744662,0
            -119.583709,37.744242,0
            -119.584042,37.743892,0
            -119.584607,37.743631,0
            -119.585356,37.743608,0
            -119.58602,37.743882,0
            -119.586366,37.744344,0
            -119.586345,37.744943,0
            -119.585952,37.745653,0
            -119.585977,37.745899,0
            -119.586118,37.746135,0
            -119.587166,37.746662,0
            -119.588307,37.746813,0
            -119.591759,37.746299,0
            -119.594384,37.745233,0
            -119.594707,37.745207,0
            -119.596529,37.745708,0
            -119.597206,37.745714,0
            -119.598451,37.745406,0
            -119.5992,37.744864,0
            -119.600533,37.742531,0
            -119.601342,37.741796,0
            -119.60729,37.738443,0
            -119.608181,37.737589,0
            -119.609494,37.735498,0
            -119.611244,37.733775,0
            -119.61141,37.733451,0
            -119.611601,37.731749,0
            -119.612883,37.729009,0
            -119.614628,37.727196,0
            -119.615107,37.726974,0
            -119.615707,37.726853,0
            -119.617018,37.726835,0
            -119.620455,37.727269,0
            -119.623122,37.727185,0
            -119.624327,37.727573,0
            -119.625088,37.727501,0
            -119.62603,37.727142,0
            -119.626666,37.727024,0
            -119.629561,37.727067,0
            -119.63022,37.72678,0
            -119.630469,37.726557,0
            -119.631288,37.725133,0
            -119.631573,37.724916,0
            -119.633104,37.724317,0
            -119.633692,37.724247,0
            -119.640614,37.724436,0
            -119.644081,37.723996,0
            -119.647813,37.722704,0
            -119.648483,37.722642,0
            -119.650733,37.721729,0
            -119.653409,37.721262,0
            -119.654705,37.720671,0
            -119.655227,37.720167,0
            -119.656105,37.719597,0
            -119.656505,37.719068,0
            -119.656828,37.718928,0
            -119.657222,37.718898,0
            -119.659226,37.719426,0
            -119.65957,37.71941,0
            -119.660707,37.718968,0
            -119.66245,37.717045,0
            -119.665232,37.716681,0
            -119.667805,37.717245,0
            -119.670197,37.718136,0
            -119.671799,37.718178,0
            -119.673414,37.717882,0
            -119.673826,37.717919,0
            -119.676182,37.718796,0
            -119.678893,37.718803,0
            -119.680016,37.719052,0
            -119.681316,37.718962,0
            -119.682467,37.719152,0
            -119.682482,37.719287,0
            -119.682766,37.719435,0
            -119.683642,37.719554,0
            -119.685573,37.720302,0
            -119.686859,37.721135,0
            -119.689208,37.721934,0
            -119.690167,37.722023,0
            -119.691795,37.721542,0
            -119.692255,37.721634,0
            -119.692995,37.722084,0
            -119.694132,37.722354,0
            -119.695116,37.722858,0
            -119.696139,37.72303,0
            -119.696668,37.723242,0
            -119.699006,37.723353,0
            -119.700653,37.723837,0
            -119.702865,37.725187,0
            -119.703345,37.725324,0
            -119.705087,37.725388,0
            -119.707723,37.726573,0
            -119.708683,37.727635,0
            -119.708955,37.727754,0
            -119.710954,37.72787,0
            -119.711939,37.727542,0
            -119.713759,37.727732,0
            -119.71435,37.727688,0
            -119.714939,37.727468,0
            -119.717847,37.725473,0
            -119.718242,37.724871,0
            -119.718643,37.723416,0
            -119.719966,37.721521,0
            -119.720711,37.720833,0
            -119.721512,37.71931,0
            -119.721859,37.71894,0
            -119.722193,37.718207,0
            -119.723825,37.716904,0
            -119.725706,37.715867,0
            -119.726809,37.71437,0
            -119.727262,37.714012,0
            -119.728073,37.713683,0
            -119.731188,37.713481,0
            -119.731924,37.713573,0
            -119.733407,37.714024,0
            -119.73492,37.714067,0
            -119.736285,37.71444,0
            -119.739743,37.716632,0
            -119.74194,37.719168,0
            -119.748434,37.725133,0
            -119.749745,37.725985,0
            -119.750387,37.726609,0
            -119.751785,37.729168,0
            -119.752281,37.729485,0
            -119.752776,37.729528,0
            -119.753044,37.729467,0
            -119.754483,37.728731,0
            -119.755104,37.728706,0
            -119.755734,37.728899,0
            -119.756129,37.729205,0
            -119.756423,37.729802,0
            -119.75625,37.730923,0
            -119.755839,37.731924,0
            -119.756099,37.732417,0
            -119.756743,37.732702,0
            -119.757443,37.732669,0
            -119.759638,37.731973,0
            -119.76023,37.732111,0
            -119.7605,37.732295,0
            -119.760714,37.73266,0
            -119.760684,37.733154,0
            -119.760473,37.733433,0
            -119.759928,37.733839,0
            -119.758932,37.735804,0
            -119.758969,37.736803,0
            -119.758405,37.738019,0
            -119.758527,37.738383,0
            -119.759102,37.739118,0
            -119.759101,37.739795,0
            -119.758878,37.740183,0
            -119.757205,37.741563,0
            -119.756865,37.742128,0
            -119.756833,37.742569,0
            -119.756947,37.742933,0
            -119.757301,37.743365,0
            -119.757752,37.743629,0
            -119.758428,37.743784,0
            -119.758995,37.743737,0
            -119.761971,37.742695,0
            -119.763708,37.741724,0
            -119.764033,37.741394,0
            -119.764482,37.740299,0
            -119.76492,37.739878,0
            -119.765861,37.739566,0
            -119.767949,37.739638,0
            -119.768918,37.739374,0
            -119.772371,37.739474,0
            -119.772793,37.73964,0
            -119.77318,37.739987,0
            -119.774811,37.742393,0
            -119.775417,37.743691,0
            -119.77632,37.744848,0
            -119.776505,37.745765,0
            -119.776734,37.746102,0
            -119.776998,37.746294,0
            -119.77839,37.746516,0
            -119.778813,37.746718,0
            -119.779682,37.747716,0
            -119.781304,37.748222,0
            -119.781628,37.748504,0
            -119.781801,37.748811,0
            -119.781888,37.749367,0
            -119.782198,37.749852,0
            -119.783133,37.750331,0
            -119.784291,37.75139,0
            -119.784815,37.751691,0
            -119.785483,37.751876,0
            -119.786365,37.75189,0
            -119.790903,37.750399,0
            -119.792222,37.750295,0
            -119.793194,37.750569,0
            -119.796401,37.752377,0
            -119.796721,37.752463,0
            -119.797577,37.752495,0
            -119.797793,37.75321,0
            -119.801767,37.755068,0
            -119.802693,37.755823,0
            -119.803469,37.756951,0
            -119.804768,37.758059,0
            -119.804988,37.758642,0
            -119.804929,37.758842,0
            -119.804544,37.759286,0
            -119.801959,37.760901,0
            -119.801425,37.761116,0
            -119.800761,37.761214,0
            -119.800043,37.761119,0
            -119.799544,37.760915,0
            -119.798081,37.759845,0
            -119.797611,37.759661,0
            -119.794717,37.759446,0
            -119.794224,37.759172,0
            -119.79399,37.758837,0
            -119.793844,37.758238,0
            -119.793455,37.757765,0
            -119.791962,37.756932,0
            -119.791479,37.756861,0
            -119.790989,37.756949,0
            -119.790656,37.757134,0
            -119.789336,37.758566,0
            -119.788832,37.758681,0
            -119.78828,37.758585,0
            -119.786388,37.757206,0
            -119.785847,37.757061,0
            -119.785141,37.757093,0
            -119.779543,37.759419,0
            -119.779057,37.75941,0
            -119.778507,37.759134,0
            -119.777625,37.757198,0
            -119.777318,37.756847,0
            -119.77678,37.756482,0
            -119.774292,37.755566,0
            -119.772896,37.755273,0
            -119.772356,37.75535,0
            -119.771983,37.755507,0
            -119.769862,37.757737,0
            -119.769776,37.758155,0
            -119.769827,37.758396,0
            -119.770637,37.759396,0
            -119.771824,37.760328,0
            -119.77256,37.760633,0
            -119.773908,37.760934,0
            -119.774486,37.761331,0
            -119.774818,37.761841,0
            -119.774908,37.762227,0
            -119.774288,37.765553,0
            -119.77377,37.766418,0
            -119.770675,37.769286,0
            -119.7696,37.769767,0
            -119.768551,37.769916,0
            -119.764374,37.769597,0
            -119.763929,37.769642,0
            -119.763231,37.76991,0
            -119.762768,37.770276,0
            -119.761854,37.771617,0
            -119.76144,37.771919,0
            -119.758504,37.773149,0
            -119.756525,37.774688,0
            -119.756007,37.774819,0
            -119.754521,37.774678,0
            -119.753734,37.77478,0
            -119.752438,37.77527,0
            -119.74988,37.777069,0
            -119.74911,37.777915,0
            -119.74827,37.78053,0
            -119.747777,37.781171,0
            -119.746692,37.78199,0
            -119.740489,37.784759,0
            -119.738445,37.786821,0
            -119.735285,37.788866,0
            -119.734731,37.789059,0
            -119.731302,37.789442,0
            -119.730242,37.789307,0
            -119.728441,37.788766,0
            -119.726853,37.788757,0
            -119.724525,37.78956,0
            -119.723923,37.790167,0
            -119.720123,37.797342,0
            -119.71912,37.798411,0
            -119.718643,37.799182,0
            -119.717947,37.802225,0
            -119.715295,37.807742,0
            -119.713218,37.811156,0
            -119.713152,37.81167,0
            -119.713434,37.812882,0
            -119.713335,37.813271,0
            -119.712629,37.814253,0
            -119.712482,37.815987,0
            -119.712581,37.8165,0
            -119.712995,37.817288,0
            -119.714148,37.818417,0
            -119.714282,37.818656,0
            -119.71433,37.819123,0
            -119.714181,37.819487,0
            -119.71373,37.819888,0
            -119.713091,37.820061,0
            -119.711859,37.820034,0
            -119.710027,37.820497,0
            -119.706353,37.821002,0
            -119.705082,37.821469,0
            -119.702835,37.823555,0
            -119.701913,37.825361,0
            -119.701768,37.82616,0
            -119.702249,37.830219,0
            -119.702057,37.830848,0
            -119.701701,37.831236,0
            -119.70109,37.831568,0
            -119.699628,37.831855,0
            -119.698749,37.832187,0
            -119.692319,37.836345,0
            -119.690329,37.838261,0
            -119.689666,37.838555,0
            -119.688228,37.83891,0
            -119.687064,37.839414,0
            -119.686322,37.839923,0
            -119.68507,37.841155,0
            -119.67217,37.849604,0
            -119.671175,37.849974,0
            -119.665597,37.850116,0
            -119.664779,37.850348,0
            -119.662857,37.851305,0
            -119.662061,37.851553,0
            -119.661153,37.851584,0
            -119.660224,37.85141,0
            -119.658406,37.850268,0
            -119.65755,37.849937,0
            -119.656311,37.849735,0
            -119.655092,37.849815,0
            -119.653528,37.850172,0
            -119.652606,37.850579,0
            -119.651703,37.851387,0
            -119.650953,37.852735,0
            -119.646011,37.857125,0
            -119.645048,37.857542,0
            -119.644296,37.857671,0
            -119.643366,37.857616,0
            -119.640492,37.856759,0
            -119.635029,37.853402,0
            -119.627432,37.850178,0
            -119.621482,37.849007,0
            -119.619509,37.849096,0
            -119.618429,37.849395,0
            -119.616583,37.85036,0
            -119.61589,37.850532,0
            -119.615269,37.85048,0
            -119.611486,37.848777,0
            -119.610909,37.848715,0
            -119.610323,37.848821,0
            -119.608138,37.849781,0
            -119.605516,37.850189,0
            -119.604534,37.849971,0
            -119.602723,37.848702,0
            -119.602216,37.848478,0
            -119.601245,37.848271,0
            -119.599894,37.848332,0
            -119.598154,37.848822,0
            -119.597254,37.848741,0
            -119.596505,37.848356,0
            -119.595065,37.846484,0
            -119.594868,37.845924,0
            -119.595167,37.844134,0
            -119.595047,37.843515,0
            -119.593921,37.841696,0
            -119.593693,37.839989,0
            -119.593349,37.839444,0
            -119.592935,37.839181,0
            -119.59232,37.839034,0
            -119.5903,37.839419,0
            -119.589795,37.839664,0
            -119.589535,37.839918,0
            -119.588837,37.841679,0
            -119.588797,37.843908,0
            -119.588488,37.84474,0
            -119.5879,37.845639,0
            -119.587103,37.846405,0
            -119.586385,37.84684,0
            -119.585104,37.847291,0
            -119.584418,37.847688,0
            -119.583058,37.848856,0
            -119.581844,37.849348,0
            -119.580444,37.85022,0
            -119.579151,37.851593,0
            -119.578557,37.851995,0
            -119.578074,37.852185,0
            -119.577098,37.852287,0
            -119.574088,37.851743,0
            -119.572986,37.851174,0
            -119.57195,37.849901,0
            -119.571732,37.84904,0
            -119.571857,37.848047,0
            -119.57308,37.845434,0
            -119.573412,37.843963,0
            -119.573868,37.842945,0
            -119.577731,37.837407,0
            -119.578029,37.836285,0
            -119.577885,37.833856,0
            -119.578332,37.832219,0
            -119.581109,37.828465,0
            -119.581344,37.827936,0
            -119.581417,37.826786,0
            -119.581117,37.826191,0
            -119.580135,37.824979,0
            -119.580018,37.824404,0
            -119.580185,37.823818,0
            -119.58087,37.822924,0
            -119.581001,37.822569,0
            -119.580937,37.821973,0
            -119.580463,37.821439,0
            -119.578995,37.820705,0
            -119.578394,37.820107,0
            -119.57803,37.819089,0
            -119.578259,37.818102,0
            -119.578692,37.817532,0
            -119.580432,37.816114,0
            -119.580546,37.815422,0
            -119.580427,37.815015,0
            -119.579876,37.814339,0
            -119.579049,37.814016,0
            -119.57828,37.814028,0
            -119.576842,37.814597,0
            -119.575879,37.814651,0
            -119.57529,37.814485,0
            -119.574646,37.814001,0
            -119.572719,37.811072,0
            -119.571139,37.80965,0
            -119.569944,37.808874,0
            -119.568104,37.808014,0
            -119.566044,37.80741,0
            -119.556606,37.805913,0
            -119.555017,37.805877,0
            -119.550882,37.806543,0
            -119.549196,37.807176,0
            -119.548296,37.80726,0
            -119.546104,37.806755,0
            -119.545263,37.806705,0
            -119.537753,37.808144,0
            -119.535765,37.808926,0
            -119.532034,37.811596,0
            -119.53091,37.81197,0
            -119.529052,37.812159,0
            -119.519251,37.816106,0
            -119.51706,37.817752,0
            -119.516533,37.817933,0
            -119.515458,37.817861,0
            -119.514257,37.817275,0
            -119.509096,37.817175,0
            -119.508141,37.81672,0
            -119.507697,37.816178,0
            -119.507515,37.815715,0
            -119.507478,37.815121,0
            -119.507621,37.814518,0
            -119.508005,37.813992,0
            -119.509201,37.812951,0
            -119.50942,37.812598,0
            -119.509407,37.811899,0
            -119.509028,37.81142,0
            -119.508684,37.811229,0
            -119.507989,37.81111,0
            -119.507343,37.81124,0
            -119.505957,37.81204,0
            -119.502526,37.813276,0
            -119.500794,37.814534,0
            -119.498601,37.816821,0
            -119.498255,37.817035,0
            -119.497863,37.817153,0
            -119.497243,37.817136,0
            -119.496879,37.817018,0
            -119.49645,37.816697,0
            -119.496247,37.816341,0
            -119.496301,37.815147,0
            -119.496143,37.814625,0
            -119.495669,37.814101,0
            -119.492551,37.812492,0
            -119.491668,37.812336,0
            -119.488016,37.812617,0
            -119.48754,37.812558,0
            -119.486798,37.812148,0
            -119.486019,37.811177,0
            -119.485621,37.810991,0
            -119.484949,37.810913,0
            -119.484446,37.811021,0
            -119.483786,37.811537,0
            -119.481111,37.816303,0
            -119.478736,37.818753,0
            -119.478339,37.819505,0
            -119.477692,37.822799,0
            -119.477091,37.823686,0
            -119.475906,37.824402,0
            -119.470175,37.825973,0
            -119.469336,37.82653,0
            -119.468029,37.828981,0
            -119.467693,37.830321,0
            -119.466444,37.832509,0
            -119.46611,37.832819,0
            -119.465276,37.833173,0
            -119.463581,37.834217,0
            -119.463001,37.834313,0
            -119.462585,37.834252,0
            -119.461336,37.833736,0
            -119.4607,37.8336,0
            -119.459575,37.83363,0
            -119.458979,37.833813,0
            -119.454865,37.836041,0
            -119.450725,37.839409,0
            -119.447845,37.842711,0
            -119.445015,37.847795,0
            -119.443057,37.849558,0
            -119.439913,37.853679,0
            -119.437962,37.857304,0
            -119.432934,37.863348,0
            -119.431801,37.865612,0
            -119.429537,37.868407,0
            -119.427331,37.871944,0
            -119.426691,37.872659,0
            -119.426065,37.87311,0
            -119.425094,37.873569,0
            -119.424224,37.873799,0
            -119.420127,37.874273,0
            -119.419502,37.874571,0
            -119.41768,37.876333,0
            -119.417203,37.876554,0
            -119.416299,37.876741,0
            -119.415573,37.876707,0
            -119.413012,37.87608,0
            -119.411904,37.876007,0
            -119.406714,37.876577,0
            -119.406205,37.876763,0
            -119.405459,37.877313,0
            -119.404128,37.879418,0
            -119.401822,37.881174,0
            -119.401021,37.881447,0
            -119.40057,37.881478,0
            -119.397673,37.88081,0
            -119.396864,37.880354,0
            -119.396157,37.879635,0
            -119.395396,37.87764,0
            -119.394958,37.877127,0
            -119.394433,37.876762,0
            -119.386436,37.873632,0
            -119.384125,37.873329,0
            -119.377673,37.873749,0
            -119.376141,37.873533,0
            -119.371415,37.872143,0
            -119.369369,37.871943,0
            -119.362278,37.872486,0
            -119.360223,37.872962,0
            -119.358283,37.873782,0
            -119.354416,37.876585,0
            -119.353637,37.876931,0
            -119.347554,37.877266,0
            -119.343171,37.877963,0
            -119.337327,37.8803,0
            -119.336786,37.880402,0
            -119.329004,37.8801,0
            -119.328104,37.880188,0
            -119.325833,37.880969,0
            -119.324833,37.881874,0
            -119.324266,37.882093,0
            -119.323462,37.882121,0
            -119.32106,37.881157,0
            -119.315433,37.880234,0
            -119.313589,37.880297,0
            -119.309907,37.880876,0
            -119.307851,37.880826,0
            -119.306387,37.880589,0
            -119.301248,37.879021,0
            -119.299922,37.87877,0
            -119.298293,37.878693,0
            -119.295733,37.8789,0
            -119.293228,37.878748,0
            -119.289713,37.877822,0
            -119.286662,37.87754,0
            -119.281096,37.878441,0
            -119.279009,37.879213,0
            -119.277099,37.879251,0
            -119.276378,37.879417,0
            -119.275678,37.879876,0
            -119.27402,37.882277,0
            -119.270258,37.886143,0
            -119.260774,37.89235,0
            -119.260287,37.892878,0
            -119.259929,37.893713,0
            -119.259658,37.896989,0
            -119.26012,37.901324,0
            -119.259989,37.904227,0
            -119.259622,37.905792,0
            -119.258072,37.909672,0
            -119.257736,37.91299,0
            -119.256517,37.916541,0
            -119.255192,37.918661,0
            -119.254896,37.921558,0
            -119.256172,37.924417,0
            -119.256274,37.925774,0
            -119.255217,37.928171,0
            -119.254739,37.928747,0
            -119.254265,37.929101,0
            -119.253265,37.929557,0
            -119.251342,37.930086,0
            -119.250488,37.930689,0
            -119.248358,37.934502,0
            -119.248414,37.935269,0
            -119.249437,37.936725,0
            -119.249523,37.937201,0
            -119.249448,37.937534,0
            -119.249101,37.938014,0
            -119.24858,37.938303,0
            -119.247985,37.93835,0
            -119.246155,37.938117,0
            -119.245411,37.938227,0
            -119.244531,37.938616,0
            -119.243028,37.939755,0
            -119.242227,37.940101,0
            -119.241429,37.940256,0
            -119.240689,37.940268,0
            -119.239389,37.939966,0
            -119.238695,37.939586,0
            -119.235265,37.936765,0
            -119.23304,37.935676,0
            -119.232543,37.935631,0
            -119.231942,37.935757,0
            -119.23143,37.936065,0
            -119.231098,37.936621,0
            -119.231293,37.938162,0
            -119.23121,37.938594,0
            -119.230258,37.939798,0
            -119.230007,37.941084,0
            -119.228966,37.94216,0
            -119.227631,37.944138,0
            -119.226251,37.945525,0
            -119.225801,37.947511,0
            -119.224757,37.948853,0
            -119.224717,37.949598,0
            -119.224829,37.949846,0
            -119.225899,37.950813,0
            -119.226112,37.951193,0
            -119.226114,37.951948,0
            -119.225893,37.95226,0
            -119.225304,37.952617,0
            -119.224646,37.952722,0
            -119.224181,37.952653,0
            -119.22376,37.952476,0
            -119.222868,37.951762,0
            -119.222164,37.951427,0
            -119.219028,37.950725,0
            -119.218046,37.950289,0
            -119.213154,37.949451,0
            -119.212673,37.949511,0
            -119.210543,37.95017,0
            -119.20903,37.95017,0
            -119.207667,37.950432,0
            -119.207169,37.950422,0
            -119.205803,37.950131,0
            -119.200078,37.949971,0
            -119.196744,37.949154,0
            -119.194778,37.948347,0
            -119.191477,37.947756,0
            -119.18989,37.94795,0
            -119.189292,37.9478,0
            -119.188961,37.947543,0
            -119.188485,37.946721,0
            -119.187959,37.946186,0
            -119.186687,37.945309,0
            -119.185138,37.944722,0
            -119.184683,37.944283,0
            -119.184221,37.942971,0
            -119.183597,37.942338,0
            -119.182092,37.941339,0
            -119.179318,37.937935,0
            -119.177031,37.932944,0
            -119.176275,37.932278,0
            -119.17545,37.931824,0
            -119.169902,37.93043,0
            -119.168382,37.930418,0
            -119.164422,37.931133,0
            -119.160542,37.931056,0
            -119.150921,37.93394,0
            -119.146883,37.935862,0
            -119.134792,37.940063,0
            -119.130207,37.940753,0
            -119.126393,37.940454,0
            -119.123358,37.93971,0
            -119.122234,37.939635,0
            -119.120776,37.93992,0
            -119.119828,37.940406,0
            -119.11917,37.940989,0
            -119.118602,37.94196,0
            -119.118075,37.944359,0
            -119.117814,37.944838,0
            -119.1171,37.945609,0
            -119.11437,37.947534,0
            -119.113628,37.948613,0
            -119.113196,37.950097,0
            -119.11296,37.95025,0
            -119.112479,37.95027,0
            -119.1103,37.949855,0
            -119.108411,37.949013,0
            -119.107449,37.948269,0
            -119.102735,37.942709,0
            -119.101666,37.940324,0
            -119.085304,37.856672,0
            -119.08309,37.851993,0
            -119.080438,37.84816,0
            -119.077153,37.841142,0
            -119.0734,37.835152,0
            -119.072931,37.834005,0
            -119.072603,37.832322,0
            -119.071747,37.83089,0
            -119.070728,37.830068,0
            -119.067358,37.828646,0
            -119.06545,37.827285,0
            -119.064598,37.826246,0
            -119.060625,37.818879,0
            -119.059843,37.817808,0
            -119.055814,37.814453,0
            -119.055603,37.814366,0
            -119.054291,37.813334,0
            -119.054246,37.813228,0
            -119.046833,37.807457,0
            -119.042679,37.8051,0
            -119.041397,37.803653,0
            -119.040808,37.801821,0
            -119.040947,37.798628,0
            -119.040735,37.797406,0
            -119.040204,37.796213,0
            -119.039017,37.79479,0
            -119.038126,37.794094,0
            -119.023545,37.786476,0
            -119.022569,37.785573,0
            -119.021886,37.78457,0
            -119.020734,37.780462,0
            -119.019574,37.778663,0
            -119.018019,37.777219,0
            -119.004142,37.76833,0
            -118.99867,37.763619,0
            -118.995509,37.762276,0
            -118.992563,37.759931,0
            -118.9901,37.75894,0
            -118.988222,37.757876,0
            -118.986517,37.75632,0
            -118.985664,37.755146,0
            -118.98274,37.74892,0
            -118.976782,37.743169,0
            -118.954313,37.712801,0
            -118.953789,37.711658,0
            -118.95145,37.703282,0
            -118.948768,37.697095,0
            -118.943804,37.691485,0
            -118.943042,37.69011,0
            -118.939313,37.676276,0
            -118.935593,37.668186,0
            -118.934614,37.666862,0
            -118.9268,37.65888,0
            -118.925815,37.657537,0
            -118.924868,37.655492,0
            -118.924456,37.653475,0
            -118.924457,37.649277,0
            -118.924066,37.647559,0
            -118.923314,37.646074,0
            -118.921484,37.643917,0
            -118.918268,37.641195,0
            -118.918281,37.641039,0
            -118.918438,37.640894,0
            -118.924462,37.639706,0
            -118.930127,37.639651,0
            -118.937204,37.640215,0
            -118.938667,37.640598,0
            -118.94602,37.643773,0
            -118.95213,37.645974,0
            -118.955109,37.646537,0
            -118.963394,37.6466,0
            -118.965836,37.646859,0
            -118.966672,37.639211,0
            -118.966439,37.639217,0
            -118.966461,37.63943,0
            -118.966126,37.639435,0
            -118.966116,37.639578,0
            -118.96603,37.639625,0
            -118.965675,37.639621,0
            -118.965676,37.639427,0
            -118.966461,37.63943,0
            -118.966439,37.639217,0
            -118.966672,37.639211,0
            -118.966504,37.637293,0
            -118.968168,37.637289,0
            -118.968272,37.637755,0
            -118.968168,37.637289,0
            -118.966504,37.637293,0
            -118.966673,37.639395,0
            -118.966131,37.644829,0
            -118.96394,37.644828,0
            -118.963905,37.646634,0
            -118.965701,37.646835,0
            -118.973593,37.648496,0
            -118.976719,37.648799,0
            -118.98242,37.64852,0
            -118.983733,37.648227,0
            -118.984373,37.647909,0
            -118.984716,37.648326,0
            -118.984847,37.649023,0
            -118.985033,37.649371,0
            -118.985734,37.649974,0
            -118.986704,37.650246,0
            -118.987045,37.650217,0
            -118.987083,37.649552,0
            -118.986757,37.649477,0
            -118.986533,37.649493,0
            -118.986486,37.649463,0
            -118.98648,37.649406,0
          </coordinates>
        </LineString>
      </Placemark>
      <Placemark>
        <name>The Westin Monache Resort, Mammoth</name>
        <description><![CDATA[description: Hotel from 2021-09-12T01:38:46.000Z to 2021-09-12T17:25:48.000Z. Distance 0m<br>Email: syugen.zhou@gmail.com<br>Category: Hotel<br>Distance: 0]]></description>
        <styleUrl>#icon-1602-0288D1</styleUrl>
        <ExtendedData>
          <Data name="description">
            <value>Hotel from 2021-09-12T01:38:46.000Z to 2021-09-12T17:25:48.000Z. Distance 0m</value>
          </Data>
          <Data name="Email">
            <value>syugen.zhou@gmail.com</value>
          </Data>
          <Data name="Category">
            <value>Hotel</value>
          </Data>
          <Data name="Distance">
            <value>0</value>
          </Data>
        </ExtendedData>
        <Point>
          <coordinates>
            -118.986319,37.649229,0
          </coordinates>
        </Point>
      </Placemark>
    </Folder>
  </Document>
</kml>
