<?xml version='1.0' encoding='UTF-8'?>
<kml xmlns="http://www.opengis.net/kml/2.2">
  <Document>
    <name>59-yosemite-redact</name>
    <Style id="icon-1603-0288D1-nodesc-normal">
      <IconStyle>
        <color>ffd18802</color>
        <scale>1</scale>
        <Icon>
          <href>https://www.gstatic.com/mapspro/images/stock/503-wht-blank_maps.png</href>
        </Icon>
      </IconStyle>
      <LabelStyle>
        <scale>0</scale>
      </LabelStyle>
    </Style>
    <Style id="icon-1603-0288D1-nodesc-highlight">
      <IconStyle>
        <color>ffd18802</color>
        <scale>1</scale>
        <Icon>
          <href>https://www.gstatic.com/mapspro/images/stock/503-wht-blank_maps.png</href>
        </Icon>
      </IconStyle>
      <LabelStyle>
        <scale>1</scale>
      </LabelStyle>
    </Style>
    <StyleMap id="icon-1603-0288D1-nodesc">
      <Pair>
        <key>normal</key>
        <styleUrl>#icon-1603-0288D1-nodesc-normal</styleUrl>
      </Pair>
      <Pair>
        <key>highlight</key>
        <styleUrl>#icon-1603-0288D1-nodesc-highlight</styleUrl>
      </Pair>
    </StyleMap>
    <Style id="icon-1535-0288D1-normal">
      <IconStyle>
        <color>ffd18802</color>
        <scale>1</scale>
        <Icon>
          <href>https://www.gstatic.com/mapspro/images/stock/503-wht-blank_maps.png</href>
        </Icon>
      </IconStyle>
      <LabelStyle>
        <scale>0</scale>
      </LabelStyle>
    </Style>
    <Style id="icon-1535-0288D1-highlight">
      <IconStyle>
        <color>ffd18802</color>
        <scale>1</scale>
        <Icon>
          <href>https://www.gstatic.com/mapspro/images/stock/503-wht-blank_maps.png</href>
        </Icon>
      </IconStyle>
      <LabelStyle>
        <scale>1</scale>
      </LabelStyle>
    </Style>
    <StyleMap id="icon-1535-0288D1">
      <Pair>
        <key>normal</key>
        <styleUrl>#icon-1535-0288D1-normal</styleUrl>
      </Pair>
      <Pair>
        <key>highlight</key>
        <styleUrl>#icon-1535-0288D1-highlight</styleUrl>
      </Pair>
    </StyleMap>
    <Style id="icon-1602-0288D1-normal">
      <IconStyle>
        <color>ffd18802</color>
        <scale>1</scale>
        <Icon>
          <href>https://www.gstatic.com/mapspro/images/stock/503-wht-blank_maps.png</href>
        </Icon>
      </IconStyle>
      <LabelStyle>
        <scale>0</scale>
      </LabelStyle>
    </Style>
    <Style id="icon-1602-0288D1-highlight">
      <IconStyle>
        <color>ffd18802</color>
        <scale>1</scale>
        <Icon>
          <href>https://www.gstatic.com/mapspro/images/stock/503-wht-blank_maps.png</href>
        </Icon>
      </IconStyle>
      <LabelStyle>
        <scale>1</scale>
      </LabelStyle>
    </Style>
    <StyleMap id="icon-1602-0288D1">
      <Pair>
        <key>normal</key>
        <styleUrl>#icon-1602-0288D1-normal</styleUrl>
      </Pair>
      <Pair>
        <key>highlight</key>
        <styleUrl>#icon-1602-0288D1-highlight</styleUrl>
      </Pair>
    </StyleMap>
    <Style id="icon-1739-0288D1-normal">
      <IconStyle>
        <color>ffd18802</color>
        <scale>1</scale>
        <Icon>
          <href>https://www.gstatic.com/mapspro/images/stock/503-wht-blank_maps.png</href>
        </Icon>
      </IconStyle>
      <LabelStyle>
        <scale>0</scale>
      </LabelStyle>
    </Style>
    <Style id="icon-1739-0288D1-highlight">
      <IconStyle>
        <color>ffd18802</color>
        <scale>1</scale>
        <Icon>
          <href>https://www.gstatic.com/mapspro/images/stock/503-wht-blank_maps.png</href>
        </Icon>
      </IconStyle>
      <LabelStyle>
        <scale>1</scale>
      </LabelStyle>
    </Style>
    <StyleMap id="icon-1739-0288D1">
      <Pair>
        <key>normal</key>
        <styleUrl>#icon-1739-0288D1-normal</styleUrl>
      </Pair>
      <Pair>
        <key>highlight</key>
        <styleUrl>#icon-1739-0288D1-highlight</styleUrl>
      </Pair>
    </StyleMap>
    <Style id="line-A52714-5000-normal">
      <LineStyle>
        <color>ff1427a5</color>
        <width>5</width>
      </LineStyle>
    </Style>
    <Style id="line-A52714-5000-highlight">
      <LineStyle>
        <color>ff1427a5</color>
        <width>7.5</width>
      </LineStyle>
    </Style>
    <StyleMap id="line-A52714-5000">
      <Pair>
        <key>normal</key>
        <styleUrl>#line-A52714-5000-normal</styleUrl>
      </Pair>
      <Pair>
        <key>highlight</key>
        <styleUrl>#line-A52714-5000-highlight</styleUrl>
      </Pair>
    </StyleMap>
    <Style id="line-F9A825-5000-normal">
      <LineStyle>
        <color>ff25a8f9</color>
        <width>5</width>
      </LineStyle>
    </Style>
    <Style id="line-F9A825-5000-highlight">
      <LineStyle>
        <color>ff25a8f9</color>
        <width>7.5</width>
      </LineStyle>
    </Style>
    <StyleMap id="line-F9A825-5000">
      <Pair>
        <key>normal</key>
        <styleUrl>#line-F9A825-5000-normal</styleUrl>
      </Pair>
      <Pair>
        <key>highlight</key>
        <styleUrl>#line-F9A825-5000-highlight</styleUrl>
      </Pair>
    </StyleMap>
    <Folder>
      <name>2021-09-12</name>
      <Placemark>
        <name>The Westin Monache Resort, Mammoth</name>
        <styleUrl>#icon-1602-0288D1</styleUrl>
        <ExtendedData>
          <Data name="Category">
            <value>Hotel</value>
          </Data>
          <Data name="Distance">
            <value>0</value>
          </Data>
        </ExtendedData>
        <Point>
          <coordinates>
            -118.986319,37.649229,0
          </coordinates>
        </Point>
      </Placemark>
      <Placemark>
        <name>Driving</name>
        <styleUrl>#line-F9A825-5000</styleUrl>
        <ExtendedData>
          <Data name="Category">
            <value>Driving</value>
          </Data>
          <Data name="Distance">
            <value>3390</value>
          </Data>
        </ExtendedData>
        <LineString>
          <tessellate>1</tessellate>
          <coordinates>
            -118.9865130,37.6493460,0
            -118.9865160,37.6493430,0
            -118.9865220,37.6493390,0
            -118.9865330,37.6493350,0
            -118.9865590,37.6493310,0
            -118.9865910,37.6493290,0
            -118.9866170,37.6493350,0
            -118.9866540,37.6493510,0
            -118.9866920,37.6493810,0
            -118.9867030,37.6493990,0
            -118.9867140,37.6494170,0
            -118.9867570,37.6494770,0
            -118.9867690,37.6494850,0
            -118.9868290,37.6495100,0
            -118.9868730,37.6495320,0
            -118.9869300,37.6495450,0
            -118.9870260,37.6495520,0
            -118.9870830,37.6495520,0
            -118.9870810,37.6497290,0
            -118.9870740,37.6498860,0
            -118.9870450,37.6502170,0
            -118.9869690,37.6502390,0
            -118.9868420,37.6502510,0
            -118.9867040,37.6502460,0
            -118.9865550,37.6502170,0
            -118.9863810,37.6501840,0
            -118.9861970,37.6501370,0
            -118.9859840,37.6500780,0
            -118.9858170,37.6500110,0
            -118.9857340,37.6499740,0
            -118.9856560,37.6499270,0
            -118.9855840,37.6498780,0
            -118.9854080,37.6497350,0
            -118.9853160,37.6496560,0
            -118.9851820,37.6495420,0
            -118.9850330,37.6493710,0
            -118.9849420,37.6492170,0
            -118.9848720,37.6490740,0
            -118.9848470,37.6490230,0
            -118.9847990,37.6488280,0
            -118.9847850,37.6487300,0
            -118.9847570,37.6485030,0
            -118.9847340,37.6483810,0
            -118.9847160,37.6483260,0
            -118.9846910,37.6482760,0
            -118.9846600,37.6482310,0
            -118.9846350,37.6482030,0
            -118.9844520,37.6479980,0
            -118.9843730,37.6479090,0
            -118.9842050,37.6480180,0
            -118.9839710,37.6481280,0
            -118.9838480,37.6481790,0
            -118.9837320,37.6482270,0
            -118.9836350,37.6482610,0
            -118.9834620,37.6483200,0
            -118.9831680,37.6483970,0
            -118.9826930,37.6484820,0
            -118.9825160,37.6485070,0
            -118.9824200,37.6485200,0
            -118.9824070,37.6485210,0
            -118.9821850,37.6485400,0
            -118.9819660,37.6485600,0
            -118.9814710,37.6485830,0
            -118.9812170,37.6485990,0
            -118.9797740,37.6487060,0
            -118.9795880,37.6487200,0
            -118.9791160,37.6487480,0
            -118.9774630,37.6488000,0
            -118.9767190,37.6487990,0
            -118.9761240,37.6487680,0
            -118.9760460,37.6487650,0
            -118.9753000,37.6487150,0
            -118.9745840,37.6486420,0
            -118.9743040,37.6486060,0
            -118.9735930,37.6484960,0
            -118.9734540,37.6484700,0
            -118.9727570,37.6483320,0
            -118.9725620,37.6482880,0
            -118.9714010,37.6480430,0
            -118.9698250,37.6477100,0
            -118.9686340,37.6474520,0
            -118.9684700,37.6474080,0
            -118.9680830,37.6473270,0
            -118.9675010,37.6472050,0
            -118.9673940,37.6471820,0
            -118.9672020,37.6471400,0
            -118.9669860,37.6470920,0
            -118.9665870,37.6470030,0
            -118.9665130,37.6469860,0
            -118.9663540,37.6469510,0
            -118.9658360,37.6468590,0
            -118.9657010,37.6468350,0
            -118.9653260,37.6467810,0
            -118.9648110,37.6467190,0
            -118.9647570,37.6467160,0
            -118.9644450,37.6466780,0
          </coordinates>
        </LineString>
      </Placemark>
      <Placemark>
        <name>Starbucks</name>
        <styleUrl>#icon-1739-0288D1</styleUrl>
        <ExtendedData>
          <Data name="Category">
            <value>Coffee shop</value>
          </Data>
          <Data name="Distance">
            <value>0</value>
          </Data>
        </ExtendedData>
        <Point>
          <coordinates>
            -118.964273,37.646108,0
          </coordinates>
        </Point>
      </Placemark>
      <Placemark>
        <name>Driving</name>
        <styleUrl>#line-F9A825-5000</styleUrl>
        <ExtendedData>
          <Data name="Category">
            <value>Driving</value>
          </Data>
          <Data name="Distance">
            <value>38617</value>
          </Data>
        </ExtendedData>
        <LineString>
          <tessellate>1</tessellate>
          <coordinates>
            -118.9649660,37.6467380,0
            -118.9633940,37.6466000,0
            -118.9568180,37.6465460,0
            -118.9542680,37.6462250,0
            -118.9501230,37.6449490,0
            -118.9385880,37.6400130,0
            -118.9367030,37.6396020,0
            -118.9303470,37.6395870,0
            -118.9301270,37.6396510,0
            -118.9244620,37.6397060,0
            -118.9228940,37.6399090,0
            -118.9155260,37.6415600,0
            -118.9196390,37.6433370,0
            -118.9198310,37.6433740,0
            -118.9214650,37.6445530,0
            -118.9227620,37.6460030,0
            -118.9233770,37.6470440,0
            -118.9239260,37.6487310,0
            -118.9240430,37.6533880,0
            -118.9243260,37.6548990,0
            -118.9246850,37.6559490,0
            -118.9254610,37.6574760,0
            -118.9284150,37.6616900,0
            -118.9316590,37.6647240,0
            -118.9325260,37.6659640,0
            -118.9334600,37.6681670,0
            -118.9390000,37.6763060,0
            -118.9427120,37.6900620,0
            -118.9439000,37.6920620,0
            -118.9476070,37.6960170,0
            -118.9480450,37.6967640,0
            -118.9510580,37.7041120,0
            -118.9532420,37.7122020,0
            -118.9537930,37.7133030,0
            -118.9766730,37.7436620,0
            -118.9821170,37.7487270,0
            -118.9825980,37.7494260,0
            -118.9847790,37.7547540,0
            -118.9853350,37.7555850,0
            -118.9882690,37.7582920,0
            -118.9898330,37.7592920,0
            -118.9921500,37.7600910,0
            -118.9929190,37.7605570,0
            -118.9943270,37.7622070,0
            -118.9952570,37.7627570,0
            -118.9979060,37.7635200,0
            -118.9996370,37.7644710,0
            -119.0032560,37.7677770,0
            -119.0184350,37.7776520,0
            -119.0193780,37.7785730,0
            -119.0200770,37.7794830,0
            -119.0207310,37.7806790,0
            -119.0210700,37.7817030,0
            -119.0215650,37.7844490,0
            -119.0219190,37.7853380,0
            -119.0223520,37.7860200,0
            -119.0231670,37.7869040,0
            -119.0239980,37.7875230,0
            -119.0248180,37.7879730,0
            -119.0290560,37.7895170,0
            -119.0376530,37.7938970,0
            -119.0389480,37.7948410,0
            -119.0400780,37.7961960,0
            -119.0406290,37.7974000,0
            -119.0408590,37.7988220,0
            -119.0407110,37.8018810,0
            -119.0409560,37.8029200,0
            -119.0413170,37.8037020,0
            -119.0418270,37.8043990,0
            -119.0425860,37.8051410,0
            -119.0431090,37.8055090,0
            -119.0460250,37.8070540,0
            -119.0479350,37.8083480,0
            -119.0541470,37.8132920,0
            -119.0542910,37.8133340,0
            -119.0556030,37.8143660,0
            -119.0557270,37.8145370,0
            -119.0589570,37.8172410,0
            -119.0600700,37.8187190,0
            -119.0640810,37.8261040,0
            -119.0678070,37.8305470,0
            -119.0686660,37.8319890,0
            -119.0691790,37.8332730,0
            -119.0703520,37.8390540,0
            -119.0708990,37.8403740,0
            -119.0721170,37.8424320,0
            -119.0733280,37.8438400,0
            -119.0779950,37.8483680,0
            -119.0796360,37.8502680,0
            -119.0845230,37.8581750,0
            -119.0857040,37.8608360,0
            -119.1012720,37.9404830,0
            -119.1024600,37.9430200,0
            -119.1066700,37.9480190,0
            -119.1073330,37.9486280,0
            -119.1083420,37.9492870,0
            -119.1090560,37.9496230,0
            -119.1101640,37.9499790,0
            -119.1161020,37.9509450,0
            -119.1167340,37.9512280,0
            -119.1173060,37.9516780,0
            -119.1175840,37.9520110,0
            -119.1179240,37.9528400,0
            -119.1182570,37.9548790,0
            -119.1183520,37.9549460,0
            -119.1192670,37.9566700,0
            -119.1243440,37.9635540,0
            -119.1243620,37.9636650,0
            -119.1226320,37.9644960,0
            -119.1205540,37.9649500,0
            -119.1203620,37.9650770,0
            -119.1201680,37.9653210,0
            -119.1200510,37.9658230,0
            -119.1200880,37.9660310,0
            -119.1205740,37.9666630,0
            -119.1207320,37.9667430,0
          </coordinates>
        </LineString>
      </Placemark>
      <Placemark>
        <name>Mono Basin Scenic Area Visitor Center</name>
        <styleUrl>#icon-1535-0288D1</styleUrl>
        <ExtendedData>
          <Data name="Category">
            <value>Visitor center</value>
          </Data>
          <Data name="Distance">
            <value>0</value>
          </Data>
        </ExtendedData>
        <Point>
          <coordinates>
            -119.120077,37.966987,0
          </coordinates>
        </Point>
      </Placemark>
      <Placemark>
        <name>Driving</name>
        <styleUrl>#line-F9A825-5000</styleUrl>
        <ExtendedData>
          <Data name="Category">
            <value>Driving</value>
          </Data>
          <Data name="Distance">
            <value>28362</value>
          </Data>
        </ExtendedData>
        <LineString>
          <tessellate>1</tessellate>
          <coordinates>
            -119.1207320,37.9667430,0
            -119.1205740,37.9666630,0
            -119.1200880,37.9660310,0
            -119.1200510,37.9658230,0
            -119.1201680,37.9653210,0
            -119.1203620,37.9650770,0
            -119.1205540,37.9649500,0
            -119.1226320,37.9644960,0
            -119.1243620,37.9636650,0
            -119.1252710,37.9645960,0
            -119.1263800,37.9653320,0
            -119.1289870,37.9665990,0
            -119.1301390,37.9675260,0
            -119.1305120,37.9680110,0
            -119.1305810,37.9680390,0
            -119.1335040,37.9725000,0
            -119.1338760,37.9743220,0
            -119.1341510,37.9749690,0
            -119.1357020,37.9768660,0
            -119.1354670,37.9769340,0
            -119.1352500,37.9768950,0
            -119.1345900,37.9764740,0
            -119.1337980,37.9770110,0
            -119.1345900,37.9764740,0
            -119.1352500,37.9768950,0
            -119.1354670,37.9769340,0
            -119.1357020,37.9768660,0
            -119.1341510,37.9749690,0
            -119.1338760,37.9743220,0
            -119.1335040,37.9725000,0
            -119.1305810,37.9680390,0
            -119.1305930,37.9679840,0
            -119.1299940,37.9672600,0
            -119.1292830,37.9666860,0
            -119.1261030,37.9650810,0
            -119.1254430,37.9646060,0
            -119.1244670,37.9636080,0
            -119.1243440,37.9635540,0
            -119.1192670,37.9566700,0
            -119.1183520,37.9549460,0
            -119.1183860,37.9548640,0
            -119.1180150,37.9527670,0
            -119.1177050,37.9520850,0
            -119.1167340,37.9512280,0
            -119.1159720,37.9508590,0
            -119.1138680,37.9504910,0
            -119.1133670,37.9503160,0
            -119.1131960,37.9500970,0
            -119.1136280,37.9486130,0
            -119.1140250,37.9479080,0
            -119.1143690,37.9475340,0
            -119.1171000,37.9456090,0
            -119.1178140,37.9448380,0
            -119.1180740,37.9443590,0
            -119.1186010,37.9419600,0
            -119.1191700,37.9409890,0
            -119.1198280,37.9404060,0
            -119.1207760,37.9399200,0
            -119.1222340,37.9396350,0
            -119.1233580,37.9397100,0
            -119.1263930,37.9404540,0
            -119.1302070,37.9407530,0
            -119.1347920,37.9400630,0
            -119.1468830,37.9358620,0
            -119.1509210,37.9339400,0
            -119.1605420,37.9310560,0
            -119.1644220,37.9311340,0
            -119.1683820,37.9304180,0
            -119.1699020,37.9304300,0
            -119.1754500,37.9318240,0
            -119.1762750,37.9322780,0
            -119.1770310,37.9329440,0
            -119.1773380,37.9333810,0
            -119.1793180,37.9379350,0
            -119.1813270,37.9405720,0
            -119.1820920,37.9413390,0
            -119.1835970,37.9423380,0
            -119.1842210,37.9429710,0
            -119.1844720,37.9434330,0
            -119.1846830,37.9442830,0
            -119.1851380,37.9447220,0
            -119.1866870,37.9453090,0
            -119.1879590,37.9461860,0
            -119.1884850,37.9467210,0
            -119.1889610,37.9475430,0
            -119.1892920,37.9478000,0
            -119.1898900,37.9479500,0
            -119.1914770,37.9477560,0
            -119.1947780,37.9483470,0
            -119.1967440,37.9491540,0
            -119.2000780,37.9499710,0
            -119.2058030,37.9501310,0
            -119.2071690,37.9504220,0
            -119.2076670,37.9504320,0
            -119.2090300,37.9501700,0
            -119.2105430,37.9501700,0
            -119.2115570,37.9499410,0
            -119.2126730,37.9495110,0
            -119.2131540,37.9494510,0
            -119.2141960,37.9495410,0
            -119.2180460,37.9502890,0
            -119.2190280,37.9507250,0
            -119.2221640,37.9514270,0
            -119.2228680,37.9517620,0
            -119.2237600,37.9524760,0
            -119.2241810,37.9526530,0
            -119.2246460,37.9527220,0
            -119.2253040,37.9526170,0
            -119.2258930,37.9522600,0
            -119.2261140,37.9519480,0
            -119.2261780,37.9516280,0
            -119.2261120,37.9511930,0
            -119.2258990,37.9508130,0
            -119.2248290,37.9498460,0
            -119.2247170,37.9495980,0
            -119.2247570,37.9488530,0
            -119.2258010,37.9475110,0
            -119.2261230,37.9457930,0
            -119.2262510,37.9455250,0
            -119.2276310,37.9441380,0
            -119.2289660,37.9421600,0
            -119.2300070,37.9410840,0
            -119.2302580,37.9397980,0
            -119.2312100,37.9385940,0
            -119.2312930,37.9381620,0
            -119.2310980,37.9366210,0
            -119.2312380,37.9362870,0
            -119.2314300,37.9360650,0
            -119.2319420,37.9357570,0
            -119.2325430,37.9356320,0
            -119.2330400,37.9356770,0
            -119.2352650,37.9367650,0
            -119.2386950,37.9395860,0
            -119.2393890,37.9399660,0
            -119.2406890,37.9402680,0
            -119.2414290,37.9402560,0
            -119.2422270,37.9401010,0
            -119.2430280,37.9397550,0
            -119.2445310,37.9386160,0
            -119.2454110,37.9382270,0
            -119.2461550,37.9381170,0
            -119.2479850,37.9383500,0
            -119.2485800,37.9383030,0
            -119.2491010,37.9380140,0
            -119.2494480,37.9375340,0
            -119.2495230,37.9372010,0
            -119.2494370,37.9367250,0
            -119.2484140,37.9352690,0
            -119.2483200,37.9348100,0
            -119.2483580,37.9345020,0
            -119.2504880,37.9306890,0
            -119.2508480,37.9303600,0
            -119.2513420,37.9300860,0
            -119.2532650,37.9295570,0
            -119.2542650,37.9291010,0
            -119.2547390,37.9287470,0
            -119.2552170,37.9281710,0
            -119.2562740,37.9257740,0
            -119.2563090,37.9250650,0
            -119.2561720,37.9244170,0
            -119.2548960,37.9215580,0
            -119.2551920,37.9186610,0
            -119.2565170,37.9165410,0
            -119.2577360,37.9129900,0
            -119.2580720,37.9096720,0
            -119.2596220,37.9057920,0
            -119.2599890,37.9042270,0
            -119.2601200,37.9013240,0
            -119.2596580,37.8969890,0
            -119.2599290,37.8937130,0
            -119.2602870,37.8928780,0
            -119.2607740,37.8923500,0
            -119.2702580,37.8861430,0
            -119.2740200,37.8822770,0
            -119.2756780,37.8798760,0
            -119.2763780,37.8794170,0
            -119.2770990,37.8792510,0
            -119.2784790,37.8792880,0
            -119.2790090,37.8792130,0
            -119.2810960,37.8784410,0
            -119.2853570,37.8776500,0
            -119.2866620,37.8775400,0
            -119.2897130,37.8778220,0
            -119.2932280,37.8787480,0
            -119.2957330,37.8789000,0
            -119.2982930,37.8786930,0
            -119.2999220,37.8787700,0
            -119.3012480,37.8790210,0
            -119.3063870,37.8805890,0
            -119.3078510,37.8808260,0
            -119.3099070,37.8808760,0
            -119.3135890,37.8802970,0
            -119.3154330,37.8802340,0
            -119.3210600,37.8811570,0
            -119.3231380,37.8820510,0
            -119.3234620,37.8821210,0
            -119.3242660,37.8820930,0
            -119.3248330,37.8818750,0
            -119.3258330,37.8809700,0
            -119.3281040,37.8801890,0
            -119.3290040,37.8801000,0
            -119.3315580,37.8801680,0
            -119.3330630,37.8803610,0
            -119.3367860,37.8804020,0
            -119.3373270,37.8803000,0
            -119.3417040,37.8784250,0
            -119.3431710,37.8779630,0
            -119.3475540,37.8772660,0
            -119.3531890,37.8770220,0
            -119.3536370,37.8769310,0
            -119.3544160,37.8765850,0
            -119.3582830,37.8737820,0
            -119.3602230,37.8729620,0
            -119.3622780,37.8724860,0
            -119.3693690,37.8719430,0
            -119.3708800,37.8720600,0
          </coordinates>
        </LineString>
      </Placemark>
      <Placemark>
        <name>Tuolumne Meadows Visitor Center</name>
        <styleUrl>#icon-1535-0288D1</styleUrl>
        <ExtendedData>
          <Data name="Category">
            <value>Visitor center</value>
          </Data>
          <Data name="Distance">
            <value>0</value>
          </Data>
        </ExtendedData>
        <Point>
          <coordinates>
            -119.374168,37.871575,0
          </coordinates>
        </Point>
      </Placemark>
      <Placemark>
        <name>Walking</name>
        <styleUrl>#line-F9A825-5000</styleUrl>
        <ExtendedData>
          <Data name="Category">
            <value>Walking</value>
          </Data>
          <Data name="Distance">
            <value>1057</value>
          </Data>
        </ExtendedData>
        <LineString>
          <tessellate>1</tessellate>
          <coordinates>
            -119.3726830,37.8724870,0
            -119.3723070,37.8723880,0
            -119.3720280,37.8723170,0
            -119.3717400,37.8722550,0
            -119.3714020,37.8721870,0
            -119.3711430,37.8721430,0
            -119.3708800,37.8721050,0
            -119.3706110,37.8720810,0
            -119.3703920,37.8720470,0
            -119.3703520,37.8720440,0
            -119.3700420,37.8723030,0
            -119.3696450,37.8725810,0
            -119.3694710,37.8726680,0
            -119.3687020,37.8731590,0
            -119.3686810,37.8731760,0
            -119.3677850,37.8739000,0
            -119.3674480,37.8741950,0
            -119.3667920,37.8748090,0
            -119.3666450,37.8749720,0
            -119.3666240,37.8750010,0
            -119.3665220,37.8751390,0
            -119.3664010,37.8754440,0
            -119.3663430,37.8756400,0
            -119.3663030,37.8759310,0
            -119.3661760,37.8771410,0
            -119.3661700,37.8772080,0
            -119.3661640,37.8772630,0
            -119.3661590,37.8773080,0
            -119.3660920,37.8776380,0
            -119.3660680,37.8778530,0
            -119.3660360,37.8779410,0
            -119.3659600,37.8780470,0
            -119.3658470,37.8781720,0
            -119.3655750,37.8784160,0
            -119.3652310,37.8786450,0
            -119.3650720,37.8787960,0
            -119.3649980,37.8788760,0
            -119.3651960,37.8787730,0
            -119.3653150,37.8787270,0
            -119.3654730,37.8786630,0
            -119.3655940,37.8786160,0
            -119.3655950,37.8786150,0
            -119.3656950,37.8785970,0
            -119.3657830,37.8785910,0
            -119.3658710,37.8786000,0
            -119.3659480,37.8786150,0
            -119.3660060,37.8786360,0
            -119.3660330,37.8786490,0
            -119.3660340,37.8786500,0
            -119.3660440,37.8786580,0
            -119.3660510,37.8786670,0
            -119.3660590,37.8786780,0
            -119.3660670,37.8786970,0
            -119.3660730,37.8787220,0
            -119.3660710,37.8787480,0
            -119.3660670,37.8788110,0
            -119.3660560,37.8788500,0
            -119.3660230,37.8789040,0
            -119.3659910,37.8789490,0
            -119.3659420,37.8790450,0
            -119.3659250,37.8790960,0
            -119.3659260,37.8791070,0
            -119.3659280,37.8791120,0
            -119.3659310,37.8791210,0
            -119.3659350,37.8791260,0
            -119.3659420,37.8791320,0
            -119.3659560,37.8791390,0
            -119.3659700,37.8791450,0
            -119.3660150,37.8791520,0
            -119.3660780,37.8791610,0
            -119.3662140,37.8791830,0
            -119.3663110,37.8792020,0
            -119.3663840,37.8792100,0
            -119.3664450,37.8792180,0
            -119.3665450,37.8792220,0
            -119.3665950,37.8792210,0
            -119.3666210,37.8792190,0
            -119.3666410,37.8792150,0
            -119.3666460,37.8792140,0
            -119.3666700,37.8792080,0
            -119.3667000,37.8791940,0
            -119.3668110,37.8791070,0
            -119.3668910,37.8790450,0
            -119.3670040,37.8789620,0
            -119.3670720,37.8789210,0
            -119.3671120,37.8788850,0
            -119.3671350,37.8788560,0
            -119.3671500,37.8788320,0
            -119.3671610,37.8788060,0
            -119.3671650,37.8787850,0
            -119.3671650,37.8787650,0
            -119.3671570,37.8787220,0
            -119.3671420,37.8786940,0
            -119.3670870,37.8786390,0
            -119.3670610,37.8786010,0
            -119.3670520,37.8785720,0
            -119.3670510,37.8785320,0
            -119.3670660,37.8784770,0
            -119.3671190,37.8784070,0
            -119.3671250,37.8783960,0
          </coordinates>
        </LineString>
      </Placemark>
      <Placemark>
        <name>Parsons Memorial Lodge</name>
        <styleUrl>#icon-1602-0288D1</styleUrl>
        <ExtendedData>
          <Data name="Category">
            <value>Historical landmark</value>
          </Data>
          <Data name="Distance">
            <value>0</value>
          </Data>
        </ExtendedData>
        <Point>
          <coordinates>
            -119.367386,37.878375,0
          </coordinates>
        </Point>
      </Placemark>
      <Placemark>
        <name>Walking</name>
        <styleUrl>#line-F9A825-5000</styleUrl>
        <ExtendedData>
          <Data name="Category">
            <value>Walking</value>
          </Data>
          <Data name="Distance">
            <value>1179</value>
          </Data>
        </ExtendedData>
        <LineString>
          <tessellate>1</tessellate>
          <coordinates>
            -119.3671650,37.8783380,0
            -119.3671570,37.8783460,0
            -119.3671180,37.8784070,0
            -119.3670660,37.8784770,0
            -119.3670510,37.8785320,0
            -119.3670520,37.8785720,0
            -119.3670600,37.8786010,0
            -119.3670870,37.8786390,0
            -119.3671420,37.8786940,0
            -119.3671570,37.8787220,0
            -119.3671650,37.8787650,0
            -119.3671650,37.8787850,0
            -119.3671610,37.8788060,0
            -119.3671500,37.8788320,0
            -119.3671350,37.8788560,0
            -119.3671120,37.8788850,0
            -119.3670720,37.8789210,0
            -119.3670040,37.8789620,0
            -119.3668910,37.8790450,0
            -119.3668110,37.8791070,0
            -119.3667000,37.8791940,0
            -119.3666700,37.8792080,0
            -119.3666460,37.8792140,0
            -119.3666410,37.8792150,0
            -119.3666210,37.8792190,0
            -119.3665950,37.8792210,0
            -119.3665450,37.8792220,0
            -119.3664450,37.8792180,0
            -119.3663840,37.8792100,0
            -119.3663100,37.8792020,0
            -119.3662140,37.8791830,0
            -119.3660780,37.8791610,0
            -119.3660150,37.8791520,0
            -119.3659700,37.8791450,0
            -119.3659560,37.8791390,0
            -119.3659420,37.8791320,0
            -119.3659350,37.8791260,0
            -119.3659310,37.8791210,0
            -119.3659280,37.8791120,0
            -119.3659260,37.8791070,0
            -119.3659250,37.8790960,0
            -119.3659420,37.8790450,0
            -119.3659910,37.8789490,0
            -119.3660230,37.8789040,0
            -119.3660560,37.8788500,0
            -119.3660660,37.8788110,0
            -119.3660710,37.8787480,0
            -119.3660730,37.8787220,0
            -119.3660670,37.8786970,0
            -119.3660590,37.8786780,0
            -119.3660510,37.8786670,0
            -119.3660430,37.8786580,0
            -119.3660340,37.8786500,0
            -119.3660330,37.8786490,0
            -119.3660050,37.8786360,0
            -119.3659480,37.8786150,0
            -119.3658710,37.8786000,0
            -119.3657820,37.8785910,0
            -119.3656950,37.8785970,0
            -119.3655950,37.8786150,0
            -119.3655930,37.8786160,0
            -119.3654730,37.8786630,0
            -119.3653150,37.8787270,0
            -119.3651960,37.8787730,0
            -119.3649980,37.8788760,0
            -119.3650720,37.8787960,0
            -119.3652310,37.8786450,0
            -119.3655750,37.8784160,0
            -119.3658470,37.8781720,0
            -119.3659600,37.8780470,0
            -119.3660360,37.8779410,0
            -119.3660680,37.8778530,0
            -119.3660920,37.8776380,0
            -119.3661590,37.8773080,0
            -119.3661700,37.8772080,0
            -119.3661760,37.8771410,0
            -119.3663030,37.8759310,0
            -119.3663430,37.8756400,0
            -119.3664010,37.8754440,0
            -119.3665220,37.8751390,0
            -119.3666240,37.8750010,0
            -119.3666450,37.8749720,0
            -119.3667920,37.8748090,0
            -119.3674480,37.8741950,0
            -119.3677850,37.8739000,0
            -119.3686810,37.8731760,0
            -119.3687010,37.8731590,0
            -119.3694710,37.8726680,0
            -119.3696450,37.8725810,0
            -119.3700410,37.8723030,0
            -119.3703520,37.8720440,0
            -119.3703920,37.8720470,0
            -119.3706110,37.8720810,0
            -119.3708800,37.8721050,0
            -119.3711430,37.8721430,0
            -119.3714020,37.8721870,0
            -119.3717400,37.8722550,0
            -119.3720280,37.8723180,0
            -119.3723070,37.8723880,0
            -119.3726880,37.8724880,0
          </coordinates>
        </LineString>
      </Placemark>
      <Placemark>
        <name>Tuolumne Meadows Visitor Center</name>
        <styleUrl>#icon-1535-0288D1</styleUrl>
        <ExtendedData>
          <Data name="Category">
            <value>Visitor center</value>
          </Data>
          <Data name="Distance">
            <value>0</value>
          </Data>
        </ExtendedData>
        <Point>
          <coordinates>
            -119.374168,37.871575,0
          </coordinates>
        </Point>
      </Placemark>
      <Placemark>
        <name>Driving</name>
        <styleUrl>#line-F9A825-5000</styleUrl>
        <ExtendedData>
          <Data name="Category">
            <value>Driving</value>
          </Data>
          <Data name="Distance">
            <value>275217</value>
          </Data>
        </ExtendedData>
        <LineString>
          <tessellate>1</tessellate>
          <coordinates>
            -119.3740080,37.8718720,0
            -119.3739090,37.8718620,0
            -119.3737500,37.8722500,0
            -119.3736660,37.8722750,0
            -119.3733380,37.8726430,0
            -119.3761410,37.8735330,0
            -119.3776730,37.8737490,0
            -119.3841250,37.8733290,0
            -119.3864360,37.8736320,0
            -119.3944330,37.8767620,0
            -119.3953960,37.8776400,0
            -119.3961570,37.8796350,0
            -119.3968640,37.8803540,0
            -119.3976730,37.8808100,0
            -119.4005700,37.8814780,0
            -119.4010210,37.8814470,0
            -119.4018220,37.8811740,0
            -119.4041280,37.8794180,0
            -119.4054600,37.8773130,0
            -119.4062050,37.8767630,0
            -119.4067140,37.8765770,0
            -119.4119040,37.8760070,0
            -119.4130120,37.8760800,0
            -119.4155730,37.8767080,0
            -119.4162990,37.8767410,0
            -119.4172030,37.8765540,0
            -119.4176800,37.8763340,0
            -119.4195020,37.8745710,0
            -119.4201270,37.8742740,0
            -119.4250940,37.8735700,0
            -119.4266910,37.8726590,0
            -119.4318010,37.8656130,0
            -119.4329340,37.8633490,0
            -119.4379620,37.8573040,0
            -119.4399130,37.8536790,0
            -119.4430570,37.8495580,0
            -119.4450150,37.8477950,0
            -119.4478450,37.8427110,0
            -119.4507250,37.8394100,0
            -119.4548650,37.8360410,0
            -119.4589790,37.8338130,0
            -119.4595750,37.8336300,0
            -119.4607000,37.8336000,0
            -119.4630010,37.8343140,0
            -119.4635810,37.8342180,0
            -119.4661100,37.8328190,0
            -119.4664440,37.8325090,0
            -119.4676930,37.8303210,0
            -119.4680290,37.8289810,0
            -119.4693360,37.8265300,0
            -119.4701750,37.8259740,0
            -119.4759060,37.8244020,0
            -119.4770910,37.8236860,0
            -119.4776930,37.8227990,0
            -119.4783390,37.8195060,0
            -119.4787360,37.8187530,0
            -119.4811110,37.8163030,0
            -119.4837860,37.8115370,0
            -119.4844460,37.8110210,0
            -119.4849490,37.8109140,0
            -119.4856210,37.8109910,0
            -119.4860190,37.8111770,0
            -119.4867980,37.8121490,0
            -119.4875400,37.8125580,0
            -119.4880170,37.8126170,0
            -119.4916680,37.8123360,0
            -119.4925510,37.8124920,0
            -119.4956690,37.8141010,0
            -119.4961430,37.8146250,0
            -119.4963010,37.8151470,0
            -119.4962470,37.8163410,0
            -119.4964500,37.8166970,0
            -119.4968790,37.8170180,0
            -119.4972430,37.8171360,0
            -119.4978630,37.8171530,0
            -119.4986010,37.8168210,0
            -119.5007940,37.8145340,0
            -119.5025260,37.8132760,0
            -119.5059570,37.8120400,0
            -119.5073430,37.8112400,0
            -119.5079890,37.8111100,0
            -119.5086840,37.8112290,0
            -119.5090280,37.8114200,0
            -119.5094080,37.8118990,0
            -119.5094200,37.8125980,0
            -119.5092010,37.8129510,0
            -119.5080050,37.8139920,0
            -119.5076210,37.8145180,0
            -119.5075150,37.8157150,0
            -119.5076980,37.8161780,0
            -119.5081410,37.8167200,0
            -119.5090960,37.8171750,0
            -119.5142570,37.8172750,0
            -119.5154580,37.8178610,0
            -119.5165330,37.8179330,0
            -119.5170600,37.8177520,0
            -119.5192510,37.8161060,0
            -119.5290520,37.8121590,0
            -119.5309100,37.8119700,0
            -119.5320340,37.8115960,0
            -119.5357650,37.8089260,0
            -119.5377530,37.8081440,0
            -119.5452630,37.8067050,0
            -119.5461040,37.8067550,0
            -119.5482960,37.8072600,0
            -119.5491960,37.8071770,0
            -119.5508820,37.8065440,0
            -119.5550170,37.8058770,0
            -119.5566060,37.8059130,0
            -119.5660440,37.8074100,0
            -119.5681040,37.8080140,0
            -119.5711390,37.8096500,0
            -119.5727190,37.8110720,0
            -119.5746460,37.8140010,0
            -119.5752900,37.8144860,0
            -119.5758790,37.8146510,0
            -119.5768420,37.8145970,0
            -119.5782800,37.8140280,0
            -119.5790490,37.8140160,0
            -119.5798760,37.8143390,0
            -119.5804270,37.8150150,0
            -119.5805460,37.8154220,0
            -119.5804320,37.8161140,0
            -119.5786920,37.8175320,0
            -119.5782590,37.8181020,0
            -119.5780300,37.8190890,0
            -119.5783940,37.8201070,0
            -119.5789950,37.8207050,0
            -119.5804630,37.8214390,0
            -119.5809370,37.8219730,0
            -119.5810010,37.8225690,0
            -119.5801850,37.8238180,0
            -119.5800180,37.8244040,0
            -119.5801350,37.8249790,0
            -119.5814170,37.8267860,0
            -119.5813440,37.8279360,0
            -119.5783320,37.8322190,0
            -119.5778850,37.8338560,0
            -119.5780290,37.8362850,0
            -119.5777310,37.8374070,0
            -119.5738680,37.8429450,0
            -119.5718570,37.8480470,0
            -119.5717320,37.8490400,0
            -119.5719500,37.8499010,0
            -119.5729860,37.8511740,0
            -119.5740880,37.8517430,0
            -119.5770980,37.8522870,0
            -119.5780740,37.8521850,0
            -119.5791510,37.8515930,0
            -119.5804440,37.8502200,0
            -119.5818440,37.8493480,0
            -119.5830580,37.8488560,0
            -119.5851040,37.8472920,0
            -119.5863850,37.8468400,0
            -119.5871030,37.8464050,0
            -119.5879000,37.8456390,0
            -119.5887970,37.8439080,0
            -119.5888370,37.8416790,0
            -119.5895350,37.8399180,0
            -119.5897950,37.8396650,0
            -119.5903000,37.8394190,0
            -119.5923200,37.8390340,0
            -119.5929350,37.8391810,0
            -119.5933490,37.8394440,0
            -119.5936930,37.8399890,0
            -119.5939210,37.8416960,0
            -119.5950470,37.8435150,0
            -119.5951670,37.8441340,0
            -119.5948680,37.8459240,0
            -119.5950650,37.8464850,0
            -119.5965050,37.8483560,0
            -119.5972540,37.8487410,0
            -119.5981540,37.8488220,0
            -119.5998940,37.8483320,0
            -119.6012450,37.8482720,0
            -119.6022160,37.8484780,0
            -119.6045340,37.8499710,0
            -119.6055160,37.8501890,0
            -119.6081380,37.8497810,0
            -119.6103230,37.8488220,0
            -119.6109090,37.8487150,0
            -119.6114860,37.8487770,0
            -119.6152690,37.8504800,0
            -119.6158900,37.8505320,0
            -119.6165830,37.8503600,0
            -119.6184290,37.8493950,0
            -119.6195090,37.8490970,0
            -119.6214820,37.8490070,0
            -119.6274320,37.8501780,0
            -119.6350290,37.8534020,0
            -119.6404920,37.8567590,0
            -119.6433660,37.8576160,0
            -119.6442960,37.8576710,0
            -119.6450480,37.8575420,0
            -119.6460110,37.8571250,0
            -119.6509530,37.8527350,0
            -119.6517030,37.8513870,0
            -119.6526060,37.8505790,0
            -119.6535280,37.8501720,0
            -119.6550920,37.8498150,0
            -119.6563110,37.8497350,0
            -119.6575500,37.8499370,0
            -119.6584060,37.8502680,0
            -119.6602240,37.8514100,0
            -119.6611530,37.8515850,0
            -119.6620610,37.8515530,0
            -119.6655970,37.8501160,0
            -119.6711750,37.8499740,0
            -119.6721700,37.8496040,0
            -119.6850700,37.8411550,0
            -119.6870640,37.8394140,0
            -119.6903290,37.8382610,0
            -119.6923190,37.8363450,0
            -119.6987490,37.8321870,0
            -119.7010900,37.8315680,0
            -119.7017010,37.8312360,0
            -119.7020570,37.8308480,0
            -119.7022490,37.8302190,0
            -119.7017680,37.8261600,0
            -119.7019130,37.8253610,0
            -119.7028350,37.8235550,0
            -119.7050820,37.8214690,0
            -119.7063530,37.8210030,0
            -119.7118590,37.8200340,0
            -119.7130910,37.8200610,0
            -119.7137300,37.8198880,0
            -119.7141810,37.8194870,0
            -119.7143300,37.8191230,0
            -119.7142820,37.8186560,0
            -119.7129950,37.8172880,0
            -119.7125810,37.8165000,0
            -119.7126290,37.8142530,0
            -119.7133350,37.8132710,0
            -119.7134340,37.8128820,0
            -119.7131520,37.8116710,0
            -119.7132180,37.8111560,0
            -119.7179470,37.8022250,0
            -119.7186430,37.7991830,0
            -119.7201230,37.7973420,0
            -119.7239230,37.7901670,0
            -119.7245250,37.7895600,0
            -119.7268530,37.7887570,0
            -119.7284410,37.7887660,0
            -119.7302420,37.7893070,0
            -119.7313020,37.7894420,0
            -119.7347310,37.7890590,0
            -119.7352850,37.7888660,0
            -119.7384450,37.7868210,0
            -119.7404890,37.7847590,0
            -119.7466920,37.7819900,0
            -119.7477770,37.7811710,0
            -119.7482700,37.7805300,0
            -119.7491100,37.7779150,0
            -119.7498800,37.7770690,0
            -119.7524380,37.7752700,0
            -119.7537340,37.7747810,0
            -119.7545210,37.7746780,0
            -119.7560070,37.7748190,0
            -119.7565250,37.7746880,0
            -119.7585040,37.7731490,0
            -119.7614400,37.7719190,0
            -119.7618540,37.7716170,0
            -119.7627680,37.7702760,0
            -119.7632310,37.7699100,0
            -119.7639290,37.7696420,0
            -119.7685510,37.7699160,0
            -119.7696000,37.7697670,0
            -119.7706750,37.7692860,0
            -119.7737700,37.7664180,0
            -119.7742880,37.7655530,0
            -119.7749080,37.7622270,0
            -119.7748180,37.7618410,0
            -119.7744860,37.7613310,0
            -119.7739080,37.7609340,0
            -119.7718240,37.7603280,0
            -119.7706370,37.7593960,0
            -119.7698270,37.7583960,0
            -119.7698620,37.7577370,0
            -119.7719830,37.7555070,0
            -119.7728960,37.7552730,0
            -119.7742920,37.7555660,0
            -119.7767800,37.7564820,0
            -119.7776250,37.7571980,0
            -119.7785070,37.7591340,0
            -119.7790570,37.7594100,0
            -119.7795430,37.7594190,0
            -119.7851410,37.7570930,0
            -119.7858470,37.7570610,0
            -119.7863880,37.7572060,0
            -119.7882800,37.7585850,0
            -119.7888320,37.7586810,0
            -119.7893360,37.7585660,0
            -119.7906560,37.7571340,0
            -119.7909890,37.7569490,0
            -119.7914790,37.7568610,0
            -119.7919620,37.7569320,0
            -119.7934550,37.7577650,0
            -119.7938440,37.7582380,0
            -119.7939900,37.7588370,0
            -119.7942240,37.7591720,0
            -119.7947170,37.7594460,0
            -119.7976110,37.7596610,0
            -119.7980810,37.7598450,0
            -119.7995440,37.7609150,0
            -119.8000430,37.7611190,0
            -119.8007610,37.7612140,0
            -119.8014250,37.7611160,0
            -119.8045440,37.7592860,0
            -119.8049290,37.7588420,0
            -119.8049880,37.7586420,0
            -119.8047680,37.7580590,0
            -119.8034690,37.7569510,0
            -119.8026930,37.7558230,0
            -119.8017670,37.7550680,0
            -119.7977930,37.7532100,0
            -119.7975770,37.7524950,0
            -119.7980840,37.7523920,0
            -119.7995470,37.7516690,0
            -119.8013480,37.7516890,0
            -119.8021840,37.7514120,0
            -119.8026340,37.7510040,0
            -119.8028040,37.7506290,0
            -119.8027770,37.7499660,0
            -119.8022490,37.7490560,0
            -119.8021760,37.7484210,0
            -119.8024050,37.7479800,0
            -119.8028700,37.7475850,0
            -119.8036970,37.7472990,0
            -119.8044010,37.7473440,0
            -119.8066900,37.7479660,0
            -119.8073960,37.7484590,0
            -119.8085190,37.7508400,0
            -119.8109830,37.7532450,0
            -119.8117240,37.7536280,0
            -119.8123010,37.7536890,0
            -119.8142030,37.7532720,0
            -119.8150320,37.7534090,0
            -119.8155300,37.7537140,0
            -119.8165190,37.7556220,0
            -119.8174060,37.7559510,0
            -119.8179150,37.7559920,0
            -119.8183850,37.7559000,0
            -119.8205840,37.7543840,0
            -119.8210230,37.7535500,0
            -119.8211960,37.7525630,0
            -119.8213760,37.7522900,0
            -119.8219400,37.7518560,0
            -119.8228850,37.7516580,0
            -119.8242200,37.7518510,0
            -119.8249130,37.7521500,0
            -119.8252590,37.7524860,0
            -119.8254440,37.7528740,0
            -119.8255580,37.7549210,0
            -119.8258530,37.7555920,0
            -119.8277100,37.7580860,0
            -119.8281420,37.7583250,0
            -119.8319070,37.7593470,0
            -119.8322910,37.7596560,0
            -119.8332160,37.7615940,0
            -119.8338440,37.7621900,0
            -119.8343530,37.7623690,0
            -119.8371210,37.7624810,0
            -119.8395100,37.7631800,0
            -119.8417770,37.7631760,0
            -119.8500780,37.7644560,0
            -119.8509200,37.7642760,0
            -119.8518940,37.7637570,0
            -119.8525050,37.7635880,0
            -119.8534550,37.7636890,0
            -119.8541380,37.7641230,0
            -119.8547260,37.7655180,0
            -119.8554130,37.7660950,0
            -119.8562170,37.7662780,0
            -119.8580260,37.7661090,0
            -119.8588050,37.7663260,0
            -119.8592640,37.7666160,0
            -119.8613790,37.7692820,0
            -119.8614960,37.7737690,0
            -119.8611650,37.7753700,0
            -119.8612480,37.7757640,0
            -119.8616150,37.7762820,0
            -119.8620920,37.7765620,0
            -119.8646390,37.7771680,0
            -119.8652520,37.7775560,0
            -119.8655500,37.7780160,0
            -119.8659600,37.7795230,0
            -119.8662820,37.7799920,0
            -119.8683500,37.7810540,0
            -119.8688330,37.7815790,0
            -119.8693280,37.7826140,0
            -119.8697670,37.7830380,0
            -119.8713870,37.7838760,0
            -119.8746030,37.7866130,0
            -119.8764440,37.7887200,0
            -119.8765570,37.7892370,0
            -119.8764200,37.7897790,0
            -119.8761390,37.7900930,0
            -119.8755220,37.7904470,0
            -119.8733900,37.7907650,0
            -119.8728720,37.7911700,0
            -119.8726090,37.7916870,0
            -119.8726090,37.7921690,0
            -119.8728430,37.7926510,0
            -119.8742510,37.7939640,0
            -119.8744520,37.7948150,0
            -119.8742960,37.7959710,0
            -119.8744230,37.7966040,0
            -119.8752050,37.7979640,0
            -119.8753610,37.7988700,0
            -119.8751370,37.7997640,0
            -119.8726710,37.8048950,0
            -119.8728060,37.8057590,0
            -119.8732800,37.8067800,0
            -119.8732100,37.8074600,0
            -119.8721180,37.8086420,0
            -119.8719530,37.8095470,0
            -119.8721950,37.8100910,0
            -119.8741280,37.8115290,0
            -119.8747600,37.8123740,0
            -119.8751430,37.8151040,0
            -119.8753730,37.8154370,0
            -119.8761400,37.8158950,0
            -119.8767850,37.8160090,0
            -119.8773780,37.8159620,0
            -119.8781080,37.8156730,0
            -119.8802960,37.8139330,0
            -119.8816610,37.8135320,0
            -119.8942560,37.8132480,0
            -119.8954160,37.8133830,0
            -119.8978400,37.8141390,0
            -119.8987940,37.8140320,0
            -119.8994830,37.8136170,0
            -119.8996720,37.8133630,0
            -119.8999250,37.8116590,0
            -119.9004070,37.8111700,0
            -119.9009330,37.8109160,0
            -119.9018710,37.8108590,0
            -119.9037540,37.8115050,0
            -119.9044090,37.8120830,0
            -119.9051970,37.8134530,0
            -119.9062220,37.8142510,0
            -119.9070320,37.8145170,0
            -119.9087520,37.8147140,0
            -119.9092810,37.8149180,0
            -119.9100870,37.8156810,0
            -119.9105540,37.8170850,0
            -119.9111730,37.8177950,0
            -119.9132320,37.8189030,0
            -119.9139260,37.8196550,0
            -119.9143650,37.8213850,0
            -119.9146300,37.8217660,0
            -119.9151360,37.8221030,0
            -119.9157490,37.8222710,0
            -119.9162150,37.8222710,0
            -119.9171290,37.8219360,0
            -119.9179230,37.8211550,0
            -119.9185650,37.8208350,0
            -119.9200640,37.8204760,0
            -119.9205180,37.8202020,0
            -119.9212010,37.8190020,0
            -119.9216410,37.8186070,0
            -119.9286550,37.8163660,0
            -119.9292270,37.8163160,0
            -119.9308530,37.8165710,0
            -119.9313170,37.8164930,0
            -119.9318580,37.8162390,0
            -119.9326840,37.8154720,0
            -119.9332550,37.8152130,0
            -119.9340810,37.8151460,0
            -119.9384970,37.8163640,0
            -119.9389640,37.8163710,0
            -119.9402320,37.8159910,0
            -119.9409650,37.8159680,0
            -119.9426060,37.8164800,0
            -119.9448120,37.8161310,0
            -119.9468560,37.8160950,0
            -119.9482770,37.8157390,0
            -119.9488240,37.8157580,0
            -119.9495360,37.8160220,0
            -119.9513270,37.8184310,0
            -119.9519280,37.8188210,0
            -119.9523270,37.8189240,0
            -119.9530530,37.8189090,0
            -119.9542450,37.8184480,0
            -119.9550900,37.8183590,0
            -119.9556010,37.8184740,0
            -119.9559660,37.8186720,0
            -119.9581990,37.8211610,0
            -119.9591550,37.8216130,0
            -119.9663780,37.8226370,0
            -119.9675890,37.8231410,0
            -119.9697180,37.8245010,0
            -119.9716030,37.8249510,0
            -119.9723870,37.8253180,0
            -119.9740430,37.8267210,0
            -119.9749200,37.8271680,0
            -119.9790800,37.8277010,0
            -119.9801520,37.8280380,0
            -119.9820960,37.8291870,0
            -119.9828010,37.8294090,0
            -119.9832520,37.8294380,0
            -119.9837520,37.8293340,0
            -119.9841820,37.8290930,0
            -119.9872560,37.8252880,0
            -119.9876380,37.8243110,0
            -119.9882420,37.8238400,0
            -119.9889240,37.8236510,0
            -119.9924820,37.8236700,0
            -119.9930690,37.8234920,0
            -119.9937500,37.8230140,0
            -119.9946590,37.8216740,0
            -119.9951840,37.8212790,0
            -119.9956660,37.8211110,0
            -119.9966260,37.8210840,0
            -119.9971510,37.8212310,0
            -119.9997090,37.8228720,0
            -120.0004830,37.8230850,0
            -120.0010410,37.8230800,0
            -120.0026640,37.8225170,0
            -120.0033760,37.8224540,0
            -120.0042420,37.8227370,0
            -120.0047320,37.8231660,0
            -120.0051340,37.8237930,0
            -120.0060090,37.8243740,0
            -120.0105510,37.8248310,0
            -120.0118100,37.8244650,0
            -120.0133820,37.8231530,0
            -120.0144260,37.8228090,0
            -120.0166260,37.8225150,0
            -120.0175230,37.8230590,0
            -120.0189080,37.8248070,0
            -120.0198690,37.8252000,0
            -120.0202160,37.8251910,0
            -120.0208690,37.8249770,0
            -120.0214950,37.8245150,0
            -120.0221950,37.8233730,0
            -120.0225710,37.8230520,0
            -120.0234260,37.8227050,0
            -120.0257730,37.8227230,0
            -120.0268730,37.8224140,0
            -120.0283070,37.8214810,0
            -120.0296130,37.8210930,0
            -120.0322620,37.8208680,0
            -120.0375820,37.8218620,0
            -120.0385690,37.8218880,0
            -120.0425870,37.8210920,0
            -120.0452920,37.8198190,0
            -120.0464430,37.8196720,0
            -120.0490980,37.8199330,0
            -120.0502620,37.8198160,0
            -120.0608060,37.8162920,0
            -120.0651390,37.8139730,0
            -120.0661350,37.8138330,0
            -120.0704850,37.8145570,0
            -120.0713800,37.8149660,0
            -120.0753560,37.8191210,0
            -120.0761320,37.8194940,0
            -120.0769900,37.8196530,0
            -120.0792320,37.8196470,0
            -120.0816640,37.8203320,0
            -120.0827610,37.8204120,0
            -120.0858030,37.8200950,0
            -120.0866670,37.8202830,0
            -120.0883650,37.8210840,0
            -120.0888980,37.8215300,0
            -120.0893600,37.8223350,0
            -120.0896980,37.8238530,0
            -120.0904000,37.8248140,0
            -120.0912260,37.8252970,0
            -120.0921700,37.8255180,0
            -120.0959950,37.8250440,0
            -120.0977750,37.8245030,0
            -120.0996150,37.8235730,0
            -120.1107840,37.8162320,0
            -120.1181110,37.8136720,0
            -120.1202120,37.8134940,0
            -120.1218970,37.8138340,0
            -120.1260790,37.8161100,0
            -120.1296570,37.8171070,0
            -120.1308170,37.8177810,0
            -120.1328910,37.8195570,0
            -120.1343320,37.8201440,0
            -120.1494730,37.8210980,0
            -120.1561090,37.8206090,0
            -120.1576080,37.8207480,0
            -120.1688520,37.8233210,0
            -120.1726860,37.8251040,0
            -120.1752470,37.8256950,0
            -120.1789970,37.8273450,0
            -120.1840280,37.8287840,0
            -120.1853270,37.8288770,0
            -120.1903520,37.8279940,0
            -120.1939670,37.8283470,0
            -120.1952410,37.8288510,0
            -120.2030710,37.8340930,0
            -120.2059160,37.8380810,0
            -120.2062030,37.8382970,0
            -120.2075270,37.8388360,0
            -120.2082250,37.8388660,0
            -120.2089610,37.8387190,0
            -120.2098230,37.8383430,0
            -120.2136830,37.8357640,0
            -120.2151120,37.8354130,0
            -120.2189350,37.8356260,0
            -120.2200150,37.8359860,0
            -120.2207380,37.8365460,0
            -120.2215420,37.8380080,0
            -120.2222220,37.8387230,0
            -120.2237590,37.8396590,0
            -120.2253640,37.8399760,0
            -120.2289400,37.8396050,0
            -120.2322580,37.8379830,0
            -120.2360470,37.8366060,0
            -120.2374440,37.8365300,0
            -120.2413730,37.8346330,0
            -120.2433710,37.8326420,0
            -120.2443250,37.8323700,0
            -120.2465040,37.8308360,0
            -120.2472460,37.8299100,0
            -120.2494430,37.8284360,0
            -120.2521070,37.8270830,0
            -120.2532960,37.8260070,0
            -120.2563310,37.8248150,0
            -120.2580930,37.8233500,0
            -120.2614810,37.8225260,0
            -120.2643860,37.8188010,0
            -120.2667350,37.8173440,0
            -120.2680080,37.8171240,0
            -120.2685960,37.8167780,0
            -120.2693620,37.8150440,0
            -120.2702190,37.8143760,0
            -120.2717080,37.8139480,0
            -120.2719920,37.8139850,0
            -120.2721060,37.8140690,0
            -120.2721840,37.8147000,0
            -120.2730560,37.8165850,0
            -120.2729950,37.8168770,0
            -120.2721850,37.8176830,0
            -120.2721980,37.8179180,0
            -120.2723770,37.8180500,0
            -120.2738410,37.8182980,0
            -120.2740500,37.8184020,0
            -120.2740950,37.8188390,0
            -120.2741940,37.8189790,0
            -120.2743490,37.8190440,0
            -120.2752120,37.8190280,0
            -120.2754920,37.8191220,0
            -120.2756540,37.8192800,0
            -120.2758470,37.8197940,0
            -120.2760920,37.8199700,0
            -120.2768440,37.8202060,0
            -120.2769200,37.8204440,0
            -120.2768290,37.8205800,0
            -120.2749070,37.8215380,0
            -120.2748080,37.8217020,0
            -120.2748300,37.8219240,0
            -120.2749760,37.8220800,0
            -120.2757050,37.8222370,0
            -120.2761440,37.8225250,0
            -120.2768880,37.8225530,0
            -120.2770910,37.8227140,0
            -120.2770670,37.8236190,0
            -120.2771610,37.8237400,0
            -120.2782280,37.8239270,0
            -120.2785220,37.8241400,0
            -120.2787620,37.8247400,0
            -120.2789690,37.8248560,0
            -120.2792750,37.8247750,0
            -120.2797900,37.8241640,0
            -120.2798750,37.8239030,0
            -120.2798030,37.8233360,0
            -120.2798660,37.8231750,0
            -120.2800710,37.8230750,0
            -120.2820660,37.8234000,0
            -120.2822090,37.8234910,0
            -120.2825800,37.8241100,0
            -120.2842810,37.8247940,0
            -120.2845000,37.8248080,0
            -120.2847310,37.8246750,0
            -120.2847240,37.8244020,0
            -120.2835760,37.8236190,0
            -120.2835210,37.8223920,0
            -120.2827490,37.8216050,0
            -120.2827720,37.8214610,0
            -120.2828650,37.8213740,0
            -120.2836330,37.8211710,0
            -120.2840870,37.8212820,0
            -120.2849910,37.8218030,0
            -120.2866340,37.8211950,0
            -120.2876540,37.8215220,0
            -120.2878520,37.8215030,0
            -120.2882860,37.8211830,0
            -120.2888350,37.8211130,0
            -120.2898100,37.8201200,0
            -120.2897790,37.8196720,0
            -120.2898790,37.8195490,0
            -120.2900680,37.8194830,0
            -120.2910550,37.8195570,0
            -120.2913080,37.8196770,0
            -120.2913940,37.8199070,0
            -120.2911990,37.8202780,0
            -120.2912510,37.8209940,0
            -120.2913550,37.8211170,0
            -120.2919820,37.8213250,0
            -120.2928350,37.8208870,0
            -120.2935410,37.8207250,0
            -120.2938820,37.8201760,0
            -120.2937310,37.8196640,0
            -120.2939520,37.8193370,0
            -120.2954020,37.8184750,0
            -120.2957210,37.8185070,0
            -120.2959000,37.8187390,0
            -120.2958780,37.8193010,0
            -120.2961440,37.8199840,0
            -120.2963130,37.8200780,0
            -120.2964800,37.8200830,0
            -120.2971370,37.8196760,0
            -120.2980380,37.8195640,0
            -120.2982530,37.8196540,0
            -120.2989830,37.8206480,0
            -120.2991570,37.8206690,0
            -120.2997770,37.8205080,0
            -120.3009330,37.8198830,0
            -120.3026810,37.8199640,0
            -120.3036430,37.8192280,0
            -120.3039320,37.8191750,0
            -120.3045410,37.8193930,0
            -120.3051820,37.8199020,0
            -120.3068430,37.8201030,0
            -120.3072610,37.8199210,0
            -120.3074390,37.8196010,0
            -120.3073430,37.8192560,0
            -120.3070850,37.8190690,0
            -120.3068670,37.8190120,0
            -120.3056300,37.8191090,0
            -120.3051710,37.8190170,0
            -120.3035960,37.8180770,0
            -120.3013220,37.8179460,0
            -120.3008040,37.8176900,0
            -120.3002110,37.8171100,0
            -120.2998780,37.8169500,0
            -120.2978200,37.8165760,0
            -120.2975870,37.8163020,0
            -120.2975740,37.8160580,0
            -120.2989050,37.8145780,0
            -120.2995670,37.8141760,0
            -120.3001740,37.8139780,0
            -120.3042570,37.8136470,0
            -120.3131890,37.8149300,0
            -120.3154000,37.8155100,0
            -120.3488060,37.8309380,0
            -120.3531310,37.8315420,0
            -120.3547850,37.8320450,0
            -120.3591630,37.8340610,0
            -120.3630250,37.8371840,0
            -120.3676510,37.8394380,0
            -120.3687690,37.8397930,0
            -120.3702990,37.8400200,0
            -120.3717950,37.8399700,0
            -120.3759370,37.8389930,0
            -120.3778140,37.8392280,0
            -120.3791320,37.8399250,0
            -120.3797040,37.8404700,0
            -120.3810680,37.8431620,0
            -120.3891010,37.8488680,0
            -120.3931920,37.8503060,0
            -120.3942680,37.8505100,0
            -120.3999700,37.8501340,0
            -120.4093160,37.8510600,0
            -120.4126100,37.8521440,0
            -120.4246430,37.8611090,0
            -120.4314370,37.8689450,0
            -120.4315360,37.8694760,0
            -120.4311580,37.8710190,0
            -120.4312920,37.8717670,0
            -120.4315910,37.8722600,0
            -120.4341810,37.8744500,0
            -120.4376760,37.8757380,0
            -120.4453380,37.8775700,0
            -120.4485530,37.8776760,0
            -120.4560380,37.8800460,0
            -120.4564120,37.8800630,0
            -120.4569250,37.8798720,0
            -120.4590560,37.8782080,0
            -120.4594410,37.8780450,0
            -120.4599830,37.8780020,0
            -120.4605550,37.8781620,0
            -120.4630500,37.8794480,0
            -120.4778790,37.8813900,0
            -120.4793880,37.8820910,0
            -120.4851990,37.8866430,0
            -120.4882620,37.8912000,0
            -120.4954970,37.8881520,0
            -120.5016010,37.8834990,0
            -120.5048510,37.8817100,0
            -120.5055580,37.8810570,0
            -120.5060400,37.8803340,0
            -120.5112760,37.8669850,0
            -120.5116470,37.8653850,0
            -120.5119790,37.8587400,0
            -120.5116880,37.8575090,0
            -120.5068640,37.8467330,0
            -120.5067320,37.8460070,0
            -120.5069580,37.8447340,0
            -120.5080440,37.8433330,0
            -120.5094860,37.8425790,0
            -120.5153180,37.8410530,0
            -120.5172660,37.8409710,0
            -120.5337050,37.8437760,0
            -120.5416330,37.8434270,0
            -120.5433940,37.8436890,0
            -120.5519700,37.8463020,0
            -120.5562410,37.8471190,0
            -120.5695670,37.8476240,0
            -120.5890370,37.8506930,0
            -120.5926610,37.8507540,0
            -120.5963630,37.8500280,0
            -120.6040390,37.8472440,0
            -120.6077650,37.8467290,0
            -120.6105950,37.8467890,0
            -120.6117740,37.8465630,0
            -120.6186960,37.8442140,0
            -120.6247070,37.8407930,0
            -120.6260920,37.8391680,0
            -120.6287500,37.8335220,0
            -120.6292690,37.8328500,0
            -120.6337200,37.8294950,0
            -120.6397260,37.8238110,0
            -120.6413920,37.8227190,0
            -120.6426350,37.8221680,0
            -120.6484520,37.8208690,0
            -120.6501470,37.8201610,0
            -120.6542180,37.8163400,0
            -120.6564750,37.8148000,0
            -120.6606850,37.8128510,0
            -120.6670750,37.8078820,0
            -120.6744150,37.8038400,0
            -120.6755830,37.8034240,0
            -120.6767360,37.8032520,0
            -120.6783860,37.8033620,0
            -120.6793330,37.8036250,0
            -120.6846560,37.8063390,0
            -120.6857270,37.8066790,0
            -120.6899180,37.8068960,0
            -120.6932710,37.8077200,0
            -120.6952380,37.8076120,0
            -120.6964380,37.8072880,0
            -120.7011280,37.8052650,0
            -120.7044640,37.8045220,0
            -120.7063340,37.8045880,0
            -120.7082220,37.8052080,0
            -120.7098080,37.8061860,0
            -120.7107000,37.8065030,0
            -120.7124720,37.8067720,0
            -120.7133390,37.8067460,0
            -120.7142680,37.8064960,0
            -120.7149460,37.8061410,0
            -120.7186320,37.8030790,0
            -120.7241940,37.7958850,0
            -120.7254420,37.7922560,0
            -120.7260380,37.7912480,0
            -120.7286070,37.7882180,0
            -120.7291540,37.7878440,0
            -120.7740200,37.7769020,0
            -120.7762310,37.7765940,0
            -120.8163390,37.7762380,0
            -120.8270240,37.7742650,0
            -120.8401360,37.7691100,0
            -120.8435010,37.7681020,0
            -120.8470290,37.7666370,0
            -120.8512220,37.7729080,0
            -120.8514150,37.7737280,0
            -120.8554070,37.7812260,0
            -120.8560120,37.7819880,0
            -120.8649510,37.7893760,0
            -120.8671430,37.7904780,0
            -120.8685070,37.7908900,0
            -120.8707350,37.7912110,0
            -120.8897420,37.7915420,0
            -120.9039010,37.7929470,0
            -120.9891070,37.7942850,0
            -120.9896050,37.7944670,0
            -120.9922220,37.7964600,0
            -120.9925920,37.7966080,0
            -120.9953090,37.7967230,0
            -120.9974430,37.7977660,0
            -120.9974820,37.7978460,0
            -120.9983110,37.7984090,0
            -120.9992890,37.7986040,0
            -120.9994270,37.7985530,0
            -121.1897750,37.7975480,0
            -121.1899430,37.7976120,0
            -121.1919680,37.7976010,0
            -121.1907400,37.7946240,0
            -121.1906220,37.7945420,0
            -121.1896860,37.7908910,0
            -121.1893650,37.7862730,0
            -121.1899040,37.7850560,0
            -121.1904820,37.7844700,0
            -121.1914760,37.7838900,0
            -121.1924370,37.7836100,0
            -121.2619870,37.7833500,0
            -121.2649890,37.7836840,0
            -121.2895690,37.7900740,0
            -121.2943850,37.7903980,0
            -121.2973660,37.7899770,0
            -121.3024680,37.7885610,0
            -121.3116370,37.7821520,0
            -121.3116690,37.7820120,0
            -121.3284320,37.7698100,0
            -121.3286310,37.7697910,0
            -121.3321100,37.7678250,0
            -121.3350100,37.7670260,0
            -121.3541930,37.7651400,0
            -121.4109730,37.7648990,0
            -121.4224200,37.7632540,0
            -121.4382760,37.7630500,0
            -121.4419830,37.7625800,0
            -121.4445040,37.7618660,0
            -121.4929650,37.7420550,0
            -121.4954550,37.7412790,0
            -121.4981270,37.7408090,0
            -121.5012150,37.7406580,0
            -121.5507380,37.7436620,0
            -121.5793420,37.7415410,0
            -121.5990840,37.7385010,0
            -121.6100620,37.7377160,0
            -121.6282160,37.7345880,0
            -121.6309650,37.7335640,0
            -121.6328600,37.7321460,0
            -121.6348260,37.7295590,0
            -121.6361190,37.7283100,0
            -121.6381750,37.7271000,0
            -121.6402030,37.7264460,0
            -121.6450980,37.7258510,0
            -121.6470680,37.7252740,0
            -121.6602610,37.7195160,0
            -121.6647620,37.7182430,0
            -121.6666910,37.7180400,0
            -121.6692190,37.7183490,0
            -121.6712380,37.7190980,0
            -121.6737910,37.7207230,0
            -121.6753440,37.7213250,0
            -121.6802800,37.7219460,0
            -121.6825200,37.7218240,0
            -121.7042530,37.7173670,0
            -121.7366800,37.7037390,0
            -121.7398500,37.7028000,0
            -121.7424030,37.7024930,0
            -121.7608960,37.7030040,0
            -121.7753680,37.7007440,0
            -121.7870430,37.6996790,0
            -121.7892940,37.6998150,0
            -121.7945800,37.7008710,0
            -121.9186670,37.7020490,0
            -121.9204710,37.7018490,0
            -121.9209820,37.7019180,0
            -121.9227820,37.7027110,0
            -121.9495600,37.7357990,0
            -121.9700590,37.7673370,0
            -121.9844300,37.7953240,0
            -121.9882460,37.8008380,0
            -121.9927710,37.8114030,0
            -121.9932450,37.8137680,0
            -121.9932210,37.8217730,0
            -121.9937650,37.8235190,0
            -121.9949080,37.8253630,0
            -121.9960860,37.8265610,0
            -122.0192850,37.8412200,0
            -122.0263170,37.8464960,0
            -122.0277240,37.8480120,0
            -122.0285430,37.8498760,0
            -122.0293000,37.8549940,0
            -122.0334420,37.8617510,0
            -122.0373430,37.8649660,0
            -122.0443700,37.8743460,0
            -122.0480430,37.8780210,0
            -122.0504740,37.8813400,0
            -122.0554700,37.8860880,0
            -122.0572620,37.8887280,0
            -122.0582670,37.8897350,0
            -122.0691870,37.8950240,0
            -122.0701690,37.8957990,0
            -122.0705670,37.8963300,0
            -122.0709370,37.8976640,0
            -122.0687820,37.9076920,0
            -122.0663580,37.9143340,0
            -122.0654120,37.9158250,0
            -122.0632580,37.9182040,0
            -122.0610360,37.9232110,0
            -122.0601870,37.9294830,0
            -122.0601450,37.9371350,0
            -122.0599800,37.9372440,0
            -122.0594470,37.9401470,0
            -122.0597400,37.9408350,0
            -122.0603900,37.9413070,0
            -122.0600850,37.9551660,0
            -122.0606110,37.9573000,0
            -122.0600940,37.9573780,0
            -122.0603080,37.9580510,0
          </coordinates>
        </LineString>
      </Placemark>
      <Placemark>
        <name>Oyama BBQ</name>
        <styleUrl>#icon-1739-0288D1</styleUrl>
        <ExtendedData>
          <Data name="Category">
            <value>Barbecue</value>
          </Data>
          <Data name="Distance">
            <value>0</value>
          </Data>
        </ExtendedData>
        <Point>
          <coordinates>
            -122.060547,37.958101,0
          </coordinates>
        </Point>
      </Placemark>
      <Placemark>
        <name>Driving</name>
        <styleUrl>#line-F9A825-5000</styleUrl>
        <ExtendedData>
          <Data name="Category">
            <value>Driving</value>
          </Data>
          <Data name="Distance">
            <value>53593</value>
          </Data>
        </ExtendedData>
        <LineString>
          <tessellate>1</tessellate>
          <coordinates>
            -122.0603120,37.9580760,0
            -122.0603040,37.9581110,0
            -122.0602650,37.9581340,0
            -122.0600700,37.9581480,0
            -122.0601550,37.9584720,0
            -122.0601180,37.9585780,0
            -122.0609060,37.9584350,0
            -122.0616460,37.9619850,0
            -122.0615460,37.9623240,0
            -122.0612880,37.9625500,0
            -122.0612700,37.9626160,0
            -122.0567950,37.9655840,0
            -122.0564830,37.9656410,0
            -122.0563220,37.9656040,0
            -122.0562370,37.9655390,0
            -122.0547500,37.9634470,0
            -122.0546080,37.9634140,0
            -122.0528000,37.9598390,0
            -122.0526250,37.9590320,0
            -122.0526250,37.9581030,0
            -122.0528350,37.9572350,0
            -122.0550420,37.9526550,0
            -122.0551340,37.9525500,0
            -122.0600190,37.9414310,0
            -122.0604740,37.9390810,0
            -122.0603860,37.9307130,0
            -122.0610010,37.9245540,0
            -122.0619540,37.9214950,0
            -122.0632250,37.9187580,0
            -122.0636780,37.9180990,0
            -122.0658080,37.9158300,0
            -122.0663920,37.9149670,0
            -122.0678660,37.9110780,0
            -122.0680100,37.9109200,0
            -122.0700420,37.9053050,0
            -122.0713950,37.8988910,0
            -122.0716400,37.8983290,0
            -122.0720390,37.8977570,0
            -122.0727290,37.8971180,0
            -122.0734100,37.8967240,0
            -122.0743660,37.8963550,0
            -122.0749820,37.8962250,0
            -122.0758980,37.8961690,0
            -122.0769730,37.8962950,0
            -122.0796650,37.8970270,0
            -122.0797840,37.8970980,0
            -122.0838740,37.8980990,0
            -122.0862590,37.8982340,0
            -122.0974050,37.8978900,0
            -122.0994240,37.8976980,0
            -122.1220630,37.8940050,0
            -122.1345600,37.8910010,0
            -122.1362200,37.8908290,0
            -122.1373470,37.8908640,0
            -122.1418330,37.8915870,0
            -122.1438980,37.8916330,0
            -122.1477280,37.8913750,0
            -122.1491190,37.8914350,0
            -122.1609100,37.8931080,0
            -122.1632650,37.8931740,0
            -122.1651680,37.8930730,0
            -122.1685380,37.8925560,0
            -122.1704520,37.8920510,0
            -122.1730300,37.8910770,0
            -122.1747110,37.8901510,0
            -122.1760250,37.8891880,0
            -122.1776060,37.8875890,0
            -122.1810680,37.8823310,0
            -122.1821960,37.8811860,0
            -122.1861340,37.8780410,0
            -122.1873470,37.8764640,0
            -122.1888050,37.8737040,0
            -122.1894400,37.8729560,0
            -122.1953550,37.8684300,0
            -122.1967350,37.8677760,0
            -122.1977020,37.8675300,0
            -122.1984720,37.8674340,0
            -122.2015820,37.8674050,0
            -122.2027390,37.8672730,0
            -122.2039330,37.8670160,0
            -122.2071680,37.8660160,0
            -122.2081420,37.8654360,0
            -122.2086400,37.8649470,0
            -122.2091000,37.8642040,0
            -122.2094700,37.8628340,0
            -122.2100740,37.8615790,0
            -122.2107230,37.8607260,0
            -122.2156520,37.8563250,0
            -122.2168640,37.8555310,0
            -122.2181150,37.8549700,0
            -122.2202480,37.8542930,0
            -122.2203720,37.8542850,0
            -122.2211730,37.8538920,0
            -122.2219660,37.8532340,0
            -122.2223230,37.8527550,0
            -122.2231550,37.8507060,0
            -122.2235030,37.8501560,0
            -122.2242820,37.8494440,0
            -122.2249050,37.8491090,0
            -122.2260570,37.8487870,0
            -122.2269330,37.8487320,0
            -122.2306060,37.8491230,0
            -122.2341010,37.8488410,0
            -122.2349420,37.8488700,0
            -122.2355010,37.8489730,0
            -122.2378010,37.8499170,0
            -122.2389240,37.8501180,0
            -122.2399190,37.8500930,0
            -122.2405780,37.8499610,0
            -122.2422030,37.8493300,0
            -122.2469970,37.8467100,0
            -122.2555690,37.8433440,0
            -122.2626690,37.8410080,0
            -122.2636660,37.8404130,0
            -122.2641860,37.8399860,0
            -122.2649890,37.8390320,0
            -122.2654600,37.8381860,0
            -122.2676050,37.8279530,0
            -122.2702160,37.8182420,0
            -122.2713060,37.8150860,0
            -122.2718580,37.8142020,0
            -122.2723840,37.8135870,0
            -122.2749590,37.8112660,0
            -122.2773840,37.8079720,0
            -122.2800900,37.8035760,0
            -122.2803370,37.8027690,0
            -122.2802340,37.8016230,0
            -122.2798700,37.8008720,0
            -122.2795900,37.8004980,0
            -122.2791090,37.8000530,0
            -122.2783980,37.7996040,0
            -122.2727020,37.7974640,0
            -122.2725540,37.7974990,0
            -122.2659890,37.7948580,0
            -122.2650850,37.7943150,0
            -122.2612770,37.7911440,0
            -122.2605230,37.7906700,0
            -122.2594250,37.7901700,0
            -122.2585300,37.7899050,0
            -122.2537070,37.7890760,0
            -122.2496510,37.7879620,0
            -122.2459980,37.7865130,0
            -122.2414450,37.7840790,0
            -122.2401740,37.7832190,0
            -122.2396370,37.7827160,0
            -122.2390650,37.7819070,0
            -122.2377790,37.7785850,0
            -122.2373260,37.7778350,0
            -122.2365670,37.7769330,0
            -122.2352530,37.7758660,0
            -122.2341300,37.7752450,0
            -122.2249610,37.7721200,0
            -122.2238780,37.7716360,0
            -122.2225360,37.7707190,0
            -122.2217970,37.7699640,0
            -122.2185770,37.7657190,0
            -122.1828290,37.7249620,0
            -122.1716390,37.7139180,0
            -122.1292610,37.6845400,0
            -122.1127370,37.6730410,0
            -122.1115170,37.6719270,0
            -122.1108750,37.6711860,0
            -122.0967610,37.6487130,0
            -122.0967800,37.6485440,0
            -122.0956220,37.6466520,0
            -122.0948280,37.6449760,0
            -122.0947030,37.6440220,0
            -122.0948170,37.6434650,0
            -122.0954650,37.6421700,0
            -122.0954310,37.6420720,0
            -122.0976830,37.6382510,0
            -122.0986070,37.6372830,0
            -122.0993420,37.6367460,0
            -122.1005550,37.6361290,0
            -122.1093070,37.6327480,0
            -122.1127770,37.6310780,0
            -122.1497540,37.6186890,0
            -122.1517580,37.6182480,0
            -122.1539710,37.6175790,0
            -122.1551760,37.6170660,0
            -122.2430060,37.5907850,0
            -122.2440560,37.5902450,0
            -122.2450040,37.5895820,0
            -122.2728750,37.5642710,0
            -122.2749900,37.5627340,0
            -122.2832870,37.5575410,0
            -122.2854220,37.5564230,0
            -122.2879670,37.5553630,0
            -122.2912930,37.5542570,0
            -122.3000120,37.5527740,0
            -122.3080050,37.5525220,0
            -122.3089550,37.5522460,0
            -122.3098240,37.5517620,0
            -122.3099410,37.5517610,0
            -122.3107720,37.5513170,0
            -122.3110880,37.5512380,0
            -122.3120590,37.5513670,0
            -122.3122260,37.5513160,0
            -122.3127690,37.5508880,0
            -122.3102370,37.5485670,0
          </coordinates>
        </LineString>
      </Placemark>
    </Folder>
    <Folder>
      <name>2021-09-11</name>
      <Placemark>
        <name>Driving</name>
        <styleUrl>#line-A52714-5000</styleUrl>
        <ExtendedData>
          <Data name="Category">
            <value>Driving</value>
          </Data>
          <Data name="Distance">
            <value>2307</value>
          </Data>
        </ExtendedData>
        <LineString>
          <tessellate>1</tessellate>
          <coordinates>
            -122.3102790,37.5581847,0
            -122.3107110,37.5585850,0
            -122.3116980,37.5594830,0
            -122.3122080,37.5599520,0
            -122.3127330,37.5604330,0
            -122.3133550,37.5610000,0
            -122.3140120,37.5615990,0
            -122.3143700,37.5619260,0
            -122.3143840,37.5619390,0
            -122.3157230,37.5631730,0
            -122.3171370,37.5644690,0
            -122.3174750,37.5647840,0
            -122.3185640,37.5657720,0
            -122.3188570,37.5660380,0
            -122.3189660,37.5661370,0
            -122.3192050,37.5663670,0
            -122.3195360,37.5666780,0
            -122.3198210,37.5669380,0
            -122.3200550,37.5671450,0
            -122.3205060,37.5675580,0
            -122.3208770,37.5678980,0
            -122.3217420,37.5686770,0
            -122.3224910,37.5681330,0
            -122.3231930,37.5676680,0
            -122.3232790,37.5676100,0
            -122.3233250,37.5675800,0
            -122.3233710,37.5675470,0
            -122.3235460,37.5674250,0
            -122.3236850,37.5673330,0
            -122.3239710,37.5671340,0
          </coordinates>
        </LineString>
      </Placemark>
      <Placemark>
        <name>Home</name>
        <styleUrl>#icon-1603-0288D1-nodesc</styleUrl>
        <Point>
          <coordinates>
            -122.3102790,37.5581847,0
          </coordinates>
        </Point>
      </Placemark>
      <Placemark>
        <name>Philz Coffee</name>
        <styleUrl>#icon-1739-0288D1</styleUrl>
        <ExtendedData>
          <Data name="Category">
            <value>Coffee shop</value>
          </Data>
          <Data name="Distance">
            <value>0</value>
          </Data>
        </ExtendedData>
        <Point>
          <coordinates>
            -122.323718,37.566939,0
          </coordinates>
        </Point>
      </Placemark>
      <Placemark>
        <name>Driving</name>
        <styleUrl>#line-A52714-5000</styleUrl>
        <ExtendedData>
          <Data name="Category">
            <value>Driving</value>
          </Data>
          <Data name="Distance">
            <value>264675</value>
          </Data>
        </ExtendedData>
        <LineString>
          <tessellate>1</tessellate>
          <coordinates>
            -122.3239650,37.5677690,0
            -122.3242480,37.5680010,0
            -122.3247320,37.5676950,0
            -122.3240950,37.5670480,0
            -122.3217420,37.5686770,0
            -122.3208770,37.5678980,0
            -122.3191410,37.5691110,0
            -122.3174810,37.5675730,0
            -122.3145600,37.5695440,0
            -122.3135370,37.5696970,0
            -122.3132420,37.5696550,0
            -122.3123800,37.5690730,0
            -122.3122350,37.5690660,0
            -122.3013580,37.5588240,0
            -122.3013790,37.5586580,0
            -122.2978110,37.5545440,0
            -122.2971190,37.5540630,0
            -122.2939750,37.5532270,0
            -122.2932240,37.5532790,0
            -122.2880640,37.5550530,0
            -122.2850000,37.5564010,0
            -122.2736020,37.5634850,0
            -122.2440380,37.5901280,0
            -122.2425060,37.5908710,0
            -122.1524210,37.6175180,0
            -122.1124280,37.6310000,0
            -122.1042330,37.6346220,0
            -122.1040550,37.6346140,0
            -122.1003110,37.6359290,0
            -122.0990390,37.6366130,0
            -122.0980650,37.6374050,0
            -122.0973130,37.6383070,0
            -122.0950230,37.6420650,0
            -122.0936040,37.6431640,0
            -122.0931930,37.6438040,0
            -122.0930850,37.6443770,0
            -122.0932320,37.6450640,0
            -122.0935010,37.6454940,0
            -122.0954160,37.6473560,0
            -122.0955420,37.6474000,0
            -122.1106540,37.6713400,0
            -122.1117820,37.6725590,0
            -122.1305080,37.6856400,0
            -122.1305220,37.6857890,0
            -122.1335170,37.6881270,0
            -122.1337690,37.6884510,0
            -122.1339280,37.6890410,0
            -122.1336590,37.6898020,0
            -122.1332110,37.6901970,0
            -122.1327570,37.6904030,0
            -122.1309080,37.6907300,0
            -122.1296390,37.6907880,0
            -122.1265770,37.6905790,0
            -122.1132840,37.6884910,0
            -122.1102410,37.6885010,0
            -122.0898970,37.6904840,0
            -122.0729950,37.6905730,0
            -122.0690010,37.6908860,0
            -122.0592550,37.6934180,0
            -122.0570190,37.6936050,0
            -122.0523690,37.6932260,0
            -122.0493490,37.6935130,0
            -122.0471900,37.6941810,0
            -122.0448450,37.6954980,0
            -122.0404980,37.6994340,0
            -122.0391230,37.7004010,0
            -122.0369170,37.7013820,0
            -122.0349540,37.7018460,0
            -122.0331760,37.7019920,0
            -122.0312400,37.7018630,0
            -122.0274900,37.7009510,0
            -122.0251960,37.7006710,0
            -122.0225430,37.7008360,0
            -122.0161830,37.7026480,0
            -122.0014910,37.7033600,0
            -121.9976300,37.7030210,0
            -121.9940450,37.7020880,0
            -121.9889370,37.6999870,0
            -121.9878700,37.6996960,0
            -121.9733420,37.6974270,0
            -121.9692900,37.6970640,0
            -121.9660790,37.6971090,0
            -121.9575460,37.6982600,0
            -121.9356350,37.6981360,0
            -121.9338040,37.6983130,0
            -121.9182500,37.7016630,0
            -121.7939980,37.7005550,0
            -121.7895130,37.6995940,0
            -121.7879860,37.6994330,0
            -121.7757500,37.7004490,0
            -121.7609040,37.7027250,0
            -121.7434900,37.7022330,0
            -121.7392100,37.7027170,0
            -121.7365960,37.7035110,0
            -121.7067290,37.7161550,0
            -121.7040880,37.7169650,0
            -121.6819460,37.7216820,0
            -121.6803530,37.7217420,0
            -121.6764250,37.7213310,0
            -121.6747140,37.7208760,0
            -121.6713500,37.7189200,0
            -121.6689720,37.7180730,0
            -121.6671020,37.7178410,0
            -121.6657790,37.7178800,0
            -121.6642840,37.7181240,0
            -121.6366000,37.7268990,0
            -121.6347380,37.7280080,0
            -121.6313780,37.7316090,0
            -121.6289060,37.7330780,0
            -121.6276460,37.7334710,0
            -121.6121760,37.7346530,0
            -121.6079750,37.7354370,0
            -121.6013210,37.7372720,0
            -121.5792260,37.7412990,0
            -121.5492750,37.7435150,0
            -121.5002710,37.7404510,0
            -121.4975050,37.7406180,0
            -121.4941000,37.7413730,0
            -121.4434710,37.7619250,0
            -121.4416350,37.7623840,0
            -121.4386600,37.7627710,0
            -121.4244470,37.7628300,0
            -121.4097830,37.7647050,0
            -121.3545040,37.7648620,0
            -121.3311900,37.7671760,0
            -121.3296260,37.7676020,0
            -121.3281220,37.7682300,0
            -121.3264690,37.7692660,0
            -121.3253020,37.7703270,0
            -121.3227880,37.7733370,0
            -121.3197650,37.7756920,0
            -121.3196460,37.7758810,0
            -121.3059970,37.7853050,0
            -121.3057940,37.7853050,0
            -121.2999230,37.7885340,0
            -121.2979590,37.7892980,0
            -121.2947350,37.7899610,0
            -121.2932260,37.7900520,0
            -121.2905660,37.7899040,0
            -121.2648260,37.7833290,0
            -121.2615210,37.7830210,0
            -121.1931570,37.7832200,0
            -121.1919010,37.7834780,0
            -121.1912270,37.7837680,0
            -121.1894920,37.7849610,0
            -121.1884060,37.7853060,0
            -121.1871650,37.7852730,0
            -121.1864140,37.7850360,0
            -121.1856050,37.7845030,0
            -121.1849980,37.7835310,0
            -121.1849350,37.7828200,0
            -121.1851590,37.7823730,0
            -121.1856670,37.7820630,0
            -121.1860940,37.7820030,0
            -121.1865140,37.7820600,0
            -121.1870110,37.7823380,0
            -121.1872130,37.7825990,0
            -121.1877250,37.7842940,0
            -121.1878340,37.7844010,0
            -121.1904510,37.7946670,0
            -121.1905800,37.7974190,0
            -121.1898930,37.7974660,0
            -121.1897750,37.7975480,0
            -121.0001160,37.7985170,0
            -121.0000150,37.7985640,0
            -120.9987120,37.7984560,0
            -120.9983760,37.7983300,0
            -120.9975680,37.7977820,0
            -120.9953080,37.7967220,0
            -120.9925920,37.7966080,0
            -120.9922220,37.7964600,0
            -120.9896050,37.7944670,0
            -120.9891070,37.7942850,0
            -120.9039010,37.7929470,0
            -120.8897420,37.7915420,0
            -120.8707350,37.7912110,0
            -120.8685070,37.7908900,0
            -120.8671420,37.7904780,0
            -120.8649510,37.7893760,0
            -120.8560120,37.7819880,0
            -120.8554070,37.7812260,0
            -120.8514150,37.7737280,0
            -120.8512220,37.7729080,0
            -120.8470290,37.7666370,0
            -120.8435010,37.7681020,0
            -120.8401360,37.7691100,0
            -120.8270230,37.7742650,0
            -120.8163380,37.7762380,0
            -120.7762310,37.7765940,0
            -120.7740200,37.7769020,0
            -120.7297290,37.7876120,0
            -120.7291540,37.7878440,0
            -120.7286070,37.7882180,0
            -120.7260380,37.7912480,0
            -120.7254420,37.7922560,0
            -120.7250620,37.7938040,0
            -120.7241930,37.7958840,0
            -120.7186320,37.8030790,0
            -120.7149460,37.8061410,0
            -120.7142680,37.8064960,0
            -120.7133390,37.8067460,0
            -120.7124720,37.8067720,0
            -120.7107000,37.8065020,0
            -120.7098080,37.8061860,0
            -120.7082220,37.8052080,0
            -120.7063340,37.8045880,0
            -120.7044640,37.8045220,0
            -120.7011280,37.8052650,0
            -120.6964380,37.8072880,0
            -120.6952380,37.8076120,0
            -120.6932710,37.8077200,0
            -120.6918980,37.8074970,0
            -120.6899180,37.8068960,0
            -120.6857270,37.8066790,0
            -120.6846560,37.8063390,0
            -120.6793330,37.8036250,0
            -120.6783860,37.8033620,0
            -120.6767360,37.8032520,0
            -120.6755830,37.8034240,0
            -120.6744150,37.8038400,0
            -120.6670750,37.8078820,0
            -120.6606850,37.8128510,0
            -120.6564750,37.8148000,0
            -120.6542180,37.8163400,0
            -120.6507530,37.8197380,0
            -120.6501470,37.8201610,0
            -120.6484520,37.8208680,0
            -120.6424880,37.8221800,0
            -120.6399230,37.8233220,0
            -120.6382470,37.8244560,0
            -120.6293420,37.8319040,0
            -120.6278270,37.8336610,0
            -120.6254680,37.8384950,0
            -120.6236960,37.8403920,0
            -120.6164880,37.8441420,0
            -120.6136230,37.8451720,0
            -120.6093930,37.8460160,0
            -120.6057070,37.8461280,0
            -120.6023110,37.8468170,0
            -120.5968320,37.8492010,0
            -120.5945830,37.8498660,0
            -120.5891630,37.8499130,0
            -120.5858470,37.8491900,0
            -120.5825790,37.8490380,0
            -120.5799710,37.8480210,0
            -120.5776970,37.8474270,0
            -120.5750950,37.8471670,0
            -120.5717180,37.8472360,0
            -120.5634410,37.8463550,0
            -120.5547440,37.8461030,0
            -120.5510640,37.8455670,0
            -120.5432150,37.8433150,0
            -120.5398720,37.8430250,0
            -120.5344530,37.8434510,0
            -120.5285110,37.8429720,0
            -120.5172650,37.8409710,0
            -120.5153180,37.8410530,0
            -120.5094860,37.8425790,0
            -120.5080440,37.8433330,0
            -120.5074970,37.8438770,0
            -120.5069580,37.8447340,0
            -120.5067320,37.8460070,0
            -120.5068640,37.8467330,0
            -120.5116880,37.8575090,0
            -120.5119790,37.8587400,0
            -120.5116470,37.8653840,0
            -120.5112760,37.8669850,0
            -120.5060400,37.8803340,0
            -120.5055580,37.8810570,0
            -120.5048510,37.8817100,0
            -120.5016010,37.8834990,0
            -120.4965820,37.8874920,0
            -120.4954970,37.8881520,0
            -120.4882620,37.8912000,0
            -120.4851990,37.8866430,0
            -120.4793880,37.8820910,0
            -120.4778790,37.8813890,0
            -120.4630500,37.8794480,0
            -120.4605550,37.8781620,0
            -120.4599830,37.8780020,0
            -120.4594410,37.8780450,0
            -120.4590550,37.8782080,0
            -120.4569250,37.8798720,0
            -120.4564120,37.8800630,0
            -120.4560370,37.8800460,0
            -120.4485530,37.8776760,0
            -120.4453380,37.8775700,0
            -120.4376760,37.8757380,0
            -120.4341810,37.8744500,0
            -120.4315910,37.8722600,0
            -120.4312920,37.8717670,0
            -120.4311580,37.8710190,0
            -120.4315360,37.8694760,0
            -120.4314370,37.8689450,0
            -120.4246430,37.8611090,0
            -120.4138140,37.8528500,0
            -120.4126100,37.8521430,0
            -120.4103950,37.8513030,0
            -120.4093160,37.8510600,0
            -120.3999690,37.8501340,0
            -120.3942680,37.8505100,0
            -120.3931920,37.8503060,0
            -120.3891010,37.8488680,0
            -120.3810680,37.8431610,0
            -120.3797040,37.8404700,0
            -120.3791320,37.8399250,0
            -120.3778140,37.8392280,0
            -120.3767850,37.8390130,0
            -120.3759370,37.8389930,0
            -120.3717950,37.8399700,0
            -120.3702990,37.8400200,0
            -120.3687690,37.8397930,0
            -120.3676510,37.8394370,0
            -120.3630250,37.8371840,0
            -120.3591630,37.8340610,0
            -120.3547850,37.8320450,0
            -120.3531310,37.8315420,0
            -120.3488060,37.8309380,0
            -120.3154000,37.8155100,0
            -120.3131880,37.8149300,0
            -120.3101470,37.8146610,0
            -120.3053280,37.8137130,0
            -120.3042570,37.8136470,0
            -120.3001740,37.8139770,0
            -120.2995670,37.8141760,0
            -120.2989050,37.8145780,0
            -120.2975740,37.8160580,0
            -120.2975870,37.8163020,0
            -120.2978200,37.8165760,0
            -120.2998780,37.8169490,0
            -120.3002110,37.8171100,0
            -120.3008030,37.8176900,0
            -120.3013210,37.8179460,0
            -120.3035960,37.8180770,0
            -120.3041600,37.8183300,0
            -120.3047430,37.8188110,0
            -120.3051710,37.8190170,0
            -120.3056300,37.8191090,0
            -120.3068670,37.8190120,0
            -120.3070850,37.8190690,0
            -120.3073430,37.8192560,0
            -120.3074390,37.8196010,0
            -120.3072610,37.8199210,0
            -120.3068430,37.8201030,0
            -120.3051820,37.8199020,0
            -120.3045400,37.8193930,0
            -120.3039320,37.8191740,0
            -120.3036430,37.8192280,0
            -120.3026810,37.8199640,0
            -120.3009330,37.8198830,0
            -120.3004790,37.8201570,0
            -120.3000720,37.8202690,0
            -120.2997770,37.8205080,0
            -120.2991570,37.8206690,0
            -120.2989830,37.8206470,0
            -120.2988560,37.8205560,0
            -120.2986820,37.8201540,0
            -120.2982530,37.8196540,0
            -120.2980380,37.8195640,0
            -120.2976060,37.8195630,0
            -120.2971370,37.8196760,0
            -120.2964800,37.8200820,0
            -120.2963120,37.8200780,0
            -120.2961440,37.8199840,0
            -120.2958780,37.8193010,0
            -120.2959000,37.8187390,0
            -120.2957210,37.8185070,0
            -120.2955730,37.8184570,0
            -120.2954020,37.8184750,0
            -120.2939520,37.8193370,0
            -120.2937310,37.8196640,0
            -120.2938820,37.8201760,0
            -120.2935410,37.8207250,0
            -120.2928350,37.8208870,0
            -120.2919820,37.8213250,0
            -120.2913550,37.8211170,0
            -120.2912510,37.8209940,0
            -120.2911990,37.8202780,0
            -120.2913940,37.8199070,0
            -120.2913080,37.8196770,0
            -120.2910550,37.8195570,0
            -120.2900680,37.8194830,0
            -120.2898790,37.8195490,0
            -120.2897790,37.8196720,0
            -120.2898100,37.8201200,0
            -120.2889820,37.8210340,0
            -120.2888350,37.8211120,0
            -120.2882860,37.8211830,0
            -120.2878520,37.8215020,0
            -120.2876540,37.8215220,0
            -120.2866340,37.8211950,0
            -120.2864540,37.8212140,0
            -120.2851780,37.8217790,0
            -120.2849910,37.8218030,0
            -120.2845140,37.8216050,0
            -120.2840870,37.8212810,0
            -120.2836330,37.8211710,0
            -120.2828650,37.8213740,0
            -120.2827720,37.8214610,0
            -120.2827490,37.8216050,0
            -120.2834420,37.8222330,0
            -120.2835210,37.8223920,0
            -120.2835760,37.8236190,0
            -120.2847230,37.8244020,0
            -120.2847700,37.8245000,0
            -120.2847300,37.8246750,0
            -120.2845000,37.8248080,0
            -120.2842810,37.8247940,0
            -120.2825800,37.8241100,0
            -120.2822090,37.8234910,0
            -120.2820660,37.8234000,0
            -120.2800710,37.8230750,0
            -120.2798660,37.8231750,0
            -120.2798030,37.8233360,0
            -120.2798750,37.8239030,0
            -120.2797890,37.8241640,0
            -120.2792750,37.8247740,0
            -120.2791220,37.8248490,0
            -120.2789680,37.8248560,0
            -120.2787620,37.8247400,0
            -120.2785220,37.8241400,0
            -120.2782280,37.8239270,0
            -120.2771610,37.8237400,0
            -120.2770670,37.8236190,0
            -120.2770910,37.8227130,0
            -120.2768880,37.8225530,0
            -120.2761440,37.8225240,0
            -120.2757050,37.8222370,0
            -120.2749750,37.8220800,0
            -120.2748300,37.8219240,0
            -120.2748080,37.8217020,0
            -120.2749070,37.8215380,0
            -120.2768290,37.8205800,0
            -120.2769200,37.8204440,0
            -120.2768440,37.8202060,0
            -120.2760920,37.8199690,0
            -120.2758470,37.8197930,0
            -120.2756540,37.8192800,0
            -120.2754920,37.8191210,0
            -120.2752120,37.8190280,0
            -120.2743490,37.8190440,0
            -120.2741940,37.8189790,0
            -120.2740950,37.8188390,0
            -120.2741120,37.8185340,0
            -120.2740500,37.8184020,0
            -120.2738410,37.8182980,0
            -120.2723760,37.8180500,0
            -120.2721980,37.8179180,0
            -120.2721850,37.8176830,0
            -120.2729950,37.8168770,0
            -120.2730560,37.8165850,0
            -120.2721840,37.8147000,0
            -120.2721950,37.8142920,0
            -120.2721060,37.8140690,0
            -120.2719920,37.8139850,0
            -120.2717080,37.8139480,0
            -120.2702190,37.8143760,0
            -120.2693620,37.8150440,0
            -120.2685960,37.8167780,0
            -120.2683830,37.8169650,0
            -120.2680080,37.8171240,0
            -120.2667350,37.8173440,0
            -120.2643860,37.8188010,0
            -120.2614810,37.8225260,0
            -120.2613410,37.8226090,0
            -120.2580930,37.8233500,0
            -120.2563300,37.8248150,0
            -120.2532960,37.8260070,0
            -120.2521070,37.8270830,0
            -120.2494420,37.8284360,0
            -120.2472460,37.8299100,0
            -120.2465040,37.8308360,0
            -120.2443240,37.8323700,0
            -120.2433710,37.8326420,0
            -120.2413730,37.8346330,0
            -120.2374440,37.8365300,0
            -120.2360470,37.8366060,0
            -120.2322580,37.8379830,0
            -120.2294020,37.8394670,0
            -120.2289400,37.8396050,0
            -120.2253640,37.8399760,0
            -120.2237590,37.8396590,0
            -120.2222220,37.8387230,0
            -120.2215420,37.8380080,0
            -120.2207380,37.8365460,0
            -120.2200150,37.8359860,0
            -120.2189340,37.8356260,0
            -120.2151120,37.8354120,0
            -120.2136830,37.8357640,0
            -120.2098230,37.8383430,0
            -120.2089610,37.8387190,0
            -120.2082250,37.8388650,0
            -120.2075270,37.8388360,0
            -120.2062030,37.8382970,0
            -120.2059160,37.8380810,0
            -120.2030700,37.8340930,0
            -120.1952410,37.8288510,0
            -120.1939670,37.8283470,0
            -120.1903520,37.8279940,0
            -120.1890660,37.8280970,0
            -120.1853270,37.8288770,0
            -120.1840280,37.8287840,0
            -120.1789970,37.8273450,0
            -120.1752470,37.8256950,0
            -120.1726860,37.8251030,0
            -120.1688520,37.8233210,0
            -120.1576080,37.8207480,0
            -120.1561090,37.8206090,0
            -120.1494730,37.8210980,0
            -120.1343320,37.8201440,0
            -120.1328910,37.8195570,0
            -120.1308170,37.8177810,0
            -120.1296570,37.8171070,0
            -120.1260790,37.8161100,0
            -120.1218970,37.8138340,0
            -120.1202120,37.8134940,0
            -120.1190400,37.8135140,0
            -120.1181110,37.8136710,0
            -120.1107840,37.8162320,0
            -120.1095480,37.8168660,0
            -120.0996150,37.8235730,0
            -120.0977750,37.8245020,0
            -120.0959950,37.8250440,0
            -120.0921700,37.8255180,0
            -120.0912260,37.8252970,0
            -120.0904000,37.8248140,0
            -120.0899550,37.8243400,0
            -120.0896980,37.8238530,0
            -120.0893600,37.8223350,0
            -120.0888970,37.8215300,0
            -120.0883650,37.8210840,0
            -120.0866670,37.8202830,0
            -120.0858030,37.8200950,0
            -120.0827610,37.8204120,0
            -120.0816630,37.8203320,0
            -120.0792320,37.8196470,0
            -120.0769900,37.8196530,0
            -120.0761320,37.8194940,0
            -120.0753560,37.8191210,0
            -120.0713800,37.8149660,0
            -120.0704850,37.8145560,0
            -120.0661350,37.8138330,0
            -120.0651390,37.8139730,0
            -120.0608060,37.8162920,0
            -120.0502620,37.8198160,0
            -120.0490970,37.8199330,0
            -120.0464420,37.8196720,0
            -120.0452910,37.8198190,0
            -120.0425870,37.8210920,0
            -120.0385690,37.8218870,0
            -120.0375820,37.8218610,0
            -120.0322610,37.8208680,0
            -120.0296130,37.8210930,0
            -120.0283070,37.8214810,0
            -120.0268730,37.8224140,0
            -120.0257730,37.8227230,0
            -120.0234260,37.8227040,0
            -120.0225710,37.8230520,0
            -120.0221950,37.8233730,0
            -120.0214950,37.8245150,0
            -120.0208690,37.8249770,0
            -120.0202160,37.8251910,0
            -120.0198680,37.8252000,0
            -120.0189080,37.8248070,0
            -120.0175230,37.8230590,0
            -120.0166250,37.8225150,0
            -120.0162020,37.8225010,0
            -120.0144260,37.8228090,0
            -120.0133820,37.8231520,0
            -120.0128540,37.8237160,0
            -120.0118100,37.8244650,0
            -120.0105510,37.8248310,0
            -120.0060090,37.8243740,0
            -120.0051340,37.8237930,0
            -120.0047320,37.8231660,0
            -120.0042420,37.8227370,0
            -120.0033760,37.8224540,0
            -120.0026640,37.8225170,0
            -120.0010400,37.8230800,0
            -120.0004820,37.8230850,0
            -119.9997090,37.8228720,0
            -119.9971510,37.8212310,0
            -119.9966260,37.8210830,0
            -119.9956660,37.8211110,0
            -119.9951830,37.8212790,0
            -119.9946590,37.8216740,0
            -119.9937500,37.8230140,0
            -119.9930690,37.8234920,0
            -119.9924820,37.8236700,0
            -119.9889240,37.8236510,0
            -119.9882420,37.8238400,0
            -119.9876380,37.8243110,0
            -119.9872560,37.8252880,0
            -119.9841820,37.8290930,0
            -119.9837520,37.8293340,0
            -119.9832520,37.8294380,0
            -119.9828010,37.8294090,0
            -119.9820960,37.8291870,0
            -119.9801520,37.8280380,0
            -119.9790800,37.8277000,0
            -119.9749190,37.8271680,0
            -119.9740430,37.8267210,0
            -119.9723870,37.8253180,0
            -119.9716030,37.8249510,0
            -119.9697180,37.8245010,0
            -119.9691830,37.8242590,0
            -119.9675890,37.8231400,0
            -119.9663780,37.8226370,0
            -119.9591540,37.8216130,0
            -119.9581990,37.8211610,0
            -119.9559660,37.8186720,0
            -119.9556010,37.8184740,0
            -119.9550900,37.8183590,0
            -119.9542450,37.8184480,0
            -119.9530530,37.8189090,0
            -119.9523270,37.8189240,0
            -119.9519280,37.8188210,0
            -119.9513270,37.8184300,0
            -119.9495360,37.8160220,0
            -119.9488240,37.8157580,0
            -119.9482770,37.8157380,0
            -119.9468560,37.8160950,0
            -119.9448120,37.8161310,0
            -119.9426060,37.8164800,0
            -119.9408320,37.8159330,0
            -119.9401830,37.8159570,0
            -119.9391220,37.8162810,0
            -119.9379840,37.8162300,0
            -119.9366310,37.8157100,0
            -119.9340810,37.8151460,0
            -119.9332550,37.8152130,0
            -119.9326840,37.8154720,0
            -119.9318580,37.8162390,0
            -119.9313170,37.8164930,0
            -119.9308530,37.8165710,0
            -119.9292270,37.8163160,0
            -119.9286550,37.8163660,0
            -119.9216410,37.8186060,0
            -119.9212010,37.8190020,0
            -119.9205180,37.8202020,0
            -119.9200640,37.8204760,0
            -119.9185650,37.8208350,0
            -119.9179230,37.8211550,0
            -119.9171290,37.8219360,0
            -119.9167670,37.8221310,0
            -119.9162150,37.8222700,0
            -119.9157490,37.8222710,0
            -119.9151360,37.8221030,0
            -119.9146300,37.8217650,0
            -119.9143650,37.8213840,0
            -119.9141240,37.8200680,0
            -119.9139260,37.8196550,0
            -119.9132320,37.8189030,0
            -119.9111730,37.8177940,0
            -119.9105530,37.8170850,0
            -119.9100870,37.8156810,0
            -119.9098150,37.8153180,0
            -119.9092810,37.8149180,0
            -119.9087520,37.8147140,0
            -119.9070320,37.8145170,0
            -119.9062220,37.8142500,0
            -119.9056690,37.8139220,0
            -119.9051970,37.8134530,0
            -119.9044090,37.8120830,0
            -119.9037540,37.8115050,0
            -119.9018700,37.8108590,0
            -119.9009330,37.8109160,0
            -119.9004070,37.8111690,0
            -119.8999250,37.8116590,0
            -119.8996720,37.8133620,0
            -119.8994820,37.8136170,0
            -119.8987940,37.8140320,0
            -119.8978400,37.8141390,0
            -119.8954160,37.8133830,0
            -119.8942560,37.8132480,0
            -119.8907040,37.8135040,0
            -119.8816610,37.8135320,0
            -119.8802960,37.8139330,0
            -119.8781080,37.8156730,0
            -119.8773780,37.8159620,0
            -119.8767850,37.8160090,0
            -119.8761400,37.8158950,0
            -119.8753730,37.8154370,0
            -119.8751430,37.8151040,0
            -119.8747600,37.8123740,0
            -119.8741280,37.8115290,0
            -119.8721950,37.8100910,0
            -119.8719530,37.8095470,0
            -119.8719500,37.8091220,0
            -119.8721180,37.8086420,0
            -119.8732100,37.8074590,0
            -119.8732800,37.8067800,0
            -119.8728060,37.8057590,0
            -119.8726710,37.8048950,0
            -119.8751370,37.7997640,0
            -119.8753610,37.7988700,0
            -119.8752050,37.7979630,0
            -119.8744230,37.7966040,0
            -119.8742960,37.7959710,0
            -119.8744520,37.7948150,0
            -119.8742510,37.7939640,0
            -119.8738500,37.7934680,0
            -119.8728430,37.7926500,0
            -119.8726090,37.7921690,0
            -119.8726090,37.7916870,0
            -119.8728720,37.7911700,0
            -119.8733900,37.7907650,0
            -119.8740110,37.7905900,0
            -119.8755220,37.7904470,0
            -119.8761390,37.7900930,0
            -119.8764200,37.7897790,0
            -119.8765570,37.7892370,0
            -119.8764430,37.7887200,0
            -119.8746030,37.7866130,0
            -119.8713870,37.7838760,0
            -119.8697670,37.7830380,0
            -119.8693280,37.7826140,0
            -119.8688330,37.7815790,0
            -119.8683500,37.7810540,0
            -119.8677080,37.7806480,0
            -119.8667030,37.7802640,0
            -119.8662820,37.7799920,0
            -119.8659600,37.7795230,0
            -119.8655500,37.7780160,0
            -119.8652520,37.7775560,0
            -119.8646390,37.7771680,0
            -119.8620920,37.7765620,0
            -119.8616140,37.7762820,0
            -119.8612480,37.7757640,0
            -119.8611650,37.7753700,0
            -119.8614960,37.7737680,0
            -119.8614580,37.7695030,0
            -119.8613790,37.7692820,0
            -119.8592640,37.7666160,0
            -119.8588040,37.7663260,0
            -119.8580260,37.7661090,0
            -119.8562170,37.7662780,0
            -119.8554130,37.7660950,0
            -119.8547260,37.7655180,0
            -119.8543810,37.7644760,0
            -119.8541380,37.7641230,0
            -119.8534540,37.7636890,0
            -119.8525050,37.7635880,0
            -119.8518940,37.7637570,0
            -119.8509200,37.7642760,0
            -119.8500780,37.7644550,0
            -119.8417770,37.7631760,0
            -119.8395090,37.7631800,0
            -119.8371210,37.7624810,0
            -119.8343530,37.7623690,0
            -119.8338440,37.7621900,0
            -119.8332160,37.7615940,0
            -119.8322910,37.7596560,0
            -119.8319070,37.7593470,0
            -119.8281420,37.7583250,0
            -119.8277100,37.7580860,0
            -119.8258530,37.7555920,0
            -119.8255580,37.7549210,0
            -119.8254440,37.7528740,0
            -119.8252590,37.7524850,0
            -119.8249130,37.7521500,0
            -119.8242200,37.7518510,0
            -119.8228850,37.7516580,0
            -119.8224170,37.7516950,0
            -119.8219400,37.7518560,0
            -119.8213760,37.7522900,0
            -119.8211960,37.7525630,0
            -119.8210230,37.7535500,0
            -119.8205840,37.7543840,0
            -119.8183850,37.7559000,0
            -119.8179150,37.7559920,0
            -119.8174060,37.7559510,0
            -119.8165190,37.7556220,0
            -119.8161120,37.7549710,0
            -119.8158020,37.7540530,0
            -119.8155300,37.7537140,0
            -119.8150320,37.7534090,0
            -119.8142030,37.7532720,0
            -119.8123010,37.7536890,0
            -119.8117240,37.7536280,0
            -119.8109830,37.7532450,0
            -119.8085190,37.7508400,0
            -119.8073960,37.7484580,0
            -119.8066900,37.7479660,0
            -119.8044010,37.7473440,0
            -119.8036970,37.7472990,0
            -119.8028700,37.7475850,0
            -119.8024050,37.7479800,0
            -119.8021760,37.7484210,0
            -119.8022490,37.7490560,0
            -119.8027770,37.7499660,0
            -119.8028040,37.7506290,0
            -119.8026340,37.7510040,0
            -119.8021840,37.7514120,0
            -119.8013480,37.7516890,0
            -119.7995470,37.7516690,0
            -119.7980840,37.7523920,0
            -119.7975770,37.7524950,0
            -119.7967210,37.7524620,0
            -119.7964010,37.7523770,0
            -119.7931940,37.7505690,0
            -119.7922220,37.7502940,0
            -119.7909030,37.7503990,0
            -119.7863650,37.7518890,0
            -119.7854830,37.7518760,0
            -119.7848150,37.7516910,0
            -119.7842910,37.7513890,0
            -119.7831330,37.7503310,0
            -119.7821980,37.7498520,0
            -119.7818880,37.7493670,0
            -119.7818010,37.7488110,0
            -119.7816270,37.7485030,0
            -119.7813030,37.7482220,0
            -119.7796820,37.7477160,0
            -119.7788130,37.7467180,0
            -119.7783900,37.7465160,0
            -119.7769980,37.7462940,0
            -119.7767340,37.7461020,0
            -119.7765050,37.7457650,0
            -119.7763200,37.7448480,0
            -119.7754170,37.7436910,0
            -119.7748110,37.7423930,0
            -119.7731800,37.7399870,0
            -119.7727930,37.7396390,0
            -119.7723710,37.7394740,0
            -119.7689180,37.7393740,0
            -119.7679490,37.7396380,0
            -119.7658610,37.7395660,0
            -119.7649200,37.7398780,0
            -119.7644820,37.7402990,0
            -119.7640330,37.7413940,0
            -119.7637080,37.7417240,0
            -119.7619700,37.7426950,0
            -119.7589940,37.7437370,0
            -119.7584280,37.7437840,0
            -119.7577520,37.7436290,0
            -119.7573010,37.7433650,0
            -119.7569470,37.7429330,0
            -119.7568320,37.7425690,0
            -119.7568650,37.7421280,0
            -119.7572040,37.7415630,0
            -119.7588780,37.7401830,0
            -119.7591010,37.7397950,0
            -119.7591020,37.7391180,0
            -119.7585260,37.7383830,0
            -119.7584050,37.7380190,0
            -119.7589690,37.7368030,0
            -119.7589310,37.7358040,0
            -119.7599280,37.7338390,0
            -119.7604730,37.7334330,0
            -119.7606830,37.7331540,0
            -119.7607140,37.7326600,0
            -119.7604990,37.7322950,0
            -119.7602300,37.7321110,0
            -119.7596380,37.7319730,0
            -119.7574430,37.7326690,0
            -119.7567420,37.7327020,0
            -119.7560980,37.7324170,0
            -119.7558390,37.7319240,0
            -119.7562500,37.7309230,0
            -119.7564230,37.7298020,0
            -119.7561290,37.7292050,0
            -119.7557340,37.7288990,0
            -119.7551040,37.7287060,0
            -119.7544830,37.7287310,0
            -119.7530440,37.7294670,0
            -119.7527750,37.7295270,0
            -119.7522810,37.7294850,0
            -119.7517850,37.7291680,0
            -119.7503860,37.7266090,0
            -119.7497450,37.7259850,0
            -119.7484340,37.7251330,0
            -119.7419390,37.7191670,0
            -119.7397430,37.7166320,0
            -119.7362850,37.7144400,0
            -119.7349200,37.7140670,0
            -119.7334070,37.7140240,0
            -119.7319240,37.7135730,0
            -119.7311880,37.7134810,0
            -119.7280720,37.7136830,0
            -119.7272620,37.7140120,0
            -119.7268090,37.7143700,0
            -119.7257060,37.7158670,0
            -119.7238250,37.7169030,0
            -119.7221930,37.7182070,0
            -119.7218590,37.7189400,0
            -119.7215120,37.7193100,0
            -119.7207110,37.7208330,0
            -119.7199660,37.7215210,0
            -119.7186430,37.7234160,0
            -119.7182420,37.7248710,0
            -119.7178470,37.7254730,0
            -119.7149390,37.7274680,0
            -119.7143500,37.7276880,0
            -119.7137590,37.7277310,0
            -119.7119390,37.7275420,0
            -119.7109540,37.7278700,0
            -119.7089550,37.7277540,0
            -119.7086830,37.7276350,0
            -119.7077230,37.7265730,0
            -119.7050870,37.7253870,0
            -119.7033450,37.7253240,0
            -119.7028650,37.7251870,0
            -119.7006530,37.7238370,0
            -119.6990060,37.7233530,0
            -119.6966680,37.7232420,0
            -119.6961390,37.7230300,0
            -119.6951160,37.7228570,0
            -119.6941320,37.7223540,0
            -119.6929950,37.7220840,0
            -119.6922550,37.7216340,0
            -119.6917950,37.7215420,0
            -119.6901670,37.7220230,0
            -119.6892080,37.7219340,0
            -119.6868590,37.7211350,0
            -119.6855730,37.7203020,0
            -119.6836420,37.7195540,0
            -119.6827660,37.7194350,0
            -119.6824820,37.7192870,0
            -119.6824670,37.7191510,0
            -119.6813150,37.7189620,0
            -119.6800160,37.7190520,0
            -119.6788930,37.7188030,0
            -119.6761820,37.7187960,0
            -119.6738260,37.7179190,0
            -119.6734140,37.7178820,0
            -119.6717990,37.7181780,0
            -119.6701970,37.7181360,0
            -119.6678050,37.7172450,0
            -119.6664800,37.7170160,0
            -119.6662510,37.7167720,0
            -119.6661430,37.7163500,0
            -119.6660390,37.7162360,0
            -119.6655350,37.7160210,0
            -119.6646220,37.7148050,0
            -119.6642160,37.7146370,0
            -119.6608350,37.7151660,0
            -119.6585440,37.7164080,0
            -119.6576880,37.7166780,0
            -119.6565990,37.7166970,0
            -119.6521790,37.7175000,0
            -119.6520250,37.7174260,0
            -119.6519570,37.7171850,0
            -119.6525280,37.7164920,0
            -119.6528400,37.7163070,0
            -119.6556880,37.7154810,0
            -119.6578570,37.7141780,0
            -119.6595710,37.7134920,0
            -119.6607830,37.7127530,0
            -119.6613720,37.7125710,0
            -119.6627170,37.7125510,0
            -119.6651290,37.7129550,0
            -119.6671890,37.7129380,0
            -119.6693140,37.7134940,0
            -119.6700380,37.7135060,0
            -119.6717360,37.7132150,0
            -119.6726110,37.7132570,0
            -119.6730710,37.7134010,0
            -119.6740840,37.7140710,0
            -119.6762260,37.7149200,0
            -119.6767420,37.7153530,0
            -119.6770530,37.7154720,0
            -119.6771150,37.7157140,0
            -119.6772990,37.7157630,0
          </coordinates>
        </LineString>
      </Placemark>
      <Placemark>
        <name>Tunnel View</name>
        <styleUrl>#icon-1535-0288D1</styleUrl>
        <ExtendedData>
          <Data name="Category">
            <value>Vista</value>
          </Data>
          <Data name="Distance">
            <value>0</value>
          </Data>
        </ExtendedData>
        <Point>
          <coordinates>
            -119.676906,37.715547,0
          </coordinates>
        </Point>
      </Placemark>
      <Placemark>
        <name>Driving</name>
        <styleUrl>#line-A52714-5000</styleUrl>
        <ExtendedData>
          <Data name="Category">
            <value>Driving</value>
          </Data>
          <Data name="Distance">
            <value>9889</value>
          </Data>
        </ExtendedData>
        <LineString>
          <tessellate>1</tessellate>
          <coordinates>
            -119.6773680,37.7157730,0
            -119.6774890,37.7157900,0
            -119.6775250,37.7157790,0
            -119.6775520,37.7157380,0
            -119.6775600,37.7155320,0
            -119.6769760,37.7154530,0
            -119.6767420,37.7153530,0
            -119.6762260,37.7149200,0
            -119.6740840,37.7140710,0
            -119.6730710,37.7134010,0
            -119.6726110,37.7132570,0
            -119.6717360,37.7132150,0
            -119.6700380,37.7135060,0
            -119.6693140,37.7134940,0
            -119.6690300,37.7134380,0
            -119.6681060,37.7131100,0
            -119.6671890,37.7129380,0
            -119.6651290,37.7129560,0
            -119.6627170,37.7125510,0
            -119.6617140,37.7125310,0
            -119.6613720,37.7125710,0
            -119.6607830,37.7127530,0
            -119.6595710,37.7134920,0
            -119.6578570,37.7141780,0
            -119.6564980,37.7150790,0
            -119.6556880,37.7154810,0
            -119.6551150,37.7156880,0
            -119.6528400,37.7163080,0
            -119.6525280,37.7164920,0
            -119.6522520,37.7167590,0
            -119.6520060,37.7170950,0
            -119.6516790,37.7178720,0
            -119.6499920,37.7195850,0
            -119.6477580,37.7208860,0
            -119.6472190,37.7210220,0
            -119.6469520,37.7210310,0
            -119.6462430,37.7209370,0
            -119.6454880,37.7209340,0
            -119.6444430,37.7211070,0
            -119.6434500,37.7214170,0
            -119.6426180,37.7218140,0
            -119.6422530,37.7218660,0
            -119.6419290,37.7218230,0
            -119.6401610,37.7212350,0
            -119.6368280,37.7206170,0
            -119.6353800,37.7201920,0
            -119.6328880,37.7198140,0
            -119.6323400,37.7198850,0
            -119.6204020,37.7226860,0
            -119.6192960,37.7232200,0
            -119.6177290,37.7241770,0
            -119.6152820,37.7251460,0
            -119.6129840,37.7257740,0
            -119.6114900,37.7260190,0
            -119.6105620,37.7264250,0
            -119.6094250,37.7267390,0
            -119.6071950,37.7279710,0
            -119.6068460,37.7282600,0
            -119.6066930,37.7284440,0
            -119.6058470,37.7299890,0
            -119.6044610,37.7318880,0
            -119.6035270,37.7327510,0
            -119.6014330,37.7342640,0
            -119.6003480,37.7353720,0
            -119.5980380,37.7370390,0
            -119.5974130,37.7373640,0
            -119.5935110,37.7398560,0
            -119.5923050,37.7410450,0
            -119.5917920,37.7417930,0
            -119.5916730,37.7418970,0
            -119.5913060,37.7424070,0
            -119.5906900,37.7429530,0
            -119.5904990,37.7430620,0
            -119.5903050,37.7431210,0
            -119.5897210,37.7431100,0
            -119.5896240,37.7438270,0
            -119.5895370,37.7440070,0
            -119.5893720,37.7441880,0
            -119.5887660,37.7444940,0
            -119.5876160,37.7448450,0
            -119.5867330,37.7449560,0
            -119.5863450,37.7449430,0
            -119.5859960,37.7455030,0
            -119.5859510,37.7456530,0
            -119.5859770,37.7458980,0
            -119.5861170,37.7461350,0
            -119.5864140,37.7463460,0
            -119.5871660,37.7466620,0
            -119.5878430,37.7467940,0
            -119.5883070,37.7468130,0
            -119.5905430,37.7465610,0
            -119.5905550,37.7465860,0
            -119.5902760,37.7469770,0
            -119.5904660,37.7477890,0
            -119.5904620,37.7480340,0
            -119.5902200,37.7485870,0
            -119.5895280,37.7495450,0
            -119.5889320,37.7494360,0
            -119.5886010,37.7493290,0
            -119.5884960,37.7483180,0
          </coordinates>
        </LineString>
      </Placemark>
      <Placemark>
        <name>Yosemite Valley Visitor Center</name>
        <styleUrl>#icon-1535-0288D1</styleUrl>
        <ExtendedData>
          <Data name="Category">
            <value>Visitor center</value>
          </Data>
          <Data name="Distance">
            <value>0</value>
          </Data>
        </ExtendedData>
        <Point>
          <coordinates>
            -119.58742,37.748596,0
          </coordinates>
        </Point>
      </Placemark>
      <Placemark>
        <name>Driving</name>
        <styleUrl>#line-A52714-5000</styleUrl>
        <ExtendedData>
          <Data name="Category">
            <value>Driving</value>
          </Data>
          <Data name="Distance">
            <value>146033</value>
          </Data>
        </ExtendedData>
        <LineString>
          <tessellate>1</tessellate>
          <coordinates>
            -119.5885120,37.7482150,0
            -119.5886010,37.7493290,0
            -119.5895280,37.7495450,0
            -119.5904620,37.7480340,0
            -119.5902760,37.7469770,0
            -119.5905550,37.7465860,0
            -119.5905430,37.7465610,0
            -119.5917590,37.7462990,0
            -119.5943840,37.7452330,0
            -119.5947070,37.7452070,0
            -119.5965290,37.7457080,0
            -119.5972060,37.7457140,0
            -119.5984510,37.7454060,0
            -119.5992000,37.7448640,0
            -119.6005330,37.7425310,0
            -119.6013420,37.7417960,0
            -119.6072900,37.7384430,0
            -119.6081810,37.7375890,0
            -119.6094940,37.7354980,0
            -119.6112440,37.7337740,0
            -119.6114100,37.7334510,0
            -119.6116010,37.7317490,0
            -119.6128830,37.7290090,0
            -119.6146280,37.7271960,0
            -119.6151070,37.7269740,0
            -119.6157070,37.7268530,0
            -119.6170180,37.7268350,0
            -119.6204550,37.7272690,0
            -119.6231220,37.7271850,0
            -119.6243270,37.7275730,0
            -119.6250880,37.7275010,0
            -119.6260300,37.7271420,0
            -119.6266660,37.7270240,0
            -119.6295610,37.7270670,0
            -119.6302200,37.7267800,0
            -119.6304690,37.7265570,0
            -119.6312880,37.7251330,0
            -119.6319690,37.7246630,0
            -119.6320540,37.7244390,0
            -119.6319050,37.7240950,0
            -119.6307610,37.7238560,0
            -119.6298130,37.7232940,0
            -119.6281320,37.7212180,0
            -119.6273540,37.7210430,0
            -119.6204020,37.7226860,0
            -119.6177290,37.7241770,0
            -119.6152820,37.7251460,0
            -119.6114900,37.7260190,0
            -119.6094250,37.7267390,0
            -119.6071950,37.7279710,0
            -119.6066940,37.7284440,0
            -119.6044610,37.7318880,0
            -119.6014330,37.7342640,0
            -119.6003480,37.7353720,0
            -119.5935110,37.7398570,0
            -119.5923050,37.7410450,0
            -119.5913060,37.7424070,0
            -119.5906900,37.7429530,0
            -119.5903050,37.7431220,0
            -119.5888560,37.7429930,0
            -119.5880400,37.7426000,0
            -119.5874330,37.7424650,0
            -119.5864660,37.7424820,0
            -119.5847840,37.7420480,0
            -119.5840300,37.7419740,0
            -119.5827080,37.7416170,0
            -119.5818350,37.7412010,0
            -119.5795830,37.7405390,0
            -119.5780960,37.7393130,0
            -119.5772040,37.7389250,0
            -119.5731270,37.7396350,0
            -119.5716990,37.7383450,0
            -119.5711220,37.7381440,0
            -119.5707100,37.7381120,0
            -119.5706070,37.7381590,0
            -119.5705140,37.7383140,0
            -119.5704480,37.7397590,0
            -119.5683320,37.7394050,0
            -119.5675870,37.7389340,0
            -119.5671340,37.7384000,0
            -119.5646300,37.7397760,0
            -119.5643910,37.7398120,0
            -119.5644210,37.7400200,0
            -119.5658230,37.7409690,0
            -119.5655650,37.7420780,0
            -119.5658000,37.7425800,0
            -119.5659900,37.7423110,0
            -119.5663710,37.7420820,0
            -119.5664730,37.7415720,0
            -119.5644200,37.7400200,0
            -119.5643910,37.7398120,0
            -119.5646300,37.7397760,0
            -119.5671340,37.7384000,0
            -119.5675870,37.7389340,0
            -119.5683320,37.7394050,0
            -119.5704480,37.7397590,0
            -119.5705140,37.7383140,0
            -119.5706070,37.7381590,0
            -119.5707100,37.7381120,0
            -119.5711220,37.7381440,0
            -119.5716990,37.7383450,0
            -119.5725720,37.7390480,0
            -119.5767010,37.7438240,0
            -119.5770810,37.7440680,0
            -119.5801990,37.7451100,0
            -119.5817330,37.7452170,0
            -119.5833360,37.7450860,0
            -119.5834210,37.7451990,0
            -119.5835630,37.7452100,0
            -119.5836620,37.7451410,0
            -119.5836600,37.7450180,0
            -119.5835870,37.7449610,0
            -119.5835350,37.7446620,0
            -119.5837090,37.7442420,0
            -119.5840420,37.7438920,0
            -119.5846070,37.7436310,0
            -119.5853560,37.7436080,0
            -119.5860200,37.7438820,0
            -119.5863660,37.7443440,0
            -119.5863450,37.7449430,0
            -119.5859520,37.7456530,0
            -119.5859770,37.7458990,0
            -119.5861180,37.7461350,0
            -119.5871660,37.7466620,0
            -119.5883070,37.7468130,0
            -119.5917590,37.7462990,0
            -119.5943840,37.7452330,0
            -119.5947070,37.7452070,0
            -119.5965290,37.7457080,0
            -119.5972060,37.7457140,0
            -119.5984510,37.7454060,0
            -119.5992000,37.7448640,0
            -119.6005330,37.7425310,0
            -119.6013420,37.7417960,0
            -119.6072900,37.7384430,0
            -119.6081810,37.7375890,0
            -119.6094940,37.7354980,0
            -119.6112440,37.7337750,0
            -119.6114100,37.7334510,0
            -119.6116010,37.7317490,0
            -119.6128830,37.7290090,0
            -119.6146280,37.7271960,0
            -119.6151070,37.7269740,0
            -119.6157070,37.7268530,0
            -119.6170180,37.7268350,0
            -119.6204550,37.7272690,0
            -119.6231220,37.7271850,0
            -119.6243270,37.7275730,0
            -119.6250880,37.7275010,0
            -119.6260300,37.7271420,0
            -119.6266660,37.7270240,0
            -119.6295610,37.7270670,0
            -119.6302200,37.7267800,0
            -119.6304690,37.7265570,0
            -119.6312880,37.7251330,0
            -119.6315730,37.7249160,0
            -119.6331040,37.7243170,0
            -119.6336920,37.7242470,0
            -119.6406140,37.7244360,0
            -119.6440810,37.7239960,0
            -119.6478130,37.7227040,0
            -119.6484830,37.7226420,0
            -119.6507330,37.7217290,0
            -119.6534090,37.7212620,0
            -119.6547050,37.7206710,0
            -119.6552270,37.7201670,0
            -119.6561050,37.7195970,0
            -119.6565050,37.7190680,0
            -119.6568280,37.7189280,0
            -119.6572220,37.7188980,0
            -119.6592260,37.7194260,0
            -119.6595700,37.7194100,0
            -119.6607070,37.7189680,0
            -119.6624500,37.7170450,0
            -119.6652320,37.7166810,0
            -119.6678050,37.7172450,0
            -119.6701970,37.7181360,0
            -119.6717990,37.7181780,0
            -119.6734140,37.7178820,0
            -119.6738260,37.7179190,0
            -119.6761820,37.7187960,0
            -119.6788930,37.7188030,0
            -119.6800160,37.7190520,0
            -119.6813160,37.7189620,0
            -119.6824670,37.7191520,0
            -119.6824820,37.7192870,0
            -119.6827660,37.7194350,0
            -119.6836420,37.7195540,0
            -119.6855730,37.7203020,0
            -119.6868590,37.7211350,0
            -119.6892080,37.7219340,0
            -119.6901670,37.7220230,0
            -119.6917950,37.7215420,0
            -119.6922550,37.7216340,0
            -119.6929950,37.7220840,0
            -119.6941320,37.7223540,0
            -119.6951160,37.7228580,0
            -119.6961390,37.7230300,0
            -119.6966680,37.7232420,0
            -119.6990060,37.7233530,0
            -119.7006530,37.7238370,0
            -119.7028650,37.7251870,0
            -119.7033450,37.7253240,0
            -119.7050870,37.7253880,0
            -119.7077230,37.7265730,0
            -119.7086830,37.7276350,0
            -119.7089550,37.7277540,0
            -119.7109540,37.7278700,0
            -119.7119390,37.7275420,0
            -119.7137590,37.7277320,0
            -119.7143500,37.7276880,0
            -119.7149390,37.7274680,0
            -119.7178470,37.7254730,0
            -119.7182420,37.7248710,0
            -119.7186430,37.7234160,0
            -119.7199660,37.7215210,0
            -119.7207110,37.7208330,0
            -119.7215120,37.7193100,0
            -119.7218590,37.7189400,0
            -119.7221930,37.7182070,0
            -119.7238250,37.7169040,0
            -119.7257060,37.7158670,0
            -119.7268090,37.7143700,0
            -119.7272620,37.7140120,0
            -119.7280730,37.7136830,0
            -119.7311880,37.7134810,0
            -119.7319240,37.7135730,0
            -119.7334070,37.7140240,0
            -119.7349200,37.7140670,0
            -119.7362850,37.7144400,0
            -119.7397430,37.7166320,0
            -119.7419400,37.7191680,0
            -119.7484340,37.7251330,0
            -119.7497450,37.7259850,0
            -119.7503870,37.7266090,0
            -119.7517850,37.7291680,0
            -119.7522810,37.7294850,0
            -119.7527760,37.7295280,0
            -119.7530440,37.7294670,0
            -119.7544830,37.7287310,0
            -119.7551040,37.7287060,0
            -119.7557340,37.7288990,0
            -119.7561290,37.7292050,0
            -119.7564230,37.7298020,0
            -119.7562500,37.7309230,0
            -119.7558390,37.7319240,0
            -119.7560990,37.7324170,0
            -119.7567430,37.7327020,0
            -119.7574430,37.7326690,0
            -119.7596380,37.7319730,0
            -119.7602300,37.7321110,0
            -119.7605000,37.7322950,0
            -119.7607140,37.7326600,0
            -119.7606840,37.7331540,0
            -119.7604730,37.7334330,0
            -119.7599280,37.7338390,0
            -119.7589320,37.7358040,0
            -119.7589690,37.7368030,0
            -119.7584050,37.7380190,0
            -119.7585270,37.7383830,0
            -119.7591020,37.7391180,0
            -119.7591010,37.7397950,0
            -119.7588780,37.7401830,0
            -119.7572050,37.7415630,0
            -119.7568650,37.7421280,0
            -119.7568330,37.7425690,0
            -119.7569470,37.7429330,0
            -119.7573010,37.7433650,0
            -119.7577520,37.7436290,0
            -119.7584280,37.7437840,0
            -119.7589950,37.7437370,0
            -119.7619710,37.7426950,0
            -119.7637080,37.7417240,0
            -119.7640330,37.7413940,0
            -119.7644820,37.7402990,0
            -119.7649200,37.7398780,0
            -119.7658610,37.7395660,0
            -119.7679490,37.7396380,0
            -119.7689180,37.7393740,0
            -119.7723710,37.7394740,0
            -119.7727930,37.7396400,0
            -119.7731800,37.7399870,0
            -119.7748110,37.7423930,0
            -119.7754170,37.7436910,0
            -119.7763200,37.7448480,0
            -119.7765050,37.7457650,0
            -119.7767340,37.7461020,0
            -119.7769980,37.7462940,0
            -119.7783900,37.7465160,0
            -119.7788130,37.7467180,0
            -119.7796820,37.7477160,0
            -119.7813040,37.7482220,0
            -119.7816280,37.7485040,0
            -119.7818010,37.7488110,0
            -119.7818880,37.7493670,0
            -119.7821980,37.7498520,0
            -119.7831330,37.7503310,0
            -119.7842910,37.7513900,0
            -119.7848150,37.7516910,0
            -119.7854830,37.7518760,0
            -119.7863650,37.7518900,0
            -119.7909030,37.7503990,0
            -119.7922220,37.7502950,0
            -119.7931940,37.7505690,0
            -119.7964010,37.7523770,0
            -119.7967210,37.7524630,0
            -119.7975770,37.7524950,0
            -119.7977930,37.7532100,0
            -119.8017670,37.7550680,0
            -119.8026930,37.7558230,0
            -119.8034690,37.7569510,0
            -119.8047680,37.7580590,0
            -119.8049880,37.7586420,0
            -119.8049290,37.7588420,0
            -119.8045440,37.7592860,0
            -119.8019590,37.7609010,0
            -119.8014250,37.7611160,0
            -119.8007610,37.7612140,0
            -119.8000430,37.7611190,0
            -119.7995440,37.7609150,0
            -119.7980810,37.7598450,0
            -119.7976110,37.7596610,0
            -119.7947170,37.7594460,0
            -119.7942240,37.7591720,0
            -119.7939900,37.7588370,0
            -119.7938440,37.7582380,0
            -119.7934550,37.7577650,0
            -119.7919620,37.7569320,0
            -119.7914790,37.7568610,0
            -119.7909890,37.7569490,0
            -119.7906560,37.7571340,0
            -119.7893360,37.7585660,0
            -119.7888320,37.7586810,0
            -119.7882800,37.7585850,0
            -119.7863880,37.7572060,0
            -119.7858470,37.7570610,0
            -119.7851410,37.7570930,0
            -119.7795430,37.7594190,0
            -119.7790570,37.7594100,0
            -119.7785070,37.7591340,0
            -119.7776250,37.7571980,0
            -119.7773180,37.7568470,0
            -119.7767800,37.7564820,0
            -119.7742920,37.7555660,0
            -119.7728960,37.7552730,0
            -119.7723560,37.7553500,0
            -119.7719830,37.7555070,0
            -119.7698620,37.7577370,0
            -119.7697760,37.7581550,0
            -119.7698270,37.7583960,0
            -119.7706370,37.7593960,0
            -119.7718240,37.7603280,0
            -119.7725600,37.7606330,0
            -119.7739080,37.7609340,0
            -119.7744860,37.7613310,0
            -119.7748180,37.7618410,0
            -119.7749080,37.7622270,0
            -119.7742880,37.7655530,0
            -119.7737700,37.7664180,0
            -119.7706750,37.7692860,0
            -119.7696000,37.7697670,0
            -119.7685510,37.7699160,0
            -119.7643740,37.7695970,0
            -119.7639290,37.7696420,0
            -119.7632310,37.7699100,0
            -119.7627680,37.7702760,0
            -119.7618540,37.7716170,0
            -119.7614400,37.7719190,0
            -119.7585040,37.7731490,0
            -119.7565250,37.7746880,0
            -119.7560070,37.7748190,0
            -119.7545210,37.7746780,0
            -119.7537340,37.7747800,0
            -119.7524380,37.7752700,0
            -119.7498800,37.7770690,0
            -119.7491100,37.7779150,0
            -119.7482700,37.7805300,0
            -119.7477770,37.7811710,0
            -119.7466920,37.7819900,0
            -119.7404890,37.7847590,0
            -119.7384450,37.7868210,0
            -119.7352850,37.7888660,0
            -119.7347310,37.7890590,0
            -119.7313020,37.7894420,0
            -119.7302420,37.7893070,0
            -119.7284410,37.7887660,0
            -119.7268530,37.7887570,0
            -119.7245250,37.7895600,0
            -119.7239230,37.7901670,0
            -119.7201230,37.7973420,0
            -119.7191200,37.7984110,0
            -119.7186430,37.7991820,0
            -119.7179470,37.8022250,0
            -119.7152950,37.8077420,0
            -119.7132180,37.8111560,0
            -119.7131520,37.8116700,0
            -119.7134340,37.8128820,0
            -119.7133350,37.8132710,0
            -119.7126290,37.8142530,0
            -119.7124820,37.8159870,0
            -119.7125810,37.8165000,0
            -119.7129950,37.8172880,0
            -119.7141480,37.8184170,0
            -119.7142820,37.8186560,0
            -119.7143300,37.8191230,0
            -119.7141810,37.8194870,0
            -119.7137300,37.8198880,0
            -119.7130910,37.8200610,0
            -119.7118590,37.8200340,0
            -119.7100270,37.8204970,0
            -119.7063530,37.8210020,0
            -119.7050820,37.8214690,0
            -119.7028350,37.8235550,0
            -119.7019130,37.8253610,0
            -119.7017680,37.8261600,0
            -119.7022490,37.8302190,0
            -119.7020570,37.8308480,0
            -119.7017010,37.8312360,0
            -119.7010900,37.8315680,0
            -119.6996280,37.8318550,0
            -119.6987490,37.8321870,0
            -119.6923190,37.8363450,0
            -119.6903290,37.8382610,0
            -119.6896660,37.8385550,0
            -119.6882280,37.8389100,0
            -119.6870640,37.8394140,0
            -119.6863220,37.8399230,0
            -119.6850700,37.8411550,0
            -119.6721700,37.8496040,0
            -119.6711750,37.8499740,0
            -119.6655970,37.8501160,0
            -119.6647790,37.8503480,0
            -119.6628570,37.8513050,0
            -119.6620610,37.8515530,0
            -119.6611530,37.8515840,0
            -119.6602240,37.8514100,0
            -119.6584060,37.8502680,0
            -119.6575500,37.8499370,0
            -119.6563110,37.8497350,0
            -119.6550920,37.8498150,0
            -119.6535280,37.8501720,0
            -119.6526060,37.8505790,0
            -119.6517030,37.8513870,0
            -119.6509530,37.8527350,0
            -119.6460110,37.8571250,0
            -119.6450480,37.8575420,0
            -119.6442960,37.8576710,0
            -119.6433660,37.8576160,0
            -119.6404920,37.8567590,0
            -119.6350290,37.8534020,0
            -119.6274320,37.8501780,0
            -119.6214820,37.8490070,0
            -119.6195090,37.8490960,0
            -119.6184290,37.8493950,0
            -119.6165830,37.8503600,0
            -119.6158900,37.8505320,0
            -119.6152690,37.8504800,0
            -119.6114860,37.8487770,0
            -119.6109090,37.8487150,0
            -119.6103230,37.8488210,0
            -119.6081380,37.8497810,0
            -119.6055160,37.8501890,0
            -119.6045340,37.8499710,0
            -119.6027230,37.8487020,0
            -119.6022160,37.8484780,0
            -119.6012450,37.8482710,0
            -119.5998940,37.8483320,0
            -119.5981540,37.8488220,0
            -119.5972540,37.8487410,0
            -119.5965050,37.8483560,0
            -119.5950650,37.8464840,0
            -119.5948680,37.8459240,0
            -119.5951670,37.8441340,0
            -119.5950470,37.8435150,0
            -119.5939210,37.8416960,0
            -119.5936930,37.8399890,0
            -119.5933490,37.8394440,0
            -119.5929350,37.8391810,0
            -119.5923200,37.8390340,0
            -119.5903000,37.8394190,0
            -119.5897950,37.8396640,0
            -119.5895350,37.8399180,0
            -119.5888370,37.8416790,0
            -119.5887970,37.8439080,0
            -119.5884880,37.8447400,0
            -119.5879000,37.8456390,0
            -119.5871030,37.8464050,0
            -119.5863850,37.8468400,0
            -119.5851040,37.8472910,0
            -119.5844180,37.8476880,0
            -119.5830580,37.8488560,0
            -119.5818440,37.8493480,0
            -119.5804440,37.8502200,0
            -119.5791510,37.8515930,0
            -119.5785570,37.8519950,0
            -119.5780740,37.8521850,0
            -119.5770980,37.8522870,0
            -119.5740880,37.8517430,0
            -119.5729860,37.8511740,0
            -119.5719500,37.8499010,0
            -119.5717320,37.8490400,0
            -119.5718570,37.8480470,0
            -119.5730800,37.8454340,0
            -119.5734120,37.8439630,0
            -119.5738680,37.8429450,0
            -119.5777310,37.8374070,0
            -119.5780290,37.8362850,0
            -119.5778850,37.8338560,0
            -119.5783320,37.8322190,0
            -119.5811090,37.8284650,0
            -119.5813440,37.8279360,0
            -119.5814170,37.8267860,0
            -119.5811170,37.8261910,0
            -119.5801350,37.8249790,0
            -119.5800180,37.8244040,0
            -119.5801850,37.8238180,0
            -119.5808700,37.8229240,0
            -119.5810010,37.8225690,0
            -119.5809370,37.8219730,0
            -119.5804630,37.8214390,0
            -119.5789950,37.8207050,0
            -119.5783940,37.8201070,0
            -119.5780300,37.8190890,0
            -119.5782590,37.8181020,0
            -119.5786920,37.8175320,0
            -119.5804320,37.8161140,0
            -119.5805460,37.8154220,0
            -119.5804270,37.8150150,0
            -119.5798760,37.8143390,0
            -119.5790490,37.8140160,0
            -119.5782800,37.8140280,0
            -119.5768420,37.8145970,0
            -119.5758790,37.8146510,0
            -119.5752900,37.8144850,0
            -119.5746460,37.8140010,0
            -119.5727190,37.8110720,0
            -119.5711390,37.8096500,0
            -119.5699440,37.8088740,0
            -119.5681040,37.8080140,0
            -119.5660440,37.8074100,0
            -119.5566060,37.8059130,0
            -119.5550170,37.8058770,0
            -119.5508820,37.8065430,0
            -119.5491960,37.8071760,0
            -119.5482960,37.8072600,0
            -119.5461040,37.8067550,0
            -119.5452630,37.8067050,0
            -119.5377530,37.8081440,0
            -119.5357650,37.8089260,0
            -119.5320340,37.8115960,0
            -119.5309100,37.8119700,0
            -119.5290520,37.8121590,0
            -119.5192510,37.8161060,0
            -119.5170600,37.8177520,0
            -119.5165330,37.8179330,0
            -119.5154580,37.8178610,0
            -119.5142570,37.8172750,0
            -119.5090960,37.8171750,0
            -119.5081410,37.8167200,0
            -119.5076970,37.8161780,0
            -119.5075150,37.8157150,0
            -119.5074780,37.8151210,0
            -119.5076210,37.8145180,0
            -119.5080050,37.8139920,0
            -119.5092010,37.8129510,0
            -119.5094200,37.8125980,0
            -119.5094070,37.8118990,0
            -119.5090280,37.8114200,0
            -119.5086840,37.8112290,0
            -119.5079890,37.8111100,0
            -119.5073430,37.8112400,0
            -119.5059570,37.8120400,0
            -119.5025260,37.8132760,0
            -119.5007940,37.8145340,0
            -119.4986010,37.8168210,0
            -119.4982550,37.8170350,0
            -119.4978630,37.8171530,0
            -119.4972430,37.8171360,0
            -119.4968790,37.8170180,0
            -119.4964500,37.8166970,0
            -119.4962470,37.8163410,0
            -119.4963010,37.8151470,0
            -119.4961430,37.8146250,0
            -119.4956690,37.8141010,0
            -119.4925510,37.8124920,0
            -119.4916680,37.8123360,0
            -119.4880160,37.8126170,0
            -119.4875400,37.8125580,0
            -119.4867980,37.8121480,0
            -119.4860190,37.8111770,0
            -119.4856210,37.8109910,0
            -119.4849490,37.8109130,0
            -119.4844460,37.8110210,0
            -119.4837860,37.8115370,0
            -119.4811110,37.8163030,0
            -119.4787360,37.8187530,0
            -119.4783390,37.8195050,0
            -119.4776920,37.8227990,0
            -119.4770910,37.8236860,0
            -119.4759060,37.8244020,0
            -119.4701750,37.8259730,0
            -119.4693360,37.8265300,0
            -119.4680290,37.8289810,0
            -119.4676930,37.8303210,0
            -119.4664440,37.8325090,0
            -119.4661100,37.8328190,0
            -119.4652760,37.8331730,0
            -119.4635810,37.8342170,0
            -119.4630010,37.8343130,0
            -119.4625850,37.8342520,0
            -119.4613360,37.8337360,0
            -119.4607000,37.8336000,0
            -119.4595750,37.8336300,0
            -119.4589790,37.8338130,0
            -119.4548650,37.8360410,0
            -119.4507250,37.8394090,0
            -119.4478450,37.8427110,0
            -119.4450150,37.8477950,0
            -119.4430570,37.8495580,0
            -119.4399130,37.8536790,0
            -119.4379620,37.8573040,0
            -119.4329340,37.8633480,0
            -119.4318010,37.8656120,0
            -119.4295370,37.8684070,0
            -119.4273310,37.8719440,0
            -119.4266910,37.8726590,0
            -119.4260650,37.8731100,0
            -119.4250940,37.8735690,0
            -119.4242240,37.8737990,0
            -119.4201270,37.8742730,0
            -119.4195020,37.8745710,0
            -119.4176800,37.8763330,0
            -119.4172030,37.8765540,0
            -119.4162990,37.8767410,0
            -119.4155730,37.8767070,0
            -119.4130120,37.8760800,0
            -119.4119040,37.8760070,0
            -119.4067140,37.8765770,0
            -119.4062050,37.8767630,0
            -119.4054590,37.8773130,0
            -119.4041280,37.8794180,0
            -119.4018220,37.8811740,0
            -119.4010210,37.8814470,0
            -119.4005700,37.8814780,0
            -119.3976730,37.8808100,0
            -119.3968640,37.8803540,0
            -119.3961570,37.8796350,0
            -119.3953960,37.8776400,0
            -119.3949580,37.8771270,0
            -119.3944330,37.8767620,0
            -119.3864360,37.8736320,0
            -119.3841250,37.8733290,0
            -119.3776730,37.8737490,0
            -119.3761410,37.8735330,0
            -119.3714150,37.8721430,0
            -119.3693690,37.8719430,0
            -119.3622780,37.8724860,0
            -119.3602230,37.8729620,0
            -119.3582830,37.8737820,0
            -119.3544160,37.8765850,0
            -119.3536370,37.8769310,0
            -119.3475540,37.8772660,0
            -119.3431710,37.8779630,0
            -119.3373270,37.8803000,0
            -119.3367860,37.8804020,0
            -119.3290040,37.8801000,0
            -119.3281040,37.8801880,0
            -119.3258330,37.8809690,0
            -119.3248330,37.8818740,0
            -119.3242660,37.8820930,0
            -119.3234620,37.8821210,0
            -119.3210600,37.8811570,0
            -119.3154330,37.8802340,0
            -119.3135890,37.8802970,0
            -119.3099070,37.8808760,0
            -119.3078510,37.8808260,0
            -119.3063870,37.8805890,0
            -119.3012480,37.8790210,0
            -119.2999220,37.8787700,0
            -119.2982930,37.8786930,0
            -119.2957330,37.8789000,0
            -119.2932280,37.8787480,0
            -119.2897130,37.8778220,0
            -119.2866620,37.8775400,0
            -119.2810960,37.8784410,0
            -119.2790090,37.8792130,0
            -119.2770990,37.8792510,0
            -119.2763780,37.8794170,0
            -119.2756780,37.8798760,0
            -119.2740200,37.8822770,0
            -119.2702580,37.8861430,0
            -119.2607740,37.8923500,0
            -119.2602870,37.8928780,0
            -119.2599290,37.8937130,0
            -119.2596580,37.8969890,0
            -119.2601200,37.9013240,0
            -119.2599890,37.9042270,0
            -119.2596220,37.9057920,0
            -119.2580720,37.9096720,0
            -119.2577360,37.9129900,0
            -119.2565170,37.9165410,0
            -119.2551920,37.9186610,0
            -119.2548960,37.9215580,0
            -119.2561720,37.9244170,0
            -119.2562740,37.9257740,0
            -119.2552170,37.9281710,0
            -119.2547390,37.9287470,0
            -119.2542650,37.9291010,0
            -119.2532650,37.9295570,0
            -119.2513420,37.9300860,0
            -119.2504880,37.9306890,0
            -119.2483580,37.9345020,0
            -119.2484140,37.9352690,0
            -119.2494370,37.9367250,0
            -119.2495230,37.9372010,0
            -119.2494480,37.9375340,0
            -119.2491010,37.9380140,0
            -119.2485800,37.9383030,0
            -119.2479850,37.9383500,0
            -119.2461550,37.9381170,0
            -119.2454110,37.9382270,0
            -119.2445310,37.9386160,0
            -119.2430280,37.9397550,0
            -119.2422270,37.9401010,0
            -119.2414290,37.9402560,0
            -119.2406890,37.9402680,0
            -119.2393890,37.9399660,0
            -119.2386950,37.9395860,0
            -119.2352650,37.9367650,0
            -119.2330400,37.9356760,0
            -119.2325430,37.9356310,0
            -119.2319420,37.9357570,0
            -119.2314300,37.9360650,0
            -119.2310980,37.9366210,0
            -119.2312930,37.9381620,0
            -119.2312100,37.9385940,0
            -119.2302580,37.9397980,0
            -119.2300070,37.9410840,0
            -119.2289660,37.9421600,0
            -119.2276310,37.9441380,0
            -119.2262510,37.9455250,0
            -119.2258010,37.9475110,0
            -119.2247570,37.9488530,0
            -119.2247170,37.9495980,0
            -119.2248290,37.9498460,0
            -119.2258990,37.9508130,0
            -119.2261120,37.9511930,0
            -119.2261140,37.9519480,0
            -119.2258930,37.9522600,0
            -119.2253040,37.9526170,0
            -119.2246460,37.9527220,0
            -119.2241810,37.9526530,0
            -119.2237600,37.9524760,0
            -119.2228680,37.9517620,0
            -119.2221640,37.9514270,0
            -119.2190280,37.9507250,0
            -119.2180460,37.9502890,0
            -119.2131540,37.9494510,0
            -119.2126730,37.9495110,0
            -119.2105430,37.9501700,0
            -119.2090300,37.9501700,0
            -119.2076670,37.9504320,0
            -119.2071690,37.9504220,0
            -119.2058030,37.9501310,0
            -119.2000780,37.9499710,0
            -119.1967440,37.9491540,0
            -119.1947780,37.9483470,0
            -119.1914770,37.9477560,0
            -119.1898900,37.9479500,0
            -119.1892920,37.9478000,0
            -119.1889610,37.9475430,0
            -119.1884850,37.9467210,0
            -119.1879590,37.9461860,0
            -119.1866870,37.9453090,0
            -119.1851380,37.9447220,0
            -119.1846830,37.9442830,0
            -119.1842210,37.9429710,0
            -119.1835970,37.9423380,0
            -119.1820920,37.9413390,0
            -119.1793180,37.9379350,0
            -119.1770310,37.9329440,0
            -119.1762750,37.9322780,0
            -119.1754500,37.9318240,0
            -119.1699020,37.9304300,0
            -119.1683820,37.9304180,0
            -119.1644220,37.9311330,0
            -119.1605420,37.9310560,0
            -119.1509210,37.9339400,0
            -119.1468830,37.9358620,0
            -119.1347920,37.9400630,0
            -119.1302070,37.9407530,0
            -119.1263930,37.9404540,0
            -119.1233580,37.9397100,0
            -119.1222340,37.9396350,0
            -119.1207760,37.9399200,0
            -119.1198280,37.9404060,0
            -119.1191700,37.9409890,0
            -119.1186020,37.9419600,0
            -119.1180750,37.9443590,0
            -119.1178140,37.9448380,0
            -119.1171000,37.9456090,0
            -119.1143700,37.9475340,0
            -119.1136280,37.9486130,0
            -119.1131960,37.9500970,0
            -119.1129600,37.9502500,0
            -119.1124790,37.9502700,0
            -119.1103000,37.9498550,0
            -119.1084110,37.9490130,0
            -119.1074490,37.9482690,0
            -119.1027350,37.9427090,0
            -119.1016660,37.9403240,0
            -119.0853040,37.8566720,0
            -119.0830900,37.8519930,0
            -119.0804380,37.8481600,0
            -119.0771530,37.8411420,0
            -119.0734000,37.8351520,0
            -119.0729310,37.8340050,0
            -119.0726030,37.8323220,0
            -119.0717470,37.8308900,0
            -119.0707280,37.8300680,0
            -119.0673580,37.8286460,0
            -119.0654500,37.8272850,0
            -119.0645980,37.8262460,0
            -119.0606250,37.8188790,0
            -119.0598430,37.8178080,0
            -119.0558140,37.8144530,0
            -119.0556030,37.8143660,0
            -119.0542910,37.8133340,0
            -119.0542460,37.8132280,0
            -119.0468330,37.8074570,0
            -119.0426790,37.8051000,0
            -119.0413970,37.8036530,0
            -119.0408080,37.8018210,0
            -119.0409470,37.7986280,0
            -119.0407350,37.7974060,0
            -119.0402040,37.7962130,0
            -119.0390170,37.7947900,0
            -119.0381260,37.7940940,0
            -119.0235450,37.7864760,0
            -119.0225690,37.7855730,0
            -119.0218860,37.7845700,0
            -119.0207340,37.7804620,0
            -119.0195740,37.7786630,0
            -119.0180190,37.7772190,0
            -119.0041420,37.7683300,0
            -118.9986700,37.7636190,0
            -118.9955090,37.7622760,0
            -118.9925630,37.7599310,0
            -118.9901000,37.7589400,0
            -118.9882220,37.7578760,0
            -118.9865170,37.7563200,0
            -118.9856640,37.7551460,0
            -118.9827400,37.7489200,0
            -118.9767820,37.7431690,0
            -118.9543130,37.7128010,0
            -118.9537890,37.7116580,0
            -118.9514500,37.7032820,0
            -118.9487680,37.6970950,0
            -118.9438040,37.6914850,0
            -118.9430420,37.6901100,0
            -118.9393130,37.6762760,0
            -118.9355930,37.6681860,0
            -118.9346140,37.6668620,0
            -118.9268000,37.6588800,0
            -118.9258150,37.6575370,0
            -118.9248680,37.6554920,0
            -118.9244560,37.6534750,0
            -118.9244570,37.6492770,0
            -118.9240660,37.6475590,0
            -118.9233140,37.6460740,0
            -118.9214840,37.6439170,0
            -118.9182680,37.6411950,0
            -118.9182810,37.6410390,0
            -118.9184380,37.6408940,0
            -118.9244620,37.6397060,0
            -118.9301270,37.6396510,0
            -118.9372040,37.6402150,0
            -118.9386670,37.6405980,0
            -118.9460200,37.6437730,0
            -118.9521300,37.6459740,0
            -118.9551090,37.6465370,0
            -118.9633940,37.6466000,0
            -118.9658360,37.6468590,0
            -118.9666720,37.6392110,0
            -118.9664390,37.6392170,0
            -118.9664610,37.6394300,0
            -118.9661260,37.6394350,0
            -118.9661160,37.6395780,0
            -118.9660300,37.6396250,0
            -118.9656750,37.6396210,0
            -118.9656760,37.6394270,0
            -118.9664610,37.6394300,0
            -118.9664390,37.6392170,0
            -118.9666720,37.6392110,0
            -118.9665040,37.6372930,0
            -118.9681680,37.6372890,0
            -118.9682720,37.6377550,0
            -118.9681680,37.6372890,0
            -118.9665040,37.6372930,0
            -118.9666730,37.6393950,0
            -118.9661310,37.6448290,0
            -118.9639400,37.6448280,0
            -118.9639050,37.6466340,0
            -118.9657010,37.6468350,0
            -118.9735930,37.6484960,0
            -118.9767190,37.6487990,0
            -118.9824200,37.6485200,0
            -118.9837330,37.6482270,0
            -118.9843730,37.6479090,0
            -118.9847160,37.6483260,0
            -118.9848470,37.6490230,0
            -118.9850330,37.6493710,0
            -118.9857340,37.6499740,0
            -118.9867040,37.6502460,0
            -118.9870450,37.6502170,0
            -118.9870830,37.6495520,0
            -118.9867570,37.6494770,0
            -118.9865330,37.6494930,0
            -118.9864860,37.6494630,0
            -118.9864800,37.6494060,0
          </coordinates>
        </LineString>
      </Placemark>
      <Placemark>
        <name>The Westin Monache Resort, Mammoth</name>
        <styleUrl>#icon-1602-0288D1</styleUrl>
        <ExtendedData>
          <Data name="Category">
            <value>Hotel</value>
          </Data>
          <Data name="Distance">
            <value>0</value>
          </Data>
        </ExtendedData>
        <Point>
          <coordinates>
            -118.986319,37.649229,0
          </coordinates>
        </Point>
      </Placemark>
    </Folder>
  </Document>
</kml>