<?xml version="1.0" encoding="UTF-8"?>
<kml xmlns="http://www.opengis.net/kml/2.2">
  <Document>
    <name>67-new-mexico</name>
    <description/>
    <Style id="icon-1504-0288D1-normal">
      <IconStyle>
        <color>ffd18802</color>
        <scale>1</scale>
        <Icon>
          <href>https://www.gstatic.com/mapspro/images/stock/503-wht-blank_maps.png</href>
        </Icon>
      </IconStyle>
      <LabelStyle>
        <scale>0</scale>
      </LabelStyle>
    </Style>
    <Style id="icon-1504-0288D1-highlight">
      <IconStyle>
        <color>ffd18802</color>
        <scale>1</scale>
        <Icon>
          <href>https://www.gstatic.com/mapspro/images/stock/503-wht-blank_maps.png</href>
        </Icon>
      </IconStyle>
      <LabelStyle>
        <scale>1</scale>
      </LabelStyle>
    </Style>
    <StyleMap id="icon-1504-0288D1">
      <Pair>
        <key>normal</key>
        <styleUrl>#icon-1504-0288D1-normal</styleUrl>
      </Pair>
      <Pair>
        <key>highlight</key>
        <styleUrl>#icon-1504-0288D1-highlight</styleUrl>
      </Pair>
    </StyleMap>
    <Style id="icon-1535-0288D1-normal">
      <IconStyle>
        <color>ffd18802</color>
        <scale>1</scale>
        <Icon>
          <href>https://www.gstatic.com/mapspro/images/stock/503-wht-blank_maps.png</href>
        </Icon>
      </IconStyle>
      <LabelStyle>
        <scale>0</scale>
      </LabelStyle>
    </Style>
    <Style id="icon-1535-0288D1-highlight">
      <IconStyle>
        <color>ffd18802</color>
        <scale>1</scale>
        <Icon>
          <href>https://www.gstatic.com/mapspro/images/stock/503-wht-blank_maps.png</href>
        </Icon>
      </IconStyle>
      <LabelStyle>
        <scale>1</scale>
      </LabelStyle>
    </Style>
    <StyleMap id="icon-1535-0288D1">
      <Pair>
        <key>normal</key>
        <styleUrl>#icon-1535-0288D1-normal</styleUrl>
      </Pair>
      <Pair>
        <key>highlight</key>
        <styleUrl>#icon-1535-0288D1-highlight</styleUrl>
      </Pair>
    </StyleMap>
    <Style id="icon-1602-0288D1-normal">
      <IconStyle>
        <color>ffd18802</color>
        <scale>1</scale>
        <Icon>
          <href>https://www.gstatic.com/mapspro/images/stock/503-wht-blank_maps.png</href>
        </Icon>
      </IconStyle>
      <LabelStyle>
        <scale>0</scale>
      </LabelStyle>
    </Style>
    <Style id="icon-1602-0288D1-highlight">
      <IconStyle>
        <color>ffd18802</color>
        <scale>1</scale>
        <Icon>
          <href>https://www.gstatic.com/mapspro/images/stock/503-wht-blank_maps.png</href>
        </Icon>
      </IconStyle>
      <LabelStyle>
        <scale>1</scale>
      </LabelStyle>
    </Style>
    <StyleMap id="icon-1602-0288D1">
      <Pair>
        <key>normal</key>
        <styleUrl>#icon-1602-0288D1-normal</styleUrl>
      </Pair>
      <Pair>
        <key>highlight</key>
        <styleUrl>#icon-1602-0288D1-highlight</styleUrl>
      </Pair>
    </StyleMap>
    <Style id="icon-1739-0288D1-normal">
      <IconStyle>
        <color>ffd18802</color>
        <scale>1</scale>
        <Icon>
          <href>https://www.gstatic.com/mapspro/images/stock/503-wht-blank_maps.png</href>
        </Icon>
      </IconStyle>
      <LabelStyle>
        <scale>0</scale>
      </LabelStyle>
    </Style>
    <Style id="icon-1739-0288D1-highlight">
      <IconStyle>
        <color>ffd18802</color>
        <scale>1</scale>
        <Icon>
          <href>https://www.gstatic.com/mapspro/images/stock/503-wht-blank_maps.png</href>
        </Icon>
      </IconStyle>
      <LabelStyle>
        <scale>1</scale>
      </LabelStyle>
    </Style>
    <StyleMap id="icon-1739-0288D1">
      <Pair>
        <key>normal</key>
        <styleUrl>#icon-1739-0288D1-normal</styleUrl>
      </Pair>
      <Pair>
        <key>highlight</key>
        <styleUrl>#icon-1739-0288D1-highlight</styleUrl>
      </Pair>
    </StyleMap>
    <Style id="line-0097A7-5000-normal">
      <LineStyle>
        <color>ffa79700</color>
        <width>5</width>
      </LineStyle>
    </Style>
    <Style id="line-0097A7-5000-highlight">
      <LineStyle>
        <color>ffa79700</color>
        <width>7.5</width>
      </LineStyle>
    </Style>
    <StyleMap id="line-0097A7-5000">
      <Pair>
        <key>normal</key>
        <styleUrl>#line-0097A7-5000-normal</styleUrl>
      </Pair>
      <Pair>
        <key>highlight</key>
        <styleUrl>#line-0097A7-5000-highlight</styleUrl>
      </Pair>
    </StyleMap>
    <Style id="line-01579B-5000-normal">
      <LineStyle>
        <color>ff9b5701</color>
        <width>5</width>
      </LineStyle>
    </Style>
    <Style id="line-01579B-5000-highlight">
      <LineStyle>
        <color>ff9b5701</color>
        <width>7.5</width>
      </LineStyle>
    </Style>
    <StyleMap id="line-01579B-5000">
      <Pair>
        <key>normal</key>
        <styleUrl>#line-01579B-5000-normal</styleUrl>
      </Pair>
      <Pair>
        <key>highlight</key>
        <styleUrl>#line-01579B-5000-highlight</styleUrl>
      </Pair>
    </StyleMap>
    <Style id="line-7CB342-5000-normal">
      <LineStyle>
        <color>ff42b37c</color>
        <width>5</width>
      </LineStyle>
    </Style>
    <Style id="line-7CB342-5000-highlight">
      <LineStyle>
        <color>ff42b37c</color>
        <width>7.5</width>
      </LineStyle>
    </Style>
    <StyleMap id="line-7CB342-5000">
      <Pair>
        <key>normal</key>
        <styleUrl>#line-7CB342-5000-normal</styleUrl>
      </Pair>
      <Pair>
        <key>highlight</key>
        <styleUrl>#line-7CB342-5000-highlight</styleUrl>
      </Pair>
    </StyleMap>
    <Style id="line-9C27B0-5000-normal">
      <LineStyle>
        <color>ffb0279c</color>
        <width>5</width>
      </LineStyle>
    </Style>
    <Style id="line-9C27B0-5000-highlight">
      <LineStyle>
        <color>ffb0279c</color>
        <width>7.5</width>
      </LineStyle>
    </Style>
    <StyleMap id="line-9C27B0-5000">
      <Pair>
        <key>normal</key>
        <styleUrl>#line-9C27B0-5000-normal</styleUrl>
      </Pair>
      <Pair>
        <key>highlight</key>
        <styleUrl>#line-9C27B0-5000-highlight</styleUrl>
      </Pair>
    </StyleMap>
    <Style id="line-A52714-5000-normal">
      <LineStyle>
        <color>ff1427a5</color>
        <width>5</width>
      </LineStyle>
    </Style>
    <Style id="line-A52714-5000-highlight">
      <LineStyle>
        <color>ff1427a5</color>
        <width>7.5</width>
      </LineStyle>
    </Style>
    <StyleMap id="line-A52714-5000">
      <Pair>
        <key>normal</key>
        <styleUrl>#line-A52714-5000-normal</styleUrl>
      </Pair>
      <Pair>
        <key>highlight</key>
        <styleUrl>#line-A52714-5000-highlight</styleUrl>
      </Pair>
    </StyleMap>
    <Style id="line-F9A825-5000-normal">
      <LineStyle>
        <color>ff25a8f9</color>
        <width>5</width>
      </LineStyle>
    </Style>
    <Style id="line-F9A825-5000-highlight">
      <LineStyle>
        <color>ff25a8f9</color>
        <width>7.5</width>
      </LineStyle>
    </Style>
    <StyleMap id="line-F9A825-5000">
      <Pair>
        <key>normal</key>
        <styleUrl>#line-F9A825-5000-normal</styleUrl>
      </Pair>
      <Pair>
        <key>highlight</key>
        <styleUrl>#line-F9A825-5000-highlight</styleUrl>
      </Pair>
    </StyleMap>
    <Style id="line-FFEA00-5000-normal">
      <LineStyle>
        <color>ff00eaff</color>
        <width>5</width>
      </LineStyle>
    </Style>
    <Style id="line-FFEA00-5000-highlight">
      <LineStyle>
        <color>ff00eaff</color>
        <width>7.5</width>
      </LineStyle>
    </Style>
    <StyleMap id="line-FFEA00-5000">
      <Pair>
        <key>normal</key>
        <styleUrl>#line-FFEA00-5000-normal</styleUrl>
      </Pair>
      <Pair>
        <key>highlight</key>
        <styleUrl>#line-FFEA00-5000-highlight</styleUrl>
      </Pair>
    </StyleMap>
    <Folder>
      <name>2022-06-01</name>
      <Placemark>
        <name>TownePlace Suites by Marriott Albuquerque North</name>
        <description><![CDATA[description: Hotel from 2022-06-01T01:46:34.998Z to 2022-06-01T14:29:31.000Z. Distance 0m<br>Email: syugen.zhou@gmail.com<br>Category: Hotel<br>Distance: 0]]></description>
        <styleUrl>#icon-1602-0288D1</styleUrl>
        <ExtendedData>
          <Data name="description">
            <value>Hotel from 2022-06-01T01:46:34.998Z to 2022-06-01T14:29:31.000Z. Distance 0m</value>
          </Data>
          <Data name="Email">
            <value>syugen.zhou@gmail.com</value>
          </Data>
          <Data name="Category">
            <value>Hotel</value>
          </Data>
          <Data name="Distance">
            <value>0</value>
          </Data>
        </ExtendedData>
        <Point>
          <coordinates>
            -106.599108,35.141533,0
          </coordinates>
        </Point>
      </Placemark>
      <Placemark>
        <name>Driving</name>
        <description><![CDATA[description: Driving from 2022-06-01T14:29:31.000Z to 2022-06-01T14:44:29.000Z. Distance 10210m<br>Email: syugen.zhou@gmail.com<br>Category: Driving<br>Distance: 10210]]></description>
        <styleUrl>#line-9C27B0-5000</styleUrl>
        <ExtendedData>
          <Data name="description">
            <value>Driving from 2022-06-01T14:29:31.000Z to 2022-06-01T14:44:29.000Z. Distance 10210m</value>
          </Data>
          <Data name="Email">
            <value>syugen.zhou@gmail.com</value>
          </Data>
          <Data name="Category">
            <value>Driving</value>
          </Data>
          <Data name="Distance">
            <value>10210</value>
          </Data>
        </ExtendedData>
        <LineString>
          <tessellate>1</tessellate>
          <coordinates>
            -106.599512,35.141173,0
            -106.59939,35.141046,0
            -106.599237,35.140858,0
            -106.599415,35.140704,0
            -106.598675,35.139877,0
            -106.601472,35.138206,0
            -106.602556,35.137504,0
            -106.606173,35.13529,0
            -106.606905,35.134885,0
            -106.607363,35.134683,0
            -106.60759,35.134614,0
            -106.607819,35.134565,0
            -106.608177,35.134519,0
            -106.608601,35.134484,0
            -106.609227,35.134406,0
            -106.609411,35.13437,0
            -106.609958,35.134212,0
            -106.610213,35.134104,0
            -106.610511,35.133939,0
            -106.610907,35.13363,0
            -106.612158,35.134452,0
            -106.612601,35.134722,0
            -106.612944,35.134898,0
            -106.613593,35.13513,0
            -106.614121,35.135266,0
            -106.614433,35.135321,0
            -106.614853,35.135369,0
            -106.615232,35.135385,0
            -106.621179,35.135356,0
            -106.621637,35.135377,0
            -106.622078,35.135434,0
            -106.626892,35.136496,0
            -106.627466,35.136599,0
            -106.629607,35.136912,0
            -106.630646,35.137128,0
            -106.630748,35.137086,0
            -106.631347,35.137236,0
            -106.631439,35.137331,0
            -106.634361,35.138048,0
            -106.63539,35.13819,0
            -106.639823,35.138646,0
            -106.640702,35.138629,0
            -106.64243,35.138795,0
            -106.642483,35.138749,0
            -106.645482,35.139102,0
            -106.647222,35.13926,0
            -106.648434,35.139336,0
            -106.650337,35.139567,0
            -106.651149,35.139706,0
            -106.651528,35.13981,0
            -106.652357,35.140144,0
            -106.652591,35.140222,0
            -106.652987,35.140316,0
            -106.65572,35.140785,0
            -106.656324,35.140917,0
            -106.656405,35.140977,0
            -106.661186,35.141935,0
            -106.667443,35.143352,0
            -106.667639,35.143385,0
            -106.668067,35.14343,0
            -106.668706,35.143523,0
            -106.674582,35.144613,0
            -106.676236,35.145006,0
            -106.676712,35.145152,0
            -106.677529,35.145439,0
            -106.678537,35.145855,0
            -106.68322,35.148147,0
            -106.68994,35.151547,0
            -106.690371,35.151737,0
            -106.691141,35.152024,0
            -106.691752,35.152222,0
            -106.692385,35.152369,0
            -106.693074,35.152497,0
            -106.693834,35.152581,0
            -106.701102,35.152595,0
            -106.702131,35.152623,0
            -106.702808,35.152674,0
            -106.703867,35.152801,0
            -106.704632,35.152861,0
            -106.705554,35.152888,0
            -106.714398,35.152909,0
            -106.715237,35.152892,0
            -106.715836,35.152845,0
            -106.716232,35.152753,0
            -106.716414,35.152693,0
            -106.716633,35.152592,0
            -106.716704,35.152573,0
            -106.717363,35.152276,0
            -106.715476,35.149423,0
            -106.715377,35.14925,0
            -106.713457,35.146375,0
            -106.713389,35.146249,0
            -106.710558,35.142052,0
            -106.710179,35.141331,0
            -106.710054,35.141,0
            -106.709616,35.139385,0
            -106.709544,35.139011,0
            -106.70953,35.138865,0
            -106.709529,35.138516,0
            -106.70954,35.138428,0
          </coordinates>
        </LineString>
      </Placemark>
      <Placemark>
        <name>Petroglyph National Monument Visitor Center</name>
        <description><![CDATA[description: Visitor center from 2022-06-01T14:44:29.000Z to 2022-06-01T14:54:36.000Z. Distance 0m<br>Email: syugen.zhou@gmail.com<br>Category: Visitor center<br>Distance: 0]]></description>
        <styleUrl>#icon-1535-0288D1</styleUrl>
        <ExtendedData>
          <Data name="description">
            <value>Visitor center from 2022-06-01T14:44:29.000Z to 2022-06-01T14:54:36.000Z. Distance 0m</value>
          </Data>
          <Data name="Email">
            <value>syugen.zhou@gmail.com</value>
          </Data>
          <Data name="Category">
            <value>Visitor center</value>
          </Data>
          <Data name="Distance">
            <value>0</value>
          </Data>
        </ExtendedData>
        <Point>
          <coordinates>
            -106.711278,35.138875,0
          </coordinates>
        </Point>
      </Placemark>
      <Placemark>
        <name>Driving</name>
        <description><![CDATA[description: Driving from 2022-06-01T14:54:36.000Z to 2022-06-01T15:05:14.000Z. Distance 3214m<br>Email: syugen.zhou@gmail.com<br>Category: Driving<br>Distance: 3214]]></description>
        <styleUrl>#line-9C27B0-5000</styleUrl>
        <ExtendedData>
          <Data name="description">
            <value>Driving from 2022-06-01T14:54:36.000Z to 2022-06-01T15:05:14.000Z. Distance 3214m</value>
          </Data>
          <Data name="Email">
            <value>syugen.zhou@gmail.com</value>
          </Data>
          <Data name="Category">
            <value>Driving</value>
          </Data>
          <Data name="Distance">
            <value>3214</value>
          </Data>
        </ExtendedData>
        <LineString>
          <tessellate>1</tessellate>
          <coordinates>
            -106.711575,35.138701,0
            -106.711224,35.138666,0
            -106.71114,35.138599,0
            -106.71116,35.138582,0
            -106.711178,35.138554,0
            -106.711202,35.138485,0
            -106.710465,35.138565,0
            -106.710426,35.138561,0
            -106.710397,35.138549,0
            -106.710381,35.138536,0
            -106.710369,35.138519,0
            -106.710361,35.138479,0
            -106.710365,35.138454,0
            -106.710377,35.138429,0
            -106.710431,35.138346,0
            -106.710287,35.138269,0
            -106.710849,35.13747,0
            -106.710911,35.137413,0
            -106.710982,35.137363,0
            -106.71105,35.137324,0
            -106.711142,35.137282,0
            -106.714053,35.136441,0
            -106.714184,35.13639,0
            -106.714249,35.136354,0
            -106.714347,35.136281,0
            -106.714387,35.136243,0
            -106.714427,35.136181,0
            -106.71446,35.136113,0
            -106.714478,35.136056,0
            -106.71449,35.135969,0
            -106.714489,35.135896,0
            -106.714479,35.135834,0
            -106.71444,35.135735,0
            -106.714391,35.135652,0
            -106.714393,35.135577,0
            -106.714386,35.135556,0
            -106.714136,35.135091,0
            -106.714075,35.134951,0
            -106.713957,35.134989,0
            -106.711601,35.135855,0
            -106.711089,35.136073,0
            -106.710851,35.136209,0
            -106.710462,35.136476,0
            -106.710243,35.136677,0
            -106.710039,35.136887,0
            -106.709894,35.137068,0
            -106.709737,35.137301,0
            -106.709565,35.137617,0
            -106.709441,35.137935,0
            -106.709376,35.138235,0
            -106.709337,35.138506,0
            -106.70934,35.13878,0
            -106.709377,35.139142,0
            -106.709761,35.140719,0
            -106.70997,35.141301,0
            -106.710145,35.141679,0
            -106.710367,35.142077,0
            -106.71203,35.144557,0
            -106.712036,35.14457,0
            -106.712368,35.145072,0
            -106.712576,35.145361,0
            -106.712763,35.145671,0
            -106.714106,35.147686,0
            -106.714473,35.148191,0
            -106.717142,35.152257,0
            -106.71722,35.152347,0
            -106.717741,35.153125,0
            -106.718337,35.153785,0
            -106.718547,35.154071,0
            -106.71863,35.154214,0
            -106.718698,35.154363,0
            -106.719063,35.154862,0
            -106.718897,35.154975,0
            -106.718805,35.155049,0
            -106.718767,35.155086,0
            -106.71873,35.155131,0
            -106.718671,35.155236,0
            -106.718657,35.155281,0
            -106.718644,35.155416,0
            -106.71865,35.155507,0
            -106.718672,35.155618,0
            -106.719398,35.15848,0
            -106.71945,35.158629,0
            -106.719531,35.158818,0
            -106.719667,35.159065,0
            -106.719782,35.15923,0
            -106.719845,35.159309,0
            -106.72,35.159466,0
            -106.720548,35.15994,0
            -106.720626,35.16,0
            -106.720324,35.160282,0
            -106.720141,35.160437,0
            -106.719897,35.160626,0
            -106.719841,35.16066,0
            -106.719745,35.160696,0
            -106.719594,35.160713,0
            -106.719358,35.160758,0
            -106.71928,35.160763,0
            -106.719176,35.160761,0
            -106.719036,35.16074,0
          </coordinates>
        </LineString>
      </Placemark>
      <Placemark>
        <name>Boca Negra Canyon</name>
        <description><![CDATA[description: Hiking area from 2022-06-01T15:05:14.000Z to 2022-06-01T15:28:15.000Z. Distance 0m<br>Email: syugen.zhou@gmail.com<br>Category: Hiking area<br>Distance: 0]]></description>
        <styleUrl>#icon-1535-0288D1</styleUrl>
        <ExtendedData>
          <Data name="description">
            <value>Hiking area from 2022-06-01T15:05:14.000Z to 2022-06-01T15:28:15.000Z. Distance 0m</value>
          </Data>
          <Data name="Email">
            <value>syugen.zhou@gmail.com</value>
          </Data>
          <Data name="Category">
            <value>Hiking area</value>
          </Data>
          <Data name="Distance">
            <value>0</value>
          </Data>
        </ExtendedData>
        <Point>
          <coordinates>
            -106.717853,35.161115,0
          </coordinates>
        </Point>
      </Placemark>
      <Placemark>
        <name>Driving</name>
        <description><![CDATA[description: Driving from 2022-06-01T15:28:15.999Z to 2022-06-01T15:47:21.000Z. Distance 12482m<br>Email: syugen.zhou@gmail.com<br>Category: Driving<br>Distance: 12482]]></description>
        <styleUrl>#line-9C27B0-5000</styleUrl>
        <ExtendedData>
          <Data name="description">
            <value>Driving from 2022-06-01T15:28:15.999Z to 2022-06-01T15:47:21.000Z. Distance 12482m</value>
          </Data>
          <Data name="Email">
            <value>syugen.zhou@gmail.com</value>
          </Data>
          <Data name="Category">
            <value>Driving</value>
          </Data>
          <Data name="Distance">
            <value>12482</value>
          </Data>
        </ExtendedData>
        <LineString>
          <tessellate>1</tessellate>
          <coordinates>
            -106.71668,35.160953,0
            -106.71667,35.161041,0
            -106.716688,35.161149,0
            -106.716724,35.16123,0
            -106.717054,35.161666,0
            -106.717246,35.161853,0
            -106.717408,35.161959,0
            -106.717525,35.162,0
            -106.718096,35.162099,0
            -106.718156,35.162086,0
            -106.718214,35.162025,0
            -106.718311,35.161731,0
            -106.71837,35.161645,0
            -106.71846,35.161578,0
            -106.719038,35.161337,0
            -106.719196,35.1612,0
            -106.71926,35.161106,0
            -106.719745,35.160696,0
            -106.719841,35.16066,0
            -106.720626,35.159999,0
            -106.719845,35.159309,0
            -106.719531,35.158818,0
            -106.719398,35.15848,0
            -106.718644,35.155416,0
            -106.718671,35.155236,0
            -106.718767,35.155086,0
            -106.719063,35.154862,0
            -106.719235,35.154784,0
            -106.718442,35.153649,0
            -106.71779,35.152919,0
            -106.717317,35.1522,0
            -106.716478,35.152531,0
            -106.715798,35.152707,0
            -106.714921,35.152763,0
            -106.704951,35.152745,0
            -106.704065,35.15269,0
            -106.702824,35.152535,0
            -106.701883,35.152472,0
            -106.693832,35.15246,0
            -106.692721,35.152284,0
            -106.691774,35.152072,0
            -106.691188,35.151897,0
            -106.690173,35.1515,0
            -106.678585,35.145781,0
            -106.677577,35.145365,0
            -106.676055,35.144864,0
            -106.675137,35.144642,0
            -106.668727,35.143407,0
            -106.667757,35.143315,0
            -106.662099,35.141998,0
            -106.656415,35.140859,0
            -106.656324,35.140917,0
            -106.652591,35.140222,0
            -106.651528,35.13981,0
            -106.651149,35.139706,0
            -106.648434,35.139336,0
            -106.645482,35.139102,0
            -106.642483,35.138749,0
            -106.642448,35.138692,0
            -106.641257,35.138558,0
            -106.640504,35.138527,0
            -106.639823,35.138551,0
            -106.634369,35.137934,0
            -106.631489,35.137206,0
            -106.631347,35.137236,0
            -106.630748,35.137086,0
            -106.630712,35.137005,0
            -106.628485,35.136581,0
            -106.628339,35.136577,0
            -106.626949,35.136363,0
            -106.622396,35.135359,0
            -106.621392,35.135219,0
            -106.619377,35.13521,0
            -106.619325,35.136503,0
            -106.619191,35.13679,0
            -106.618903,35.137098,0
            -106.618744,35.137206,0
            -106.618339,35.13737,0
            -106.617893,35.137436,0
            -106.607478,35.137439,0
            -106.607016,35.137486,0
            -106.606722,35.137569,0
            -106.606433,35.137689,0
            -106.606138,35.137875,0
            -106.605722,35.138318,0
            -106.605552,35.138625,0
            -106.605474,35.139237,0
            -106.605482,35.141129,0
            -106.605511,35.141354,0
            -106.605556,35.141426,0
            -106.605603,35.1446,0
            -106.600994,35.144654,0
            -106.600973,35.143651,0
            -106.600898,35.14317,0
            -106.600792,35.142835,0
            -106.600356,35.141842,0
            -106.599858,35.141182,0
            -106.599415,35.140704,0
            -106.599237,35.140858,0
            -106.599562,35.141225,0
          </coordinates>
        </LineString>
      </Placemark>
      <Placemark>
        <name>TownePlace Suites by Marriott Albuquerque North</name>
        <description><![CDATA[description: Hotel from 2022-06-01T15:47:21.000Z to 2022-06-01T16:34:04.999Z. Distance 0m<br>Email: syugen.zhou@gmail.com<br>Category: Hotel<br>Distance: 0]]></description>
        <styleUrl>#icon-1602-0288D1</styleUrl>
        <ExtendedData>
          <Data name="description">
            <value>Hotel from 2022-06-01T15:47:21.000Z to 2022-06-01T16:34:04.999Z. Distance 0m</value>
          </Data>
          <Data name="Email">
            <value>syugen.zhou@gmail.com</value>
          </Data>
          <Data name="Category">
            <value>Hotel</value>
          </Data>
          <Data name="Distance">
            <value>0</value>
          </Data>
        </ExtendedData>
        <Point>
          <coordinates>
            -106.599108,35.141533,0
          </coordinates>
        </Point>
      </Placemark>
      <Placemark>
        <name>Driving</name>
        <description><![CDATA[description: Driving from 2022-06-01T16:34:04.999Z to 2022-06-01T16:48:02.999Z. Distance 12215m<br>Email: syugen.zhou@gmail.com<br>Category: Driving<br>Distance: 12215]]></description>
        <styleUrl>#line-9C27B0-5000</styleUrl>
        <ExtendedData>
          <Data name="description">
            <value>Driving from 2022-06-01T16:34:04.999Z to 2022-06-01T16:48:02.999Z. Distance 12215m</value>
          </Data>
          <Data name="Email">
            <value>syugen.zhou@gmail.com</value>
          </Data>
          <Data name="Category">
            <value>Driving</value>
          </Data>
          <Data name="Distance">
            <value>12215</value>
          </Data>
        </ExtendedData>
        <LineString>
          <tessellate>1</tessellate>
          <coordinates>
            -106.599448,35.141106,0
            -106.598711,35.140265,0
            -106.598652,35.140255,0
            -106.598583,35.140272,0
            -106.598182,35.140538,0
            -106.597066,35.141517,0
            -106.596997,35.141704,0
            -106.597799,35.142335,0
            -106.597786,35.142377,0
            -106.597141,35.142917,0
            -106.59714,35.142936,0
            -106.597488,35.143258,0
            -106.596895,35.143477,0
            -106.59668,35.143126,0
            -106.594417,35.141042,0
            -106.594321,35.141101,0
            -106.593399,35.142101,0
            -106.593345,35.142216,0
            -106.592715,35.142932,0
            -106.59266,35.143101,0
            -106.591793,35.143878,0
            -106.59125,35.144495,0
            -106.590596,35.14546,0
            -106.589938,35.146997,0
            -106.577841,35.200043,0
            -106.577774,35.200045,0
            -106.577753,35.20006,0
            -106.577379,35.200933,0
            -106.576965,35.201582,0
            -106.576815,35.201679,0
            -106.57629,35.202468,0
            -106.576067,35.202936,0
            -106.575849,35.203755,0
            -106.571706,35.203189,0
            -106.569874,35.203097,0
            -106.569014,35.202919,0
            -106.567042,35.202228,0
            -106.56586,35.202026,0
            -106.565073,35.202021,0
            -106.562507,35.202304,0
            -106.561433,35.202303,0
            -106.559233,35.202124,0
            -106.558103,35.202126,0
            -106.555816,35.202384,0
            -106.55501,35.202337,0
            -106.55023,35.201418,0
            -106.547911,35.201166,0
            -106.5374,35.201295,0
            -106.53668,35.201377,0
            -106.534733,35.201797,0
            -106.534211,35.201862,0
            -106.533245,35.201885,0
            -106.522644,35.200288,0
            -106.520653,35.200141,0
            -106.519476,35.200133,0
            -106.517261,35.200281,0
            -106.511433,35.201352,0
            -106.510634,35.201423,0
            -106.509539,35.201383,0
            -106.508188,35.201113,0
            -106.506948,35.200615,0
            -106.506173,35.200154,0
            -106.50568,35.19976,0
            -106.502512,35.196432,0
            -106.501834,35.195946,0
            -106.500807,35.195436,0
            -106.498388,35.194546,0
            -106.497489,35.193959,0
            -106.496802,35.193231,0
            -106.496503,35.192752,0
            -106.496262,35.192182,0
            -106.496127,35.191494,0
            -106.496131,35.190431,0
            -106.494035,35.190161,0
            -106.493028,35.190118,0
            -106.491889,35.190177,0
            -106.490488,35.190389,0
            -106.488142,35.191012,0
            -106.487936,35.191017,0
            -106.487671,35.190962,0
            -106.48697,35.190696,0
            -106.486621,35.190657,0
            -106.486043,35.190727,0
            -106.485192,35.19097,0
            -106.483869,35.191695,0
            -106.483486,35.191802,0
            -106.483127,35.191847,0
            -106.482262,35.19186,0
            -106.480876,35.192279,0
            -106.48073,35.192281,0
            -106.480587,35.192231,0
            -106.480175,35.191706,0
            -106.480073,35.191634,0
            -106.480043,35.19166,0
            -106.479509,35.191833,0
            -106.47937,35.19184,0
            -106.479276,35.191817,0
            -106.479222,35.191769,0
            -106.479238,35.191123,0
            -106.479181,35.190857,0
          </coordinates>
        </LineString>
      </Placemark>
      <Placemark>
        <name>Sandia Peak Tramway</name>
        <description><![CDATA[description: Tourist attraction from 2022-06-01T16:48:02.999Z to 2022-06-01T17:10:47.059Z. Distance 0m<br>Email: syugen.zhou@gmail.com<br>Category: Tourist attraction<br>Distance: 0]]></description>
        <styleUrl>#icon-1535-0288D1</styleUrl>
        <ExtendedData>
          <Data name="description">
            <value>Tourist attraction from 2022-06-01T16:48:02.999Z to 2022-06-01T17:10:47.059Z. Distance 0m</value>
          </Data>
          <Data name="Email">
            <value>syugen.zhou@gmail.com</value>
          </Data>
          <Data name="Category">
            <value>Tourist attraction</value>
          </Data>
          <Data name="Distance">
            <value>0</value>
          </Data>
        </ExtendedData>
        <Point>
          <coordinates>
            -106.479402,35.19071,0
          </coordinates>
        </Point>
      </Placemark>
      <Placemark>
        <name>In a gondola lift</name>
        <description><![CDATA[description: In a gondola lift from 2022-06-01T17:10:47.059Z to 2022-06-01T17:25:25.885Z. Distance 4204m<br>Email: syugen.zhou@gmail.com<br>Category: In a gondola lift<br>Distance: 4204]]></description>
        <styleUrl>#line-9C27B0-5000</styleUrl>
        <ExtendedData>
          <Data name="description">
            <value>In a gondola lift from 2022-06-01T17:10:47.059Z to 2022-06-01T17:25:25.885Z. Distance 4204m</value>
          </Data>
          <Data name="Email">
            <value>syugen.zhou@gmail.com</value>
          </Data>
          <Data name="Category">
            <value>In a gondola lift</value>
          </Data>
          <Data name="Distance">
            <value>4204</value>
          </Data>
        </ExtendedData>
        <LineString>
          <tessellate>1</tessellate>
          <coordinates>
            -106.479358,35.190808,0
            -106.479567,35.190801,0
            -106.442297,35.194532,0
            -106.434149,35.195984,0
            -106.434208,35.196117,0
          </coordinates>
        </LineString>
      </Placemark>
      <Placemark>
        <name>TEN 3</name>
        <description><![CDATA[description: Restaurant from 2022-06-01T17:25:25.885Z to 2022-06-01T17:57:52.638Z. Distance 0m<br>Email: syugen.zhou@gmail.com<br>Category: Restaurant<br>Distance: 0]]></description>
        <styleUrl>#icon-1739-0288D1</styleUrl>
        <ExtendedData>
          <Data name="description">
            <value>Restaurant from 2022-06-01T17:25:25.885Z to 2022-06-01T17:57:52.638Z. Distance 0m</value>
          </Data>
          <Data name="Email">
            <value>syugen.zhou@gmail.com</value>
          </Data>
          <Data name="Category">
            <value>Restaurant</value>
          </Data>
          <Data name="Distance">
            <value>0</value>
          </Data>
        </ExtendedData>
        <Point>
          <coordinates>
            -106.434208,35.196117,0
          </coordinates>
        </Point>
      </Placemark>
      <Placemark>
        <name>In a gondola lift</name>
        <description><![CDATA[description: In a gondola lift from 2022-06-01T17:57:52.638Z to 2022-06-01T18:08:03.475Z. Distance 4184m<br>Email: syugen.zhou@gmail.com<br>Category: In a gondola lift<br>Distance: 4184]]></description>
        <styleUrl>#line-9C27B0-5000</styleUrl>
        <ExtendedData>
          <Data name="description">
            <value>In a gondola lift from 2022-06-01T17:57:52.638Z to 2022-06-01T18:08:03.475Z. Distance 4184m</value>
          </Data>
          <Data name="Email">
            <value>syugen.zhou@gmail.com</value>
          </Data>
          <Data name="Category">
            <value>In a gondola lift</value>
          </Data>
          <Data name="Distance">
            <value>4184</value>
          </Data>
        </ExtendedData>
        <LineString>
          <tessellate>1</tessellate>
          <coordinates>
            -106.434208,35.196117,0
            -106.434059,35.195849,0
            -106.464932,35.192273,0
            -106.478555,35.190969,0
            -106.479306,35.190751,0
          </coordinates>
        </LineString>
      </Placemark>
      <Placemark>
        <name>Sandia Peak Tramway</name>
        <description><![CDATA[description: Tourist attraction from 2022-06-01T18:08:03.475Z to 2022-06-01T18:16:51.000Z. Distance 0m<br>Email: syugen.zhou@gmail.com<br>Category: Tourist attraction<br>Distance: 0]]></description>
        <styleUrl>#icon-1535-0288D1</styleUrl>
        <ExtendedData>
          <Data name="description">
            <value>Tourist attraction from 2022-06-01T18:08:03.475Z to 2022-06-01T18:16:51.000Z. Distance 0m</value>
          </Data>
          <Data name="Email">
            <value>syugen.zhou@gmail.com</value>
          </Data>
          <Data name="Category">
            <value>Tourist attraction</value>
          </Data>
          <Data name="Distance">
            <value>0</value>
          </Data>
        </ExtendedData>
        <Point>
          <coordinates>
            -106.479402,35.19071,0
          </coordinates>
        </Point>
      </Placemark>
      <Placemark>
        <name>Driving</name>
        <description><![CDATA[description: Driving from 2022-06-01T18:16:51.000Z to 2022-06-01T18:30:43.000Z. Distance 15151m<br>Email: syugen.zhou@gmail.com<br>Category: Driving<br>Distance: 15151]]></description>
        <styleUrl>#line-9C27B0-5000</styleUrl>
        <ExtendedData>
          <Data name="description">
            <value>Driving from 2022-06-01T18:16:51.000Z to 2022-06-01T18:30:43.000Z. Distance 15151m</value>
          </Data>
          <Data name="Email">
            <value>syugen.zhou@gmail.com</value>
          </Data>
          <Data name="Category">
            <value>Driving</value>
          </Data>
          <Data name="Distance">
            <value>15151</value>
          </Data>
        </ExtendedData>
        <LineString>
          <tessellate>1</tessellate>
          <coordinates>
            -106.496136,35.191558,0
            -106.496127,35.191494,0
            -106.496116,35.191066,0
            -106.496131,35.190431,0
            -106.496167,35.189752,0
            -106.496253,35.18952,0
            -106.496335,35.188064,0
            -106.4964,35.186677,0
            -106.496415,35.185871,0
            -106.4964,35.179157,0
            -106.496447,35.175482,0
            -106.496591,35.175325,0
            -106.49664,35.175282,0
            -106.496754,35.175221,0
            -106.496892,35.175157,0
            -106.496938,35.175123,0
            -106.500849,35.174569,0
            -106.501336,35.174539,0
            -106.503966,35.174558,0
            -106.505777,35.174595,0
            -106.514047,35.174584,0
            -106.523019,35.17465,0
            -106.523058,35.174654,0
            -106.524351,35.174668,0
            -106.524573,35.174683,0
            -106.538127,35.174689,0
            -106.539496,35.17465,0
            -106.547584,35.174145,0
            -106.550989,35.174064,0
            -106.552683,35.174059,0
            -106.555484,35.174113,0
            -106.559176,35.174273,0
            -106.5597,35.174306,0
            -106.560583,35.174332,0
            -106.564336,35.17451,0
            -106.567277,35.174549,0
            -106.573108,35.174499,0
            -106.574173,35.174476,0
            -106.577114,35.174322,0
            -106.577499,35.174291,0
            -106.577676,35.17429,0
            -106.579561,35.174218,0
            -106.580769,35.174224,0
            -106.581391,35.174245,0
            -106.581941,35.174275,0
            -106.582195,35.174277,0
            -106.583277,35.174317,0
            -106.584064,35.174365,0
            -106.584445,35.174396,0
            -106.584727,35.174587,0
            -106.584797,35.174681,0
            -106.584847,35.174771,0
            -106.584842,35.174901,0
            -106.584808,35.175005,0
            -106.584772,35.175088,0
            -106.584687,35.175187,0
            -106.584608,35.175233,0
            -106.584496,35.175259,0
            -106.584362,35.175274,0
            -106.584207,35.175239,0
            -106.584139,35.175193,0
            -106.584107,35.175159,0
            -106.584082,35.175126,0
            -106.584043,35.175031,0
            -106.584015,35.174854,0
            -106.584025,35.174694,0
            -106.584022,35.174685,0
            -106.583943,35.174593,0
            -106.590073,35.147594,0
            -106.590133,35.147362,0
            -106.590158,35.147235,0
            -106.590217,35.147023,0
            -106.590378,35.146549,0
            -106.590551,35.146136,0
            -106.590752,35.145734,0
            -106.590918,35.145436,0
            -106.591102,35.145148,0
            -106.591362,35.144783,0
            -106.591516,35.144745,0
            -106.59173,35.14449,0
            -106.591889,35.144323,0
            -106.592091,35.144134,0
            -106.592456,35.143844,0
            -106.592525,35.143813,0
            -106.593026,35.14349,0
            -106.593306,35.143329,0
            -106.593684,35.143166,0
            -106.594091,35.142957,0
            -106.595662,35.142336,0
            -106.595773,35.142285,0
            -106.595992,35.142104,0
            -106.596316,35.141811,0
            -106.59669,35.141452,0
            -106.597098,35.141083,0
            -106.598006,35.140344,0
            -106.598575,35.139935,0
            -106.598675,35.139877,0
            -106.599415,35.140704,0
            -106.599237,35.140858,0
            -106.599391,35.141047,0
          </coordinates>
        </LineString>
      </Placemark>
      <Placemark>
        <name>TownePlace Suites by Marriott Albuquerque North</name>
        <description><![CDATA[description: Hotel from 2022-06-01T18:30:43.000Z to 2022-06-01T18:37:47.998Z. Distance 0m<br>Email: syugen.zhou@gmail.com<br>Category: Hotel<br>Distance: 0]]></description>
        <styleUrl>#icon-1602-0288D1</styleUrl>
        <ExtendedData>
          <Data name="description">
            <value>Hotel from 2022-06-01T18:30:43.000Z to 2022-06-01T18:37:47.998Z. Distance 0m</value>
          </Data>
          <Data name="Email">
            <value>syugen.zhou@gmail.com</value>
          </Data>
          <Data name="Category">
            <value>Hotel</value>
          </Data>
          <Data name="Distance">
            <value>0</value>
          </Data>
        </ExtendedData>
        <Point>
          <coordinates>
            -106.599108,35.141533,0
          </coordinates>
        </Point>
      </Placemark>
      <Placemark>
        <name>Driving</name>
        <description><![CDATA[description: Driving from 2022-06-01T18:37:47.998Z to 2022-06-01T18:55:15.000Z. Distance 11371m<br>Email: syugen.zhou@gmail.com<br>Category: Driving<br>Distance: 11371]]></description>
        <styleUrl>#line-9C27B0-5000</styleUrl>
        <ExtendedData>
          <Data name="description">
            <value>Driving from 2022-06-01T18:37:47.998Z to 2022-06-01T18:55:15.000Z. Distance 11371m</value>
          </Data>
          <Data name="Email">
            <value>syugen.zhou@gmail.com</value>
          </Data>
          <Data name="Category">
            <value>Driving</value>
          </Data>
          <Data name="Distance">
            <value>11371</value>
          </Data>
        </ExtendedData>
        <LineString>
          <tessellate>1</tessellate>
          <coordinates>
            -106.599434,35.13942,0
            -106.606173,35.13529,0
            -106.606905,35.134885,0
            -106.607363,35.134683,0
            -106.607819,35.134565,0
            -106.609411,35.13437,0
            -106.609958,35.134212,0
            -106.610213,35.134104,0
            -106.610511,35.133939,0
            -106.610907,35.13363,0
            -106.611362,35.133061,0
            -106.611824,35.132289,0
            -106.611868,35.132143,0
            -106.611968,35.131978,0
            -106.612236,35.131643,0
            -106.612543,35.131349,0
            -106.613041,35.130992,0
            -106.613072,35.130854,0
            -106.617174,35.128352,0
            -106.618533,35.127402,0
            -106.619897,35.126243,0
            -106.620591,35.125547,0
            -106.621444,35.124567,0
            -106.622004,35.123831,0
            -106.622649,35.122842,0
            -106.623357,35.121517,0
            -106.624176,35.119479,0
            -106.624247,35.119212,0
            -106.627573,35.110172,0
            -106.628694,35.107563,0
            -106.63177,35.099187,0
            -106.631919,35.098949,0
            -106.634918,35.090731,0
            -106.634918,35.090619,0
            -106.635569,35.088571,0
            -106.635914,35.087179,0
            -106.636495,35.084054,0
            -106.636491,35.083974,0
            -106.637357,35.079391,0
            -106.637521,35.078717,0
            -106.63774,35.07808,0
            -106.637885,35.077794,0
            -106.63815,35.077396,0
            -106.639507,35.075728,0
            -106.639771,35.07534,0
            -106.639923,35.075053,0
            -106.640048,35.074735,0
            -106.640119,35.074409,0
            -106.640149,35.073856,0
            -106.638326,35.059653,0
            -106.638395,35.059606,0
            -106.638394,35.059401,0
            -106.638427,35.059282,0
            -106.638529,35.059089,0
            -106.638635,35.058984,0
            -106.638717,35.058937,0
            -106.638815,35.058904,0
            -106.638902,35.05889,0
            -106.638991,35.058892,0
            -106.639077,35.058913,0
            -106.639163,35.058952,0
            -106.639248,35.059014,0
            -106.639315,35.059089,0
            -106.639366,35.059208,0
            -106.639367,35.059269,0
            -106.639345,35.05936,0
            -106.639272,35.059485,0
            -106.639157,35.059566,0
            -106.639028,35.05961,0
            -106.638883,35.059621,0
            -106.638764,35.059614,0
            -106.638622,35.059634,0
            -106.632355,35.058627,0
            -106.630848,35.058455,0
            -106.630858,35.056783,0
            -106.631387,35.056798,0
            -106.632212,35.057209,0
            -106.63225,35.057248,0
            -106.632272,35.057292,0
            -106.632265,35.057972,0
            -106.632292,35.058012,0
            -106.632363,35.058047,0
            -106.635294,35.058057,0
            -106.635444,35.058559,0
            -106.635436,35.059118,0
            -106.632355,35.058627,0
            -106.632248,35.059254,0
            -106.632271,35.059286,0
            -106.632299,35.05944,0
            -106.632294,35.059591,0
            -106.632282,35.059614,0
            -106.632221,35.059649,0
            -106.631278,35.059644,0
            -106.631248,35.059627,0
            -106.631225,35.059601,0
            -106.631193,35.059443,0
            -106.631205,35.059316,0
            -106.631233,35.059242,0
            -106.631178,35.059117,0
            -106.631249,35.059106,0
          </coordinates>
        </LineString>
      </Placemark>
      <Placemark>
        <name>ALON</name>
        <description><![CDATA[description: Gas station from 2022-06-01T18:55:15.000Z to 2022-06-01T19:01:07.000Z. Distance 0m<br>Email: syugen.zhou@gmail.com<br>Category: Gas station<br>Distance: 0]]></description>
        <styleUrl>#icon-1739-0288D1</styleUrl>
        <ExtendedData>
          <Data name="description">
            <value>Gas station from 2022-06-01T18:55:15.000Z to 2022-06-01T19:01:07.000Z. Distance 0m</value>
          </Data>
          <Data name="Email">
            <value>syugen.zhou@gmail.com</value>
          </Data>
          <Data name="Category">
            <value>Gas station</value>
          </Data>
          <Data name="Distance">
            <value>0</value>
          </Data>
        </ExtendedData>
        <Point>
          <coordinates>
            -106.631475,35.058974,0
          </coordinates>
        </Point>
      </Placemark>
      <Placemark>
        <name>Driving</name>
        <description><![CDATA[description: Driving from 2022-06-01T19:01:07.000Z to 2022-06-01T19:02:07.000Z. Distance 138m<br>Email: syugen.zhou@gmail.com<br>Category: Driving<br>Distance: 138]]></description>
        <styleUrl>#line-9C27B0-5000</styleUrl>
        <ExtendedData>
          <Data name="description">
            <value>Driving from 2022-06-01T19:01:07.000Z to 2022-06-01T19:02:07.000Z. Distance 138m</value>
          </Data>
          <Data name="Email">
            <value>syugen.zhou@gmail.com</value>
          </Data>
          <Data name="Category">
            <value>Driving</value>
          </Data>
          <Data name="Distance">
            <value>138</value>
          </Data>
        </ExtendedData>
        <LineString>
          <tessellate>1</tessellate>
          <coordinates>
            -106.631249,35.059106,0
            -106.631243,35.059107,0
            -106.631178,35.059117,0
            -106.631109,35.059128,0
            -106.630985,35.059146,0
            -106.630859,35.059158,0
            -106.630858,35.059158,0
            -106.630832,35.059013,0
            -106.630845,35.058592,0
            -106.630848,35.058455,0
            -106.630851,35.057862,0
            -106.630854,35.057481,0
            -106.630783,35.057479,0
            -106.630673,35.05748,0
            -106.630563,35.05748,0
            -106.630473,35.057481,0
            -106.630267,35.057482,0
            -106.630069,35.057483,0
            -106.630065,35.057483,0
            -106.630063,35.057688,0
            -106.629944,35.057693,0
            -106.62995,35.057853,0
            -106.629949,35.05799,0
            -106.629941,35.058129,0
            -106.630056,35.058141,0
            -106.630114,35.058179,0
            -106.63027,35.05819,0
            -106.630462,35.058208,0
            -106.630542,35.058186,0
            -106.630588,35.058071,0
          </coordinates>
        </LineString>
      </Placemark>
      <Placemark>
        <name>Chick-fil-A</name>
        <description><![CDATA[description: Fast Food from 2022-06-01T19:02:07.000Z to 2022-06-01T19:18:45.000Z. Distance 0m<br>Email: syugen.zhou@gmail.com<br>Category: Fast Food<br>Distance: 0]]></description>
        <styleUrl>#icon-1739-0288D1</styleUrl>
        <ExtendedData>
          <Data name="description">
            <value>Fast Food from 2022-06-01T19:02:07.000Z to 2022-06-01T19:18:45.000Z. Distance 0m</value>
          </Data>
          <Data name="Email">
            <value>syugen.zhou@gmail.com</value>
          </Data>
          <Data name="Category">
            <value>Fast Food</value>
          </Data>
          <Data name="Distance">
            <value>0</value>
          </Data>
        </ExtendedData>
        <Point>
          <coordinates>
            -106.630461,35.058047,0
          </coordinates>
        </Point>
      </Placemark>
      <Placemark>
        <name>Driving</name>
        <description><![CDATA[description: Driving from 2022-06-01T19:18:45.000Z to 2022-06-01T19:23:16.000Z. Distance 2127m<br>Email: syugen.zhou@gmail.com<br>Category: Driving<br>Distance: 2127]]></description>
        <styleUrl>#line-9C27B0-5000</styleUrl>
        <ExtendedData>
          <Data name="description">
            <value>Driving from 2022-06-01T19:18:45.000Z to 2022-06-01T19:23:16.000Z. Distance 2127m</value>
          </Data>
          <Data name="Email">
            <value>syugen.zhou@gmail.com</value>
          </Data>
          <Data name="Category">
            <value>Driving</value>
          </Data>
          <Data name="Distance">
            <value>2127</value>
          </Data>
        </ExtendedData>
        <LineString>
          <tessellate>1</tessellate>
          <coordinates>
            -106.630588,35.058071,0
            -106.630542,35.058186,0
            -106.630462,35.058208,0
            -106.63027,35.05819,0
            -106.630114,35.058179,0
            -106.630056,35.058141,0
            -106.629941,35.058129,0
            -106.629949,35.057991,0
            -106.62995,35.057853,0
            -106.629944,35.057693,0
            -106.630063,35.057688,0
            -106.630065,35.057483,0
            -106.630783,35.057479,0
            -106.630767,35.058064,0
            -106.630714,35.05844,0
            -106.629356,35.058378,0
            -106.629089,35.058374,0
            -106.622117,35.058363,0
            -106.62211,35.057371,0
            -106.622079,35.05647,0
            -106.622051,35.054128,0
            -106.622057,35.053716,0
            -106.623924,35.053715,0
            -106.624313,35.053719,0
            -106.624706,35.0537,0
            -106.624875,35.053673,0
            -106.625055,35.053634,0
            -106.625353,35.053525,0
            -106.625678,35.05336,0
            -106.626097,35.053126,0
            -106.626388,35.052972,0
            -106.626431,35.052956,0
            -106.626699,35.052852,0
            -106.626885,35.052798,0
            -106.627031,35.05277,0
            -106.627146,35.052752,0
            -106.627315,35.052734,0
            -106.627515,35.052724,0
            -106.629693,35.052711,0
            -106.629942,35.052728,0
            -106.630335,35.052733,0
            -106.630394,35.052728,0
            -106.630445,35.052719,0
            -106.630495,35.052704,0
            -106.630543,35.052686,0
            -106.630608,35.052656,0
            -106.630661,35.052621,0
            -106.630709,35.052584,0
            -106.630757,35.05253,0
            -106.630808,35.052436,0
            -106.630822,35.052358,0
            -106.63082,35.052208,0
            -106.63086,35.052154,0
            -106.630871,35.051314,0
            -106.630881,35.051165,0
            -106.630887,35.050668,0
            -106.630882,35.050461,0
            -106.630882,35.050079,0
            -106.630864,35.049143,0
            -106.630863,35.048828,0
            -106.630801,35.047918,0
            -106.630769,35.047643,0
            -106.630498,35.047133,0
            -106.630266,35.046838,0
            -106.630151,35.046725,0
            -106.629501,35.046133,0
            -106.629117,35.045696,0
            -106.628986,35.0455,0
            -106.628867,35.045221,0
            -106.628781,35.044904,0
            -106.628737,35.044493,0
            -106.62874,35.044365,0
            -106.628743,35.043701,0
            -106.628749,35.043411,0
            -106.628763,35.04177,0
            -106.628747,35.040324,0
            -106.628582,35.040324,0
            -106.627049,35.040338,0
            -106.626728,35.040349,0
            -106.626645,35.040358,0
            -106.626593,35.040357,0
            -106.626544,35.04034,0
            -106.626505,35.040316,0
            -106.626484,35.040297,0
            -106.626459,35.040264,0
            -106.626449,35.040234,0
            -106.626438,35.040186,0
            -106.626426,35.040117,0
            -106.626417,35.040091,0
            -106.626392,35.040058,0
            -106.626352,35.040022,0
            -106.62631,35.040004,0
            -106.62626,35.039995,0
            -106.62619,35.039996,0
            -106.626084,35.040028,0
            -106.626049,35.040055,0
            -106.626023,35.0401,0
            -106.626009,35.040162,0
            -106.626008,35.040239,0
            -106.626024,35.04047,0
          </coordinates>
        </LineString>
      </Placemark>
      <Placemark>
        <name>Avis Car Rental</name>
        <description><![CDATA[description: Car rental agency from 2022-06-01T19:23:16.000Z to 2022-06-01T19:35:12.000Z. Distance 0m<br>Email: syugen.zhou@gmail.com<br>Category: Car rental agency<br>Distance: 0]]></description>
        <styleUrl>#icon-1739-0288D1</styleUrl>
        <ExtendedData>
          <Data name="description">
            <value>Car rental agency from 2022-06-01T19:23:16.000Z to 2022-06-01T19:35:12.000Z. Distance 0m</value>
          </Data>
          <Data name="Email">
            <value>syugen.zhou@gmail.com</value>
          </Data>
          <Data name="Category">
            <value>Car rental agency</value>
          </Data>
          <Data name="Distance">
            <value>0</value>
          </Data>
        </ExtendedData>
        <Point>
          <coordinates>
            -106.625874,35.040477,0
          </coordinates>
        </Point>
      </Placemark>
      <Placemark>
        <name>On a bus</name>
        <description><![CDATA[description: On a bus from 2022-06-01T19:35:12.449Z to 2022-06-01T19:37:44.374Z. Distance 2350m<br>Email: syugen.zhou@gmail.com<br>Category: On a bus<br>Distance: 2350]]></description>
        <styleUrl>#line-9C27B0-5000</styleUrl>
        <ExtendedData>
          <Data name="description">
            <value>On a bus from 2022-06-01T19:35:12.449Z to 2022-06-01T19:37:44.374Z. Distance 2350m</value>
          </Data>
          <Data name="Email">
            <value>syugen.zhou@gmail.com</value>
          </Data>
          <Data name="Category">
            <value>On a bus</value>
          </Data>
          <Data name="Distance">
            <value>2350</value>
          </Data>
        </ExtendedData>
        <LineString>
          <tessellate>1</tessellate>
          <coordinates>
            -106.625874,35.040477,0
            -106.626394,35.041037,0
            -106.630684,35.047621,0
            -106.617188,35.049396,0
            -106.617552,35.047636,0
          </coordinates>
        </LineString>
      </Placemark>
      <Placemark>
        <name>Albuquerque International Sunport</name>
        <description><![CDATA[description: International airport from 2022-06-01T19:37:44.374Z to 2022-06-01T21:50:53.695Z. Distance 0m<br>Email: syugen.zhou@gmail.com<br>Category: International airport<br>Distance: 0]]></description>
        <styleUrl>#icon-1504-0288D1</styleUrl>
        <ExtendedData>
          <Data name="description">
            <value>International airport from 2022-06-01T19:37:44.374Z to 2022-06-01T21:50:53.695Z. Distance 0m</value>
          </Data>
          <Data name="Email">
            <value>syugen.zhou@gmail.com</value>
          </Data>
          <Data name="Category">
            <value>International airport</value>
          </Data>
          <Data name="Distance">
            <value>0</value>
          </Data>
        </ExtendedData>
        <Point>
          <coordinates>
            -106.612908,35.043333,0
          </coordinates>
        </Point>
      </Placemark>
    </Folder>
    <Folder>
      <name>2022-05-31</name>
      <Placemark>
        <name>TownePlace Suites by Marriott Albuquerque North</name>
        <description><![CDATA[description: Hotel from 2022-05-31T03:17:12.887Z to 2022-05-31T13:00:49.000Z. Distance 0m<br>Email: syugen.zhou@gmail.com<br>Category: Hotel<br>Distance: 0]]></description>
        <styleUrl>#icon-1602-0288D1</styleUrl>
        <ExtendedData>
          <Data name="description">
            <value>Hotel from 2022-05-31T03:17:12.887Z to 2022-05-31T13:00:49.000Z. Distance 0m</value>
          </Data>
          <Data name="Email">
            <value>syugen.zhou@gmail.com</value>
          </Data>
          <Data name="Category">
            <value>Hotel</value>
          </Data>
          <Data name="Distance">
            <value>0</value>
          </Data>
        </ExtendedData>
        <Point>
          <coordinates>
            -106.599108,35.141533,0
          </coordinates>
        </Point>
      </Placemark>
      <Placemark>
        <name>Driving</name>
        <description><![CDATA[description: Driving from 2022-05-31T13:00:49.000Z to 2022-05-31T13:09:39.000Z. Distance 14610m<br>Email: syugen.zhou@gmail.com<br>Category: Driving<br>Distance: 14610]]></description>
        <styleUrl>#line-01579B-5000</styleUrl>
        <ExtendedData>
          <Data name="description">
            <value>Driving from 2022-05-31T13:00:49.000Z to 2022-05-31T13:09:39.000Z. Distance 14610m</value>
          </Data>
          <Data name="Email">
            <value>syugen.zhou@gmail.com</value>
          </Data>
          <Data name="Category">
            <value>Driving</value>
          </Data>
          <Data name="Distance">
            <value>14610</value>
          </Data>
        </ExtendedData>
        <LineString>
          <tessellate>1</tessellate>
          <coordinates>
            -106.599508,35.141168,0
            -106.599237,35.140858,0
            -106.599415,35.140704,0
            -106.598675,35.139877,0
            -106.606905,35.134885,0
            -106.607363,35.134683,0
            -106.607819,35.134565,0
            -106.609411,35.13437,0
            -106.609958,35.134212,0
            -106.610213,35.134104,0
            -106.610511,35.133939,0
            -106.610907,35.13363,0
            -106.611362,35.133061,0
            -106.611824,35.132289,0
            -106.611868,35.132143,0
            -106.611968,35.131978,0
            -106.612236,35.131643,0
            -106.612543,35.131349,0
            -106.613041,35.130992,0
            -106.613072,35.130854,0
            -106.617174,35.128352,0
            -106.618533,35.127402,0
            -106.619897,35.126243,0
            -106.620591,35.125547,0
            -106.621444,35.124567,0
            -106.622004,35.123831,0
            -106.622649,35.122842,0
            -106.623357,35.121517,0
            -106.627941,35.109306,0
            -106.628065,35.109254,0
            -106.628599,35.108189,0
            -106.628933,35.107686,0
            -106.629318,35.107248,0
            -106.629943,35.106684,0
            -106.630068,35.10667,0
            -106.63042,35.106444,0
            -106.631193,35.10607,0
            -106.632035,35.10577,0
            -106.633082,35.1055,0
            -106.633865,35.105362,0
            -106.634662,35.105274,0
            -106.63625,35.105224,0
            -106.636359,35.105177,0
            -106.641921,35.105502,0
            -106.646186,35.105999,0
            -106.651684,35.107105,0
            -106.652195,35.107155,0
            -106.652767,35.107162,0
            -106.65349,35.107102,0
            -106.657232,35.106496,0
            -106.658498,35.106363,0
            -106.659391,35.10633,0
            -106.662648,35.106473,0
            -106.663763,35.106446,0
            -106.664573,35.106379,0
            -106.671862,35.105093,0
            -106.673056,35.105009,0
            -106.674345,35.105015,0
            -106.699238,35.107066,0
            -106.699263,35.107126,0
            -106.699287,35.107138,0
            -106.701424,35.107363,0
            -106.70178,35.107452,0
            -106.702025,35.107548,0
            -106.702444,35.10778,0
            -106.702504,35.1079,0
            -106.702686,35.108096,0
            -106.702801,35.108343,0
            -106.70284,35.108621,0
            -106.702683,35.109617,0
            -106.702308,35.110922,0
            -106.702315,35.110961,0
            -106.701903,35.112409,0
            -106.71378,35.112521,0
            -106.713971,35.112555,0
            -106.714257,35.112675,0
            -106.714581,35.112912,0
            -106.714674,35.113014,0
            -106.719249,35.110509,0
            -106.719461,35.110364,0
            -106.719722,35.110141,0
            -106.719964,35.109881,0
            -106.720149,35.109605,0
            -106.720227,35.109444,0
            -106.72062,35.108933,0
            -106.721008,35.108554,0
            -106.721355,35.108316,0
            -106.728075,35.104653,0
            -106.72842,35.104524,0
            -106.72833,35.104339,0
            -106.728271,35.104095,0
            -106.728387,35.104046,0
            -106.728516,35.104027,0
            -106.72897,35.104032,0
            -106.728992,35.104041,0
            -106.729016,35.104064,0
            -106.729375,35.104009,0
            -106.729436,35.103977,0
            -106.729467,35.103935,0
            -106.729477,35.10384,0
          </coordinates>
        </LineString>
      </Placemark>
      <Placemark>
        <name>Circle K</name>
        <description><![CDATA[description: Gas station from 2022-05-31T13:09:39.000Z to 2022-05-31T13:17:51.000Z. Distance 0m<br>Email: syugen.zhou@gmail.com<br>Category: Gas station<br>Distance: 0]]></description>
        <styleUrl>#icon-1739-0288D1</styleUrl>
        <ExtendedData>
          <Data name="description">
            <value>Gas station from 2022-05-31T13:09:39.000Z to 2022-05-31T13:17:51.000Z. Distance 0m</value>
          </Data>
          <Data name="Email">
            <value>syugen.zhou@gmail.com</value>
          </Data>
          <Data name="Category">
            <value>Gas station</value>
          </Data>
          <Data name="Distance">
            <value>0</value>
          </Data>
        </ExtendedData>
        <Point>
          <coordinates>
            -106.729434,35.103833,0
          </coordinates>
        </Point>
      </Placemark>
      <Placemark>
        <name>Driving</name>
        <description><![CDATA[description: Driving from 2022-05-31T13:17:51.000Z to 2022-05-31T15:01:15.999Z. Distance 149174m<br>Email: syugen.zhou@gmail.com<br>Category: Driving<br>Distance: 149174]]></description>
        <styleUrl>#line-01579B-5000</styleUrl>
        <ExtendedData>
          <Data name="description">
            <value>Driving from 2022-05-31T13:17:51.000Z to 2022-05-31T15:01:15.999Z. Distance 149174m</value>
          </Data>
          <Data name="Email">
            <value>syugen.zhou@gmail.com</value>
          </Data>
          <Data name="Category">
            <value>Driving</value>
          </Data>
          <Data name="Distance">
            <value>149174</value>
          </Data>
        </ExtendedData>
        <LineString>
          <tessellate>1</tessellate>
          <coordinates>
            -106.729453,35.103961,0
            -106.729375,35.104009,0
            -106.729016,35.104064,0
            -106.729047,35.104186,0
            -106.728782,35.104224,0
            -106.72833,35.104339,0
            -106.72842,35.104524,0
            -106.728943,35.104389,0
            -106.729506,35.104321,0
            -106.729997,35.104313,0
            -106.730041,35.097676,0
            -106.730094,35.097592,0
            -106.730221,35.097063,0
            -106.730306,35.096877,0
            -106.730497,35.096591,0
            -106.730698,35.096379,0
            -106.731406,35.09584,0
            -106.731706,35.095544,0
            -106.733589,35.093162,0
            -106.734047,35.092686,0
            -106.734688,35.092149,0
            -106.73521,35.091794,0
            -106.735756,35.091484,0
            -106.735796,35.091399,0
            -106.792691,35.062749,0
            -106.794382,35.062056,0
            -106.795846,35.061589,0
            -106.797157,35.061254,0
            -106.863016,35.051105,0
            -106.996708,35.020755,0
            -107.128611,34.978786,0
            -107.130153,34.97844,0
            -107.131372,34.978244,0
            -107.133076,34.978082,0
            -107.134419,34.978044,0
            -107.136571,34.978147,0
            -107.231268,34.992634,0
            -107.234168,34.992961,0
            -107.236605,34.993097,0
            -107.293137,34.993843,0
            -107.294711,34.993976,0
            -107.29692,34.994356,0
            -107.299301,34.995031,0
            -107.300505,34.995491,0
            -107.301545,34.995958,0
            -107.302767,34.996602,0
            -107.304035,34.997395,0
            -107.305127,34.998196,0
            -107.327168,35.016346,0
            -107.327896,35.017023,0
            -107.329164,35.018444,0
            -107.338784,35.032126,0
            -107.339506,35.033008,0
            -107.340322,35.033743,0
            -107.340886,35.034142,0
            -107.341335,35.034408,0
            -107.342113,35.034777,0
            -107.34269,35.034994,0
            -107.343712,35.035276,0
            -107.361956,35.038997,0
            -107.362849,35.039078,0
            -107.363576,35.039096,0
            -107.364571,35.039047,0
            -107.365237,35.038967,0
            -107.366332,35.038744,0
            -107.367183,35.03849,0
            -107.368128,35.038118,0
            -107.388676,35.028091,0
            -107.389797,35.027651,0
            -107.391129,35.027216,0
            -107.392686,35.026828,0
            -107.394554,35.026512,0
            -107.395841,35.02638,0
            -107.397778,35.026326,0
            -107.446064,35.027375,0
            -107.448816,35.027603,0
            -107.451429,35.027972,0
            -107.454064,35.028498,0
            -107.488495,35.038246,0
            -107.490062,35.038776,0
            -107.49249,35.039738,0
            -107.494978,35.040912,0
            -107.517918,35.053274,0
            -107.519703,35.054432,0
            -107.520796,35.055304,0
            -107.522244,35.056716,0
            -107.523502,35.05829,0
            -107.524298,35.059561,0
            -107.524728,35.06041,0
            -107.527366,35.066444,0
            -107.527816,35.067248,0
            -107.528413,35.068119,0
            -107.529017,35.068857,0
            -107.529807,35.069675,0
            -107.53054,35.070322,0
            -107.53134,35.070929,0
            -107.532517,35.07168,0
            -107.533664,35.072273,0
            -107.534875,35.072778,0
            -107.535884,35.073115,0
            -107.537306,35.073475,0
            -107.539141,35.073758,0
            -107.540345,35.073837,0
            -107.642629,35.076416,0
            -107.645174,35.076338,0
            -107.646619,35.076232,0
            -107.650055,35.075799,0
            -107.677227,35.070429,0
            -107.679003,35.069936,0
            -107.681084,35.069143,0
            -107.68224,35.068586,0
            -107.690531,35.063913,0
            -107.691573,35.063432,0
            -107.69331,35.062801,0
            -107.694307,35.062536,0
            -107.695734,35.062254,0
            -107.697203,35.062088,0
            -107.698793,35.062054,0
            -107.700009,35.062124,0
            -107.700791,35.062215,0
            -107.701974,35.06242,0
            -107.717901,35.065966,0
            -107.721044,35.066467,0
            -107.731725,35.067345,0
            -107.733204,35.067561,0
            -107.734621,35.067868,0
            -107.754543,35.073958,0
            -107.756821,35.074855,0
            -107.758507,35.075742,0
            -107.760175,35.076867,0
            -107.772609,35.086645,0
            -107.837408,35.129298,0
            -107.838973,35.130498,0
            -107.840213,35.131667,0
            -107.84085,35.132371,0
            -107.846414,35.139181,0
            -107.847619,35.140462,0
            -107.848795,35.141486,0
            -107.84987,35.142279,0
            -107.851163,35.143089,0
            -107.852372,35.143729,0
            -107.870031,35.152073,0
            -107.870145,35.152216,0
            -107.870933,35.152736,0
            -107.871663,35.153347,0
            -107.872601,35.154001,0
            -107.872945,35.154164,0
            -107.874817,35.149806,0
            -107.874841,35.149674,0
            -107.874815,35.149608,0
            -107.87541,35.148178,0
            -107.875715,35.147197,0
            -107.875955,35.145986,0
            -107.876046,35.144728,0
            -107.876036,35.144078,0
            -107.875914,35.142923,0
            -107.875663,35.141805,0
            -107.875444,35.141109,0
            -107.872597,35.13396,0
            -107.872357,35.133203,0
            -107.872077,35.131659,0
            -107.872004,35.129888,0
            -107.872094,35.128958,0
            -107.872366,35.127592,0
            -107.872629,35.126795,0
            -107.876421,35.117253,0
            -107.879257,35.109497,0
            -107.879676,35.108761,0
            -107.8802,35.108152,0
            -107.880739,35.107657,0
            -107.882735,35.106262,0
            -107.883233,35.105818,0
            -107.883681,35.105325,0
            -107.884211,35.104493,0
            -107.887915,35.094857,0
            -107.887974,35.094609,0
            -107.88803,35.093837,0
            -107.887941,35.093233,0
            -107.880023,35.070592,0
            -107.872775,35.048772,0
            -107.872652,35.048259,0
            -107.872535,35.047297,0
            -107.872547,35.046605,0
            -107.872656,35.045701,0
            -107.872883,35.044874,0
            -107.873168,35.04416,0
            -107.878093,35.033671,0
            -107.885013,35.020942,0
            -107.892422,35.005223,0
            -107.897639,34.996444,0
            -107.905981,34.980769,0
            -107.90643,34.980068,0
            -107.90672,34.979713,0
            -107.907169,34.979272,0
            -107.909375,34.9776,0
            -107.91016,34.976919,0
            -107.910735,34.976297,0
            -107.911376,34.975383,0
            -107.911725,34.974718,0
            -107.912019,34.974009,0
            -107.912317,34.972836,0
            -107.912999,34.966031,0
            -107.913334,34.965002,0
            -107.913669,34.964354,0
            -107.914489,34.963115,0
            -107.914852,34.962648,0
            -107.915124,34.962382,0
            -107.915499,34.962086,0
            -107.915987,34.961778,0
            -107.916555,34.961516,0
            -107.917104,34.961324,0
            -107.93245,34.956989,0
            -107.933133,34.956845,0
            -107.933704,34.956776,0
            -107.934337,34.956752,0
            -107.936664,34.956813,0
            -107.937994,34.956904,0
            -107.940744,34.957322,0
            -107.941385,34.957362,0
            -107.941907,34.957345,0
            -107.94255,34.957257,0
            -107.943318,34.957043,0
            -107.952677,34.953,0
            -107.953394,34.952775,0
            -107.95427,34.952633,0
            -107.954812,34.952618,0
            -107.95797,34.952855,0
            -107.959246,34.952822,0
            -107.960002,34.952742,0
            -107.960822,34.952586,0
            -107.964779,34.951551,0
            -107.965715,34.951412,0
            -107.966209,34.951401,0
            -107.966649,34.951428,0
            -107.967124,34.951499,0
            -107.967706,34.951641,0
            -107.968661,34.952022,0
            -107.969097,34.952276,0
            -107.972553,34.954733,0
            -107.973192,34.955099,0
            -107.97567,34.956253,0
            -107.976552,34.956724,0
            -107.977618,34.957425,0
            -107.984048,34.962912,0
            -107.984328,34.963246,0
            -107.984598,34.963666,0
            -107.984862,34.964258,0
            -107.985989,34.968173,0
            -107.986075,34.968381,0
            -107.98625,34.968687,0
            -107.986442,34.968932,0
            -107.986655,34.969147,0
            -107.987078,34.969478,0
            -107.987452,34.969688,0
            -107.988015,34.969895,0
            -107.988475,34.969992,0
            -107.988821,34.970029,0
            -107.99218,34.969841,0
            -107.992629,34.969845,0
            -107.993107,34.96989,0
            -107.993644,34.969996,0
            -107.994472,34.970261,0
            -108.002882,34.974146,0
            -108.003663,34.97464,0
            -108.005151,34.97591,0
            -108.005462,34.976134,0
            -108.006003,34.976454,0
            -108.006474,34.976662,0
            -108.007003,34.976831,0
            -108.008208,34.977132,0
            -108.008917,34.977425,0
            -108.009493,34.977756,0
            -108.010134,34.97827,0
            -108.010367,34.978521,0
            -108.013977,34.983341,0
            -108.014316,34.983728,0
            -108.014618,34.984004,0
            -108.015287,34.984464,0
            -108.016049,34.984824,0
            -108.016575,34.984991,0
            -108.017055,34.985088,0
            -108.019548,34.985404,0
            -108.020393,34.985575,0
            -108.021465,34.985895,0
            -108.031333,34.990201,0
            -108.033386,34.991263,0
            -108.039186,34.995088,0
            -108.050836,35.003525,0
            -108.051562,35.003973,0
            -108.052636,35.004534,0
            -108.053614,35.004934,0
            -108.05805,35.006483,0
            -108.058558,35.006605,0
            -108.058848,35.006644,0
            -108.059371,35.006668,0
            -108.060019,35.006621,0
            -108.060692,35.006462,0
            -108.061252,35.006245,0
            -108.061625,35.00604,0
            -108.062233,35.005574,0
            -108.062583,35.005181,0
            -108.06292,35.004632,0
            -108.063622,35.002747,0
            -108.063813,35.002458,0
            -108.064125,35.002138,0
            -108.064404,35.001921,0
            -108.064692,35.001757,0
            -108.066909,35.000836,0
            -108.068813,35.000213,0
            -108.069282,35.000107,0
            -108.069828,35.000063,0
            -108.073457,35.000167,0
            -108.073874,35.00021,0
            -108.074603,35.000403,0
            -108.074992,35.000585,0
            -108.075556,35.000969,0
            -108.075807,35.001206,0
            -108.077855,35.003706,0
            -108.078358,35.004219,0
            -108.078717,35.004498,0
            -108.079314,35.00484,0
            -108.079879,35.005043,0
            -108.08061,35.005191,0
            -108.087452,35.005527,0
            -108.088401,35.00567,0
            -108.089248,35.005952,0
            -108.089779,35.00622,0
            -108.092525,35.008097,0
            -108.093131,35.008442,0
            -108.097386,35.010346,0
            -108.097826,35.010487,0
            -108.099198,35.010805,0
            -108.107757,35.012102,0
            -108.111098,35.012807,0
            -108.112416,35.01299,0
            -108.113232,35.013027,0
            -108.118153,35.012858,0
            -108.131321,35.012796,0
            -108.135439,35.012483,0
            -108.13578,35.012495,0
            -108.136606,35.012612,0
            -108.137258,35.012805,0
            -108.13764,35.012966,0
            -108.16747,35.028077,0
            -108.16841,35.028417,0
            -108.169046,35.028596,0
            -108.177516,35.030061,0
            -108.178533,35.030305,0
            -108.195005,35.03526,0
            -108.203664,35.038426,0
            -108.204734,35.03866,0
            -108.242618,35.042103,0
            -108.243605,35.04211,0
            -108.244112,35.042068,0
            -108.244871,35.041949,0
            -108.248514,35.041106,0
            -108.248942,35.040957,0
            -108.253224,35.038942,0
            -108.253611,35.038803,0
            -108.25428,35.038625,0
            -108.254676,35.038553,0
            -108.255453,35.038491,0
            -108.256379,35.038536,0
            -108.257152,35.038681,0
            -108.259587,35.039389,0
            -108.260993,35.039732,0
            -108.26255,35.040005,0
            -108.283698,35.041879,0
            -108.285321,35.042119,0
            -108.286127,35.042285,0
            -108.290514,35.04342,0
            -108.291437,35.043606,0
            -108.293531,35.043902,0
            -108.29392,35.043992,0
            -108.313344,35.045423,0
            -108.31466,35.045388,0
            -108.315855,35.04529,0
            -108.317538,35.045027,0
            -108.31831,35.044856,0
            -108.32057,35.044196,0
            -108.321615,35.04399,0
            -108.326838,35.043584,0
            -108.333092,35.043374,0
            -108.334773,35.04321,0
            -108.336313,35.04316,0
            -108.338119,35.043211,0
            -108.338202,35.041886,0
            -108.338418,35.041059,0
            -108.338821,35.040243,0
            -108.339138,35.039745,0
            -108.339719,35.039079,0
            -108.340289,35.038577,0
            -108.341417,35.037864,0
            -108.342346,35.037455,0
            -108.34348,35.037118,0
            -108.344642,35.036915,0
            -108.345408,35.036863,0
            -108.346105,35.03687,0
            -108.346645,35.036934,0
            -108.347307,35.037117,0
            -108.347745,35.03731,0
            -108.348037,35.037512,0
            -108.348179,35.037718,0
            -108.348244,35.037857,0
            -108.348262,35.038123,0
            -108.348214,35.038248,0
            -108.348077,35.038375,0
            -108.348046,35.038451,0
            -108.348204,35.038584,0
            -108.348305,35.038555,0
            -108.348453,35.038407,0
            -108.348467,35.038378,0
          </coordinates>
        </LineString>
      </Placemark>
      <Placemark>
        <name>El Morro National Monument</name>
        <description><![CDATA[description: Monument from 2022-05-31T15:01:15.999Z to 2022-05-31T15:58:06.999Z. Distance 0m<br>Email: syugen.zhou@gmail.com<br>Category: Monument<br>Distance: 0]]></description>
        <styleUrl>#icon-1535-0288D1</styleUrl>
        <ExtendedData>
          <Data name="description">
            <value>Monument from 2022-05-31T15:01:15.999Z to 2022-05-31T15:58:06.999Z. Distance 0m</value>
          </Data>
          <Data name="Email">
            <value>syugen.zhou@gmail.com</value>
          </Data>
          <Data name="Category">
            <value>Monument</value>
          </Data>
          <Data name="Distance">
            <value>0</value>
          </Data>
        </ExtendedData>
        <Point>
          <coordinates>
            -108.343873,35.039787,0
          </coordinates>
        </Point>
      </Placemark>
      <Placemark>
        <name>Driving</name>
        <description><![CDATA[description: Driving from 2022-05-31T15:58:06.999Z to 2022-05-31T16:50:00.999Z. Distance 70651m<br>Email: syugen.zhou@gmail.com<br>Category: Driving<br>Distance: 70651]]></description>
        <styleUrl>#line-01579B-5000</styleUrl>
        <ExtendedData>
          <Data name="description">
            <value>Driving from 2022-05-31T15:58:06.999Z to 2022-05-31T16:50:00.999Z. Distance 70651m</value>
          </Data>
          <Data name="Email">
            <value>syugen.zhou@gmail.com</value>
          </Data>
          <Data name="Category">
            <value>Driving</value>
          </Data>
          <Data name="Distance">
            <value>70651</value>
          </Data>
        </ExtendedData>
        <LineString>
          <tessellate>1</tessellate>
          <coordinates>
            -108.349279,35.037309,0
            -108.349232,35.037122,0
            -108.348811,35.036665,0
            -108.348591,35.036536,0
            -108.348137,35.036492,0
            -108.34789,35.036545,0
            -108.347687,35.036641,0
            -108.347451,35.036907,0
            -108.347364,35.037142,0
            -108.346645,35.036934,0
            -108.346105,35.03687,0
            -108.344643,35.036915,0
            -108.34348,35.037118,0
            -108.342346,35.037455,0
            -108.341418,35.037864,0
            -108.340289,35.038577,0
            -108.339138,35.039745,0
            -108.338418,35.041059,0
            -108.338202,35.041886,0
            -108.338119,35.043211,0
            -108.334773,35.04321,0
            -108.333092,35.043374,0
            -108.326838,35.043584,0
            -108.321616,35.04399,0
            -108.32057,35.044196,0
            -108.31831,35.044856,0
            -108.315855,35.04529,0
            -108.313344,35.045423,0
            -108.29392,35.043992,0
            -108.291438,35.043606,0
            -108.285321,35.042119,0
            -108.26255,35.040004,0
            -108.260993,35.039731,0
            -108.25638,35.038536,0
            -108.255453,35.03849,0
            -108.254676,35.038553,0
            -108.253611,35.038803,0
            -108.248514,35.041106,0
            -108.244871,35.041949,0
            -108.243605,35.04211,0
            -108.242618,35.042103,0
            -108.204734,35.03866,0
            -108.203664,35.038426,0
            -108.195005,35.03526,0
            -108.177516,35.030061,0
            -108.169046,35.028596,0
            -108.16747,35.028077,0
            -108.137258,35.012805,0
            -108.136606,35.012612,0
            -108.135439,35.012483,0
            -108.131321,35.012796,0
            -108.112416,35.012989,0
            -108.099198,35.010805,0
            -108.097386,35.010346,0
            -108.093131,35.008442,0
            -108.089779,35.00622,0
            -108.089248,35.005952,0
            -108.088401,35.00567,0
            -108.087452,35.005527,0
            -108.08061,35.005191,0
            -108.079879,35.005043,0
            -108.079314,35.00484,0
            -108.078358,35.004219,0
            -108.075556,35.000969,0
            -108.074992,35.000585,0
            -108.074603,35.000403,0
            -108.073874,35.00021,0
            -108.069828,35.000063,0
            -108.069282,35.000107,0
            -108.066909,35.000836,0
            -108.064404,35.001921,0
            -108.063813,35.002458,0
            -108.063622,35.002747,0
            -108.06292,35.004632,0
            -108.062583,35.005181,0
            -108.062233,35.005574,0
            -108.061625,35.00604,0
            -108.060692,35.006462,0
            -108.060019,35.006621,0
            -108.059371,35.006668,0
            -108.058558,35.006605,0
            -108.05805,35.006483,0
            -108.052636,35.004534,0
            -108.050836,35.003525,0
            -108.039186,34.995088,0
            -108.033386,34.991263,0
            -108.031333,34.990201,0
            -108.021465,34.985895,0
            -108.020393,34.985575,0
            -108.016575,34.984991,0
            -108.016049,34.984824,0
            -108.015287,34.984464,0
            -108.014618,34.984004,0
            -108.013977,34.983341,0
            -108.010134,34.97827,0
            -108.009493,34.977756,0
            -108.008208,34.977132,0
            -108.006474,34.976662,0
            -108.006003,34.976454,0
            -108.005151,34.97591,0
            -108.003663,34.97464,0
            -108.002882,34.974146,0
            -107.994472,34.970261,0
            -107.993107,34.96989,0
            -107.99218,34.969841,0
            -107.988821,34.970029,0
            -107.988015,34.969895,0
            -107.987452,34.969688,0
            -107.986655,34.969147,0
            -107.98625,34.968687,0
            -107.986075,34.968381,0
            -107.984862,34.964258,0
            -107.984598,34.963666,0
            -107.984048,34.962912,0
            -107.977618,34.957425,0
            -107.976552,34.956724,0
            -107.972553,34.954733,0
            -107.968661,34.952022,0
            -107.967706,34.951641,0
            -107.966649,34.951428,0
            -107.965715,34.951412,0
            -107.964779,34.951551,0
            -107.960822,34.952586,0
            -107.959246,34.952822,0
            -107.95797,34.952855,0
            -107.95427,34.952633,0
            -107.953394,34.952775,0
            -107.952677,34.953,0
            -107.943318,34.957043,0
            -107.94255,34.957257,0
            -107.941907,34.957345,0
            -107.940744,34.957322,0
            -107.937994,34.956904,0
            -107.934337,34.956752,0
            -107.933133,34.956845,0
            -107.916555,34.961516,0
            -107.915499,34.962086,0
            -107.914852,34.962648,0
            -107.913669,34.964354,0
            -107.913334,34.965002,0
            -107.912999,34.966031,0
            -107.912317,34.972836,0
            -107.912019,34.974009,0
            -107.911376,34.975383,0
            -107.910735,34.976297,0
            -107.91016,34.976919,0
            -107.907169,34.979272,0
            -107.90643,34.980068,0
            -107.897639,34.996444,0
            -107.892422,35.005223,0
            -107.885013,35.020942,0
            -107.878093,35.033671,0
            -107.872883,35.044874,0
            -107.872656,35.045701,0
            -107.872535,35.047297,0
            -107.872775,35.048772,0
            -107.887941,35.093233,0
            -107.88803,35.093837,0
            -107.887974,35.094609,0
            -107.884211,35.104493,0
            -107.883681,35.105325,0
            -107.882735,35.106262,0
            -107.880739,35.107657,0
            -107.879676,35.108761,0
            -107.879257,35.109497,0
            -107.872366,35.127592,0
            -107.872004,35.129888,0
            -107.872077,35.131659,0
            -107.872357,35.133203,0
            -107.875444,35.141109,0
            -107.875914,35.142923,0
            -107.876046,35.144728,0
            -107.875715,35.147197,0
            -107.874815,35.149608,0
            -107.874739,35.149664,0
            -107.874323,35.150714,0
            -107.874074,35.150945,0
            -107.873761,35.151029,0
            -107.873072,35.150897,0
            -107.869417,35.150847,0
            -107.869098,35.150769,0
            -107.867933,35.15025,0
            -107.867794,35.150226,0
            -107.854553,35.1433,0
            -107.851561,35.141132,0
            -107.848899,35.138747,0
            -107.848902,35.138711,0
            -107.840005,35.130765,0
            -107.834364,35.127017,0
            -107.834312,35.126911,0
            -107.833162,35.125845,0
            -107.832685,35.12514,0
            -107.832275,35.123582,0
            -107.832072,35.123198,0
            -107.831795,35.122878,0
            -107.831256,35.12246,0
            -107.83127,35.12237,0
            -107.832091,35.121559,0
            -107.831239,35.120947,0
            -107.830106,35.11936,0
            -107.829956,35.119224,0
            -107.829553,35.119024,0
            -107.828273,35.118858,0
            -107.828055,35.118657,0
          </coordinates>
        </LineString>
      </Placemark>
      <Placemark>
        <name>El Malpais National Monument Visitor Center</name>
        <description><![CDATA[description: National park from 2022-05-31T16:50:00.999Z to 2022-05-31T17:22:36.000Z. Distance 0m<br>Email: syugen.zhou@gmail.com<br>Category: National park<br>Distance: 0]]></description>
        <styleUrl>#icon-1535-0288D1</styleUrl>
        <ExtendedData>
          <Data name="description">
            <value>National park from 2022-05-31T16:50:00.999Z to 2022-05-31T17:22:36.000Z. Distance 0m</value>
          </Data>
          <Data name="Email">
            <value>syugen.zhou@gmail.com</value>
          </Data>
          <Data name="Category">
            <value>National park</value>
          </Data>
          <Data name="Distance">
            <value>0</value>
          </Data>
        </ExtendedData>
        <Point>
          <coordinates>
            -107.828763,35.118629,0
          </coordinates>
        </Point>
      </Placemark>
      <Placemark>
        <name>Driving</name>
        <description><![CDATA[description: Driving from 2022-05-31T17:22:36.000Z to 2022-05-31T18:23:29.003Z. Distance 124357m<br>Email: syugen.zhou@gmail.com<br>Category: Driving<br>Distance: 124357]]></description>
        <styleUrl>#line-01579B-5000</styleUrl>
        <ExtendedData>
          <Data name="description">
            <value>Driving from 2022-05-31T17:22:36.000Z to 2022-05-31T18:23:29.003Z. Distance 124357m</value>
          </Data>
          <Data name="Email">
            <value>syugen.zhou@gmail.com</value>
          </Data>
          <Data name="Category">
            <value>Driving</value>
          </Data>
          <Data name="Distance">
            <value>124357</value>
          </Data>
        </ExtendedData>
        <LineString>
          <tessellate>1</tessellate>
          <coordinates>
            -107.828111,35.118716,0
            -107.827833,35.11843,0
            -107.827718,35.118384,0
            -107.82752,35.118382,0
            -107.827249,35.118419,0
            -107.827109,35.11859,0
            -107.827007,35.118853,0
            -107.827034,35.119,0
            -107.827112,35.119103,0
            -107.827227,35.119189,0
            -107.827404,35.119224,0
            -107.82768,35.119209,0
            -107.82867,35.118967,0
            -107.82905,35.118942,0
            -107.829298,35.118967,0
            -107.829553,35.119024,0
            -107.829789,35.119125,0
            -107.829956,35.119224,0
            -107.830106,35.11936,0
            -107.831239,35.120947,0
            -107.831418,35.121114,0
            -107.832091,35.121559,0
            -107.83127,35.12237,0
            -107.831204,35.122378,0
            -107.831137,35.122401,0
            -107.830904,35.122281,0
            -107.830592,35.122155,0
            -107.83016,35.122048,0
            -107.828064,35.121854,0
            -107.827211,35.121684,0
            -107.826263,35.121381,0
            -107.825477,35.121039,0
            -107.824652,35.120572,0
            -107.824561,35.120581,0
            -107.772976,35.086616,0
            -107.772175,35.086048,0
            -107.759947,35.076425,0
            -107.758998,35.075777,0
            -107.757794,35.075072,0
            -107.756091,35.074259,0
            -107.755212,35.073898,0
            -107.734791,35.067682,0
            -107.733758,35.067413,0
            -107.732467,35.067152,0
            -107.73062,35.066909,0
            -107.721136,35.066154,0
            -107.719788,35.065993,0
            -107.719136,35.065875,0
            -107.701754,35.062028,0
            -107.70085,35.061899,0
            -107.699649,35.061795,0
            -107.698526,35.061771,0
            -107.697499,35.061808,0
            -107.696154,35.061943,0
            -107.695106,35.062119,0
            -107.693824,35.062421,0
            -107.692318,35.062907,0
            -107.691127,35.063406,0
            -107.690212,35.063869,0
            -107.682239,35.068381,0
            -107.680828,35.069039,0
            -107.679626,35.069507,0
            -107.678749,35.069797,0
            -107.677741,35.070081,0
            -107.672849,35.071129,0
            -107.650425,35.07551,0
            -107.648169,35.075846,0
            -107.645148,35.076117,0
            -107.642292,35.076184,0
            -107.539549,35.073556,0
            -107.538355,35.073421,0
            -107.536929,35.073149,0
            -107.535912,35.072873,0
            -107.535039,35.07258,0
            -107.533846,35.072087,0
            -107.533047,35.071689,0
            -107.532069,35.071114,0
            -107.530945,35.07032,0
            -107.530114,35.069607,0
            -107.529345,35.06883,0
            -107.528882,35.068287,0
            -107.528191,35.067333,0
            -107.527719,35.066527,0
            -107.527363,35.065802,0
            -107.525047,35.060458,0
            -107.524581,35.059519,0
            -107.524256,35.058953,0
            -107.523677,35.058081,0
            -107.523157,35.057393,0
            -107.522448,35.056555,0
            -107.521332,35.055439,0
            -107.520614,35.05482,0
            -107.51961,35.05406,0
            -107.518087,35.053087,0
            -107.510386,35.048944,0
            -107.509961,35.048688,0
            -107.493875,35.040082,0
            -107.491579,35.039062,0
            -107.490307,35.038565,0
            -107.488499,35.037937,0
            -107.454295,35.028302,0
            -107.452494,35.027918,0
            -107.450424,35.027565,0
            -107.447929,35.027267,0
            -107.446587,35.027166,0
            -107.397628,35.026091,0
            -107.396592,35.026106,0
            -107.395022,35.026227,0
            -107.393427,35.026463,0
            -107.391811,35.026818,0
            -107.390623,35.027162,0
            -107.38943,35.027579,0
            -107.388485,35.027968,0
            -107.368456,35.037774,0
            -107.367171,35.038309,0
            -107.366646,35.038476,0
            -107.365855,35.038678,0
            -107.365329,35.038775,0
            -107.364487,35.038877,0
            -107.36369,35.038923,0
            -107.362914,35.03891,0
            -107.362165,35.038851,0
            -107.361135,35.038692,0
            -107.343394,35.035026,0
            -107.342913,35.034888,0
            -107.342288,35.034665,0
            -107.341709,35.034404,0
            -107.34128,35.034175,0
            -107.340837,35.033898,0
            -107.340237,35.033445,0
            -107.339694,35.03294,0
            -107.339316,35.032512,0
            -107.329199,35.018152,0
            -107.328136,35.016935,0
            -107.327325,35.016147,0
            -107.305177,34.997916,0
            -107.30408,34.997123,0
            -107.302899,34.996395,0
            -107.301896,34.995861,0
            -107.300488,34.995227,0
            -107.299529,34.994863,0
            -107.298162,34.99443,0
            -107.296367,34.994006,0
            -107.294529,34.993722,0
            -107.292817,34.993585,0
            -107.236769,34.992872,0
            -107.23441,34.992755,0
            -107.232601,34.992578,0
            -107.137305,34.977988,0
            -107.136371,34.977887,0
            -107.135296,34.977822,0
            -107.133912,34.97781,0
            -107.132209,34.977908,0
            -107.131134,34.978035,0
            -107.129454,34.978338,0
            -107.128421,34.978589,0
            -106.998848,35.01985,0
            -106.997412,35.02024,0
            -106.887289,35.04526,0
            -106.883739,35.04598,0
            -106.880193,35.046841,0
            -106.862488,35.050817,0
            -106.854073,35.052122,0
            -106.853825,35.052177,0
            -106.797477,35.060845,0
            -106.795625,35.061286,0
            -106.794005,35.061821,0
            -106.792466,35.062464,0
            -106.742962,35.087359,0
            -106.742925,35.087388,0
            -106.705981,35.105927,0
            -106.705212,35.10623,0
            -106.704543,35.106447,0
            -106.703884,35.10661,0
            -106.702912,35.106788,0
            -106.702263,35.106868,0
            -106.700992,35.10693,0
            -106.699877,35.106913,0
            -106.674461,35.104796,0
            -106.673534,35.104765,0
            -106.672307,35.104819,0
            -106.671729,35.104873,0
            -106.670859,35.105001,0
            -106.665504,35.106017,0
            -106.664017,35.106203,0
            -106.66276,35.106245,0
            -106.659625,35.106118,0
            -106.658285,35.106164,0
            -106.657398,35.106257,0
            -106.653403,35.106905,0
            -106.652696,35.106966,0
            -106.652423,35.106968,0
            -106.65178,35.106919,0
            -106.651499,35.106879,0
            -106.646528,35.105849,0
            -106.642368,35.105329,0
            -106.639929,35.105132,0
            -106.639812,35.105063,0
            -106.634432,35.104682,0
            -106.634358,35.104691,0
            -106.630803,35.104303,0
            -106.630529,35.104298,0
            -106.630037,35.104342,0
            -106.629591,35.104444,0
            -106.629186,35.104603,0
            -106.628863,35.104777,0
            -106.628516,35.105035,0
            -106.628328,35.105219,0
            -106.628094,35.105504,0
            -106.627905,35.105842,0
            -106.627786,35.106168,0
            -106.627724,35.10648,0
            -106.627714,35.106632,0
            -106.627777,35.108298,0
            -106.627715,35.108786,0
            -106.626926,35.111013,0
            -106.626903,35.111301,0
            -106.623467,35.120703,0
            -106.622705,35.122315,0
            -106.62213,35.123253,0
            -106.621523,35.124099,0
            -106.620594,35.125201,0
            -106.620108,35.125706,0
            -106.619311,35.126452,0
            -106.618489,35.127128,0
            -106.617329,35.127961,0
            -106.598312,35.139573,0
            -106.598126,35.139588,0
            -106.597002,35.140058,0
            -106.596714,35.140124,0
            -106.594417,35.141042,0
            -106.594321,35.141101,0
            -106.595662,35.142336,0
            -106.595773,35.142285,0
            -106.597098,35.141083,0
            -106.598006,35.140344,0
            -106.598675,35.139877,0
            -106.599415,35.140704,0
            -106.599237,35.140858,0
            -106.599338,35.140982,0
          </coordinates>
        </LineString>
      </Placemark>
      <Placemark>
        <name>TownePlace Suites by Marriott Albuquerque North</name>
        <description><![CDATA[description: Hotel from 2022-05-31T18:23:29.003Z to 2022-05-31T21:09:03.000Z. Distance 0m<br>Email: syugen.zhou@gmail.com<br>Category: Hotel<br>Distance: 0]]></description>
        <styleUrl>#icon-1602-0288D1</styleUrl>
        <ExtendedData>
          <Data name="description">
            <value>Hotel from 2022-05-31T18:23:29.003Z to 2022-05-31T21:09:03.000Z. Distance 0m</value>
          </Data>
          <Data name="Email">
            <value>syugen.zhou@gmail.com</value>
          </Data>
          <Data name="Category">
            <value>Hotel</value>
          </Data>
          <Data name="Distance">
            <value>0</value>
          </Data>
        </ExtendedData>
        <Point>
          <coordinates>
            -106.599108,35.141533,0
          </coordinates>
        </Point>
      </Placemark>
      <Placemark>
        <name>Driving</name>
        <description><![CDATA[description: Driving from 2022-05-31T21:09:03.000Z to 2022-05-31T21:21:21.001Z. Distance 10674m<br>Email: syugen.zhou@gmail.com<br>Category: Driving<br>Distance: 10674]]></description>
        <styleUrl>#line-01579B-5000</styleUrl>
        <ExtendedData>
          <Data name="description">
            <value>Driving from 2022-05-31T21:09:03.000Z to 2022-05-31T21:21:21.001Z. Distance 10674m</value>
          </Data>
          <Data name="Email">
            <value>syugen.zhou@gmail.com</value>
          </Data>
          <Data name="Category">
            <value>Driving</value>
          </Data>
          <Data name="Distance">
            <value>10674</value>
          </Data>
        </ExtendedData>
        <LineString>
          <tessellate>1</tessellate>
          <coordinates>
            -106.599382,35.141036,0
            -106.599237,35.140858,0
            -106.599415,35.140704,0
            -106.598675,35.139877,0
            -106.601472,35.138206,0
            -106.602556,35.137504,0
            -106.606173,35.13529,0
            -106.606905,35.134885,0
            -106.607363,35.134683,0
            -106.60759,35.134614,0
            -106.607819,35.134565,0
            -106.609227,35.134406,0
            -106.609411,35.13437,0
            -106.609958,35.134212,0
            -106.610213,35.134104,0
            -106.610511,35.133939,0
            -106.610907,35.13363,0
            -106.611362,35.133061,0
            -106.611824,35.132289,0
            -106.611868,35.132143,0
            -106.611968,35.131978,0
            -106.612236,35.131643,0
            -106.612543,35.131349,0
            -106.612901,35.13108,0
            -106.613041,35.130992,0
            -106.613072,35.130854,0
            -106.617174,35.128352,0
            -106.617936,35.127843,0
            -106.618533,35.127402,0
            -106.619324,35.126759,0
            -106.619897,35.126243,0
            -106.620591,35.125547,0
            -106.621444,35.124567,0
            -106.622004,35.123831,0
            -106.622649,35.122842,0
            -106.622991,35.122244,0
            -106.623357,35.121517,0
            -106.623945,35.120117,0
            -106.624176,35.119479,0
            -106.624247,35.119212,0
            -106.627347,35.110742,0
            -106.627941,35.109306,0
            -106.628053,35.109262,0
            -106.628065,35.109254,0
            -106.628599,35.108189,0
            -106.628715,35.107994,0
            -106.628933,35.107686,0
            -106.62915,35.107424,0
            -106.629317,35.107248,0
            -106.629943,35.106684,0
            -106.630068,35.10667,0
            -106.63042,35.106444,0
            -106.63079,35.106249,0
            -106.631193,35.10607,0
            -106.632035,35.10577,0
            -106.633082,35.1055,0
            -106.633865,35.105362,0
            -106.634662,35.105274,0
            -106.635459,35.105229,0
            -106.63625,35.105224,0
            -106.636359,35.105177,0
            -106.640307,35.105372,0
            -106.641921,35.105502,0
            -106.646186,35.105999,0
            -106.646979,35.106135,0
            -106.651155,35.107015,0
            -106.651684,35.107105,0
            -106.652195,35.107155,0
            -106.652767,35.107162,0
            -106.65349,35.107102,0
            -106.657232,35.106496,0
            -106.657892,35.106415,0
            -106.658498,35.106363,0
            -106.659391,35.10633,0
            -106.660172,35.106344,0
            -106.662648,35.106473,0
            -106.663763,35.106446,0
            -106.664573,35.106379,0
            -106.665318,35.106273,0
            -106.666711,35.10602,0
            -106.666853,35.106069,0
            -106.666898,35.106069,0
            -106.670191,35.105634,0
            -106.670665,35.10559,0
            -106.670868,35.105522,0
            -106.670837,35.105052,0
            -106.670838,35.104685,0
            -106.670785,35.10391,0
            -106.670773,35.103887,0
            -106.670719,35.103842,0
            -106.670744,35.102885,0
            -106.670559,35.099202,0
            -106.670587,35.098618,0
            -106.670712,35.098375,0
            -106.671008,35.097943,0
            -106.671206,35.097551,0
            -106.671267,35.097223,0
            -106.671355,35.095908,0
            -106.669483,35.095875,0
            -106.669473,35.095451,0
          </coordinates>
        </LineString>
      </Placemark>
      <Placemark>
        <name>The Breaking Bad Store ABQ</name>
        <description><![CDATA[description: Gift shop from 2022-05-31T21:21:21.001Z to 2022-05-31T22:39:50.001Z. Distance 0m<br>Email: syugen.zhou@gmail.com<br>Category: Gift shop<br>Distance: 0]]></description>
        <styleUrl>#icon-1739-0288D1</styleUrl>
        <ExtendedData>
          <Data name="description">
            <value>Gift shop from 2022-05-31T21:21:21.001Z to 2022-05-31T22:39:50.001Z. Distance 0m</value>
          </Data>
          <Data name="Email">
            <value>syugen.zhou@gmail.com</value>
          </Data>
          <Data name="Category">
            <value>Gift shop</value>
          </Data>
          <Data name="Distance">
            <value>0</value>
          </Data>
        </ExtendedData>
        <Point>
          <coordinates>
            -106.671156,35.09603,0
          </coordinates>
        </Point>
      </Placemark>
      <Placemark>
        <name>Driving</name>
        <description><![CDATA[description: Driving from 2022-05-31T22:39:50.001Z to 2022-05-31T23:00:08.631Z. Distance 15171m<br>Email: syugen.zhou@gmail.com<br>Category: Driving<br>Distance: 15171]]></description>
        <styleUrl>#line-01579B-5000</styleUrl>
        <ExtendedData>
          <Data name="description">
            <value>Driving from 2022-05-31T22:39:50.001Z to 2022-05-31T23:00:08.631Z. Distance 15171m</value>
          </Data>
          <Data name="Email">
            <value>syugen.zhou@gmail.com</value>
          </Data>
          <Data name="Category">
            <value>Driving</value>
          </Data>
          <Data name="Distance">
            <value>15171</value>
          </Data>
        </ExtendedData>
        <LineString>
          <tessellate>1</tessellate>
          <coordinates>
            -106.670107,35.094856,0
            -106.670277,35.094875,0
            -106.670259,35.09519,0
            -106.670713,35.095182,0
            -106.670757,35.094915,0
            -106.671406,35.095209,0
            -106.671267,35.097223,0
            -106.671206,35.097551,0
            -106.671008,35.097943,0
            -106.670712,35.098375,0
            -106.670587,35.098618,0
            -106.67056,35.099202,0
            -106.670745,35.102885,0
            -106.67072,35.103842,0
            -106.670655,35.103879,0
            -106.670626,35.10392,0
            -106.670591,35.104542,0
            -106.670603,35.104683,0
            -106.669937,35.104808,0
            -106.667568,35.105515,0
            -106.667554,35.105523,0
            -106.667545,35.105537,0
            -106.667526,35.10563,0
            -106.665504,35.106017,0
            -106.664017,35.106203,0
            -106.66276,35.106245,0
            -106.659625,35.106119,0
            -106.658285,35.106164,0
            -106.657398,35.106258,0
            -106.653403,35.106905,0
            -106.652696,35.106966,0
            -106.652423,35.106968,0
            -106.65178,35.10692,0
            -106.651499,35.106879,0
            -106.646528,35.105849,0
            -106.642368,35.105329,0
            -106.639929,35.105132,0
            -106.636751,35.104987,0
            -106.632729,35.104969,0
            -106.629979,35.105112,0
            -106.628498,35.105248,0
            -106.627129,35.105429,0
            -106.624976,35.105777,0
            -106.623421,35.106104,0
            -106.621636,35.106552,0
            -106.621428,35.106571,0
            -106.619715,35.107021,0
            -106.618545,35.107244,0
            -106.617439,35.107363,0
            -106.616754,35.107387,0
            -106.615782,35.107364,0
            -106.614652,35.107257,0
            -106.613529,35.107058,0
            -106.609008,35.106023,0
            -106.60881,35.105964,0
            -106.607033,35.105551,0
            -106.606048,35.105361,0
            -106.601537,35.104351,0
            -106.600715,35.104213,0
            -106.599438,35.10406,0
            -106.598499,35.103989,0
            -106.585663,35.103539,0
            -106.58472,35.103425,0
            -106.583759,35.103218,0
            -106.583063,35.103014,0
            -106.580057,35.101824,0
            -106.579779,35.101695,0
            -106.579556,35.101623,0
            -106.565304,35.095866,0
            -106.564972,35.095712,0
            -106.556447,35.092279,0
            -106.556184,35.092189,0
            -106.553737,35.091201,0
            -106.553673,35.091115,0
            -106.553636,35.091088,0
            -106.552774,35.090636,0
            -106.551191,35.089422,0
            -106.551096,35.089385,0
            -106.550994,35.089364,0
            -106.55052,35.089359,0
            -106.550526,35.090727,0
            -106.550613,35.092614,0
            -106.550736,35.109117,0
            -106.535129,35.108907,0
            -106.535209,35.108843,0
            -106.535225,35.108819,0
            -106.535239,35.108774,0
            -106.53524,35.108725,0
            -106.535324,35.108657,0
            -106.535516,35.108544,0
            -106.535884,35.108272,0
            -106.536029,35.108142,0
            -106.536117,35.10804,0
            -106.53612,35.108017,0
            -106.536111,35.107988,0
            -106.535959,35.107857,0
            -106.535902,35.107842,0
            -106.535835,35.107859,0
            -106.535749,35.107917,0
            -106.535324,35.108288,0
          </coordinates>
        </LineString>
      </Placemark>
      <Placemark>
        <name>Mister Car Wash</name>
        <description><![CDATA[description: Car wash from 2022-05-31T23:00:08.631Z to 2022-05-31T23:17:20.633Z. Distance 0m<br>Email: syugen.zhou@gmail.com<br>Category: Car wash<br>Distance: 0]]></description>
        <styleUrl>#icon-1739-0288D1</styleUrl>
        <ExtendedData>
          <Data name="description">
            <value>Car wash from 2022-05-31T23:00:08.631Z to 2022-05-31T23:17:20.633Z. Distance 0m</value>
          </Data>
          <Data name="Email">
            <value>syugen.zhou@gmail.com</value>
          </Data>
          <Data name="Category">
            <value>Car wash</value>
          </Data>
          <Data name="Distance">
            <value>0</value>
          </Data>
        </ExtendedData>
        <Point>
          <coordinates>
            -106.535517,35.108108,0
          </coordinates>
        </Point>
      </Placemark>
      <Placemark>
        <name>Driving</name>
        <description><![CDATA[description: Driving from 2022-05-31T23:17:20.633Z to 2022-05-31T23:26:31.000Z. Distance 2823m<br>Email: syugen.zhou@gmail.com<br>Category: Driving<br>Distance: 2823]]></description>
        <styleUrl>#line-01579B-5000</styleUrl>
        <ExtendedData>
          <Data name="description">
            <value>Driving from 2022-05-31T23:17:20.633Z to 2022-05-31T23:26:31.000Z. Distance 2823m</value>
          </Data>
          <Data name="Email">
            <value>syugen.zhou@gmail.com</value>
          </Data>
          <Data name="Category">
            <value>Driving</value>
          </Data>
          <Data name="Distance">
            <value>2823</value>
          </Data>
        </ExtendedData>
        <LineString>
          <tessellate>1</tessellate>
          <coordinates>
            -106.534545,35.108319,0
            -106.534667,35.108394,0
            -106.534798,35.108468,0
            -106.53485,35.108518,0
            -106.534922,35.108566,0
            -106.53524,35.108725,0
            -106.535397,35.108805,0
            -106.535449,35.10884,0
            -106.535513,35.108915,0
            -106.535129,35.108907,0
            -106.534814,35.108903,0
            -106.534296,35.10889,0
            -106.53394,35.108884,0
            -106.533742,35.108878,0
            -106.533191,35.10886,0
            -106.533,35.10885,0
            -106.532998,35.109012,0
            -106.533009,35.109194,0
            -106.533021,35.10943,0
            -106.533024,35.109524,0
            -106.533046,35.10979,0
            -106.533052,35.109878,0
            -106.533063,35.110233,0
            -106.533064,35.110558,0
            -106.53307,35.110984,0
            -106.533086,35.111285,0
            -106.53309,35.111988,0
            -106.533109,35.112441,0
            -106.533128,35.112946,0
            -106.533129,35.113227,0
            -106.533128,35.113302,0
            -106.533128,35.113436,0
            -106.533128,35.113482,0
            -106.533128,35.113662,0
            -106.53314,35.113923,0
            -106.533149,35.114254,0
            -106.533152,35.114676,0
            -106.53316,35.114984,0
            -106.533164,35.115135,0
            -106.533176,35.115481,0
            -106.533179,35.115721,0
            -106.53319,35.116114,0
            -106.533192,35.116204,0
            -106.533192,35.116638,0
            -106.533186,35.117051,0
            -106.533196,35.117608,0
            -106.533196,35.117712,0
            -106.533195,35.117898,0
            -106.533194,35.118172,0
            -106.533194,35.118503,0
            -106.533202,35.118779,0
            -106.533199,35.119216,0
            -106.533201,35.119468,0
            -106.533211,35.119834,0
            -106.533206,35.120199,0
            -106.533212,35.120807,0
            -106.533212,35.120904,0
            -106.533211,35.121229,0
            -106.533224,35.121948,0
            -106.533234,35.122459,0
            -106.533235,35.122787,0
            -106.533228,35.123368,0
            -106.533229,35.123459,0
            -106.533228,35.123878,0
            -106.533228,35.124144,0
            -106.533235,35.124568,0
            -106.533239,35.124784,0
            -106.533237,35.124921,0
            -106.533232,35.125233,0
            -106.533237,35.125662,0
            -106.533242,35.126029,0
            -106.533248,35.126561,0
            -106.533248,35.127028,0
            -106.533244,35.128204,0
            -106.533244,35.128471,0
            -106.533245,35.12862,0
            -106.533249,35.128965,0
            -106.533249,35.129098,0
            -106.53325,35.129449,0
            -106.533256,35.129772,0
            -106.533049,35.129772,0
            -106.532823,35.129771,0
            -106.532823,35.129624,0
            -106.532652,35.129625,0
            -106.532067,35.129629,0
            -106.531987,35.129629,0
            -106.53192,35.129634,0
            -106.531886,35.129647,0
            -106.531857,35.12967,0
            -106.531834,35.129706,0
            -106.531828,35.129734,0
          </coordinates>
        </LineString>
      </Placemark>
      <Placemark>
        <name>Lizard Tail Brewing - Heights</name>
        <description><![CDATA[description: Brewpub from 2022-05-31T23:26:31.000Z to 2022-06-01T00:18:12.000Z. Distance 0m<br>Email: syugen.zhou@gmail.com<br>Category: Brewpub<br>Distance: 0]]></description>
        <styleUrl>#icon-1739-0288D1</styleUrl>
        <ExtendedData>
          <Data name="description">
            <value>Brewpub from 2022-05-31T23:26:31.000Z to 2022-06-01T00:18:12.000Z. Distance 0m</value>
          </Data>
          <Data name="Email">
            <value>syugen.zhou@gmail.com</value>
          </Data>
          <Data name="Category">
            <value>Brewpub</value>
          </Data>
          <Data name="Distance">
            <value>0</value>
          </Data>
        </ExtendedData>
        <Point>
          <coordinates>
            -106.532432,35.130277,0
          </coordinates>
        </Point>
      </Placemark>
      <Placemark>
        <name>Driving</name>
        <description><![CDATA[description: Driving from 2022-06-01T00:18:38.999Z to 2022-06-01T00:24:17.000Z. Distance 1639m<br>Email: syugen.zhou@gmail.com<br>Category: Driving<br>Distance: 1639]]></description>
        <styleUrl>#line-01579B-5000</styleUrl>
        <ExtendedData>
          <Data name="description">
            <value>Driving from 2022-06-01T00:18:38.999Z to 2022-06-01T00:24:17.000Z. Distance 1639m</value>
          </Data>
          <Data name="Email">
            <value>syugen.zhou@gmail.com</value>
          </Data>
          <Data name="Category">
            <value>Driving</value>
          </Data>
          <Data name="Distance">
            <value>1639</value>
          </Data>
        </ExtendedData>
        <LineString>
          <tessellate>1</tessellate>
          <coordinates>
            -106.532243,35.129894,0
            -106.532242,35.129864,0
            -106.532247,35.129835,0
            -106.532262,35.129804,0
            -106.53228,35.129787,0
            -106.532302,35.129779,0
            -106.532371,35.129766,0
            -106.532373,35.129765,0
            -106.532383,35.129765,0
            -106.532823,35.129771,0
            -106.533049,35.129772,0
            -106.533256,35.129772,0
            -106.533406,35.129773,0
            -106.533411,35.129478,0
            -106.533413,35.129314,0
            -106.53342,35.128959,0
            -106.533417,35.12885,0
            -106.533409,35.128502,0
            -106.533409,35.128372,0
            -106.53341,35.128102,0
            -106.533411,35.128034,0
            -106.533411,35.127837,0
            -106.533413,35.127468,0
            -106.53341,35.127383,0
            -106.533404,35.127158,0
            -106.533401,35.127029,0
            -106.533401,35.126958,0
            -106.533405,35.126343,0
            -106.533401,35.12574,0
            -106.533401,35.125624,0
            -106.533398,35.12523,0
            -106.533397,35.124581,0
            -106.533381,35.124135,0
            -106.533373,35.123937,0
            -106.533376,35.123798,0
            -106.533364,35.123456,0
            -106.533376,35.123366,0
            -106.533375,35.122107,0
            -106.533374,35.121229,0
            -106.533367,35.120638,0
            -106.533375,35.120195,0
            -106.53337,35.119468,0
            -106.533371,35.119053,0
            -106.533371,35.118777,0
            -106.533363,35.118511,0
            -106.533364,35.117901,0
            -106.533354,35.117473,0
            -106.533344,35.117058,0
            -106.533342,35.116728,0
            -106.533336,35.116209,0
            -106.533334,35.116117,0
            -106.53319,35.116114,0
            -106.532983,35.116114,0
            -106.532418,35.116114,0
            -106.532431,35.115915,0
            -106.532442,35.115735,0
          </coordinates>
        </LineString>
      </Placemark>
      <Placemark>
        <name><![CDATA[Fei's Cafe]]></name>
        <description><![CDATA[description: Restaurant from 2022-06-01T00:24:17.000Z to 2022-06-01T00:29:39.000Z. Distance 0m<br>Email: syugen.zhou@gmail.com<br>Category: Restaurant<br>Distance: 0]]></description>
        <styleUrl>#icon-1739-0288D1</styleUrl>
        <ExtendedData>
          <Data name="description">
            <value>Restaurant from 2022-06-01T00:24:17.000Z to 2022-06-01T00:29:39.000Z. Distance 0m</value>
          </Data>
          <Data name="Email">
            <value>syugen.zhou@gmail.com</value>
          </Data>
          <Data name="Category">
            <value>Restaurant</value>
          </Data>
          <Data name="Distance">
            <value>0</value>
          </Data>
        </ExtendedData>
        <Point>
          <coordinates>
            -106.532467,35.115567,0
          </coordinates>
        </Point>
      </Placemark>
      <Placemark>
        <name>Driving</name>
        <description><![CDATA[description: Driving from 2022-06-01T00:29:39.999Z to 2022-06-01T00:43:50.000Z. Distance 16137m<br>Email: syugen.zhou@gmail.com<br>Category: Driving<br>Distance: 16137]]></description>
        <styleUrl>#line-01579B-5000</styleUrl>
        <ExtendedData>
          <Data name="description">
            <value>Driving from 2022-06-01T00:29:39.999Z to 2022-06-01T00:43:50.000Z. Distance 16137m</value>
          </Data>
          <Data name="Email">
            <value>syugen.zhou@gmail.com</value>
          </Data>
          <Data name="Category">
            <value>Driving</value>
          </Data>
          <Data name="Distance">
            <value>16137</value>
          </Data>
        </ExtendedData>
        <LineString>
          <tessellate>1</tessellate>
          <coordinates>
            -106.533326,35.115173,0
            -106.533131,35.106264,0
            -106.53311,35.106213,0
            -106.532619,35.085385,0
            -106.532541,35.084276,0
            -106.532866,35.084278,0
            -106.533958,35.084329,0
            -106.534541,35.084397,0
            -106.534821,35.084442,0
            -106.535192,35.084522,0
            -106.535703,35.084669,0
            -106.536163,35.08484,0
            -106.536175,35.084841,0
            -106.536324,35.084825,0
            -106.548952,35.089665,0
            -106.55757,35.093141,0
            -106.557797,35.093252,0
            -106.56322,35.095443,0
            -106.56339,35.095521,0
            -106.563543,35.09556,0
            -106.573984,35.099765,0
            -106.574092,35.099822,0
            -106.582663,35.103284,0
            -106.583185,35.103456,0
            -106.583799,35.103621,0
            -106.584487,35.103765,0
            -106.585134,35.103863,0
            -106.58555,35.103907,0
            -106.586083,35.10394,0
            -106.591797,35.104095,0
            -106.597891,35.104186,0
            -106.598709,35.10422,0
            -106.599506,35.104282,0
            -106.599655,35.104314,0
            -106.600592,35.104432,0
            -106.601363,35.104556,0
            -106.602022,35.104683,0
            -106.607404,35.105923,0
            -106.608191,35.106063,0
            -106.608916,35.106247,0
            -106.613559,35.107306,0
            -106.614065,35.107402,0
            -106.614843,35.107518,0
            -106.615779,35.107603,0
            -106.61658,35.107622,0
            -106.61677,35.107606,0
            -106.618032,35.107553,0
            -106.618697,35.107486,0
            -106.619665,35.107334,0
            -106.619796,35.107369,0
            -106.619835,35.107374,0
            -106.619891,35.107376,0
            -106.621745,35.107074,0
            -106.621906,35.107034,0
            -106.629329,35.105824,0
            -106.62945,35.105796,0
            -106.629775,35.105693,0
            -106.629896,35.105645,0
            -106.630129,35.105533,0
            -106.630344,35.105404,0
            -106.630545,35.105254,0
            -106.630718,35.105099,0
            -106.630892,35.104912,0
            -106.631025,35.104732,0
            -106.631145,35.104531,0
            -106.631194,35.104431,0
            -106.631274,35.104221,0
            -106.63133,35.104,0
            -106.631363,35.103666,0
            -106.63128,35.102028,0
            -106.631288,35.10169,0
            -106.631327,35.101504,0
            -106.631406,35.1008,0
            -106.631541,35.100233,0
            -106.631721,35.099669,0
            -106.6319,35.099182,0
            -106.631919,35.09895,0
            -106.634919,35.090731,0
            -106.634918,35.090619,0
            -106.635054,35.090547,0
            -106.635065,35.090536,0
            -106.635992,35.088079,0
            -106.636273,35.087247,0
            -106.636377,35.087111,0
            -106.636695,35.085955,0
            -106.636836,35.085355,0
            -106.640496,35.085691,0
            -106.641667,35.085867,0
            -106.642845,35.086102,0
            -106.646076,35.086814,0
            -106.646268,35.08688,0
            -106.646612,35.087027,0
            -106.647628,35.087603,0
            -106.647971,35.087746,0
            -106.64854,35.087894,0
            -106.650309,35.088126,0
            -106.653302,35.088458,0
            -106.653694,35.086319,0
            -106.6538,35.085867,0
            -106.653435,35.085816,0
          </coordinates>
        </LineString>
      </Placemark>
      <Placemark>
        <name>ONI</name>
        <description><![CDATA[description: Ramen from 2022-06-01T00:43:50.000Z to 2022-06-01T01:39:29.999Z. Distance 0m<br>Email: syugen.zhou@gmail.com<br>Category: Ramen<br>Distance: 0]]></description>
        <styleUrl>#icon-1739-0288D1</styleUrl>
        <ExtendedData>
          <Data name="description">
            <value>Ramen from 2022-06-01T00:43:50.000Z to 2022-06-01T01:39:29.999Z. Distance 0m</value>
          </Data>
          <Data name="Email">
            <value>syugen.zhou@gmail.com</value>
          </Data>
          <Data name="Category">
            <value>Ramen</value>
          </Data>
          <Data name="Distance">
            <value>0</value>
          </Data>
        </ExtendedData>
        <Point>
          <coordinates>
            -106.654119,35.084762,0
          </coordinates>
        </Point>
      </Placemark>
      <Placemark>
        <name>Driving</name>
        <description><![CDATA[description: Driving from 2022-06-01T01:39:29.999Z to 2022-06-01T01:46:34.998Z. Distance 8631m<br>Email: syugen.zhou@gmail.com<br>Category: Driving<br>Distance: 8631]]></description>
        <styleUrl>#line-01579B-5000</styleUrl>
        <ExtendedData>
          <Data name="description">
            <value>Driving from 2022-06-01T01:39:29.999Z to 2022-06-01T01:46:34.998Z. Distance 8631m</value>
          </Data>
          <Data name="Email">
            <value>syugen.zhou@gmail.com</value>
          </Data>
          <Data name="Category">
            <value>Driving</value>
          </Data>
          <Data name="Distance">
            <value>8631</value>
          </Data>
        </ExtendedData>
        <LineString>
          <tessellate>1</tessellate>
          <coordinates>
            -106.653926,35.085217,0
            -106.6538,35.085867,0
            -106.653694,35.086319,0
            -106.65353,35.08719,0
            -106.651211,35.086613,0
            -106.64888,35.08644,0
            -106.648811,35.086426,0
            -106.648565,35.086346,0
            -106.648441,35.08629,0
            -106.6483,35.086212,0
            -106.648173,35.086113,0
            -106.647882,35.08583,0
            -106.647665,35.085673,0
            -106.647453,35.085555,0
            -106.647266,35.085485,0
            -106.647054,35.085423,0
            -106.646676,35.085357,0
            -106.64655,35.085352,0
            -106.646329,35.085361,0
            -106.646044,35.085397,0
            -106.64572,35.085475,0
            -106.645415,35.085618,0
            -106.645278,35.085712,0
            -106.645066,35.085844,0
            -106.644849,35.085996,0
            -106.644713,35.08607,0
            -106.644683,35.086082,0
            -106.644495,35.086142,0
            -106.644174,35.086218,0
            -106.644045,35.086221,0
            -106.643997,35.086218,0
            -106.642879,35.085985,0
            -106.642405,35.085874,0
            -106.641699,35.085737,0
            -106.640516,35.085547,0
            -106.636533,35.085193,0
            -106.635643,35.085068,0
            -106.635516,35.085847,0
            -106.63552,35.086088,0
            -106.635489,35.086298,0
            -106.635411,35.086668,0
            -106.63542,35.086765,0
            -106.635377,35.087275,0
            -106.635375,35.0875,0
            -106.635351,35.087797,0
            -106.635293,35.088225,0
            -106.635203,35.088664,0
            -106.635106,35.089036,0
            -106.634993,35.089406,0
            -106.635001,35.089432,0
            -106.635055,35.089536,0
            -106.635002,35.08963,0
            -106.634863,35.090056,0
            -106.632068,35.097736,0
            -106.631845,35.098417,0
            -106.628798,35.106749,0
            -106.628413,35.107711,0
            -106.627408,35.110046,0
            -106.626957,35.1112,0
            -106.626903,35.111301,0
            -106.623467,35.120703,0
            -106.623231,35.121256,0
            -106.62284,35.122063,0
            -106.622705,35.122315,0
            -106.62213,35.123253,0
            -106.621937,35.123534,0
            -106.621523,35.124099,0
            -106.621123,35.124597,0
            -106.620594,35.125201,0
            -106.620108,35.125706,0
            -106.619742,35.12606,0
            -106.619311,35.126452,0
            -106.618489,35.127128,0
            -106.617909,35.127562,0
            -106.617329,35.127961,0
            -106.598312,35.139574,0
            -106.598227,35.139575,0
            -106.598126,35.139588,0
            -106.598066,35.139609,0
            -106.597846,35.139708,0
            -106.597002,35.140058,0
            -106.596714,35.140124,0
            -106.595614,35.140557,0
            -106.595342,35.140652,0
            -106.594787,35.140875,0
            -106.594569,35.140972,0
            -106.594479,35.141017,0
            -106.594417,35.141042,0
            -106.594321,35.141101,0
            -106.595662,35.142336,0
            -106.595773,35.142285,0
            -106.595992,35.142105,0
            -106.597098,35.141083,0
            -106.598006,35.140344,0
            -106.598575,35.139935,0
            -106.598675,35.139877,0
            -106.599415,35.140704,0
            -106.599237,35.140858,0
            -106.59939,35.141046,0
            -106.599527,35.141188,0
          </coordinates>
        </LineString>
      </Placemark>
      <Placemark>
        <name>TownePlace Suites by Marriott Albuquerque North</name>
        <description><![CDATA[description: Hotel from 2022-06-01T01:46:34.998Z to 2022-06-01T14:29:31.000Z. Distance 0m<br>Email: syugen.zhou@gmail.com<br>Category: Hotel<br>Distance: 0]]></description>
        <styleUrl>#icon-1602-0288D1</styleUrl>
        <ExtendedData>
          <Data name="description">
            <value>Hotel from 2022-06-01T01:46:34.998Z to 2022-06-01T14:29:31.000Z. Distance 0m</value>
          </Data>
          <Data name="Email">
            <value>syugen.zhou@gmail.com</value>
          </Data>
          <Data name="Category">
            <value>Hotel</value>
          </Data>
          <Data name="Distance">
            <value>0</value>
          </Data>
        </ExtendedData>
        <Point>
          <coordinates>
            -106.599108,35.141533,0
          </coordinates>
        </Point>
      </Placemark>
    </Folder>
    <Folder>
      <name>2022-05-30</name>
      <Placemark>
        <name>TownePlace Suites by Marriott Albuquerque North</name>
        <description><![CDATA[description: Hotel from 2022-05-30T01:27:51.105Z to 2022-05-30T17:32:33.999Z. Distance 0m<br>Email: syugen.zhou@gmail.com<br>Category: Hotel<br>Distance: 0]]></description>
        <styleUrl>#icon-1602-0288D1</styleUrl>
        <ExtendedData>
          <Data name="description">
            <value>Hotel from 2022-05-30T01:27:51.105Z to 2022-05-30T17:32:33.999Z. Distance 0m</value>
          </Data>
          <Data name="Email">
            <value>syugen.zhou@gmail.com</value>
          </Data>
          <Data name="Category">
            <value>Hotel</value>
          </Data>
          <Data name="Distance">
            <value>0</value>
          </Data>
        </ExtendedData>
        <Point>
          <coordinates>
            -106.599108,35.141533,0
          </coordinates>
        </Point>
      </Placemark>
      <Placemark>
        <name>Driving</name>
        <description><![CDATA[description: Driving from 2022-05-30T17:32:33.999Z to 2022-05-30T17:51:17.000Z. Distance 8612m<br>Email: syugen.zhou@gmail.com<br>Category: Driving<br>Distance: 8612]]></description>
        <styleUrl>#line-0097A7-5000</styleUrl>
        <ExtendedData>
          <Data name="description">
            <value>Driving from 2022-05-30T17:32:33.999Z to 2022-05-30T17:51:17.000Z. Distance 8612m</value>
          </Data>
          <Data name="Email">
            <value>syugen.zhou@gmail.com</value>
          </Data>
          <Data name="Category">
            <value>Driving</value>
          </Data>
          <Data name="Distance">
            <value>8612</value>
          </Data>
        </ExtendedData>
        <LineString>
          <tessellate>1</tessellate>
          <coordinates>
            -106.599532,35.141194,0
            -106.59939,35.141046,0
            -106.599237,35.140858,0
            -106.599415,35.140704,0
            -106.599858,35.141182,0
            -106.600149,35.141551,0
            -106.600308,35.141785,0
            -106.600356,35.141842,0
            -106.600544,35.142225,0
            -106.600792,35.142835,0
            -106.600898,35.14317,0
            -106.600974,35.143651,0
            -106.601002,35.144276,0
            -106.600994,35.144654,0
            -106.603492,35.144649,0
            -106.604796,35.144606,0
            -106.605424,35.144607,0
            -106.605603,35.1446,0
            -106.605616,35.144694,0
            -106.605623,35.145352,0
            -106.605585,35.14546,0
            -106.605577,35.145503,0
            -106.605527,35.146481,0
            -106.605537,35.14726,0
            -106.605587,35.147611,0
            -106.605603,35.147908,0
            -106.605578,35.148349,0
            -106.605589,35.14991,0
            -106.605557,35.150503,0
            -106.605556,35.151608,0
            -106.605584,35.151898,0
            -106.605632,35.152069,0
            -106.605728,35.152268,0
            -106.606058,35.152678,0
            -106.606117,35.15277,0
            -106.606266,35.1531,0
            -106.605373,35.153381,0
            -106.60455,35.15361,0
            -106.604477,35.153466,0
            -106.604473,35.153448,0
            -106.604475,35.153399,0
            -106.604354,35.1534,0
            -106.603484,35.15361,0
            -106.60355,35.153707,0
            -106.603613,35.153874,0
            -106.602209,35.154302,0
            -106.600997,35.154622,0
            -106.596205,35.156036,0
            -106.596009,35.156079,0
            -106.595593,35.156148,0
            -106.595398,35.156161,0
            -106.59527,35.156177,0
            -106.594684,35.156186,0
            -106.594376,35.156174,0
            -106.594079,35.156146,0
            -106.593571,35.156061,0
            -106.592918,35.155855,0
            -106.592436,35.155665,0
            -106.591761,35.155264,0
            -106.589654,35.153829,0
            -106.588082,35.152719,0
            -106.587653,35.152378,0
            -106.58745,35.152176,0
            -106.58716,35.151857,0
            -106.587084,35.151747,0
            -106.58696,35.151537,0
            -106.586679,35.150902,0
            -106.586591,35.150596,0
            -106.586552,35.15034,0
            -106.586527,35.149938,0
            -106.586539,35.148381,0
            -106.586553,35.148112,0
            -106.586526,35.147053,0
            -106.586555,35.142687,0
            -106.586546,35.142568,0
            -106.586515,35.138597,0
            -106.586555,35.137762,0
            -106.586522,35.137185,0
            -106.58653,35.132822,0
            -106.586508,35.131952,0
            -106.586551,35.122511,0
            -106.586464,35.116412,0
            -106.586387,35.116301,0
            -106.586344,35.109377,0
            -106.586422,35.109331,0
            -106.586433,35.109315,0
            -106.586441,35.109291,0
            -106.586446,35.109224,0
            -106.59063,35.109244,0
            -106.590802,35.109256,0
            -106.593196,35.109248,0
            -106.595625,35.109279,0
            -106.595625,35.105583,0
            -106.596985,35.105593,0
            -106.596988,35.105026,0
            -106.596982,35.105009,0
            -106.596971,35.104997,0
            -106.596954,35.104989,0
            -106.596899,35.104981,0
            -106.596779,35.104981,0
          </coordinates>
        </LineString>
      </Placemark>
      <Placemark>
        <name>The Daily Grind</name>
        <description><![CDATA[description: Breakfast from 2022-05-30T17:51:17.000Z to 2022-05-30T19:06:57.000Z. Distance 0m<br>Email: syugen.zhou@gmail.com<br>Category: Breakfast<br>Distance: 0]]></description>
        <styleUrl>#icon-1739-0288D1</styleUrl>
        <ExtendedData>
          <Data name="description">
            <value>Breakfast from 2022-05-30T17:51:17.000Z to 2022-05-30T19:06:57.000Z. Distance 0m</value>
          </Data>
          <Data name="Email">
            <value>syugen.zhou@gmail.com</value>
          </Data>
          <Data name="Category">
            <value>Breakfast</value>
          </Data>
          <Data name="Distance">
            <value>0</value>
          </Data>
        </ExtendedData>
        <Point>
          <coordinates>
            -106.596922,35.104776,0
          </coordinates>
        </Point>
      </Placemark>
      <Placemark>
        <name>Driving</name>
        <description><![CDATA[description: Driving from 2022-05-30T19:06:57.998Z to 2022-05-30T20:34:21.000Z. Distance 148204m<br>Email: syugen.zhou@gmail.com<br>Category: Driving<br>Distance: 148204]]></description>
        <styleUrl>#line-0097A7-5000</styleUrl>
        <ExtendedData>
          <Data name="description">
            <value>Driving from 2022-05-30T19:06:57.998Z to 2022-05-30T20:34:21.000Z. Distance 148204m</value>
          </Data>
          <Data name="Email">
            <value>syugen.zhou@gmail.com</value>
          </Data>
          <Data name="Category">
            <value>Driving</value>
          </Data>
          <Data name="Distance">
            <value>148204</value>
          </Data>
        </ExtendedData>
        <LineString>
          <tessellate>1</tessellate>
          <coordinates>
            -106.596695,35.10498,0
            -106.596954,35.104988,0
            -106.596988,35.105026,0
            -106.596985,35.105593,0
            -106.588024,35.105497,0
            -106.588006,35.104946,0
            -106.58828,35.104566,0
            -106.588461,35.104471,0
            -106.591451,35.104215,0
            -106.592703,35.104219,0
            -106.592796,35.104182,0
            -106.592863,35.104105,0
            -106.599506,35.104282,0
            -106.602022,35.104683,0
            -106.614843,35.107518,0
            -106.61658,35.107622,0
            -106.618032,35.107553,0
            -106.619665,35.107334,0
            -106.619891,35.107376,0
            -106.625299,35.106543,0
            -106.626078,35.106593,0
            -106.626674,35.106798,0
            -106.627305,35.107274,0
            -106.627649,35.107844,0
            -106.627758,35.108454,0
            -106.627715,35.108786,0
            -106.626926,35.111013,0
            -106.626903,35.111301,0
            -106.623467,35.120703,0
            -106.622705,35.122315,0
            -106.621523,35.124099,0
            -106.620594,35.125201,0
            -106.619311,35.126452,0
            -106.617329,35.127961,0
            -106.592999,35.142845,0
            -106.592234,35.143455,0
            -106.59125,35.144495,0
            -106.590596,35.14546,0
            -106.589938,35.146997,0
            -106.564477,35.258426,0
            -106.564148,35.259362,0
            -106.563197,35.261307,0
            -106.558486,35.268529,0
            -106.553433,35.280337,0
            -106.536737,35.304152,0
            -106.535369,35.306678,0
            -106.534764,35.308536,0
            -106.534459,35.31009,0
            -106.533918,35.31583,0
            -106.533466,35.317551,0
            -106.532509,35.319779,0
            -106.531561,35.321255,0
            -106.517979,35.338672,0
            -106.516756,35.339986,0
            -106.44959,35.394092,0
            -106.44592,35.396393,0
            -106.443909,35.397429,0
            -106.422934,35.406565,0
            -106.421577,35.407267,0
            -106.419297,35.408782,0
            -106.415689,35.41171,0
            -106.414525,35.412452,0
            -106.392473,35.424571,0
            -106.38986,35.426226,0
            -106.363307,35.445596,0
            -106.360848,35.446909,0
            -106.266598,35.485789,0
            -106.26511,35.486573,0
            -106.263027,35.487968,0
            -106.26178,35.489026,0
            -106.244151,35.506498,0
            -106.242758,35.507541,0
            -106.241166,35.508512,0
            -106.219851,35.518687,0
            -106.21855,35.519197,0
            -106.216318,35.51985,0
            -106.214755,35.520163,0
            -106.205226,35.521304,0
            -106.196853,35.521804,0
            -106.193981,35.521815,0
            -106.172073,35.520705,0
            -106.170197,35.520817,0
            -106.169076,35.520988,0
            -106.167489,35.521371,0
            -106.166261,35.521803,0
            -106.164468,35.52268,0
            -106.065742,35.588072,0
            -106.065618,35.588085,0
            -106.064042,35.588949,0
            -106.06238,35.589668,0
            -106.061704,35.590119,0
            -106.070028,35.598523,0
            -106.070652,35.599359,0
            -106.071003,35.600019,0
            -106.071326,35.600959,0
            -106.071458,35.601825,0
            -106.071524,35.616444,0
            -106.070703,35.627624,0
            -106.071101,35.635016,0
            -106.071043,35.635661,0
            -106.070823,35.636502,0
            -106.070438,35.637283,0
            -106.069618,35.638307,0
            -106.068665,35.63906,0
            -106.050237,35.649989,0
            -106.047929,35.65106,0
            -106.043128,35.652803,0
            -106.042092,35.653317,0
            -106.041287,35.653894,0
            -106.031674,35.663547,0
            -106.030995,35.664086,0
            -106.030235,35.664532,0
            -106.02036,35.667876,0
            -106.019161,35.668594,0
            -106.018431,35.66924,0
            -106.002265,35.689372,0
            -105.994206,35.697023,0
            -105.993374,35.697588,0
            -105.992243,35.698171,0
            -105.990536,35.698759,0
            -105.980206,35.701116,0
            -105.977711,35.701521,0
            -105.976948,35.701744,0
            -105.97222,35.704046,0
            -105.969148,35.706336,0
            -105.968496,35.706693,0
            -105.967099,35.707115,0
            -105.964768,35.707256,0
            -105.964161,35.707371,0
            -105.963409,35.707613,0
            -105.962298,35.70822,0
            -105.961745,35.7087,0
            -105.957587,35.714363,0
            -105.955503,35.716165,0
            -105.954603,35.716623,0
            -105.953994,35.716809,0
            -105.951906,35.717225,0
            -105.951231,35.717285,0
            -105.950443,35.717258,0
            -105.949293,35.717011,0
            -105.943582,35.714962,0
            -105.942595,35.714304,0
            -105.939621,35.71123,0
            -105.939174,35.710656,0
            -105.938621,35.709462,0
            -105.938564,35.708982,0
            -105.938594,35.708833,0
            -105.938767,35.708535,0
            -105.93905,35.708327,0
            -105.939507,35.708206,0
            -105.939753,35.708219,0
            -105.940036,35.708302,0
            -105.940342,35.708506,0
            -105.940538,35.70883,0
            -105.940552,35.709216,0
            -105.940484,35.709428,0
            -105.940181,35.709902,0
            -105.940196,35.710025,0
            -105.938347,35.712573,0
            -105.932671,35.721898,0
            -105.932136,35.7232,0
            -105.931943,35.724212,0
            -105.931637,35.73859,0
            -105.932113,35.740197,0
            -105.943973,35.761364,0
            -105.944272,35.762091,0
            -105.944474,35.762941,0
            -105.944524,35.764036,0
            -105.943685,35.769559,0
            -105.943879,35.770955,0
            -105.947627,35.779328,0
            -105.947838,35.780468,0
            -105.947884,35.782929,0
            -105.948056,35.783908,0
            -105.948491,35.785037,0
            -105.949146,35.78613,0
            -105.988788,35.840125,0
            -105.992059,35.844157,0
            -105.994034,35.847438,0
            -106.00232,35.866742,0
            -106.008746,35.87761,0
            -106.009953,35.879187,0
            -106.011145,35.880353,0
            -106.018027,35.886039,0
            -106.020895,35.887934,0
            -106.020932,35.888043,0
            -106.021164,35.888363,0
            -106.021849,35.889744,0
            -106.022108,35.890035,0
            -106.022651,35.890417,0
            -106.022704,35.890571,0
            -106.026079,35.890564,0
            -106.026826,35.890468,0
            -106.027851,35.890149,0
            -106.027978,35.890063,0
            -106.033101,35.888426,0
            -106.040691,35.886894,0
            -106.041508,35.886653,0
            -106.055862,35.880937,0
            -106.056909,35.880707,0
            -106.057122,35.880725,0
            -106.058226,35.880602,0
            -106.05991,35.88062,0
            -106.063154,35.881114,0
            -106.06331,35.881076,0
            -106.065092,35.88136,0
            -106.065191,35.881439,0
            -106.074187,35.882855,0
            -106.074367,35.882842,0
            -106.080991,35.883906,0
            -106.081122,35.883965,0
            -106.090158,35.885408,0
            -106.090359,35.885404,0
            -106.095988,35.886297,0
            -106.097062,35.886365,0
            -106.106869,35.885182,0
            -106.108189,35.884789,0
            -106.11356,35.882614,0
            -106.113736,35.882588,0
            -106.121707,35.879316,0
            -106.121843,35.879212,0
            -106.124213,35.878251,0
            -106.124352,35.878243,0
            -106.132266,35.875019,0
            -106.13243,35.874899,0
            -106.133502,35.874482,0
            -106.13469,35.874147,0
            -106.135701,35.873964,0
            -106.138362,35.873791,0
            -106.139101,35.873867,0
            -106.140218,35.874146,0
            -106.141142,35.874569,0
            -106.142218,35.875366,0
            -106.142724,35.875926,0
            -106.143658,35.877365,0
            -106.144381,35.878207,0
            -106.145324,35.878972,0
            -106.146104,35.879454,0
            -106.14617,35.879535,0
            -106.14728,35.880193,0
            -106.148244,35.881127,0
            -106.149221,35.882795,0
            -106.150092,35.883599,0
            -106.150868,35.884034,0
            -106.151748,35.884325,0
            -106.152689,35.884462,0
            -106.157687,35.884497,0
            -106.158243,35.884564,0
            -106.160044,35.885014,0
            -106.160297,35.885037,0
            -106.160432,35.884996,0
            -106.16106,35.884991,0
            -106.162105,35.884795,0
            -106.163039,35.884348,0
            -106.166308,35.881647,0
            -106.167098,35.881142,0
            -106.167934,35.880774,0
            -106.169747,35.880173,0
            -106.170316,35.879897,0
            -106.17112,35.879367,0
            -106.173267,35.877442,0
            -106.174056,35.876967,0
            -106.176054,35.876086,0
            -106.17628,35.876063,0
            -106.179148,35.874796,0
            -106.18208,35.87313,0
            -106.182126,35.873038,0
            -106.18456,35.872002,0
            -106.185721,35.871332,0
            -106.185848,35.871318,0
            -106.186924,35.870606,0
            -106.187298,35.870451,0
            -106.188,35.870333,0
            -106.188487,35.870355,0
            -106.189074,35.870518,0
            -106.190117,35.871095,0
            -106.190793,35.871349,0
            -106.19113,35.871386,0
            -106.191697,35.871353,0
            -106.192214,35.871219,0
            -106.19255,35.87107,0
            -106.193095,35.870716,0
            -106.193508,35.870329,0
            -106.194246,35.869242,0
            -106.194684,35.868935,0
            -106.194979,35.868802,0
            -106.195364,35.868708,0
            -106.197464,35.868475,0
            -106.200595,35.867778,0
            -106.201752,35.867748,0
            -106.204773,35.868247,0
            -106.206024,35.868677,0
            -106.207614,35.869571,0
            -106.208713,35.869884,0
            -106.209413,35.869872,0
            -106.212764,35.869413,0
            -106.217117,35.869485,0
            -106.219659,35.869847,0
            -106.223483,35.87062,0
            -106.224644,35.870573,0
            -106.225459,35.870656,0
            -106.226974,35.871143,0
            -106.228037,35.871268,0
            -106.228667,35.871258,0
            -106.230318,35.870972,0
            -106.230762,35.870996,0
            -106.232836,35.87155,0
            -106.233131,35.871745,0
            -106.23324,35.871903,0
            -106.233283,35.872082,0
            -106.233238,35.872445,0
            -106.233336,35.872828,0
            -106.233467,35.872987,0
            -106.233938,35.873252,0
            -106.234193,35.873313,0
            -106.234578,35.873305,0
            -106.236138,35.873056,0
            -106.238901,35.872909,0
            -106.23976,35.872762,0
            -106.241089,35.872724,0
            -106.242198,35.872941,0
            -106.250247,35.875292,0
            -106.253067,35.875791,0
            -106.258786,35.875767,0
            -106.259699,35.875913,0
            -106.259754,35.875905,0
            -106.260819,35.876289,0
            -106.263906,35.877876,0
            -106.264863,35.878255,0
            -106.266488,35.878688,0
            -106.278526,35.880631,0
            -106.278562,35.880655,0
            -106.281315,35.881113,0
            -106.281368,35.881105,0
            -106.28265,35.881308,0
            -106.282702,35.881334,0
            -106.285013,35.881711,0
            -106.286297,35.881757,0
            -106.286945,35.881678,0
            -106.286964,35.881641,0
            -106.289706,35.88124,0
            -106.290919,35.881195,0
            -106.291214,35.881262,0
            -106.291282,35.88124,0
            -106.291591,35.881322,0
            -106.295329,35.881232,0
            -106.301757,35.881442,0
            -106.301799,35.880939,0
          </coordinates>
        </LineString>
      </Placemark>
      <Placemark>
        <name>Manhattan Project National Historical Park</name>
        <description><![CDATA[description: National park from 2022-05-30T20:34:21.000Z to 2022-05-30T20:55:27.000Z. Distance 0m<br>Email: syugen.zhou@gmail.com<br>Category: National park<br>Distance: 0]]></description>
        <styleUrl>#icon-1535-0288D1</styleUrl>
        <ExtendedData>
          <Data name="description">
            <value>National park from 2022-05-30T20:34:21.000Z to 2022-05-30T20:55:27.000Z. Distance 0m</value>
          </Data>
          <Data name="Email">
            <value>syugen.zhou@gmail.com</value>
          </Data>
          <Data name="Category">
            <value>National park</value>
          </Data>
          <Data name="Distance">
            <value>0</value>
          </Data>
        </ExtendedData>
        <Point>
          <coordinates>
            -106.302913,35.880894,0
          </coordinates>
        </Point>
      </Placemark>
      <Placemark>
        <name>Driving</name>
        <description><![CDATA[description: Driving from 2022-05-30T20:55:27.999Z to 2022-05-30T21:17:04.000Z. Distance 19749m<br>Email: syugen.zhou@gmail.com<br>Category: Driving<br>Distance: 19749]]></description>
        <styleUrl>#line-0097A7-5000</styleUrl>
        <ExtendedData>
          <Data name="description">
            <value>Driving from 2022-05-30T20:55:27.999Z to 2022-05-30T21:17:04.000Z. Distance 19749m</value>
          </Data>
          <Data name="Email">
            <value>syugen.zhou@gmail.com</value>
          </Data>
          <Data name="Category">
            <value>Driving</value>
          </Data>
          <Data name="Distance">
            <value>19749</value>
          </Data>
        </ExtendedData>
        <LineString>
          <tessellate>1</tessellate>
          <coordinates>
            -106.30188,35.880387,0
            -106.301837,35.880416,0
            -106.301812,35.879806,0
            -106.302393,35.879832,0
            -106.307454,35.881806,0
            -106.312684,35.883025,0
            -106.31792,35.882674,0
            -106.318855,35.88302,0
            -106.319173,35.882749,0
            -106.320814,35.882046,0
            -106.321254,35.88164,0
            -106.321862,35.878528,0
            -106.321785,35.878193,0
            -106.321446,35.877976,0
            -106.321084,35.877901,0
            -106.319325,35.87835,0
            -106.318946,35.878192,0
            -106.318877,35.877923,0
            -106.319086,35.877728,0
            -106.321403,35.877713,0
            -106.333188,35.875104,0
            -106.340016,35.874269,0
            -106.342695,35.873243,0
            -106.346698,35.872584,0
            -106.347926,35.872145,0
            -106.348644,35.87164,0
            -106.353841,35.865007,0
            -106.354365,35.863584,0
            -106.354565,35.862164,0
            -106.354438,35.860473,0
            -106.353287,35.856262,0
            -106.353245,35.855121,0
            -106.354262,35.849919,0
            -106.356348,35.847578,0
            -106.358558,35.843939,0
            -106.358873,35.842937,0
            -106.359076,35.840532,0
            -106.360947,35.834217,0
            -106.344815,35.832812,0
            -106.342334,35.831967,0
            -106.341659,35.831964,0
            -106.341024,35.832145,0
            -106.339562,35.832985,0
            -106.338752,35.833133,0
            -106.338155,35.833071,0
            -106.337176,35.832617,0
            -106.336103,35.830915,0
            -106.335329,35.830213,0
            -106.331807,35.828296,0
            -106.331012,35.828205,0
            -106.326042,35.82854,0
            -106.324275,35.828386,0
            -106.319485,35.8269,0
            -106.31807,35.825964,0
            -106.316017,35.823778,0
            -106.310486,35.820742,0
            -106.309033,35.819377,0
            -106.307374,35.816817,0
            -106.306349,35.816107,0
            -106.304361,35.815267,0
            -106.30367,35.814752,0
            -106.303025,35.813872,0
            -106.30213,35.811942,0
            -106.292618,35.804504,0
            -106.289821,35.803158,0
            -106.28635,35.802352,0
            -106.284587,35.801623,0
            -106.275059,35.796049,0
            -106.275712,35.79517,0
            -106.27617,35.794904,0
            -106.27625,35.794604,0
            -106.275226,35.791979,0
            -106.274907,35.79167,0
            -106.274317,35.791373,0
            -106.273594,35.7905,0
            -106.272782,35.788875,0
            -106.27223,35.788512,0
            -106.271365,35.788194,0
            -106.268993,35.784348,0
            -106.266093,35.780992,0
            -106.264659,35.780082,0
            -106.263975,35.77937,0
            -106.261242,35.774603,0
            -106.261071,35.772502,0
            -106.260704,35.772015,0
            -106.259301,35.771314,0
            -106.258816,35.770752,0
            -106.258669,35.770215,0
            -106.258869,35.769092,0
            -106.259201,35.768712,0
            -106.259697,35.768575,0
            -106.260086,35.76866,0
            -106.261482,35.76971,0
            -106.262992,35.771865,0
            -106.265996,35.77465,0
            -106.267122,35.775226,0
            -106.270177,35.778388,0
            -106.270012,35.778524,0
            -106.270463,35.778915,0
            -106.270569,35.778923,0
          </coordinates>
        </LineString>
      </Placemark>
      <Placemark>
        <name>Bandelier Visitor Center</name>
        <description><![CDATA[description: Visitor center from 2022-05-30T21:17:04.000Z to 2022-05-30T21:43:51.643Z. Distance 0m<br>Email: syugen.zhou@gmail.com<br>Category: Visitor center<br>Distance: 0]]></description>
        <styleUrl>#icon-1535-0288D1</styleUrl>
        <ExtendedData>
          <Data name="description">
            <value>Visitor center from 2022-05-30T21:17:04.000Z to 2022-05-30T21:43:51.643Z. Distance 0m</value>
          </Data>
          <Data name="Email">
            <value>syugen.zhou@gmail.com</value>
          </Data>
          <Data name="Category">
            <value>Visitor center</value>
          </Data>
          <Data name="Distance">
            <value>0</value>
          </Data>
        </ExtendedData>
        <Point>
          <coordinates>
            -106.270896,35.779104,0
          </coordinates>
        </Point>
      </Placemark>
      <Placemark>
        <name>Walking</name>
        <description><![CDATA[description: Walking from 2022-05-30T21:43:51.643Z to 2022-05-30T22:50:05.000Z. Distance 1679m<br>Email: syugen.zhou@gmail.com<br>Category: Walking<br>Distance: 1679]]></description>
        <styleUrl>#line-0097A7-5000</styleUrl>
        <ExtendedData>
          <Data name="description">
            <value>Walking from 2022-05-30T21:43:51.643Z to 2022-05-30T22:50:05.000Z. Distance 1679m</value>
          </Data>
          <Data name="Email">
            <value>syugen.zhou@gmail.com</value>
          </Data>
          <Data name="Category">
            <value>Walking</value>
          </Data>
          <Data name="Distance">
            <value>1679</value>
          </Data>
        </ExtendedData>
        <LineString>
          <tessellate>1</tessellate>
          <coordinates>
            -106.271102,35.778902,0
            -106.27137,35.779518,0
            -106.27153,35.779645,0
            -106.27219,35.780326,0
            -106.272321,35.780414,0
            -106.272589,35.780754,0
            -106.272653,35.781013,0
            -106.27275,35.781179,0
            -106.272932,35.781373,0
            -106.273152,35.781459,0
            -106.273263,35.781528,0
            -106.273316,35.781674,0
            -106.273468,35.781816,0
            -106.273562,35.781975,0
            -106.273829,35.782028,0
            -106.273876,35.782067,0
            -106.274026,35.782143,0
            -106.273962,35.782329,0
            -106.274182,35.782491,0
            -106.274174,35.78253,0
            -106.274119,35.782587,0
            -106.273963,35.782612,0
            -106.273785,35.782623,0
            -106.273646,35.782591,0
            -106.273466,35.782495,0
            -106.273421,35.78248,0
            -106.273332,35.782506,0
            -106.273222,35.782621,0
            -106.27301,35.78273,0
            -106.272957,35.782813,0
            -106.273045,35.782865,0
            -106.273131,35.782789,0
            -106.273434,35.782795,0
            -106.273606,35.782863,0
            -106.273641,35.782978,0
            -106.273721,35.782978,0
            -106.273807,35.783026,0
            -106.273941,35.783034,0
            -106.273992,35.783124,0
            -106.274075,35.783124,0
            -106.274137,35.783167,0
            -106.274188,35.783237,0
            -106.27426,35.783309,0
            -106.274354,35.783287,0
            -106.274461,35.783309,0
            -106.274622,35.783296,0
            -106.274841,35.783254,0
            -106.275126,35.78345,0
            -106.275102,35.783581,0
            -106.275121,35.783646,0
            -106.275183,35.78372,0
            -106.27529,35.783768,0
            -106.275411,35.783802,0
            -106.275483,35.783809,0
            -106.27552,35.783794,0
            -106.275571,35.783802,0
            -106.275571,35.783828,0
            -106.275743,35.783821,0
            -106.275961,35.78391,0
            -106.27617,35.784017,0
            -106.276324,35.78413,0
            -106.276548,35.784247,0
            -106.276746,35.784318,0
            -106.277122,35.784578,0
            -106.277493,35.784709,0
            -106.277893,35.784772,0
            -106.278157,35.784726,0
            -106.27835,35.784653,0
            -106.278443,35.784587,0
            -106.278464,35.784478,0
            -106.278402,35.784338,0
            -106.278522,35.783806,0
            -106.278382,35.783762,0
            -106.278287,35.783754,0
            -106.278206,35.783735,0
            -106.278062,35.783654,0
            -106.277992,35.7836,0
            -106.277757,35.783489,0
            -106.277249,35.78332,0
            -106.276896,35.783246,0
            -106.276752,35.783181,0
            -106.276413,35.782986,0
            -106.275819,35.782784,0
            -106.27555,35.782554,0
            -106.275476,35.782509,0
            -106.275325,35.782377,0
            -106.275127,35.78208,0
            -106.274875,35.781549,0
            -106.274594,35.78116,0
            -106.274102,35.780754,0
            -106.273946,35.78066,0
            -106.273638,35.78051,0
            -106.273255,35.78038,0
            -106.273061,35.780291,0
            -106.27295,35.780209,0
            -106.272418,35.779736,0
            -106.272224,35.779503,0
            -106.272039,35.779167,0
            -106.27193,35.779016,0
            -106.271663,35.778795,0
          </coordinates>
        </LineString>
      </Placemark>
      <Placemark>
        <name>Bandelier Visitor Center</name>
        <description><![CDATA[description: Visitor center from 2022-05-30T22:50:05.000Z to 2022-05-30T22:55:15.000Z. Distance 0m<br>Email: syugen.zhou@gmail.com<br>Category: Visitor center<br>Distance: 0]]></description>
        <styleUrl>#icon-1535-0288D1</styleUrl>
        <ExtendedData>
          <Data name="description">
            <value>Visitor center from 2022-05-30T22:50:05.000Z to 2022-05-30T22:55:15.000Z. Distance 0m</value>
          </Data>
          <Data name="Email">
            <value>syugen.zhou@gmail.com</value>
          </Data>
          <Data name="Category">
            <value>Visitor center</value>
          </Data>
          <Data name="Distance">
            <value>0</value>
          </Data>
        </ExtendedData>
        <Point>
          <coordinates>
            -106.270896,35.779104,0
          </coordinates>
        </Point>
      </Placemark>
      <Placemark>
        <name>Driving</name>
        <description><![CDATA[description: Driving from 2022-05-30T22:55:15.000Z to 2022-05-30T23:53:07.079Z. Distance 62773m<br>Email: syugen.zhou@gmail.com<br>Category: Driving<br>Distance: 62773]]></description>
        <styleUrl>#line-0097A7-5000</styleUrl>
        <ExtendedData>
          <Data name="description">
            <value>Driving from 2022-05-30T22:55:15.000Z to 2022-05-30T23:53:07.079Z. Distance 62773m</value>
          </Data>
          <Data name="Email">
            <value>syugen.zhou@gmail.com</value>
          </Data>
          <Data name="Category">
            <value>Driving</value>
          </Data>
          <Data name="Distance">
            <value>62773</value>
          </Data>
        </ExtendedData>
        <LineString>
          <tessellate>1</tessellate>
          <coordinates>
            -106.270623,35.778899,0
            -106.270785,35.778786,0
            -106.270259,35.77833,0
            -106.270177,35.778388,0
            -106.267122,35.775226,0
            -106.265996,35.77465,0
            -106.262992,35.771865,0
            -106.261482,35.76971,0
            -106.260086,35.76866,0
            -106.259697,35.768575,0
            -106.259201,35.768712,0
            -106.258869,35.769092,0
            -106.258669,35.770215,0
            -106.258816,35.770752,0
            -106.2593,35.771314,0
            -106.260703,35.772015,0
            -106.261071,35.772502,0
            -106.261242,35.774603,0
            -106.263975,35.77937,0
            -106.264659,35.780082,0
            -106.266093,35.780992,0
            -106.268993,35.784348,0
            -106.271365,35.788194,0
            -106.272782,35.788875,0
            -106.273593,35.7905,0
            -106.274317,35.791373,0
            -106.275226,35.791979,0
            -106.27625,35.794604,0
            -106.27617,35.794904,0
            -106.275712,35.79517,0
            -106.275059,35.796049,0
            -106.269529,35.792703,0
            -106.267336,35.790859,0
            -106.265217,35.789595,0
            -106.263666,35.787764,0
            -106.262705,35.787133,0
            -106.260489,35.786401,0
            -106.256591,35.784261,0
            -106.256147,35.784162,0
            -106.255624,35.784279,0
            -106.255245,35.784628,0
            -106.25517,35.784922,0
            -106.255318,35.785406,0
            -106.255958,35.786041,0
            -106.258932,35.787248,0
            -106.260684,35.78744,0
            -106.261309,35.787671,0
            -106.263423,35.78901,0
            -106.263646,35.78953,0
            -106.263587,35.789718,0
            -106.263178,35.789969,0
            -106.262648,35.789907,0
            -106.261769,35.789385,0
            -106.260946,35.789164,0
            -106.258524,35.789106,0
            -106.257093,35.788768,0
            -106.254399,35.787454,0
            -106.253588,35.787246,0
            -106.250805,35.787389,0
            -106.249674,35.786978,0
            -106.249133,35.786489,0
            -106.248168,35.784782,0
            -106.247166,35.784104,0
            -106.246602,35.784118,0
            -106.246275,35.784383,0
            -106.246068,35.786949,0
            -106.247322,35.789932,0
            -106.246428,35.792084,0
            -106.246873,35.794544,0
            -106.248236,35.795668,0
            -106.248338,35.796134,0
            -106.248006,35.796636,0
            -106.245886,35.797386,0
            -106.245543,35.797868,0
            -106.245503,35.798579,0
            -106.245871,35.799315,0
            -106.245918,35.799893,0
            -106.245254,35.802149,0
            -106.245289,35.802772,0
            -106.245732,35.803531,0
            -106.248093,35.805339,0
            -106.248714,35.806797,0
            -106.248741,35.807961,0
            -106.24848,35.808802,0
            -106.247659,35.809954,0
            -106.246521,35.810738,0
            -106.242656,35.812235,0
            -106.235898,35.813037,0
            -106.233916,35.813014,0
            -106.230788,35.812355,0
            -106.227599,35.81081,0
            -106.226724,35.810723,0
            -106.226012,35.810885,0
            -106.225532,35.811186,0
            -106.223076,35.813976,0
            -106.222303,35.816048,0
            -106.222257,35.818298,0
            -106.222894,35.821257,0
            -106.222638,35.822159,0
            -106.221704,35.823083,0
            -106.202144,35.830731,0
            -106.201156,35.83146,0
            -106.200778,35.832008,0
            -106.200524,35.832967,0
            -106.200646,35.833731,0
            -106.201052,35.834444,0
            -106.215771,35.845832,0
            -106.219381,35.850265,0
            -106.220467,35.85306,0
            -106.224565,35.859532,0
            -106.224953,35.860756,0
            -106.225079,35.862987,0
            -106.224833,35.864023,0
            -106.223713,35.865636,0
            -106.222189,35.866352,0
            -106.215214,35.867292,0
            -106.212762,35.868169,0
            -106.210203,35.869565,0
            -106.209517,35.869751,0
            -106.208338,35.869691,0
            -106.205241,35.868244,0
            -106.201532,35.867621,0
            -106.195028,35.868651,0
            -106.194069,35.86919,0
            -106.193012,35.870622,0
            -106.192411,35.871012,0
            -106.191703,35.871233,0
            -106.190729,35.871212,0
            -106.188712,35.870275,0
            -106.187574,35.870268,0
            -106.186823,35.870527,0
            -106.185757,35.871245,0
            -106.185721,35.871331,0
            -106.182126,35.873038,0
            -106.18196,35.873045,0
            -106.173267,35.877442,0
            -106.170316,35.879897,0
            -106.167098,35.881142,0
            -106.163039,35.884348,0
            -106.162105,35.884795,0
            -106.160432,35.884996,0
            -106.157861,35.884393,0
            -106.151693,35.884202,0
            -106.150211,35.883546,0
            -106.149437,35.882877,0
            -106.148399,35.881133,0
            -106.147115,35.879964,0
            -106.144381,35.878207,0
            -106.142218,35.875365,0
            -106.141142,35.874569,0
            -106.140218,35.874146,0
            -106.138362,35.873791,0
            -106.135701,35.873964,0
            -106.133502,35.874482,0
            -106.106869,35.885182,0
            -106.097062,35.886365,0
            -106.065228,35.881316,0
            -106.065092,35.88136,0
            -106.060361,35.880551,0
            -106.0582,35.880483,0
            -106.055862,35.880937,0
            -106.041508,35.886653,0
            -106.033101,35.888425,0
            -106.026708,35.890372,0
            -106.024748,35.890391,0
            -106.023701,35.890018,0
            -106.010659,35.879651,0
            -106.008929,35.877541,0
            -106.002576,35.866778,0
            -105.993488,35.845987,0
            -105.948737,35.785267,0
            -105.948009,35.783058,0
            -105.947658,35.779071,0
            -105.94404,35.77104,0
            -105.943814,35.769514,0
            -105.944682,35.764034,0
            -105.9446,35.762699,0
            -105.94418,35.761415,0
            -105.932323,35.740289,0
            -105.931748,35.738362,0
            -105.932161,35.723672,0
            -105.932806,35.721912,0
            -105.936682,35.715506,0
            -105.936794,35.715468,0
            -105.937898,35.714006,0
            -105.9389,35.713158,0
            -105.939418,35.712949,0
            -105.94058,35.71297,0
            -105.941414,35.713342,0
            -105.942612,35.71457,0
            -105.943745,35.71524,0
            -105.950054,35.717381,0
            -105.951114,35.717463,0
            -105.954329,35.716907,0
            -105.955457,35.716416,0
            -105.957719,35.71451,0
            -105.961834,35.708885,0
            -105.963378,35.707809,0
            -105.964498,35.707468,0
            -105.967055,35.707286,0
            -105.968386,35.706948,0
            -105.972239,35.704261,0
            -105.977561,35.701739,0
            -105.990932,35.698835,0
            -105.993206,35.697896,0
            -105.994562,35.696993,0
            -106.002662,35.689232,0
            -106.01288,35.67648,0
            -106.011815,35.675813,0
            -106.011156,35.674931,0
            -106.00887,35.669014,0
            -106.005418,35.670615,0
            -106.003402,35.670533,0
            -106.001479,35.669233,0
            -106.000856,35.66904,0
            -106.000203,35.669054,0
            -105.999683,35.669217,0
            -105.999644,35.66916,0
            -105.999456,35.669125,0
            -105.997307,35.663227,0
            -105.992578,35.658106,0
            -105.993975,35.657248,0
            -105.995504,35.656643,0
            -105.997852,35.655089,0
            -105.997494,35.654694,0
            -105.997416,35.654323,0
            -105.996953,35.654477,0
            -105.996809,35.654333,0
          </coordinates>
        </LineString>
      </Placemark>
      <Placemark>
        <name>Meow Wolf Santa Fe</name>
        <description><![CDATA[description: Tourist attraction from 2022-05-30T23:53:07.079Z to 2022-05-31T00:06:54.238Z. Distance 0m<br>Email: syugen.zhou@gmail.com<br>Category: Tourist attraction<br>Distance: 0]]></description>
        <styleUrl>#icon-1535-0288D1</styleUrl>
        <ExtendedData>
          <Data name="description">
            <value>Tourist attraction from 2022-05-30T23:53:07.079Z to 2022-05-31T00:06:54.238Z. Distance 0m</value>
          </Data>
          <Data name="Email">
            <value>syugen.zhou@gmail.com</value>
          </Data>
          <Data name="Category">
            <value>Tourist attraction</value>
          </Data>
          <Data name="Distance">
            <value>0</value>
          </Data>
        </ExtendedData>
        <Point>
          <coordinates>
            -105.996832,35.654596,0
          </coordinates>
        </Point>
      </Placemark>
      <Placemark>
        <name>Driving</name>
        <description><![CDATA[description: Driving from 2022-05-31T00:06:54.238Z to 2022-05-31T00:13:49.978Z. Distance 5649m<br>Email: syugen.zhou@gmail.com<br>Category: Driving<br>Distance: 5649]]></description>
        <styleUrl>#line-0097A7-5000</styleUrl>
        <ExtendedData>
          <Data name="description">
            <value>Driving from 2022-05-31T00:06:54.238Z to 2022-05-31T00:13:49.978Z. Distance 5649m</value>
          </Data>
          <Data name="Email">
            <value>syugen.zhou@gmail.com</value>
          </Data>
          <Data name="Category">
            <value>Driving</value>
          </Data>
          <Data name="Distance">
            <value>5649</value>
          </Data>
        </ExtendedData>
        <LineString>
          <tessellate>1</tessellate>
          <coordinates>
            -105.996443,35.653943,0
            -105.996358,35.653832,0
            -105.99625,35.653703,0
            -105.996021,35.653771,0
            -105.995646,35.654015,0
            -105.995593,35.653949,0
            -105.994929,35.653256,0
            -105.99429,35.653651,0
            -105.994074,35.6538,0
            -105.993871,35.653928,0
            -105.993563,35.654105,0
            -105.992832,35.654552,0
            -105.99275,35.65461,0
            -105.992668,35.654671,0
            -105.992188,35.654927,0
            -105.991952,35.655059,0
            -105.990929,35.655616,0
            -105.990515,35.655835,0
            -105.986264,35.657982,0
            -105.98614,35.658041,0
            -105.984893,35.658677,0
            -105.984661,35.658759,0
            -105.984398,35.658889,0
            -105.983703,35.659209,0
            -105.983293,35.65944,0
            -105.983264,35.659462,0
            -105.982944,35.659623,0
            -105.982698,35.65974,0
            -105.980854,35.660687,0
            -105.980099,35.661065,0
            -105.978562,35.661855,0
            -105.978118,35.662095,0
            -105.97801,35.662159,0
            -105.977456,35.662461,0
            -105.977137,35.662626,0
            -105.976728,35.662851,0
            -105.976303,35.663063,0
            -105.975649,35.663402,0
            -105.975197,35.663627,0
            -105.974492,35.663986,0
            -105.97387,35.664313,0
            -105.973489,35.664497,0
            -105.972321,35.665096,0
            -105.971979,35.665293,0
            -105.971494,35.665582,0
            -105.97122,35.665782,0
            -105.970612,35.666244,0
            -105.970113,35.6666,0
            -105.969674,35.66694,0
            -105.968691,35.667652,0
            -105.966826,35.66895,0
            -105.963611,35.671217,0
            -105.963435,35.671334,0
            -105.962187,35.672199,0
            -105.960312,35.673456,0
            -105.960197,35.67354,0
            -105.958658,35.67456,0
            -105.958314,35.674779,0
            -105.957997,35.674953,0
            -105.957434,35.675276,0
            -105.956892,35.675598,0
            -105.955364,35.676561,0
            -105.954537,35.677137,0
            -105.95418,35.677393,0
            -105.953944,35.677537,0
            -105.953895,35.677572,0
            -105.953795,35.677614,0
            -105.952871,35.678275,0
            -105.952775,35.67834,0
            -105.952666,35.67841,0
            -105.952555,35.678471,0
            -105.952436,35.678527,0
            -105.952302,35.678581,0
            -105.95226,35.678657,0
            -105.951945,35.678785,0
            -105.951744,35.678872,0
            -105.951406,35.679035,0
            -105.951148,35.679165,0
            -105.951021,35.679163,0
            -105.95011,35.679625,0
            -105.949962,35.679693,0
            -105.949875,35.679737,0
            -105.94965,35.679826,0
            -105.949364,35.679919,0
            -105.948883,35.680061,0
            -105.948389,35.680192,0
            -105.947629,35.680408,0
            -105.947437,35.680482,0
            -105.947405,35.680504,0
            -105.94724,35.68064,0
            -105.947159,35.680694,0
            -105.94651,35.681229,0
            -105.946134,35.681551,0
            -105.946081,35.681609,0
            -105.945487,35.682129,0
            -105.945691,35.682228,0
            -105.945912,35.682007,0
            -105.945989,35.682047,0
            -105.946022,35.682079,0
            -105.946023,35.682083,0
          </coordinates>
        </LineString>
      </Placemark>
      <Placemark>
        <name><![CDATA[Hotel Santa Fe, Hacienda & Spa]]></name>
        <description><![CDATA[description: Hotel from 2022-05-31T00:13:49.978Z to 2022-05-31T02:00:04.850Z. Distance 0m<br>Email: syugen.zhou@gmail.com<br>Category: Hotel<br>Distance: 0]]></description>
        <styleUrl>#icon-1739-0288D1</styleUrl>
        <ExtendedData>
          <Data name="description">
            <value>Hotel from 2022-05-31T00:13:49.978Z to 2022-05-31T02:00:04.850Z. Distance 0m</value>
          </Data>
          <Data name="Email">
            <value>syugen.zhou@gmail.com</value>
          </Data>
          <Data name="Category">
            <value>Hotel</value>
          </Data>
          <Data name="Distance">
            <value>0</value>
          </Data>
        </ExtendedData>
        <Point>
          <coordinates>
            -105.946389,35.682265,0
          </coordinates>
        </Point>
      </Placemark>
      <Placemark>
        <name>Driving</name>
        <description><![CDATA[description: Driving from 2022-05-31T02:00:04.850Z to 2022-05-31T02:02:53.000Z. Distance 2076m<br>Email: syugen.zhou@gmail.com<br>Category: Driving<br>Distance: 2076]]></description>
        <styleUrl>#line-0097A7-5000</styleUrl>
        <ExtendedData>
          <Data name="description">
            <value>Driving from 2022-05-31T02:00:04.850Z to 2022-05-31T02:02:53.000Z. Distance 2076m</value>
          </Data>
          <Data name="Email">
            <value>syugen.zhou@gmail.com</value>
          </Data>
          <Data name="Category">
            <value>Driving</value>
          </Data>
          <Data name="Distance">
            <value>2076</value>
          </Data>
        </ExtendedData>
        <LineString>
          <tessellate>1</tessellate>
          <coordinates>
            -105.946043,35.682239,0
            -105.946056,35.6822,0
            -105.946052,35.68215,0
            -105.946022,35.682079,0
            -105.945989,35.682047,0
            -105.945912,35.682007,0
            -105.945972,35.681956,0
            -105.946017,35.681911,0
            -105.946062,35.681878,0
            -105.94619,35.681832,0
            -105.946256,35.681811,0
            -105.946305,35.681808,0
            -105.946416,35.681825,0
            -105.946553,35.681855,0
            -105.946589,35.681868,0
            -105.946605,35.681832,0
            -105.946665,35.681733,0
            -105.946692,35.681613,0
            -105.946346,35.681559,0
            -105.946134,35.681551,0
            -105.945568,35.681418,0
            -105.944883,35.681275,0
            -105.944793,35.681261,0
            -105.944095,35.681206,0
            -105.943733,35.681171,0
            -105.943464,35.681125,0
            -105.943192,35.681066,0
            -105.943052,35.681031,0
            -105.942947,35.681019,0
            -105.942804,35.681022,0
            -105.942715,35.681037,0
            -105.942655,35.681053,0
            -105.942532,35.681099,0
            -105.942466,35.68113,0
            -105.94239,35.681176,0
            -105.942318,35.681233,0
            -105.942253,35.681307,0
            -105.942198,35.681381,0
            -105.942118,35.681502,0
            -105.942036,35.681596,0
            -105.941952,35.681662,0
            -105.941829,35.681727,0
            -105.941699,35.681769,0
            -105.941585,35.681788,0
            -105.941494,35.68179,0
            -105.941412,35.681783,0
            -105.941263,35.68176,0
            -105.940971,35.681701,0
            -105.940713,35.681664,0
            -105.939981,35.681539,0
            -105.939798,35.681518,0
            -105.939546,35.681512,0
            -105.938088,35.681524,0
            -105.936996,35.681419,0
            -105.936578,35.681367,0
            -105.936435,35.681354,0
            -105.936406,35.681357,0
            -105.936331,35.681377,0
            -105.935453,35.68108,0
            -105.93538,35.681063,0
            -105.935306,35.681055,0
            -105.935214,35.681054,0
            -105.935102,35.681061,0
            -105.934999,35.681095,0
            -105.93495,35.681114,0
            -105.934909,35.681135,0
            -105.934821,35.681198,0
            -105.934681,35.681321,0
            -105.93456,35.681436,0
            -105.934459,35.681565,0
            -105.934417,35.681646,0
            -105.934373,35.68176,0
            -105.93404,35.682743,0
            -105.934032,35.682781,0
            -105.934031,35.682854,0
            -105.934034,35.682887,0
            -105.934075,35.683089,0
            -105.934074,35.683244,0
            -105.934029,35.683782,0
            -105.933975,35.684945,0
            -105.933932,35.685423,0
            -105.933802,35.686555,0
            -105.933788,35.686607,0
            -105.93375,35.686936,0
            -105.933704,35.687529,0
            -105.93369,35.687629,0
            -105.933651,35.687837,0
            -105.933607,35.688033,0
            -105.933554,35.688173,0
            -105.933489,35.688375,0
            -105.933473,35.688474,0
            -105.93352,35.688661,0
            -105.933553,35.688753,0
            -105.933595,35.688848,0
            -105.933668,35.688975,0
            -105.933742,35.689079,0
            -105.93381,35.689156,0
            -105.933917,35.689255,0
            -105.934052,35.689367,0
            -105.934371,35.689602,0
          </coordinates>
        </LineString>
      </Placemark>
      <Placemark>
        <name>Cross of the Martyrs</name>
        <description><![CDATA[description: Park from 2022-05-31T02:02:53.000Z to 2022-05-31T02:28:23.519Z. Distance 0m<br>Email: syugen.zhou@gmail.com<br>Category: Park<br>Distance: 0]]></description>
        <styleUrl>#icon-1535-0288D1</styleUrl>
        <ExtendedData>
          <Data name="description">
            <value>Park from 2022-05-31T02:02:53.000Z to 2022-05-31T02:28:23.519Z. Distance 0m</value>
          </Data>
          <Data name="Email">
            <value>syugen.zhou@gmail.com</value>
          </Data>
          <Data name="Category">
            <value>Park</value>
          </Data>
          <Data name="Distance">
            <value>0</value>
          </Data>
        </ExtendedData>
        <Point>
          <coordinates>
            -105.932924,35.689502,0
          </coordinates>
        </Point>
      </Placemark>
      <Placemark>
        <name>Driving</name>
        <description><![CDATA[description: Driving from 2022-05-31T02:28:23.519Z to 2022-05-31T03:17:12.887Z. Distance 92703m<br>Email: syugen.zhou@gmail.com<br>Category: Driving<br>Distance: 92703]]></description>
        <styleUrl>#line-0097A7-5000</styleUrl>
        <ExtendedData>
          <Data name="description">
            <value>Driving from 2022-05-31T02:28:23.519Z to 2022-05-31T03:17:12.887Z. Distance 92703m</value>
          </Data>
          <Data name="Email">
            <value>syugen.zhou@gmail.com</value>
          </Data>
          <Data name="Category">
            <value>Driving</value>
          </Data>
          <Data name="Distance">
            <value>92703</value>
          </Data>
        </ExtendedData>
        <LineString>
          <tessellate>1</tessellate>
          <coordinates>
            -105.933742,35.689078,0
            -105.933595,35.688848,0
            -105.933473,35.688474,0
            -105.933489,35.688375,0
            -105.933607,35.688033,0
            -105.933704,35.687529,0
            -105.933975,35.684945,0
            -105.934075,35.683089,0
            -105.934032,35.682781,0
            -105.934459,35.681565,0
            -105.93456,35.681436,0
            -105.934821,35.681198,0
            -105.93495,35.681114,0
            -105.935102,35.681061,0
            -105.935306,35.681055,0
            -105.935453,35.68108,0
            -105.936331,35.681377,0
            -105.936416,35.68144,0
            -105.936611,35.681482,0
            -105.937809,35.681621,0
            -105.938095,35.681623,0
            -105.938088,35.681524,0
            -105.937356,35.678562,0
            -105.937277,35.677503,0
            -105.936979,35.676647,0
            -105.937111,35.675288,0
            -105.937073,35.674906,0
            -105.936989,35.674545,0
            -105.935772,35.671921,0
            -105.935727,35.671535,0
            -105.935738,35.671227,0
            -105.935842,35.670575,0
            -105.936214,35.669469,0
            -105.936303,35.66934,0
            -105.936592,35.667671,0
            -105.936557,35.666315,0
            -105.936667,35.66483,0
            -105.936822,35.664226,0
            -105.937155,35.663551,0
            -105.939817,35.659227,0
            -105.940022,35.658492,0
            -105.940058,35.658172,0
            -105.940056,35.657753,0
            -105.939997,35.657475,0
            -105.939901,35.657232,0
            -105.938909,35.655507,0
            -105.938826,35.655301,0
            -105.938786,35.655105,0
            -105.938775,35.654633,0
            -105.938795,35.654482,0
            -105.938461,35.654205,0
            -105.937863,35.653576,0
            -105.937618,35.653254,0
            -105.92955,35.640198,0
            -105.929445,35.639908,0
            -105.929396,35.639601,0
            -105.929392,35.639251,0
            -105.929446,35.638923,0
            -105.929846,35.638013,0
            -105.929905,35.637979,0
            -105.930148,35.637691,0
            -105.930446,35.637514,0
            -105.930596,35.637486,0
            -105.931226,35.63748,0
            -105.933875,35.637768,0
            -105.934047,35.637746,0
            -105.935786,35.637939,0
            -105.937345,35.63795,0
            -105.94238,35.637472,0
            -105.947641,35.637252,0
            -105.948711,35.637142,0
            -105.950554,35.636835,0
            -105.951488,35.636621,0
            -105.95277,35.636258,0
            -105.953945,35.635859,0
            -105.9625,35.632489,0
            -105.96458,35.631798,0
            -105.973367,35.629349,0
            -105.974754,35.628902,0
            -105.976901,35.628112,0
            -105.981246,35.626319,0
            -105.984212,35.625291,0
            -105.98717,35.624492,0
            -105.998855,35.6221,0
            -106.000394,35.621714,0
            -106.002562,35.621061,0
            -106.00455,35.620358,0
            -106.006128,35.619718,0
            -106.012998,35.616622,0
            -106.015182,35.61574,0
            -106.01678,35.615172,0
            -106.022485,35.613386,0
            -106.024448,35.61269,0
            -106.025673,35.61217,0
            -106.027625,35.611193,0
            -106.029362,35.610134,0
            -106.030621,35.609254,0
            -106.035849,35.604986,0
            -106.03653,35.604483,0
            -106.037904,35.60359,0
            -106.039124,35.602907,0
            -106.040297,35.602321,0
            -106.050615,35.598146,0
            -106.051579,35.597706,0
            -106.053485,35.596653,0
            -106.163989,35.523429,0
            -106.165401,35.522612,0
            -106.166857,35.52198,0
            -106.168159,35.52157,0
            -106.168953,35.521382,0
            -106.170241,35.521173,0
            -106.170997,35.521103,0
            -106.172471,35.521072,0
            -106.193204,35.522117,0
            -106.195883,35.522055,0
            -106.206543,35.521379,0
            -106.209802,35.521034,0
            -106.214738,35.520349,0
            -106.215933,35.520125,0
            -106.217237,35.519805,0
            -106.218255,35.519497,0
            -106.219625,35.518993,0
            -106.240996,35.508817,0
            -106.242264,35.50811,0
            -106.243031,35.507621,0
            -106.244624,35.506423,0
            -106.245435,35.505694,0
            -106.262074,35.489107,0
            -106.263085,35.488247,0
            -106.264027,35.487554,0
            -106.265059,35.486893,0
            -106.266371,35.486171,0
            -106.267107,35.48582,0
            -106.361056,35.447075,0
            -106.362268,35.446477,0
            -106.363314,35.445882,0
            -106.364084,35.445383,0
            -106.389769,35.426592,0
            -106.391751,35.425286,0
            -106.415074,35.412403,0
            -106.416235,35.411621,0
            -106.419223,35.409158,0
            -106.420026,35.408549,0
            -106.421597,35.40754,0
            -106.422943,35.406824,0
            -106.44394,35.397678,0
            -106.446119,35.396537,0
            -106.447271,35.395863,0
            -106.449229,35.394588,0
            -106.450562,35.393613,0
            -106.476614,35.373017,0
            -106.516165,35.34077,0
            -106.517238,35.339767,0
            -106.518122,35.33879,0
            -106.531967,35.321016,0
            -106.532456,35.320224,0
            -106.533069,35.31905,0
            -106.533711,35.317395,0
            -106.534024,35.316235,0
            -106.534207,35.315242,0
            -106.534505,35.311854,0
            -106.534549,35.311753,0
            -106.534692,35.310141,0
            -106.535086,35.308155,0
            -106.535622,35.306657,0
            -106.53653,35.304881,0
            -106.55317,35.281141,0
            -106.553873,35.279944,0
            -106.554352,35.278937,0
            -106.558289,35.269415,0
            -106.559133,35.267789,0
            -106.563476,35.261296,0
            -106.563893,35.260566,0
            -106.564575,35.259079,0
            -106.564998,35.257835,0
            -106.590158,35.147235,0
            -106.590551,35.146136,0
            -106.590918,35.145436,0
            -106.591362,35.144783,0
            -106.591516,35.144745,0
            -106.59173,35.14449,0
            -106.592091,35.144134,0
            -106.592456,35.143844,0
            -106.593306,35.143329,0
            -106.594091,35.142957,0
            -106.595773,35.142285,0
            -106.597098,35.141083,0
            -106.598006,35.140344,0
            -106.598675,35.139877,0
            -106.599415,35.140704,0
            -106.599237,35.140858,0
            -106.599509,35.14117,0
          </coordinates>
        </LineString>
      </Placemark>
      <Placemark>
        <name>TownePlace Suites by Marriott Albuquerque North</name>
        <description><![CDATA[description: Hotel from 2022-05-31T03:17:12.887Z to 2022-05-31T13:00:49.000Z. Distance 0m<br>Email: syugen.zhou@gmail.com<br>Category: Hotel<br>Distance: 0]]></description>
        <styleUrl>#icon-1602-0288D1</styleUrl>
        <ExtendedData>
          <Data name="description">
            <value>Hotel from 2022-05-31T03:17:12.887Z to 2022-05-31T13:00:49.000Z. Distance 0m</value>
          </Data>
          <Data name="Email">
            <value>syugen.zhou@gmail.com</value>
          </Data>
          <Data name="Category">
            <value>Hotel</value>
          </Data>
          <Data name="Distance">
            <value>0</value>
          </Data>
        </ExtendedData>
        <Point>
          <coordinates>
            -106.599108,35.141533,0
          </coordinates>
        </Point>
      </Placemark>
    </Folder>
    <Folder>
      <name>2022-05-29</name>
      <Placemark>
        <name><![CDATA[Holiday Inn Express & Suites El Paso North, an IHG Hotel]]></name>
        <description><![CDATA[description: Hotel from 2022-05-29T02:33:20.999Z to 2022-05-29T17:33:50.999Z. Distance 0m<br>Email: syugen.zhou@gmail.com<br>Category: Hotel<br>Distance: 0]]></description>
        <styleUrl>#icon-1602-0288D1</styleUrl>
        <ExtendedData>
          <Data name="description">
            <value>Hotel from 2022-05-29T02:33:20.999Z to 2022-05-29T17:33:50.999Z. Distance 0m</value>
          </Data>
          <Data name="Email">
            <value>syugen.zhou@gmail.com</value>
          </Data>
          <Data name="Category">
            <value>Hotel</value>
          </Data>
          <Data name="Distance">
            <value>0</value>
          </Data>
        </ExtendedData>
        <Point>
          <coordinates>
            -106.441628,31.861448,0
          </coordinates>
        </Point>
      </Placemark>
      <Placemark>
        <name>Driving</name>
        <description><![CDATA[description: Driving from 2022-05-29T17:33:50.999Z to 2022-05-29T17:52:13.000Z. Distance 18079m<br>Email: syugen.zhou@gmail.com<br>Category: Driving<br>Distance: 18079]]></description>
        <styleUrl>#line-7CB342-5000</styleUrl>
        <ExtendedData>
          <Data name="description">
            <value>Driving from 2022-05-29T17:33:50.999Z to 2022-05-29T17:52:13.000Z. Distance 18079m</value>
          </Data>
          <Data name="Email">
            <value>syugen.zhou@gmail.com</value>
          </Data>
          <Data name="Category">
            <value>Driving</value>
          </Data>
          <Data name="Distance">
            <value>18079</value>
          </Data>
        </ExtendedData>
        <LineString>
          <tessellate>1</tessellate>
          <coordinates>
            -106.442093,31.862073,0
            -106.44277,31.862056,0
            -106.442742,31.860672,0
            -106.441233,31.860693,0
            -106.44116,31.856714,0
            -106.441138,31.856552,0
            -106.441,31.851856,0
            -106.440731,31.84941,0
            -106.440557,31.843979,0
            -106.440501,31.843875,0
            -106.44021,31.842355,0
            -106.440148,31.84182,0
            -106.440068,31.841706,0
            -106.439799,31.830727,0
            -106.439707,31.829785,0
            -106.439608,31.829344,0
            -106.438078,31.825264,0
            -106.437876,31.824611,0
            -106.437787,31.824037,0
            -106.437787,31.823545,0
            -106.437907,31.822918,0
            -106.438116,31.822353,0
            -106.440077,31.819194,0
            -106.440466,31.818346,0
            -106.441128,31.816277,0
            -106.441191,31.816154,0
            -106.441446,31.815288,0
            -106.441721,31.813986,0
            -106.442226,31.810136,0
            -106.442536,31.806487,0
            -106.442538,31.805594,0
            -106.442386,31.80433,0
            -106.441621,31.801223,0
            -106.441546,31.801101,0
            -106.441318,31.800058,0
            -106.441235,31.798946,0
            -106.44136,31.781348,0
            -106.441433,31.781226,0
            -106.4416,31.780268,0
            -106.441914,31.779312,0
            -106.441961,31.779003,0
            -106.441962,31.778783,0
            -106.441927,31.778559,0
            -106.441853,31.77834,0
            -106.441692,31.778041,0
            -106.44153,31.777823,0
            -106.441312,31.777597,0
            -106.440929,31.777305,0
            -106.440551,31.777101,0
            -106.440253,31.776989,0
            -106.439752,31.776873,0
            -106.439377,31.776841,0
            -106.438588,31.776854,0
            -106.437895,31.776932,0
            -106.4372,31.777072,0
            -106.436569,31.777161,0
            -106.432982,31.777294,0
            -106.432726,31.777355,0
            -106.423654,31.777306,0
            -106.42264,31.777394,0
            -106.421884,31.777556,0
            -106.421313,31.777736,0
            -106.420943,31.777884,0
            -106.420182,31.77827,0
            -106.416463,31.780552,0
            -106.415794,31.780921,0
            -106.415495,31.781047,0
            -106.414717,31.781312,0
            -106.413854,31.781492,0
            -106.412972,31.78156,0
            -106.412391,31.781546,0
            -106.409705,31.781305,0
            -106.40921,31.781288,0
            -106.408581,31.781311,0
            -106.403182,31.782059,0
            -106.402456,31.782124,0
            -106.401958,31.78213,0
            -106.401291,31.78208,0
            -106.400786,31.782002,0
            -106.400235,31.781871,0
            -106.39958,31.781647,0
            -106.372381,31.769111,0
            -106.371215,31.768493,0
            -106.331185,31.743776,0
            -106.331099,31.743707,0
            -106.330292,31.743203,0
            -106.33021,31.743078,0
            -106.326206,31.740302,0
            -106.325026,31.739411,0
            -106.323921,31.740707,0
            -106.323294,31.741167,0
            -106.323069,31.741372,0
            -106.322623,31.741892,0
            -106.321718,31.74141,0
            -106.319072,31.740344,0
            -106.315839,31.738517,0
            -106.316706,31.737414,0
            -106.317027,31.73708,0
            -106.319504,31.735177,0
            -106.321264,31.736865,0
          </coordinates>
        </LineString>
      </Placemark>
      <Placemark>
        <name>Desert Oak Barbecue</name>
        <description><![CDATA[description: Barbecue from 2022-05-29T17:52:13.000Z to 2022-05-29T18:58:11.000Z. Distance 0m<br>Email: syugen.zhou@gmail.com<br>Category: Barbecue<br>Distance: 0]]></description>
        <styleUrl>#icon-1739-0288D1</styleUrl>
        <ExtendedData>
          <Data name="description">
            <value>Barbecue from 2022-05-29T17:52:13.000Z to 2022-05-29T18:58:11.000Z. Distance 0m</value>
          </Data>
          <Data name="Email">
            <value>syugen.zhou@gmail.com</value>
          </Data>
          <Data name="Category">
            <value>Barbecue</value>
          </Data>
          <Data name="Distance">
            <value>0</value>
          </Data>
        </ExtendedData>
        <Point>
          <coordinates>
            -106.320697,31.736992,0
          </coordinates>
        </Point>
      </Placemark>
      <Placemark>
        <name>Driving</name>
        <description><![CDATA[description: Driving from 2022-05-29T18:58:11.999Z to 2022-05-29T19:56:54.000Z. Distance 117637m<br>Email: syugen.zhou@gmail.com<br>Category: Driving<br>Distance: 117637]]></description>
        <styleUrl>#line-7CB342-5000</styleUrl>
        <ExtendedData>
          <Data name="description">
            <value>Driving from 2022-05-29T18:58:11.999Z to 2022-05-29T19:56:54.000Z. Distance 117637m</value>
          </Data>
          <Data name="Email">
            <value>syugen.zhou@gmail.com</value>
          </Data>
          <Data name="Category">
            <value>Driving</value>
          </Data>
          <Data name="Distance">
            <value>117637</value>
          </Data>
        </ExtendedData>
        <LineString>
          <tessellate>1</tessellate>
          <coordinates>
            -106.320914,31.7369,0
            -106.321458,31.737418,0
            -106.32149,31.737425,0
            -106.321566,31.737408,0
            -106.321709,31.737302,0
            -106.323588,31.739116,0
            -106.323712,31.739219,0
            -106.324255,31.739766,0
            -106.324353,31.739879,0
            -106.324518,31.74002,0
            -106.324629,31.740134,0
            -106.324893,31.740295,0
            -106.325921,31.741,0
            -106.326216,31.741174,0
            -106.326346,31.741209,0
            -106.328041,31.742104,0
            -106.328749,31.742541,0
            -106.329021,31.742612,0
            -106.37107,31.768641,0
            -106.372091,31.769189,0
            -106.399077,31.781646,0
            -106.39976,31.78192,0
            -106.400339,31.782095,0
            -106.400592,31.782156,0
            -106.401209,31.782262,0
            -106.401682,31.782305,0
            -106.402331,31.782318,0
            -106.402863,31.782285,0
            -106.406966,31.781714,0
            -106.406968,31.781714,0
            -106.408361,31.781522,0
            -106.408682,31.781493,0
            -106.409096,31.781477,0
            -106.409727,31.7815,0
            -106.411913,31.781703,0
            -106.412765,31.781753,0
            -106.413313,31.78174,0
            -106.413977,31.78167,0
            -106.414499,31.781571,0
            -106.415013,31.781429,0
            -106.415525,31.781246,0
            -106.415798,31.781131,0
            -106.416325,31.780863,0
            -106.417009,31.780457,0
            -106.417022,31.780453,0
            -106.420008,31.778616,0
            -106.420654,31.77825,0
            -106.421112,31.778036,0
            -106.421466,31.7779,0
            -106.42196,31.777747,0
            -106.422457,31.777632,0
            -106.422827,31.777571,0
            -106.423347,31.77752,0
            -106.423867,31.777502,0
            -106.446264,31.777617,0
            -106.447237,31.777674,0
            -106.447854,31.777746,0
            -106.449967,31.778077,0
            -106.450643,31.778149,0
            -106.451628,31.778198,0
            -106.461302,31.778256,0
            -106.462082,31.778228,0
            -106.462514,31.778187,0
            -106.462908,31.778126,0
            -106.46343,31.778011,0
            -106.464095,31.7778,0
            -106.464197,31.777781,0
            -106.464759,31.777527,0
            -106.465183,31.7773,0
            -106.482855,31.765962,0
            -106.483318,31.765641,0
            -106.48428,31.765045,0
            -106.484621,31.764877,0
            -106.484719,31.764811,0
            -106.485188,31.764627,0
            -106.485524,31.764523,0
            -106.485908,31.76443,0
            -106.48796,31.764068,0
            -106.488456,31.763936,0
            -106.489005,31.763724,0
            -106.489371,31.763549,0
            -106.489769,31.763331,0
            -106.494958,31.760005,0
            -106.495448,31.759727,0
            -106.496045,31.759459,0
            -106.496351,31.759353,0
            -106.497197,31.759145,0
            -106.497778,31.759058,0
            -106.49845,31.759016,0
            -106.498921,31.759025,0
            -106.499678,31.759105,0
            -106.500185,31.759192,0
            -106.500979,31.759379,0
            -106.501454,31.759523,0
            -106.502028,31.75975,0
            -106.502389,31.759926,0
            -106.5027,31.760103,0
            -106.503084,31.760357,0
            -106.503363,31.76057,0
            -106.503726,31.760892,0
            -106.504153,31.761353,0
            -106.506267,31.764015,0
            -106.506707,31.764618,0
            -106.508909,31.768132,0
            -106.510206,31.770017,0
            -106.510639,31.770578,0
            -106.511652,31.771685,0
            -106.51336,31.773271,0
            -106.513733,31.773658,0
            -106.514456,31.774516,0
            -106.514988,31.775265,0
            -106.516181,31.777148,0
            -106.516657,31.778022,0
            -106.516925,31.778607,0
            -106.517239,31.779435,0
            -106.517511,31.780391,0
            -106.51957,31.791216,0
            -106.51967,31.791883,0
            -106.519737,31.792838,0
            -106.519661,31.798139,0
            -106.519684,31.798672,0
            -106.519756,31.799389,0
            -106.51983,31.799858,0
            -106.519996,31.800629,0
            -106.520155,31.801192,0
            -106.520407,31.801917,0
            -106.521846,31.805105,0
            -106.522139,31.805679,0
            -106.522595,31.806401,0
            -106.522836,31.806718,0
            -106.523133,31.80706,0
            -106.523433,31.807358,0
            -106.523831,31.807703,0
            -106.524321,31.808069,0
            -106.52493,31.808441,0
            -106.525695,31.808808,0
            -106.52641,31.809069,0
            -106.526931,31.809214,0
            -106.527425,31.809318,0
            -106.527922,31.809393,0
            -106.528569,31.809453,0
            -106.529449,31.809483,0
            -106.541106,31.80952,0
            -106.541671,31.809564,0
            -106.542114,31.809619,0
            -106.542591,31.809709,0
            -106.543277,31.809905,0
            -106.543793,31.810102,0
            -106.544146,31.810269,0
            -106.544774,31.810628,0
            -106.545403,31.811112,0
            -106.545578,31.81127,0
            -106.566238,31.832228,0
            -106.566311,31.832285,0
            -106.567262,31.833274,0
            -106.567744,31.83386,0
            -106.568074,31.834323,0
            -106.568438,31.834912,0
            -106.568689,31.835399,0
            -106.569045,31.836236,0
            -106.572762,31.846334,0
            -106.573032,31.847263,0
            -106.582511,31.885964,0
            -106.582583,31.886403,0
            -106.582675,31.887264,0
            -106.582702,31.887803,0
            -106.582665,31.975542,0
            -106.582639,31.976089,0
            -106.582664,32.009058,0
            -106.582788,32.010397,0
            -106.582878,32.010948,0
            -106.583195,32.012305,0
            -106.583414,32.012997,0
            -106.583731,32.013834,0
            -106.60117,32.053545,0
            -106.60493,32.060745,0
            -106.606219,32.063501,0
            -106.606261,32.063567,0
            -106.607893,32.06669,0
            -106.607922,32.066767,0
            -106.649447,32.145432,0
            -106.650383,32.147018,0
            -106.651123,32.148128,0
            -106.727716,32.254785,0
            -106.727701,32.254923,0
            -106.727963,32.255369,0
            -106.728464,32.256339,0
            -106.728904,32.257372,0
            -106.739886,32.291121,0
            -106.739944,32.291344,0
            -106.747993,32.316168,0
            -106.748291,32.316904,0
            -106.748699,32.317759,0
            -106.749194,32.318646,0
            -106.749516,32.319149,0
            -106.776555,32.358124,0
            -106.77719,32.358969,0
            -106.77772,32.359593,0
            -106.813703,32.396439,0
            -106.814496,32.397306,0
            -106.815395,32.398378,0
            -106.816515,32.399861,0
            -106.820328,32.405494,0
            -106.82104,32.406484,0
            -106.821956,32.407649,0
            -106.822632,32.408442,0
            -106.823937,32.409834,0
            -106.82514,32.410994,0
            -106.826022,32.411773,0
            -106.82945,32.414604,0
            -106.829557,32.414704,0
            -106.857702,32.437892,0
            -106.859362,32.439313,0
            -106.870833,32.448746,0
            -106.871633,32.449482,0
            -106.872285,32.450161,0
            -106.872818,32.45078,0
            -106.873376,32.451509,0
            -106.897712,32.485701,0
            -106.898281,32.486574,0
            -106.898821,32.487567,0
            -106.899279,32.488589,0
            -106.899585,32.489426,0
            -106.912396,32.532654,0
            -106.912858,32.534018,0
            -106.913305,32.535159,0
            -106.914193,32.537086,0
            -106.920129,32.548484,0
            -106.920106,32.548542,0
            -106.920103,32.548565,0
            -106.920646,32.550201,0
            -106.920941,32.550809,0
          </coordinates>
        </LineString>
      </Placemark>
      <Placemark>
        <name>Rest Area Northbound</name>
        <description><![CDATA[description: Rest stop from 2022-05-29T19:56:54.000Z to 2022-05-29T20:08:17.999Z. Distance 0m<br>Email: syugen.zhou@gmail.com<br>Category: Rest stop<br>Distance: 0]]></description>
        <styleUrl>#icon-1739-0288D1</styleUrl>
        <ExtendedData>
          <Data name="description">
            <value>Rest stop from 2022-05-29T19:56:54.000Z to 2022-05-29T20:08:17.999Z. Distance 0m</value>
          </Data>
          <Data name="Email">
            <value>syugen.zhou@gmail.com</value>
          </Data>
          <Data name="Category">
            <value>Rest stop</value>
          </Data>
          <Data name="Distance">
            <value>0</value>
          </Data>
        </ExtendedData>
        <Point>
          <coordinates>
            -106.920505,32.550661,0
          </coordinates>
        </Point>
      </Placemark>
      <Placemark>
        <name>Driving</name>
        <description><![CDATA[description: Driving from 2022-05-29T20:08:17.999Z to 2022-05-29T20:48:39.000Z. Distance 85746m<br>Email: syugen.zhou@gmail.com<br>Category: Driving<br>Distance: 85746]]></description>
        <styleUrl>#line-7CB342-5000</styleUrl>
        <ExtendedData>
          <Data name="description">
            <value>Driving from 2022-05-29T20:08:17.999Z to 2022-05-29T20:48:39.000Z. Distance 85746m</value>
          </Data>
          <Data name="Email">
            <value>syugen.zhou@gmail.com</value>
          </Data>
          <Data name="Category">
            <value>Driving</value>
          </Data>
          <Data name="Distance">
            <value>85746</value>
          </Data>
        </ExtendedData>
        <LineString>
          <tessellate>1</tessellate>
          <coordinates>
            -106.920942,32.550809,0
            -106.921189,32.551321,0
            -106.922389,32.55297,0
            -106.92241,32.552983,0
            -106.922493,32.552999,0
            -106.95823,32.621431,0
            -106.959438,32.623471,0
            -106.960626,32.625162,0
            -106.962223,32.627138,0
            -107.000671,32.666466,0
            -107.001548,32.667264,0
            -107.002999,32.668368,0
            -107.004131,32.669083,0
            -107.005373,32.669747,0
            -107.006597,32.670299,0
            -107.008142,32.670862,0
            -107.008875,32.671083,0
            -107.010342,32.671441,0
            -107.01163,32.671669,0
            -107.012917,32.671816,0
            -107.013838,32.671877,0
            -107.033408,32.672421,0
            -107.035034,32.672509,0
            -107.038002,32.672828,0
            -107.066053,32.677636,0
            -107.067602,32.67782,0
            -107.068702,32.677883,0
            -107.070408,32.677876,0
            -107.098077,32.676093,0
            -107.100449,32.676072,0
            -107.101747,32.676143,0
            -107.10394,32.676393,0
            -107.140181,32.682508,0
            -107.141211,32.682644,0
            -107.159483,32.684113,0
            -107.174662,32.686495,0
            -107.175577,32.6867,0
            -107.176223,32.686893,0
            -107.176929,32.687164,0
            -107.177614,32.687485,0
            -107.177999,32.687697,0
            -107.178765,32.688186,0
            -107.179228,32.688542,0
            -107.180008,32.689261,0
            -107.187003,32.697167,0
            -107.188562,32.699179,0
            -107.203105,32.720635,0
            -107.204435,32.722407,0
            -107.205653,32.723835,0
            -107.231395,32.749377,0
            -107.233264,32.751473,0
            -107.234093,32.752535,0
            -107.241731,32.76325,0
            -107.242907,32.764714,0
            -107.243842,32.765769,0
            -107.244948,32.766909,0
            -107.266943,32.787485,0
            -107.277931,32.796987,0
            -107.278758,32.797608,0
            -107.280702,32.798917,0
            -107.281333,32.799394,0
            -107.281893,32.799893,0
            -107.282449,32.80046,0
            -107.282974,32.801082,0
            -107.283515,32.801835,0
            -107.283931,32.802542,0
            -107.284256,32.803208,0
            -107.286005,32.807555,0
            -107.286882,32.809393,0
            -107.288077,32.811572,0
            -107.288586,32.812696,0
            -107.288834,32.813403,0
            -107.289018,32.814068,0
            -107.289172,32.814821,0
            -107.289257,32.815472,0
            -107.289311,32.816348,0
            -107.28878,32.837983,0
            -107.287137,32.852438,0
            -107.287078,32.853546,0
            -107.287103,32.854527,0
            -107.287278,32.855993,0
            -107.287647,32.857545,0
            -107.292742,32.873032,0
            -107.293189,32.874168,0
            -107.293633,32.875074,0
            -107.294206,32.876059,0
            -107.295193,32.87744,0
            -107.316001,32.900503,0
            -107.31689,32.901717,0
            -107.31741,32.902605,0
            -107.317929,32.903731,0
            -107.318256,32.904676,0
            -107.318489,32.905592,0
            -107.318609,32.90628,0
            -107.318678,32.907169,0
            -107.318824,32.923344,0
            -107.318796,32.923917,0
            -107.318562,32.925612,0
            -107.314893,32.941216,0
            -107.314723,32.942541,0
            -107.3147,32.94409,0
            -107.315482,32.958327,0
            -107.315402,32.960532,0
            -107.312903,32.981635,0
            -107.312902,32.982431,0
            -107.312997,32.983515,0
            -107.313131,32.984293,0
            -107.31356,32.985788,0
            -107.314878,32.989186,0
            -107.314991,32.989594,0
            -107.317627,32.996498,0
            -107.317968,32.997571,0
            -107.318296,32.999208,0
            -107.31841,33.000669,0
            -107.318392,33.001651,0
            -107.318277,33.002823,0
            -107.3117,33.041999,0
            -107.309526,33.050863,0
            -107.309327,33.051949,0
            -107.30923,33.052828,0
            -107.307148,33.090096,0
            -107.306936,33.091392,0
            -107.306659,33.092479,0
            -107.306411,33.093229,0
            -107.299213,33.110888,0
            -107.298843,33.112131,0
            -107.298649,33.113031,0
            -107.298001,33.117455,0
            -107.297726,33.118516,0
            -107.297496,33.119098,0
            -107.296925,33.120136,0
            -107.296365,33.12088,0
            -107.295787,33.121495,0
            -107.295174,33.122027,0
            -107.294464,33.122545,0
            -107.27505,33.134894,0
            -107.273737,33.135804,0
            -107.255928,33.149286,0
            -107.255162,33.15002,0
            -107.254564,33.150751,0
            -107.25404,33.151577,0
            -107.253655,33.15241,0
            -107.253444,33.153033,0
            -107.253319,33.153532,0
            -107.253215,33.154218,0
            -107.253152,33.154287,0
            -107.253119,33.154369,0
            -107.252883,33.155422,0
            -107.252809,33.155645,0
            -107.252433,33.156402,0
            -107.252318,33.15672,0
            -107.252253,33.156841,0
            -107.252184,33.156904,0
            -107.252051,33.156961,0
            -107.251842,33.157004,0
            -107.251506,33.156884,0
            -107.250952,33.156627,0
            -107.25053,33.156352,0
            -107.249361,33.155335,0
            -107.249507,33.15523,0
          </coordinates>
        </LineString>
      </Placemark>
      <Placemark>
        <name>Chevron</name>
        <description><![CDATA[description: Gas station from 2022-05-29T20:48:39.000Z to 2022-05-29T20:58:57.000Z. Distance 0m<br>Email: syugen.zhou@gmail.com<br>Category: Gas station<br>Distance: 0]]></description>
        <styleUrl>#icon-1739-0288D1</styleUrl>
        <ExtendedData>
          <Data name="description">
            <value>Gas station from 2022-05-29T20:48:39.000Z to 2022-05-29T20:58:57.000Z. Distance 0m</value>
          </Data>
          <Data name="Email">
            <value>syugen.zhou@gmail.com</value>
          </Data>
          <Data name="Category">
            <value>Gas station</value>
          </Data>
          <Data name="Distance">
            <value>0</value>
          </Data>
        </ExtendedData>
        <Point>
          <coordinates>
            -107.249231,33.154908,0
          </coordinates>
        </Point>
      </Placemark>
      <Placemark>
        <name>Driving</name>
        <description><![CDATA[description: Driving from 2022-05-29T20:58:57.000Z to 2022-05-29T22:52:51.835Z. Distance 238686m<br>Email: syugen.zhou@gmail.com<br>Category: Driving<br>Distance: 238686]]></description>
        <styleUrl>#line-7CB342-5000</styleUrl>
        <ExtendedData>
          <Data name="description">
            <value>Driving from 2022-05-29T20:58:57.000Z to 2022-05-29T22:52:51.835Z. Distance 238686m</value>
          </Data>
          <Data name="Email">
            <value>syugen.zhou@gmail.com</value>
          </Data>
          <Data name="Category">
            <value>Driving</value>
          </Data>
          <Data name="Distance">
            <value>238686</value>
          </Data>
        </ExtendedData>
        <LineString>
          <tessellate>1</tessellate>
          <coordinates>
            -107.249542,33.155205,0
            -107.249243,33.155429,0
            -107.250407,33.156435,0
            -107.25056,33.156617,0
            -107.250947,33.156994,0
            -107.251253,33.157328,0
            -107.251722,33.157919,0
            -107.252203,33.158627,0
            -107.252574,33.159301,0
            -107.2527,33.159606,0
            -107.252881,33.160138,0
            -107.252952,33.160415,0
            -107.253037,33.160868,0
            -107.253095,33.161357,0
            -107.253158,33.161461,0
            -107.253052,33.194145,0
            -107.253096,33.194976,0
            -107.253235,33.196253,0
            -107.255159,33.207494,0
            -107.25523,33.208199,0
            -107.255974,33.222425,0
            -107.256064,33.223124,0
            -107.256204,33.22386,0
            -107.256445,33.224798,0
            -107.262419,33.243443,0
            -107.262586,33.244053,0
            -107.263617,33.247252,0
            -107.263703,33.247481,0
            -107.274516,33.281198,0
            -107.274771,33.281813,0
            -107.275071,33.282427,0
            -107.275344,33.282915,0
            -107.275845,33.283698,0
            -107.276294,33.284312,0
            -107.27685,33.284971,0
            -107.277158,33.2853,0
            -107.277682,33.285807,0
            -107.286715,33.293884,0
            -107.287268,33.294419,0
            -107.287612,33.294805,0
            -107.287949,33.29525,0
            -107.288177,33.295589,0
            -107.288404,33.295972,0
            -107.288609,33.296383,0
            -107.288893,33.297086,0
            -107.289078,33.297725,0
            -107.289627,33.300495,0
            -107.289857,33.30135,0
            -107.290142,33.302196,0
            -107.290387,33.302801,0
            -107.291214,33.304588,0
            -107.291323,33.304858,0
            -107.291473,33.305291,0
            -107.291558,33.305598,0
            -107.291679,33.306152,0
            -107.291743,33.30659,0
            -107.291793,33.307233,0
            -107.291777,33.307973,0
            -107.291119,33.313914,0
            -107.2911,33.314575,0
            -107.29111,33.314952,0
            -107.291148,33.31544,0
            -107.29122,33.315971,0
            -107.291404,33.316824,0
            -107.291629,33.317558,0
            -107.291873,33.318172,0
            -107.292055,33.318569,0
            -107.292321,33.31907,0
            -107.292554,33.31946,0
            -107.292893,33.319973,0
            -107.294428,33.321916,0
            -107.29469,33.322276,0
            -107.294987,33.322765,0
            -107.295183,33.323165,0
            -107.295311,33.323478,0
            -107.295439,33.32387,0
            -107.295527,33.324211,0
            -107.295622,33.32479,0
            -107.295651,33.32528,0
            -107.295628,33.325828,0
            -107.295574,33.326228,0
            -107.295505,33.326569,0
            -107.295338,33.327138,0
            -107.255811,33.417638,0
            -107.255799,33.417724,0
            -107.247722,33.435867,0
            -107.247292,33.436673,0
            -107.246811,33.437449,0
            -107.246203,33.438304,0
            -107.243825,33.44119,0
            -107.243755,33.441261,0
            -107.234379,33.452543,0
            -107.233928,33.453116,0
            -107.233478,33.45375,0
            -107.232998,33.454507,0
            -107.186044,33.543303,0
            -107.184279,33.546426,0
            -107.15115,33.608975,0
            -107.150508,33.610059,0
            -107.149945,33.610854,0
            -107.149358,33.611592,0
            -107.14871,33.612315,0
            -107.148036,33.61298,0
            -107.098937,33.65567,0
            -107.096836,33.657307,0
            -107.089822,33.662243,0
            -107.089325,33.66262,0
            -107.088519,33.663308,0
            -107.060529,33.690286,0
            -107.048086,33.702065,0
            -107.047999,33.702126,0
            -107.040707,33.70904,0
            -107.018898,33.730032,0
            -107.017446,33.731476,0
            -106.935438,33.816913,0
            -106.935256,33.817063,0
            -106.928572,33.824022,0
            -106.927877,33.824802,0
            -106.927441,33.825347,0
            -106.926833,33.82621,0
            -106.926297,33.827082,0
            -106.90398,33.870208,0
            -106.900341,33.877096,0
            -106.898912,33.879956,0
            -106.879476,33.917572,0
            -106.879282,33.917986,0
            -106.879105,33.918426,0
            -106.8789,33.919065,0
            -106.878786,33.919552,0
            -106.878695,33.920055,0
            -106.878646,33.920519,0
            -106.878627,33.920942,0
            -106.878631,33.921444,0
            -106.878664,33.921929,0
            -106.878725,33.922369,0
            -106.891256,33.979897,0
            -106.89155,33.98153,0
            -106.894783,34.002482,0
            -106.89486,34.003171,0
            -106.894952,34.004359,0
            -106.894981,34.005147,0
            -106.894983,34.00624,0
            -106.894077,34.021516,0
            -106.893959,34.022822,0
            -106.893817,34.02384,0
            -106.893538,34.025324,0
            -106.893166,34.026837,0
            -106.888502,34.043307,0
            -106.88824,34.044386,0
            -106.887971,34.045749,0
            -106.887833,34.046649,0
            -106.887101,34.053121,0
            -106.88705,34.053791,0
            -106.887037,34.054449,0
            -106.88705,34.055084,0
            -106.887097,34.05573,0
            -106.888513,34.066436,0
            -106.888697,34.067299,0
            -106.888843,34.067832,0
            -106.889105,34.068642,0
            -106.889311,34.069175,0
            -106.889616,34.069869,0
            -106.889834,34.070313,0
            -106.893861,34.07757,0
            -106.894286,34.078408,0
            -106.894676,34.079319,0
            -106.89497,34.080162,0
            -106.895155,34.080811,0
            -106.901816,34.107827,0
            -106.908894,34.13153,0
            -106.918234,34.158943,0
            -106.918519,34.160026,0
            -106.924593,34.189985,0
            -106.924719,34.190862,0
            -106.924786,34.191657,0
            -106.924801,34.192418,0
            -106.924682,34.206031,0
            -106.92465,34.20681,0
            -106.924553,34.208128,0
            -106.924479,34.208787,0
            -106.924262,34.21019,0
            -106.924047,34.211289,0
            -106.923893,34.21194,0
            -106.923558,34.213111,0
            -106.923176,34.214275,0
            -106.887823,34.310108,0
            -106.880582,34.327629,0
            -106.880141,34.328832,0
            -106.879646,34.330449,0
            -106.879342,34.331673,0
            -106.879129,34.332732,0
            -106.875446,34.355899,0
            -106.875208,34.357092,0
            -106.875049,34.357763,0
            -106.874646,34.359213,0
            -106.874418,34.359915,0
            -106.87408,34.360851,0
            -106.87354,34.362158,0
            -106.872904,34.363505,0
            -106.872589,34.364107,0
            -106.85306,34.398825,0
            -106.852129,34.400378,0
            -106.851431,34.401411,0
            -106.83431,34.424184,0
            -106.833895,34.424768,0
            -106.833462,34.425449,0
            -106.833019,34.426246,0
            -106.832769,34.426756,0
            -106.832457,34.427485,0
            -106.832184,34.428222,0
            -106.798389,34.541213,0
            -106.798223,34.54186,0
            -106.798019,34.542826,0
            -106.782695,34.627663,0
            -106.782638,34.628098,0
            -106.782581,34.628793,0
            -106.782571,34.62995,0
            -106.782588,34.630038,0
            -106.78259,34.630122,0
            -106.782602,34.630192,0
            -106.782596,34.630347,0
            -106.782761,34.631617,0
            -106.78289,34.632258,0
            -106.783191,34.633394,0
            -106.78332,34.633771,0
            -106.783964,34.635301,0
            -106.784464,34.636266,0
            -106.785019,34.637149,0
            -106.785478,34.637793,0
            -106.790192,34.643784,0
            -106.790676,34.64444,0
            -106.791412,34.645507,0
            -106.792066,34.646549,0
            -106.792407,34.647136,0
            -106.793149,34.648543,0
            -106.793946,34.650287,0
            -106.794439,34.65151,0
            -106.794902,34.652975,0
            -106.79643,34.658719,0
            -106.796591,34.659463,0
            -106.796689,34.660203,0
            -106.796784,34.661313,0
            -106.796774,34.662389,0
            -106.796766,34.662425,0
            -106.796681,34.663467,0
            -106.796439,34.665559,0
            -106.796333,34.666786,0
            -106.795973,34.669931,0
            -106.79597,34.670016,0
            -106.7959,34.670521,0
            -106.795723,34.672321,0
            -106.795643,34.672879,0
            -106.795581,34.673651,0
            -106.795391,34.675226,0
            -106.795214,34.677295,0
            -106.794956,34.679293,0
            -106.794503,34.683608,0
            -106.794404,34.684304,0
            -106.793838,34.689899,0
            -106.793293,34.694382,0
            -106.793112,34.696244,0
            -106.793058,34.69659,0
            -106.792863,34.698379,0
            -106.792507,34.700866,0
            -106.792118,34.702853,0
            -106.788715,34.717867,0
            -106.78803,34.721385,0
            -106.787675,34.723935,0
            -106.787473,34.725988,0
            -106.787332,34.729724,0
            -106.787291,34.736349,0
            -106.78724,34.738078,0
            -106.787271,34.739256,0
            -106.787193,34.741801,0
            -106.787113,34.748924,0
            -106.787001,34.750408,0
            -106.786913,34.751154,0
            -106.786749,34.752114,0
            -106.786521,34.753066,0
            -106.78639,34.753728,0
            -106.785815,34.755927,0
            -106.785602,34.756579,0
            -106.785249,34.757531,0
            -106.782749,34.763437,0
            -106.782341,34.764325,0
            -106.773827,34.784227,0
            -106.773456,34.785155,0
            -106.762208,34.811386,0
            -106.762181,34.811517,0
            -106.752234,34.834778,0
            -106.751574,34.83642,0
            -106.749377,34.842682,0
            -106.748991,34.843623,0
            -106.747428,34.847022,0
            -106.746678,34.848532,0
            -106.730114,34.878606,0
            -106.729666,34.879507,0
            -106.729482,34.879922,0
            -106.729049,34.881044,0
            -106.728615,34.882301,0
            -106.728178,34.883693,0
            -106.727799,34.885176,0
            -106.727611,34.886144,0
            -106.72746,34.887118,0
            -106.726547,34.894164,0
            -106.726133,34.896345,0
            -106.725813,34.89784,0
            -106.725019,34.900697,0
            -106.725014,34.900799,0
            -106.721706,34.912671,0
            -106.721567,34.913234,0
            -106.71731,34.928424,0
            -106.717076,34.929069,0
            -106.716725,34.9299,0
            -106.716525,34.930319,0
            -106.716086,34.931127,0
            -106.715661,34.931815,0
            -106.715125,34.932576,0
            -106.714756,34.933047,0
            -106.713796,34.934125,0
            -106.713184,34.934737,0
            -106.712828,34.935059,0
            -106.711677,34.935993,0
            -106.706091,34.940291,0
            -106.705354,34.940906,0
            -106.704346,34.941803,0
            -106.703559,34.942558,0
            -106.702852,34.943275,0
            -106.700942,34.945353,0
            -106.700493,34.945775,0
            -106.700127,34.946071,0
            -106.6998,34.946313,0
            -106.699225,34.946696,0
            -106.698556,34.947066,0
            -106.698208,34.947233,0
            -106.697621,34.947474,0
            -106.697246,34.947607,0
            -106.696715,34.947763,0
            -106.696498,34.94785,0
            -106.695838,34.94799,0
            -106.695188,34.948098,0
            -106.682235,34.949849,0
            -106.669759,34.951437,0
            -106.669265,34.951516,0
            -106.666111,34.951929,0
            -106.665582,34.95203,0
            -106.664938,34.952186,0
            -106.664259,34.952394,0
            -106.663579,34.952654,0
            -106.662968,34.952933,0
            -106.662202,34.953355,0
            -106.661644,34.953737,0
            -106.661253,34.954041,0
            -106.660889,34.954352,0
            -106.660589,34.954636,0
            -106.660247,34.954992,0
            -106.659848,34.955464,0
            -106.659496,34.955968,0
            -106.65924,34.956378,0
            -106.658982,34.956861,0
            -106.658787,34.957317,0
            -106.653272,34.975807,0
            -106.653172,34.976089,0
            -106.650425,34.985334,0
            -106.639617,35.015997,0
            -106.639569,35.016098,0
            -106.638843,35.018232,0
            -106.638671,35.018868,0
            -106.63855,35.019415,0
            -106.638391,35.020349,0
            -106.63831,35.021213,0
            -106.638269,35.022725,0
            -106.638255,35.02285,0
            -106.638228,35.022918,0
            -106.638235,35.023053,0
            -106.638086,35.029456,0
            -106.637937,35.032435,0
            -106.637888,35.035862,0
            -106.637905,35.035963,0
            -106.637861,35.03794,0
            -106.637869,35.038021,0
            -106.63763,35.051622,0
            -106.637608,35.051732,0
            -106.637573,35.054687,0
            -106.637611,35.055356,0
            -106.637697,35.056231,0
            -106.637727,35.056315,0
            -106.639956,35.073554,0
            -106.639975,35.073998,0
            -106.639968,35.074213,0
            -106.639938,35.074435,0
            -106.639892,35.074648,0
            -106.639821,35.074866,0
            -106.63973,35.075079,0
            -106.639569,35.075366,0
            -106.639427,35.075569,0
            -106.638128,35.077157,0
            -106.637985,35.07735,0
            -106.63777,35.077676,0
            -106.63764,35.077907,0
            -106.637547,35.078104,0
            -106.637433,35.078396,0
            -106.637356,35.078637,0
            -106.636822,35.08139,0
            -106.636782,35.081493,0
            -106.636452,35.083195,0
            -106.636417,35.083489,0
            -106.635662,35.087272,0
            -106.635419,35.088271,0
            -106.635055,35.089536,0
            -106.635002,35.08963,0
            -106.634863,35.090056,0
            -106.632068,35.097736,0
            -106.631845,35.098417,0
            -106.628798,35.106749,0
            -106.628413,35.107711,0
            -106.627408,35.110046,0
            -106.626957,35.1112,0
            -106.626903,35.111301,0
            -106.623467,35.120703,0
            -106.623231,35.121256,0
            -106.622705,35.122315,0
            -106.62213,35.123253,0
            -106.621523,35.124099,0
            -106.621123,35.124597,0
            -106.620594,35.125201,0
            -106.620108,35.125707,0
            -106.619311,35.126452,0
            -106.618489,35.127128,0
            -106.617909,35.127563,0
            -106.617329,35.127961,0
            -106.598312,35.139574,0
            -106.598227,35.139575,0
            -106.598126,35.139588,0
            -106.597002,35.140058,0
            -106.596714,35.140124,0
            -106.595614,35.140557,0
            -106.595342,35.140652,0
            -106.594787,35.140875,0
            -106.594417,35.141042,0
            -106.594321,35.141101,0
            -106.595662,35.142336,0
            -106.595773,35.142285,0
            -106.595992,35.142105,0
            -106.597098,35.141083,0
            -106.598006,35.140344,0
            -106.598575,35.139935,0
            -106.598675,35.139877,0
            -106.599415,35.140704,0
            -106.599237,35.140858,0
            -106.59939,35.141046,0
            -106.599557,35.141219,0
          </coordinates>
        </LineString>
      </Placemark>
      <Placemark>
        <name>TownePlace Suites by Marriott Albuquerque North</name>
        <description><![CDATA[description: Hotel from 2022-05-29T22:52:51.835Z to 2022-05-29T23:56:45.700Z. Distance 0m<br>Email: syugen.zhou@gmail.com<br>Category: Hotel<br>Distance: 0]]></description>
        <styleUrl>#icon-1602-0288D1</styleUrl>
        <ExtendedData>
          <Data name="description">
            <value>Hotel from 2022-05-29T22:52:51.835Z to 2022-05-29T23:56:45.700Z. Distance 0m</value>
          </Data>
          <Data name="Email">
            <value>syugen.zhou@gmail.com</value>
          </Data>
          <Data name="Category">
            <value>Hotel</value>
          </Data>
          <Data name="Distance">
            <value>0</value>
          </Data>
        </ExtendedData>
        <Point>
          <coordinates>
            -106.599108,35.141533,0
          </coordinates>
        </Point>
      </Placemark>
      <Placemark>
        <name>Driving</name>
        <description><![CDATA[description: Driving from 2022-05-29T23:56:45.700Z to 2022-05-30T00:05:23.000Z. Distance 4199m<br>Email: syugen.zhou@gmail.com<br>Category: Driving<br>Distance: 4199]]></description>
        <styleUrl>#line-7CB342-5000</styleUrl>
        <ExtendedData>
          <Data name="description">
            <value>Driving from 2022-05-29T23:56:45.700Z to 2022-05-30T00:05:23.000Z. Distance 4199m</value>
          </Data>
          <Data name="Email">
            <value>syugen.zhou@gmail.com</value>
          </Data>
          <Data name="Category">
            <value>Driving</value>
          </Data>
          <Data name="Distance">
            <value>4199</value>
          </Data>
        </ExtendedData>
        <LineString>
          <tessellate>1</tessellate>
          <coordinates>
            -106.599704,35.141385,0
            -106.599922,35.141262,0
            -106.600149,35.141551,0
            -106.600308,35.141785,0
            -106.600356,35.141842,0
            -106.600544,35.142225,0
            -106.600792,35.142835,0
            -106.600858,35.143026,0
            -106.600898,35.14317,0
            -106.600974,35.143651,0
            -106.601003,35.144276,0
            -106.600994,35.144654,0
            -106.599923,35.144654,0
            -106.598447,35.144691,0
            -106.598247,35.144686,0
            -106.597933,35.144665,0
            -106.597901,35.144659,0
            -106.597819,35.144611,0
            -106.597792,35.1446,0
            -106.597675,35.144575,0
            -106.597024,35.144468,0
            -106.597039,35.144141,0
            -106.59703,35.143951,0
            -106.597017,35.143859,0
            -106.596987,35.143725,0
            -106.596895,35.143477,0
            -106.596735,35.143202,0
            -106.59668,35.143126,0
            -106.5965,35.142931,0
            -106.596258,35.142701,0
            -106.595773,35.142285,0
            -106.595323,35.141878,0
            -106.595039,35.141641,0
            -106.594417,35.141042,0
            -106.594321,35.141101,0
            -106.59417,35.14126,0
            -106.594017,35.141406,0
            -106.593523,35.141973,0
            -106.593399,35.142101,0
            -106.593107,35.142345,0
            -106.592028,35.143308,0
            -106.59178,35.143545,0
            -106.591395,35.14395,0
            -106.591065,35.144343,0
            -106.59095,35.14449,0
            -106.590715,35.144822,0
            -106.590427,35.145276,0
            -106.589849,35.145037,0
            -106.589608,35.144956,0
            -106.589415,35.144912,0
            -106.589265,35.1449,0
            -106.587275,35.144899,0
            -106.586542,35.144878,0
            -106.586367,35.144899,0
            -106.585096,35.144886,0
            -106.583842,35.144891,0
            -106.583561,35.144897,0
            -106.583093,35.144894,0
            -106.58309,35.145185,0
            -106.583112,35.145481,0
            -106.583105,35.14749,0
            -106.58265,35.147287,0
            -106.582245,35.147123,0
            -106.582154,35.147077,0
            -106.581758,35.146899,0
            -106.581723,35.146887,0
            -106.580706,35.146451,0
            -106.579454,35.145882,0
            -106.578999,35.145695,0
            -106.578758,35.145604,0
            -106.578439,35.145503,0
            -106.57815,35.145426,0
            -106.577813,35.145352,0
            -106.577308,35.145281,0
            -106.576929,35.145248,0
            -106.573415,35.145231,0
            -106.572586,35.14524,0
            -106.570048,35.14522,0
            -106.569784,35.145229,0
            -106.566383,35.145237,0
            -106.564356,35.145218,0
            -106.563872,35.145227,0
            -106.557091,35.145212,0
            -106.556795,35.145222,0
            -106.556557,35.145239,0
            -106.555856,35.145333,0
            -106.555535,35.145403,0
            -106.555159,35.145516,0
            -106.554973,35.145578,0
            -106.554479,35.145766,0
            -106.553807,35.146045,0
            -106.55367,35.146094,0
            -106.553734,35.146235,0
            -106.554025,35.146672,0
            -106.554303,35.147028,0
            -106.554437,35.147171,0
            -106.554987,35.147677,0
            -106.555286,35.147913,0
            -106.555401,35.147816,0
            -106.556225,35.147312,0
          </coordinates>
        </LineString>
      </Placemark>
      <Placemark>
        <name>Noodle Works</name>
        <description><![CDATA[description: Restaurant from 2022-05-30T00:05:23.000Z to 2022-05-30T01:21:20.000Z. Distance 0m<br>Email: syugen.zhou@gmail.com<br>Category: Restaurant<br>Distance: 0]]></description>
        <styleUrl>#icon-1739-0288D1</styleUrl>
        <ExtendedData>
          <Data name="description">
            <value>Restaurant from 2022-05-30T00:05:23.000Z to 2022-05-30T01:21:20.000Z. Distance 0m</value>
          </Data>
          <Data name="Email">
            <value>syugen.zhou@gmail.com</value>
          </Data>
          <Data name="Category">
            <value>Restaurant</value>
          </Data>
          <Data name="Distance">
            <value>0</value>
          </Data>
        </ExtendedData>
        <Point>
          <coordinates>
            -106.556671,35.147311,0
          </coordinates>
        </Point>
      </Placemark>
      <Placemark>
        <name>Driving</name>
        <description><![CDATA[description: Driving from 2022-05-30T01:21:20.547Z to 2022-05-30T01:27:51.105Z. Distance 4016m<br>Email: syugen.zhou@gmail.com<br>Category: Driving<br>Distance: 4016]]></description>
        <styleUrl>#line-7CB342-5000</styleUrl>
        <ExtendedData>
          <Data name="description">
            <value>Driving from 2022-05-30T01:21:20.547Z to 2022-05-30T01:27:51.105Z. Distance 4016m</value>
          </Data>
          <Data name="Email">
            <value>syugen.zhou@gmail.com</value>
          </Data>
          <Data name="Category">
            <value>Driving</value>
          </Data>
          <Data name="Distance">
            <value>4016</value>
          </Data>
        </ExtendedData>
        <LineString>
          <tessellate>1</tessellate>
          <coordinates>
            -106.55609,35.147168,0
            -106.555564,35.146546,0
            -106.555351,35.146307,0
            -106.555243,35.146154,0
            -106.555042,35.145701,0
            -106.555471,35.145565,0
            -106.555658,35.145515,0
            -106.555994,35.145448,0
            -106.556094,35.145432,0
            -106.556638,35.145364,0
            -106.557009,35.145345,0
            -106.569146,35.145369,0
            -106.569931,35.145352,0
            -106.576909,35.145385,0
            -106.577289,35.145406,0
            -106.577999,35.145521,0
            -106.578397,35.145628,0
            -106.57872,35.145733,0
            -106.579016,35.145846,0
            -106.579394,35.146005,0
            -106.580127,35.146335,0
            -106.583067,35.1476,0
            -106.583305,35.147689,0
            -106.583614,35.147787,0
            -106.584078,35.147904,0
            -106.584845,35.148054,0
            -106.585099,35.148082,0
            -106.585213,35.148089,0
            -106.585254,35.148083,0
            -106.58537,35.148058,0
            -106.586348,35.148066,0
            -106.586348,35.148619,0
            -106.586363,35.148967,0
            -106.586356,35.149482,0
            -106.586336,35.149929,0
            -106.586343,35.150096,0
            -106.586371,35.150376,0
            -106.586441,35.150707,0
            -106.586475,35.150831,0
            -106.586582,35.151141,0
            -106.586801,35.151605,0
            -106.587002,35.151889,0
            -106.587135,35.152059,0
            -106.587352,35.152291,0
            -106.587745,35.152669,0
            -106.588213,35.15303,0
            -106.589716,35.154077,0
            -106.589849,35.15396,0
            -106.590115,35.153704,0
            -106.590325,35.153468,0
            -106.590393,35.153375,0
            -106.590496,35.153204,0
            -106.59056,35.153059,0
            -106.590586,35.15298,0
            -106.590638,35.152769,0
            -106.590658,35.152643,0
            -106.590661,35.152585,0
            -106.590651,35.152398,0
            -106.590632,35.152269,0
            -106.590605,35.152156,0
            -106.590516,35.151925,0
            -106.590319,35.151522,0
            -106.590259,35.151377,0
            -106.590191,35.151175,0
            -106.590083,35.150798,0
            -106.590052,35.150653,0
            -106.590024,35.150482,0
            -106.589985,35.150125,0
            -106.589969,35.149758,0
            -106.589975,35.149567,0
            -106.590004,35.149226,0
            -106.59016,35.148323,0
            -106.590386,35.147287,0
            -106.590492,35.146902,0
            -106.590563,35.146687,0
            -106.590735,35.146262,0
            -106.590865,35.145981,0
            -106.591004,35.145714,0
            -106.591258,35.145291,0
            -106.591524,35.144906,0
            -106.591711,35.144674,0
            -106.591884,35.144477,0
            -106.592273,35.144135,0
            -106.592582,35.14388,0
            -106.592787,35.143728,0
            -106.593247,35.143427,0
            -106.593684,35.143166,0
            -106.594091,35.142957,0
            -106.595662,35.142336,0
            -106.595773,35.142285,0
            -106.595992,35.142104,0
            -106.596316,35.141811,0
            -106.59669,35.141452,0
            -106.597098,35.141083,0
            -106.598006,35.140344,0
            -106.598575,35.139935,0
            -106.598675,35.139877,0
            -106.599858,35.141182,0
            -106.599922,35.141262,0
            -106.599704,35.141385,0
          </coordinates>
        </LineString>
      </Placemark>
      <Placemark>
        <name>TownePlace Suites by Marriott Albuquerque North</name>
        <description><![CDATA[description: Hotel from 2022-05-30T01:27:51.105Z to 2022-05-30T17:32:33.999Z. Distance 0m<br>Email: syugen.zhou@gmail.com<br>Category: Hotel<br>Distance: 0]]></description>
        <styleUrl>#icon-1602-0288D1</styleUrl>
        <ExtendedData>
          <Data name="description">
            <value>Hotel from 2022-05-30T01:27:51.105Z to 2022-05-30T17:32:33.999Z. Distance 0m</value>
          </Data>
          <Data name="Email">
            <value>syugen.zhou@gmail.com</value>
          </Data>
          <Data name="Category">
            <value>Hotel</value>
          </Data>
          <Data name="Distance">
            <value>0</value>
          </Data>
        </ExtendedData>
        <Point>
          <coordinates>
            -106.599108,35.141533,0
          </coordinates>
        </Point>
      </Placemark>
    </Folder>
    <Folder>
      <name>2022-05-28</name>
      <Placemark>
        <name><![CDATA[Holiday Inn Express & Suites El Paso North, an IHG Hotel]]></name>
        <description><![CDATA[description: Hotel from 2022-05-28T01:28:15.999Z to 2022-05-28T16:28:02.999Z. Distance 0m<br>Email: syugen.zhou@gmail.com<br>Category: Hotel<br>Distance: 0]]></description>
        <styleUrl>#icon-1602-0288D1</styleUrl>
        <ExtendedData>
          <Data name="description">
            <value>Hotel from 2022-05-28T01:28:15.999Z to 2022-05-28T16:28:02.999Z. Distance 0m</value>
          </Data>
          <Data name="Email">
            <value>syugen.zhou@gmail.com</value>
          </Data>
          <Data name="Category">
            <value>Hotel</value>
          </Data>
          <Data name="Distance">
            <value>0</value>
          </Data>
        </ExtendedData>
        <Point>
          <coordinates>
            -106.441628,31.861448,0
          </coordinates>
        </Point>
      </Placemark>
      <Placemark>
        <name>Driving</name>
        <description><![CDATA[description: Driving from 2022-05-28T16:28:02.999Z to 2022-05-28T16:49:31.000Z. Distance 25045m<br>Email: syugen.zhou@gmail.com<br>Category: Driving<br>Distance: 25045]]></description>
        <styleUrl>#line-FFEA00-5000</styleUrl>
        <ExtendedData>
          <Data name="description">
            <value>Driving from 2022-05-28T16:28:02.999Z to 2022-05-28T16:49:31.000Z. Distance 25045m</value>
          </Data>
          <Data name="Email">
            <value>syugen.zhou@gmail.com</value>
          </Data>
          <Data name="Category">
            <value>Driving</value>
          </Data>
          <Data name="Distance">
            <value>25045</value>
          </Data>
        </ExtendedData>
        <LineString>
          <tessellate>1</tessellate>
          <coordinates>
            -106.44125,31.861504,0
            -106.441,31.851856,0
            -106.440731,31.84941,0
            -106.440556,31.843979,0
            -106.440501,31.843875,0
            -106.440148,31.84182,0
            -106.440068,31.841706,0
            -106.439799,31.830727,0
            -106.439608,31.829344,0
            -106.437876,31.824612,0
            -106.437787,31.823545,0
            -106.438116,31.822353,0
            -106.440077,31.819194,0
            -106.440466,31.818346,0
            -106.441721,31.813986,0
            -106.442536,31.806487,0
            -106.442386,31.80433,0
            -106.441621,31.801223,0
            -106.441658,31.801071,0
            -106.441511,31.799982,0
            -106.441742,31.780644,0
            -106.441969,31.779768,0
            -106.442494,31.778504,0
            -106.442918,31.778084,0
            -106.443263,31.777916,0
            -106.443581,31.777838,0
            -106.446262,31.777836,0
            -106.449073,31.77804,0
            -106.449253,31.777968,0
            -106.450643,31.778149,0
            -106.462082,31.778228,0
            -106.462908,31.778126,0
            -106.464197,31.777781,0
            -106.465183,31.7773,0
            -106.484719,31.764811,0
            -106.485908,31.76443,0
            -106.487961,31.764068,0
            -106.489005,31.763724,0
            -106.495448,31.759727,0
            -106.496351,31.759353,0
            -106.497778,31.759058,0
            -106.498921,31.759025,0
            -106.500979,31.759379,0
            -106.502028,31.75975,0
            -106.503363,31.76057,0
            -106.504153,31.761353,0
            -106.506707,31.764618,0
            -106.510639,31.770578,0
            -106.514456,31.774516,0
            -106.516657,31.778022,0
            -106.517239,31.779435,0
            -106.519241,31.789477,0
            -106.519172,31.789559,0
            -106.51919,31.790818,0
            -106.51892,31.792645,0
            -106.518971,31.79315,0
            -106.519189,31.793765,0
            -106.522935,31.790568,0
            -106.523968,31.788981,0
            -106.524484,31.788556,0
            -106.525082,31.788336,0
            -106.525704,31.788277,0
            -106.525786,31.788294,0
            -106.525908,31.788418,0
            -106.526005,31.788951,0
            -106.526061,31.789,0
            -106.526219,31.789522,0
            -106.526444,31.789944,0
            -106.527018,31.790646,0
            -106.528231,31.791602,0
            -106.531207,31.793253,0
            -106.532488,31.79442,0
            -106.533044,31.795243,0
            -106.534373,31.797895,0
            -106.535594,31.799441,0
            -106.535609,31.799521,0
            -106.537646,31.80177,0
            -106.538609,31.802399,0
            -106.539822,31.802869,0
            -106.539863,31.802858,0
            -106.540499,31.802981,0
            -106.540924,31.802882,0
            -106.542943,31.80147,0
            -106.547766,31.799937,0
            -106.549133,31.799166,0
            -106.551818,31.797175,0
            -106.553521,31.796344,0
            -106.554901,31.79593,0
            -106.555076,31.795246,0
            -106.555346,31.794816,0
            -106.555737,31.794433,0
            -106.558366,31.792914,0
            -106.558683,31.792821,0
            -106.560013,31.792662,0
            -106.561526,31.792071,0
            -106.562519,31.791467,0
            -106.564263,31.790017,0
            -106.564896,31.789642,0
            -106.568883,31.785585,0
            -106.569419,31.784745,0
          </coordinates>
        </LineString>
      </Placemark>
      <Placemark>
        <name>Border</name>
        <description><![CDATA[description: from 2022-05-28T16:49:31.000Z to 2022-05-28T16:53:00.000Z. Distance 0m<br>Email: syugen.zhou@gmail.com<br>Category: <br>Distance: 0]]></description>
        <styleUrl>#icon-1739-0288D1</styleUrl>
        <ExtendedData>
          <Data name="description">
            <value>from 2022-05-28T16:49:31.000Z to 2022-05-28T16:53:00.000Z. Distance 0m</value>
          </Data>
          <Data name="Email">
            <value>syugen.zhou@gmail.com</value>
          </Data>
          <Data name="Category">
            <value/>
          </Data>
          <Data name="Distance">
            <value>0</value>
          </Data>
        </ExtendedData>
        <Point>
          <coordinates>
            -106.569334,31.784612,0
          </coordinates>
        </Point>
      </Placemark>
      <Placemark>
        <name>Walking</name>
        <description><![CDATA[description: Walking from 2022-05-28T16:53:00.000Z to 2022-05-28T17:14:48.348Z. Distance 1622m<br>Email: syugen.zhou@gmail.com<br>Category: Walking<br>Distance: 1622]]></description>
        <styleUrl>#line-FFEA00-5000</styleUrl>
        <ExtendedData>
          <Data name="description">
            <value>Walking from 2022-05-28T16:53:00.000Z to 2022-05-28T17:14:48.348Z. Distance 1622m</value>
          </Data>
          <Data name="Email">
            <value>syugen.zhou@gmail.com</value>
          </Data>
          <Data name="Category">
            <value>Walking</value>
          </Data>
          <Data name="Distance">
            <value>1622</value>
          </Data>
        </ExtendedData>
        <LineString>
          <tessellate>1</tessellate>
          <coordinates>
            -106.569334,31.784612,0
            -106.56894,31.784521,0
            -106.567757,31.783967,0
            -106.566069,31.783842,0
            -106.562878,31.783843,0
            -106.561223,31.783942,0
            -106.567933,31.784118,0
            -106.567183,31.783954,0
            -106.568547,31.784114,0
          </coordinates>
        </LineString>
      </Placemark>
      <Placemark>
        <name>Driving</name>
        <description><![CDATA[description: Driving from 2022-05-28T17:14:48.348Z to 2022-05-28T17:37:32.000Z. Distance 13850m<br>Email: syugen.zhou@gmail.com<br>Category: Driving<br>Distance: 13850]]></description>
        <styleUrl>#line-FFEA00-5000</styleUrl>
        <ExtendedData>
          <Data name="description">
            <value>Driving from 2022-05-28T17:14:48.348Z to 2022-05-28T17:37:32.000Z. Distance 13850m</value>
          </Data>
          <Data name="Email">
            <value>syugen.zhou@gmail.com</value>
          </Data>
          <Data name="Category">
            <value>Driving</value>
          </Data>
          <Data name="Distance">
            <value>13850</value>
          </Data>
        </ExtendedData>
        <LineString>
          <tessellate>1</tessellate>
          <coordinates>
            -106.568479,31.784249,0
            -106.56945,31.784697,0
            -106.568883,31.785585,0
            -106.564895,31.789642,0
            -106.561526,31.792071,0
            -106.560013,31.792662,0
            -106.558366,31.792914,0
            -106.555737,31.794433,0
            -106.555076,31.795246,0
            -106.554901,31.79593,0
            -106.553521,31.796344,0
            -106.551818,31.797175,0
            -106.547766,31.799937,0
            -106.542943,31.80147,0
            -106.540924,31.802882,0
            -106.540343,31.802976,0
            -106.539534,31.802743,0
            -106.538927,31.802357,0
            -106.535143,31.798747,0
            -106.532527,31.794239,0
            -106.531576,31.793328,0
            -106.528066,31.791385,0
            -106.526644,31.79006,0
            -106.526262,31.789287,0
            -106.52574,31.783211,0
            -106.523401,31.776688,0
            -106.521627,31.774776,0
            -106.51755,31.772569,0
            -106.514536,31.771726,0
            -106.512906,31.770431,0
            -106.511689,31.768804,0
            -106.50885,31.763046,0
            -106.508038,31.762328,0
            -106.505416,31.763868,0
            -106.504763,31.764812,0
            -106.503983,31.765054,0
            -106.495903,31.770266,0
            -106.496538,31.770972,0
            -106.494604,31.772044,0
            -106.494238,31.772422,0
            -106.493725,31.773774,0
            -106.493437,31.77407,0
            -106.492086,31.77483,0
            -106.491878,31.775058,0
            -106.491644,31.775762,0
            -106.492008,31.777239,0
            -106.491603,31.778606,0
            -106.491789,31.779692,0
            -106.49027,31.780878,0
            -106.489497,31.780908,0
            -106.48848,31.781294,0
            -106.488148,31.781294,0
            -106.487749,31.781153,0
            -106.48712,31.780438,0
            -106.487096,31.780095,0
            -106.487285,31.779602,0
            -106.486413,31.779646,0
            -106.485593,31.779966,0
            -106.4851,31.780462,0
            -106.484177,31.782045,0
            -106.483983,31.782701,0
            -106.484589,31.782722,0
            -106.484896,31.782589,0
            -106.486325,31.780889,0
            -106.486494,31.780518,0
            -106.48647,31.780221,0
            -106.486171,31.779712,0
            -106.486808,31.77964,0
            -106.487053,31.779734,0
            -106.487158,31.779891,0
            -106.48712,31.780438,0
            -106.487749,31.781153,0
            -106.488148,31.781294,0
            -106.48848,31.781294,0
            -106.489497,31.780908,0
            -106.49027,31.780878,0
            -106.491789,31.779692,0
            -106.491555,31.780081,0
            -106.490515,31.781043,0
            -106.489288,31.781357,0
            -106.487366,31.783273,0
            -106.486176,31.786107,0
            -106.485968,31.786205,0
            -106.485715,31.786212,0
            -106.484454,31.785391,0
            -106.48424,31.785395,0
            -106.483992,31.785528,0
            -106.483679,31.785972,0
            -106.483495,31.786017,0
            -106.483337,31.785969,0
            -106.483046,31.785661,0
            -106.482863,31.785237,0
            -106.482395,31.784995,0
            -106.482334,31.784833,0
            -106.482439,31.784321,0
            -106.482145,31.783983,0
            -106.481561,31.783793,0
            -106.480519,31.782576,0
            -106.480376,31.782523,0
            -106.479824,31.782735,0
          </coordinates>
        </LineString>
      </Placemark>
      <Placemark>
        <name>Scenic Drive - Overlook</name>
        <description><![CDATA[description: Park from 2022-05-28T17:37:32.000Z to 2022-05-28T17:40:31.000Z. Distance 0m<br>Email: syugen.zhou@gmail.com<br>Category: Park<br>Distance: 0]]></description>
        <styleUrl>#icon-1535-0288D1</styleUrl>
        <ExtendedData>
          <Data name="description">
            <value>Park from 2022-05-28T17:37:32.000Z to 2022-05-28T17:40:31.000Z. Distance 0m</value>
          </Data>
          <Data name="Email">
            <value>syugen.zhou@gmail.com</value>
          </Data>
          <Data name="Category">
            <value>Park</value>
          </Data>
          <Data name="Distance">
            <value>0</value>
          </Data>
        </ExtendedData>
        <Point>
          <coordinates>
            -106.479739,31.782603,0
          </coordinates>
        </Point>
      </Placemark>
      <Placemark>
        <name>Driving</name>
        <description><![CDATA[description: Driving from 2022-05-28T17:40:31.000Z to 2022-05-28T17:58:57.000Z. Distance 11254m<br>Email: syugen.zhou@gmail.com<br>Category: Driving<br>Distance: 11254]]></description>
        <styleUrl>#line-FFEA00-5000</styleUrl>
        <ExtendedData>
          <Data name="description">
            <value>Driving from 2022-05-28T17:40:31.000Z to 2022-05-28T17:58:57.000Z. Distance 11254m</value>
          </Data>
          <Data name="Email">
            <value>syugen.zhou@gmail.com</value>
          </Data>
          <Data name="Category">
            <value>Driving</value>
          </Data>
          <Data name="Distance">
            <value>11254</value>
          </Data>
        </ExtendedData>
        <LineString>
          <tessellate>1</tessellate>
          <coordinates>
            -106.479824,31.782735,0
            -106.479313,31.783008,0
            -106.478972,31.783327,0
            -106.478564,31.783532,0
            -106.478234,31.783867,0
            -106.477945,31.78439,0
            -106.477891,31.784659,0
            -106.477783,31.78477,0
            -106.476882,31.785162,0
            -106.476681,31.785324,0
            -106.476589,31.7856,0
            -106.476471,31.78579,0
            -106.475836,31.786465,0
            -106.475689,31.786936,0
            -106.475464,31.787249,0
            -106.475429,31.787372,0
            -106.475437,31.787436,0
            -106.475645,31.787798,0
            -106.475653,31.787848,0
            -106.475623,31.787959,0
            -106.475579,31.78802,0
            -106.475466,31.78809,0
            -106.474962,31.788221,0
            -106.474844,31.78832,0
            -106.474804,31.788437,0
            -106.474873,31.788946,0
            -106.4748,31.789112,0
            -106.47463,31.78923,0
            -106.473894,31.78924,0
            -106.473759,31.789293,0
            -106.47369,31.789396,0
            -106.473725,31.790008,0
            -106.473682,31.790189,0
            -106.47331,31.791057,0
            -106.472973,31.791472,0
            -106.47276,31.791609,0
            -106.472107,31.791689,0
            -106.472023,31.791724,0
            -106.471667,31.79198,0
            -106.470779,31.792314,0
            -106.470592,31.792433,0
            -106.470259,31.792864,0
            -106.470098,31.792951,0
            -106.469804,31.79302,0
            -106.469636,31.793094,0
            -106.469502,31.793213,0
            -106.469421,31.793402,0
            -106.469379,31.794073,0
            -106.469305,31.7942,0
            -106.46888,31.794575,0
            -106.468074,31.795665,0
            -106.467831,31.79585,0
            -106.467598,31.795916,0
            -106.465947,31.795908,0
            -106.465883,31.811771,0
            -106.465794,31.811957,0
            -106.465888,31.820694,0
            -106.465796,31.821144,0
            -106.465571,31.8217,0
            -106.465338,31.8221,0
            -106.465061,31.822456,0
            -106.463642,31.823759,0
            -106.463116,31.824097,0
            -106.462054,31.824515,0
            -106.46164,31.824606,0
            -106.457203,31.825096,0
            -106.456442,31.825294,0
            -106.455698,31.825665,0
            -106.455251,31.825983,0
            -106.454945,31.826286,0
            -106.454531,31.826922,0
            -106.454368,31.827315,0
            -106.454166,31.828266,0
            -106.454234,31.831687,0
            -106.454297,31.832065,0
            -106.454495,31.832689,0
            -106.454964,31.833517,0
            -106.456327,31.835023,0
            -106.456527,31.8353,0
            -106.456912,31.836011,0
            -106.457236,31.836879,0
            -106.457375,31.837625,0
            -106.457391,31.838646,0
            -106.457242,31.839553,0
            -106.456954,31.840373,0
            -106.456356,31.841353,0
            -106.454914,31.842925,0
            -106.454563,31.843433,0
            -106.45409,31.844353,0
            -106.453427,31.846538,0
            -106.453347,31.847344,0
            -106.453359,31.847873,0
            -106.453966,31.850339,0
            -106.454245,31.860938,0
            -106.454114,31.861414,0
            -106.453517,31.862686,0
            -106.45345,31.862962,0
            -106.453433,31.864243,0
            -106.441329,31.864459,0
            -106.441253,31.861618,0
          </coordinates>
        </LineString>
      </Placemark>
      <Placemark>
        <name><![CDATA[Holiday Inn Express & Suites El Paso North, an IHG Hotel]]></name>
        <description><![CDATA[description: Hotel from 2022-05-28T17:58:57.000Z to 2022-05-28T19:08:49.999Z. Distance 0m<br>Email: syugen.zhou@gmail.com<br>Category: Hotel<br>Distance: 0]]></description>
        <styleUrl>#icon-1602-0288D1</styleUrl>
        <ExtendedData>
          <Data name="description">
            <value>Hotel from 2022-05-28T17:58:57.000Z to 2022-05-28T19:08:49.999Z. Distance 0m</value>
          </Data>
          <Data name="Email">
            <value>syugen.zhou@gmail.com</value>
          </Data>
          <Data name="Category">
            <value>Hotel</value>
          </Data>
          <Data name="Distance">
            <value>0</value>
          </Data>
        </ExtendedData>
        <Point>
          <coordinates>
            -106.441628,31.861448,0
          </coordinates>
        </Point>
      </Placemark>
      <Placemark>
        <name>Driving</name>
        <description><![CDATA[description: Driving from 2022-05-28T19:08:49.999Z to 2022-05-28T19:18:24.000Z. Distance 10122m<br>Email: syugen.zhou@gmail.com<br>Category: Driving<br>Distance: 10122]]></description>
        <styleUrl>#line-FFEA00-5000</styleUrl>
        <ExtendedData>
          <Data name="description">
            <value>Driving from 2022-05-28T19:08:49.999Z to 2022-05-28T19:18:24.000Z. Distance 10122m</value>
          </Data>
          <Data name="Email">
            <value>syugen.zhou@gmail.com</value>
          </Data>
          <Data name="Category">
            <value>Driving</value>
          </Data>
          <Data name="Distance">
            <value>10122</value>
          </Data>
        </ExtendedData>
        <LineString>
          <tessellate>1</tessellate>
          <coordinates>
            -106.441234,31.860836,0
            -106.44116,31.856715,0
            -106.441138,31.856552,0
            -106.44103,31.852312,0
            -106.441,31.851856,0
            -106.440731,31.84941,0
            -106.440594,31.844592,0
            -106.440556,31.843979,0
            -106.440523,31.843928,0
            -106.440501,31.843875,0
            -106.44021,31.842355,0
            -106.440151,31.841827,0
            -106.440148,31.84182,0
            -106.440068,31.841706,0
            -106.440012,31.839696,0
            -106.440017,31.839658,0
            -106.439799,31.830727,0
            -106.439759,31.830177,0
            -106.439707,31.829785,0
            -106.439608,31.829344,0
            -106.439351,31.828572,0
            -106.438078,31.825264,0
            -106.437876,31.824611,0
            -106.437815,31.824302,0
            -106.437787,31.824037,0
            -106.437787,31.823545,0
            -106.437837,31.823229,0
            -106.437907,31.822918,0
            -106.437963,31.82274,0
            -106.438116,31.822353,0
            -106.438409,31.821831,0
            -106.439869,31.819564,0
            -106.440077,31.819194,0
            -106.440304,31.818731,0
            -106.440466,31.818346,0
            -106.440593,31.817984,0
            -106.441128,31.816277,0
            -106.441191,31.816154,0
            -106.441445,31.815288,0
            -106.441639,31.814447,0
            -106.441721,31.813986,0
            -106.442226,31.810136,0
            -106.442536,31.806487,0
            -106.442548,31.806022,0
            -106.442538,31.805594,0
            -106.442481,31.804938,0
            -106.442386,31.80433,0
            -106.441621,31.801223,0
            -106.441658,31.801071,0
            -106.441658,31.80105,0
            -106.441582,31.80064,0
            -106.441511,31.799982,0
            -106.441498,31.799436,0
            -106.441522,31.799044,0
            -106.441555,31.795246,0
            -106.441529,31.795148,0
            -106.441692,31.781169,0
            -106.441742,31.780644,0
            -106.441816,31.780271,0
            -106.441882,31.780026,0
            -106.441969,31.779768,0
            -106.442405,31.778674,0
            -106.442494,31.778504,0
            -106.442563,31.778406,0
            -106.442644,31.778311,0
            -106.442737,31.778222,0
            -106.442917,31.778084,0
            -106.44303,31.778017,0
            -106.443263,31.777916,0
            -106.443391,31.777877,0
            -106.443581,31.777838,0
            -106.443778,31.77782,0
            -106.446262,31.777836,0
            -106.447278,31.777884,0
            -106.448622,31.777989,0
            -106.449073,31.77804,0
            -106.449253,31.777968,0
            -106.449967,31.778077,0
            -106.450643,31.778149,0
            -106.451628,31.778198,0
            -106.453481,31.778211,0
            -106.453613,31.77836,0
            -106.455162,31.778636,0
            -106.459376,31.778656,0
            -106.459647,31.778604,0
            -106.459718,31.778568,0
            -106.459762,31.778523,0
            -106.459774,31.778503,0
            -106.459785,31.778457,0
            -106.459791,31.777778,0
            -106.459785,31.77775,0
            -106.459752,31.777694,0
            -106.459717,31.777663,0
            -106.459602,31.777599,0
            -106.458449,31.777593,0
            -106.45846,31.77584,0
            -106.458443,31.775824,0
            -106.458464,31.775728,0
            -106.458482,31.773402,0
            -106.457764,31.773389,0
          </coordinates>
        </LineString>
      </Placemark>
      <Placemark>
        <name>Mariscos Los Mariachis</name>
        <description><![CDATA[description: Seafood from 2022-05-28T19:18:24.000Z to 2022-05-28T20:40:19.000Z. Distance 0m<br>Email: syugen.zhou@gmail.com<br>Category: Seafood<br>Distance: 0]]></description>
        <styleUrl>#icon-1739-0288D1</styleUrl>
        <ExtendedData>
          <Data name="description">
            <value>Seafood from 2022-05-28T19:18:24.000Z to 2022-05-28T20:40:19.000Z. Distance 0m</value>
          </Data>
          <Data name="Email">
            <value>syugen.zhou@gmail.com</value>
          </Data>
          <Data name="Category">
            <value>Seafood</value>
          </Data>
          <Data name="Distance">
            <value>0</value>
          </Data>
        </ExtendedData>
        <Point>
          <coordinates>
            -106.456208,31.77323,0
          </coordinates>
        </Point>
      </Placemark>
      <Placemark>
        <name>Driving</name>
        <description><![CDATA[description: Driving from 2022-05-28T20:40:19.999Z to 2022-05-28T20:42:59.998Z. Distance 1537m<br>Email: syugen.zhou@gmail.com<br>Category: Driving<br>Distance: 1537]]></description>
        <styleUrl>#line-FFEA00-5000</styleUrl>
        <ExtendedData>
          <Data name="description">
            <value>Driving from 2022-05-28T20:40:19.999Z to 2022-05-28T20:42:59.998Z. Distance 1537m</value>
          </Data>
          <Data name="Email">
            <value>syugen.zhou@gmail.com</value>
          </Data>
          <Data name="Category">
            <value>Driving</value>
          </Data>
          <Data name="Distance">
            <value>1537</value>
          </Data>
        </ExtendedData>
        <LineString>
          <tessellate>1</tessellate>
          <coordinates>
            -106.456983,31.77218,0
            -106.456984,31.771865,0
            -106.456986,31.771363,0
            -106.456989,31.771075,0
            -106.456992,31.770895,0
            -106.456992,31.770863,0
            -106.456992,31.770715,0
            -106.456992,31.77071,0
            -106.456992,31.770535,0
            -106.456991,31.770355,0
            -106.456995,31.769988,0
            -106.456995,31.769892,0
            -106.456992,31.769444,0
            -106.456994,31.769035,0
            -106.456998,31.768898,0
            -106.456992,31.768719,0
            -106.457478,31.768479,0
            -106.457727,31.768358,0
            -106.458319,31.768082,0
            -106.458433,31.76803,0
            -106.458343,31.76789,0
            -106.458089,31.76742,0
            -106.457849,31.76697,0
            -106.45761,31.766499,0
            -106.457479,31.766545,0
            -106.457198,31.766625,0
            -106.457077,31.766652,0
            -106.456965,31.766667,0
            -106.456851,31.766673,0
            -106.456722,31.766673,0
            -106.456646,31.766668,0
            -106.456498,31.766643,0
            -106.456403,31.766628,0
            -106.456319,31.766609,0
            -106.456194,31.766574,0
            -106.456094,31.766543,0
            -106.456031,31.766523,0
            -106.455937,31.766468,0
            -106.455798,31.766388,0
            -106.455596,31.766294,0
            -106.455568,31.76628,0
            -106.455412,31.766277,0
            -106.455312,31.766285,0
            -106.455238,31.7663,0
            -106.455128,31.766337,0
            -106.455028,31.766387,0
            -106.454954,31.766435,0
            -106.454895,31.766479,0
            -106.454883,31.766516,0
            -106.454786,31.766702,0
            -106.454756,31.766817,0
            -106.45475,31.766911,0
            -106.454757,31.766933,0
            -106.454772,31.767019,0
            -106.454791,31.767077,0
            -106.454812,31.767118,0
            -106.454966,31.76734,0
            -106.455045,31.767461,0
            -106.455094,31.767544,0
            -106.455127,31.767601,0
            -106.455162,31.767739,0
          </coordinates>
        </LineString>
      </Placemark>
      <Placemark>
        <name>Chamizal National Memorial</name>
        <description><![CDATA[description: National park from 2022-05-28T20:42:59.998Z to 2022-05-28T20:58:19.999Z. Distance 0m<br>Email: syugen.zhou@gmail.com<br>Category: National park<br>Distance: 0]]></description>
        <styleUrl>#icon-1535-0288D1</styleUrl>
        <ExtendedData>
          <Data name="description">
            <value>National park from 2022-05-28T20:42:59.998Z to 2022-05-28T20:58:19.999Z. Distance 0m</value>
          </Data>
          <Data name="Email">
            <value>syugen.zhou@gmail.com</value>
          </Data>
          <Data name="Category">
            <value>National park</value>
          </Data>
          <Data name="Distance">
            <value>0</value>
          </Data>
        </ExtendedData>
        <Point>
          <coordinates>
            -106.454337,31.767241,0
          </coordinates>
        </Point>
      </Placemark>
      <Placemark>
        <name>Driving</name>
        <description><![CDATA[description: Driving from 2022-05-28T20:58:19.999Z to 2022-05-28T21:16:34.222Z. Distance 21580m<br>Email: syugen.zhou@gmail.com<br>Category: Driving<br>Distance: 21580]]></description>
        <styleUrl>#line-FFEA00-5000</styleUrl>
        <ExtendedData>
          <Data name="description">
            <value>Driving from 2022-05-28T20:58:19.999Z to 2022-05-28T21:16:34.222Z. Distance 21580m</value>
          </Data>
          <Data name="Email">
            <value>syugen.zhou@gmail.com</value>
          </Data>
          <Data name="Category">
            <value>Driving</value>
          </Data>
          <Data name="Distance">
            <value>21580</value>
          </Data>
        </ExtendedData>
        <LineString>
          <tessellate>1</tessellate>
          <coordinates>
            -106.455811,31.767884,0
            -106.456068,31.767811,0
            -106.456206,31.767744,0
            -106.456374,31.767634,0
            -106.456537,31.76746,0
            -106.456605,31.767354,0
            -106.456669,31.767204,0
            -106.456435,31.767137,0
            -106.456396,31.767116,0
            -106.456324,31.767007,0
            -106.456308,31.766902,0
            -106.456325,31.76685,0
            -106.456391,31.766767,0
            -106.456461,31.766718,0
            -106.456646,31.766668,0
            -106.456851,31.766673,0
            -106.457077,31.766652,0
            -106.457479,31.766545,0
            -106.45822,31.767941,0
            -106.455842,31.769073,0
            -106.455194,31.769325,0
            -106.4548,31.769431,0
            -106.453989,31.769578,0
            -106.453415,31.769641,0
            -106.452997,31.769651,0
            -106.452405,31.769618,0
            -106.4519,31.769544,0
            -106.451172,31.769377,0
            -106.446515,31.767775,0
            -106.446472,31.769492,0
            -106.446492,31.76962,0
            -106.446487,31.769757,0
            -106.446409,31.770167,0
            -106.446193,31.770784,0
            -106.446205,31.770964,0
            -106.444254,31.775153,0
            -106.44398,31.775612,0
            -106.443723,31.775974,0
            -106.443221,31.776556,0
            -106.442429,31.777361,0
            -106.441987,31.777898,0
            -106.441702,31.778361,0
            -106.441406,31.77903,0
            -106.441308,31.779426,0
            -106.441182,31.780374,0
            -106.441135,31.780483,0
            -106.441061,31.799395,0
            -106.44103,31.799464,0
            -106.441098,31.800042,0
            -106.441334,31.80108,0
            -106.441362,31.801146,0
            -106.442168,31.804435,0
            -106.44227,31.80563,0
            -106.442271,31.806396,0
            -106.441959,31.810097,0
            -106.441516,31.81339,0
            -106.44152,31.813477,0
            -106.441381,31.814366,0
            -106.441063,31.815664,0
            -106.440392,31.817748,0
            -106.440078,31.818578,0
            -106.439892,31.818974,0
            -106.439506,31.819654,0
            -106.438006,31.822008,0
            -106.437758,31.822521,0
            -106.437583,31.823113,0
            -106.437515,31.823597,0
            -106.437508,31.823899,0
            -106.437558,31.824406,0
            -106.437649,31.824809,0
            -106.43923,31.829043,0
            -106.439366,31.829562,0
            -106.439455,31.830072,0
            -106.440223,31.85291,0
            -106.441694,31.917765,0
            -106.441633,31.918619,0
            -106.441487,31.919372,0
            -106.441364,31.919798,0
            -106.441045,31.920602,0
            -106.440783,31.921108,0
            -106.440402,31.921717,0
            -106.440001,31.922235,0
            -106.439362,31.92292,0
            -106.438827,31.923389,0
            -106.438445,31.92368,0
            -106.437841,31.924079,0
            -106.437307,31.924379,0
            -106.43095,31.927466,0
            -106.425298,31.929928,0
            -106.425073,31.929972,0
            -106.424697,31.930127,0
            -106.423105,31.930926,0
            -106.415062,31.934836,0
            -106.413417,31.93575,0
            -106.411504,31.936962,0
            -106.409036,31.938754,0
            -106.408859,31.938544,0
            -106.408509,31.938763,0
            -106.408457,31.938809,0
            -106.408423,31.938863,0
          </coordinates>
        </LineString>
      </Placemark>
      <Placemark>
        <name>Speedway</name>
        <description><![CDATA[description: Gas station from 2022-05-28T21:16:34.222Z to 2022-05-28T21:25:07.999Z. Distance 0m<br>Email: syugen.zhou@gmail.com<br>Category: Gas station<br>Distance: 0]]></description>
        <styleUrl>#icon-1739-0288D1</styleUrl>
        <ExtendedData>
          <Data name="description">
            <value>Gas station from 2022-05-28T21:16:34.222Z to 2022-05-28T21:25:07.999Z. Distance 0m</value>
          </Data>
          <Data name="Email">
            <value>syugen.zhou@gmail.com</value>
          </Data>
          <Data name="Category">
            <value>Gas station</value>
          </Data>
          <Data name="Distance">
            <value>0</value>
          </Data>
        </ExtendedData>
        <Point>
          <coordinates>
            -106.408382,31.938767,0
          </coordinates>
        </Point>
      </Placemark>
      <Placemark>
        <name>Driving</name>
        <description><![CDATA[description: Driving from 2022-05-28T21:25:07.999Z to 2022-05-28T22:39:49.991Z. Distance 134863m<br>Email: syugen.zhou@gmail.com<br>Category: Driving<br>Distance: 134863]]></description>
        <styleUrl>#line-FFEA00-5000</styleUrl>
        <ExtendedData>
          <Data name="description">
            <value>Driving from 2022-05-28T21:25:07.999Z to 2022-05-28T22:39:49.991Z. Distance 134863m</value>
          </Data>
          <Data name="Email">
            <value>syugen.zhou@gmail.com</value>
          </Data>
          <Data name="Category">
            <value>Driving</value>
          </Data>
          <Data name="Distance">
            <value>134863</value>
          </Data>
        </ExtendedData>
        <LineString>
          <tessellate>1</tessellate>
          <coordinates>
            -106.408448,31.938822,0
            -106.408457,31.938809,0
            -106.408509,31.938763,0
            -106.408859,31.938543,0
            -106.409036,31.938754,0
            -106.408787,31.938939,0
            -106.408307,31.939322,0
            -106.408112,31.939471,0
            -106.407852,31.939628,0
            -106.4076,31.939818,0
            -106.407315,31.94001,0
            -106.407184,31.940122,0
            -106.406431,31.940699,0
            -106.405835,31.941168,0
            -106.405505,31.941462,0
            -106.404716,31.942279,0
            -106.404401,31.942576,0
            -106.404149,31.942792,0
            -106.403611,31.943211,0
            -106.40349,31.943296,0
            -106.398797,31.946828,0
            -106.398388,31.947121,0
            -106.397824,31.947457,0
            -106.3969,31.947963,0
            -106.396334,31.94832,0
            -106.396041,31.948529,0
            -106.395373,31.949035,0
            -106.395304,31.949095,0
            -106.374687,31.96465,0
            -106.374282,31.964947,0
            -106.345245,31.986823,0
            -106.344879,31.987084,0
            -106.344584,31.987319,0
            -106.342753,31.988697,0
            -106.342112,31.989198,0
            -106.331281,31.997358,0
            -106.330692,31.997856,0
            -106.329646,31.998829,0
            -106.329113,31.999296,0
            -106.328147,32.000074,0
            -106.326718,32.001167,0
            -106.326648,32.001224,0
            -106.324292,32.00301,0
            -106.323814,32.003385,0
            -106.323589,32.003576,0
            -106.32319,32.003937,0
            -106.322619,32.004479,0
            -106.322051,32.00509,0
            -106.321808,32.005372,0
            -106.321293,32.006006,0
            -106.320851,32.006603,0
            -106.286114,32.061157,0
            -106.284736,32.063352,0
            -106.284299,32.064006,0
            -106.283414,32.065396,0
            -106.283271,32.065611,0
            -106.28299,32.066072,0
            -106.277617,32.074484,0
            -106.27644,32.076442,0
            -106.275655,32.077707,0
            -106.274309,32.079802,0
            -106.273137,32.081588,0
            -106.213256,32.175368,0
            -106.212417,32.176646,0
            -106.198221,32.198849,0
            -106.197725,32.199649,0
            -106.19518,32.203615,0
            -106.195055,32.203827,0
            -106.188501,32.214053,0
            -106.18832,32.214346,0
            -106.172879,32.238458,0
            -106.172807,32.238555,0
            -106.152743,32.269887,0
            -106.151603,32.271698,0
            -106.149488,32.274982,0
            -106.149129,32.275566,0
            -106.148957,32.275803,0
            -106.142681,32.285614,0
            -106.141102,32.288044,0
            -106.128344,32.307975,0
            -106.126906,32.310181,0
            -106.125545,32.312219,0
            -106.123792,32.314938,0
            -106.122823,32.31647,0
            -106.119394,32.321773,0
            -106.118614,32.323016,0
            -106.099138,32.353353,0
            -106.098825,32.353817,0
            -106.097815,32.355427,0
            -106.094139,32.361126,0
            -106.094137,32.361131,0
            -106.094132,32.361215,0
            -106.093587,32.362065,0
            -106.093368,32.362455,0
            -106.093029,32.363088,0
            -106.092905,32.363335,0
            -106.092836,32.363488,0
            -106.092351,32.364665,0
            -106.092167,32.365242,0
            -106.091991,32.36585,0
            -106.091857,32.366437,0
            -106.091781,32.366818,0
            -106.091663,32.36762,0
            -106.091576,32.368684,0
            -106.091557,32.369234,0
            -106.091895,32.381402,0
            -106.091892,32.381645,0
            -106.091882,32.381904,0
            -106.091846,32.382367,0
            -106.091798,32.382815,0
            -106.091731,32.383285,0
            -106.091677,32.383604,0
            -106.091623,32.383874,0
            -106.091435,32.384697,0
            -106.091303,32.385146,0
            -106.09119,32.385497,0
            -106.090997,32.386034,0
            -106.090763,32.386633,0
            -106.090627,32.38694,0
            -106.09031,32.387594,0
            -106.090059,32.388048,0
            -106.089624,32.388774,0
            -106.089508,32.388867,0
            -106.087572,32.391737,0
            -106.085711,32.39467,0
            -106.082883,32.399221,0
            -106.081327,32.401677,0
            -106.080623,32.40275,0
            -106.073811,32.413623,0
            -106.073593,32.413984,0
            -106.072427,32.415829,0
            -106.071877,32.416728,0
            -106.071712,32.417014,0
            -106.071554,32.417302,0
            -106.071465,32.417477,0
            -106.071256,32.417934,0
            -106.071066,32.41839,0
            -106.070667,32.419449,0
            -106.070465,32.420021,0
            -106.070192,32.420742,0
            -106.06997,32.421393,0
            -106.069654,32.42224,0
            -106.068182,32.426404,0
            -106.067851,32.427303,0
            -106.06739,32.428622,0
            -106.06702,32.429636,0
            -106.0665,32.431142,0
            -106.062632,32.441994,0
            -106.061681,32.444735,0
            -106.059056,32.45208,0
            -106.055614,32.46073,0
            -106.055424,32.461185,0
            -106.029858,32.525309,0
            -106.029765,32.525425,0
            -106.029719,32.525493,0
            -106.029675,32.525568,0
            -106.02867,32.527453,0
            -106.028498,32.5278,0
            -106.02808,32.528766,0
            -106.028035,32.528889,0
            -106.028001,32.528992,0
            -106.027947,32.529216,0
            -106.027813,32.529845,0
            -106.027768,32.530122,0
            -106.027666,32.530577,0
            -106.02765,32.530704,0
            -106.027661,32.530775,0
            -106.020299,32.549227,0
            -106.020193,32.549521,0
            -106.02008,32.549869,0
            -106.019956,32.550319,0
            -106.019827,32.550906,0
            -106.013574,32.588473,0
            -106.013478,32.588956,0
            -105.997851,32.682709,0
            -105.997768,32.683256,0
            -105.992224,32.716387,0
            -105.985079,32.759278,0
            -105.984746,32.761168,0
            -105.979087,32.795055,0
            -105.978518,32.798871,0
            -105.97688,32.80885,0
            -105.976746,32.809527,0
            -105.976346,32.811936,0
            -105.97629,32.812359,0
            -105.976122,32.813393,0
            -105.976068,32.813672,0
            -105.97597,32.81435,0
            -105.975785,32.81525,0
            -105.975737,32.81571,0
            -105.975204,32.818712,0
            -105.974106,32.825436,0
            -105.973911,32.826487,0
            -105.97378,32.827382,0
            -105.973681,32.827949,0
            -105.973627,32.828314,0
            -105.973061,32.831523,0
            -105.971728,32.839518,0
            -105.97167,32.839973,0
            -105.971511,32.841014,0
            -105.971375,32.841699,0
            -105.971279,32.842071,0
            -105.971158,32.842498,0
            -105.97114,32.842527,0
            -105.971114,32.84255,0
            -105.970906,32.843302,0
            -105.970724,32.844135,0
            -105.970567,32.845015,0
            -105.970446,32.84586,0
            -105.970246,32.846944,0
            -105.969461,32.851659,0
            -105.969319,32.852618,0
            -105.969217,32.853133,0
            -105.968207,32.859185,0
            -105.968158,32.859519,0
            -105.968119,32.859856,0
            -105.968088,32.860278,0
            -105.968082,32.860815,0
            -105.968113,32.861319,0
            -105.968681,32.868239,0
            -105.968714,32.868754,0
            -105.968735,32.868947,0
            -105.9688,32.869988,0
            -105.968817,32.870154,0
            -105.968853,32.870359,0
            -105.968892,32.870485,0
            -105.968955,32.870661,0
            -105.969005,32.870776,0
            -105.969069,32.870899,0
            -105.969206,32.871131,0
            -105.969379,32.871379,0
            -105.969499,32.871526,0
            -105.96961,32.871468,0
            -105.970674,32.870963,0
            -105.971526,32.870597,0
            -105.972896,32.870038,0
            -105.976834,32.868384,0
            -105.980016,32.867095,0
            -105.9804,32.866949,0
            -105.984827,32.865156,0
            -105.999183,32.859421,0
            -106.001057,32.858686,0
            -106.017654,32.85202,0
            -106.019117,32.851446,0
            -106.021009,32.850675,0
            -106.058394,32.835699,0
            -106.064042,32.83341,0
            -106.064713,32.833146,0
            -106.065823,32.832689,0
            -106.066442,32.832405,0
            -106.068637,32.83134,0
            -106.069898,32.830703,0
            -106.07141,32.829962,0
            -106.073327,32.828989,0
            -106.074732,32.828327,0
            -106.077469,32.826959,0
            -106.08015,32.82559,0
            -106.081219,32.825061,0
            -106.082014,32.824655,0
            -106.082498,32.824387,0
            -106.083892,32.82369,0
            -106.085538,32.822847,0
            -106.086079,32.822581,0
            -106.092845,32.819134,0
            -106.093075,32.819031,0
            -106.098943,32.816043,0
            -106.100993,32.815018,0
            -106.103418,32.813774,0
            -106.104044,32.813463,0
            -106.104413,32.81327,0
            -106.106499,32.812225,0
            -106.107065,32.81193,0
            -106.112151,32.80936,0
            -106.113218,32.808805,0
            -106.115317,32.80774,0
            -106.115748,32.80753,0
            -106.117998,32.806373,0
            -106.119863,32.805434,0
            -106.120325,32.80521,0
            -106.122416,32.804155,0
            -106.1229,32.803899,0
            -106.125046,32.802816,0
            -106.125913,32.802362,0
            -106.128079,32.801274,0
            -106.128603,32.801001,0
            -106.140789,32.794833,0
            -106.14092,32.79476,0
            -106.145881,32.792251,0
            -106.14679,32.791773,0
            -106.170421,32.7798,0
            -106.170916,32.77953,0
            -106.171506,32.779186,0
            -106.17205,32.778852,0
            -106.17241,32.778619,0
            -106.172676,32.778947,0
            -106.172241,32.779212,0
          </coordinates>
        </LineString>
      </Placemark>
      <Placemark>
        <name>White Sands National Park Visitor Center</name>
        <description><![CDATA[description: Visitor center from 2022-05-28T22:39:49.991Z to 2022-05-28T23:04:33.623Z. Distance 0m<br>Email: syugen.zhou@gmail.com<br>Category: Visitor center<br>Distance: 0]]></description>
        <styleUrl>#icon-1739-0288D1</styleUrl>
        <ExtendedData>
          <Data name="description">
            <value>Visitor center from 2022-05-28T22:39:49.991Z to 2022-05-28T23:04:33.623Z. Distance 0m</value>
          </Data>
          <Data name="Email">
            <value>syugen.zhou@gmail.com</value>
          </Data>
          <Data name="Category">
            <value>Visitor center</value>
          </Data>
          <Data name="Distance">
            <value>0</value>
          </Data>
        </ExtendedData>
        <Point>
          <coordinates>
            -106.172455,32.779613,0
          </coordinates>
        </Point>
      </Placemark>
      <Placemark>
        <name>Driving</name>
        <description><![CDATA[description: Driving from 2022-05-28T23:04:33.623Z to 2022-05-28T23:11:32.636Z. Distance 6436m<br>Email: syugen.zhou@gmail.com<br>Category: Driving<br>Distance: 6436]]></description>
        <styleUrl>#line-FFEA00-5000</styleUrl>
        <ExtendedData>
          <Data name="description">
            <value>Driving from 2022-05-28T23:04:33.623Z to 2022-05-28T23:11:32.636Z. Distance 6436m</value>
          </Data>
          <Data name="Email">
            <value>syugen.zhou@gmail.com</value>
          </Data>
          <Data name="Category">
            <value>Driving</value>
          </Data>
          <Data name="Distance">
            <value>6436</value>
          </Data>
        </ExtendedData>
        <LineString>
          <tessellate>1</tessellate>
          <coordinates>
            -106.172084,32.779308,0
            -106.172676,32.778947,0
            -106.172881,32.779163,0
            -106.173111,32.779461,0
            -106.173386,32.779958,0
            -106.173572,32.780522,0
            -106.173698,32.780778,0
            -106.173856,32.781018,0
            -106.174143,32.781375,0
            -106.17471,32.781993,0
            -106.174765,32.782042,0
            -106.174816,32.782108,0
            -106.174864,32.78215,0
            -106.174979,32.782224,0
            -106.17726,32.783364,0
            -106.18008,32.785095,0
            -106.181673,32.785901,0
            -106.183389,32.786677,0
            -106.184326,32.787008,0
            -106.185926,32.787418,0
            -106.1884,32.787887,0
            -106.189435,32.788129,0
            -106.190742,32.788521,0
            -106.192132,32.789044,0
            -106.193378,32.789611,0
            -106.196356,32.791175,0
            -106.197054,32.79149,0
            -106.198145,32.791912,0
            -106.199108,32.79223,0
            -106.20108,32.792813,0
            -106.202042,32.793157,0
            -106.203709,32.793895,0
            -106.205228,32.794689,0
            -106.205656,32.79487,0
            -106.20625,32.79507,0
            -106.206624,32.795172,0
            -106.207902,32.795455,0
            -106.208904,32.795596,0
            -106.209729,32.795642,0
            -106.210137,32.795647,0
            -106.210945,32.795605,0
            -106.212081,32.795449,0
            -106.21455,32.794948,0
            -106.214828,32.794927,0
            -106.21512,32.794943,0
            -106.215323,32.794973,0
            -106.215525,32.79502,0
            -106.215781,32.795116,0
            -106.217971,32.796148,0
            -106.219327,32.796681,0
            -106.220063,32.796907,0
            -106.221146,32.797152,0
            -106.223222,32.797444,0
            -106.223965,32.79747,0
            -106.224421,32.797442,0
            -106.224847,32.797375,0
            -106.225242,32.797288,0
            -106.225554,32.797196,0
            -106.226046,32.797017,0
            -106.226805,32.796704,0
            -106.227208,32.796516,0
            -106.227657,32.796232,0
            -106.227905,32.795994,0
            -106.228633,32.79507,0
            -106.228766,32.794949,0
            -106.228896,32.794873,0
            -106.229027,32.79481,0
            -106.229165,32.794762,0
            -106.229332,32.79472,0
            -106.22968,32.794699,0
            -106.232103,32.794775,0
            -106.232441,32.794732,0
            -106.232708,32.794649,0
            -106.232977,32.79449,0
            -106.233105,32.794382,0
            -106.233239,32.794237,0
            -106.233374,32.793994,0
            -106.233483,32.79367,0
            -106.233522,32.793506,0
            -106.233637,32.793237,0
            -106.233791,32.793004,0
            -106.233959,32.79284,0
            -106.234191,32.792697,0
            -106.235223,32.792253,0
            -106.235394,32.792211,0
            -106.2355,32.792199,0
            -106.235725,32.792199,0
            -106.235875,32.792235,0
            -106.23611,32.792338,0
            -106.236888,32.792853,0
            -106.23722,32.793033,0
            -106.237499,32.793132,0
            -106.237708,32.793181,0
            -106.238029,32.793204,0
            -106.23869,32.793212,0
            -106.238872,32.793241,0
            -106.239587,32.793442,0
            -106.239901,32.793548,0
            -106.239232,32.793692,0
            -106.239089,32.793741,0
          </coordinates>
        </LineString>
      </Placemark>
      <Placemark>
        <name>Interdune Boardwalk</name>
        <description><![CDATA[description: Hiking area from 2022-05-28T23:11:32.636Z to 2022-05-28T23:24:18.001Z. Distance 0m<br>Email: syugen.zhou@gmail.com<br>Category: Hiking area<br>Distance: 0]]></description>
        <styleUrl>#icon-1739-0288D1</styleUrl>
        <ExtendedData>
          <Data name="description">
            <value>Hiking area from 2022-05-28T23:11:32.636Z to 2022-05-28T23:24:18.001Z. Distance 0m</value>
          </Data>
          <Data name="Email">
            <value>syugen.zhou@gmail.com</value>
          </Data>
          <Data name="Category">
            <value>Hiking area</value>
          </Data>
          <Data name="Distance">
            <value>0</value>
          </Data>
        </ExtendedData>
        <Point>
          <coordinates>
            -106.23905,32.793848,0
          </coordinates>
        </Point>
      </Placemark>
      <Placemark>
        <name>Driving</name>
        <description><![CDATA[description: Driving from 2022-05-28T23:24:18.001Z to 2022-05-28T23:36:35.153Z. Distance 10738m<br>Email: syugen.zhou@gmail.com<br>Category: Driving<br>Distance: 10738]]></description>
        <styleUrl>#line-FFEA00-5000</styleUrl>
        <ExtendedData>
          <Data name="description">
            <value>Driving from 2022-05-28T23:24:18.001Z to 2022-05-28T23:36:35.153Z. Distance 10738m</value>
          </Data>
          <Data name="Email">
            <value>syugen.zhou@gmail.com</value>
          </Data>
          <Data name="Category">
            <value>Driving</value>
          </Data>
          <Data name="Distance">
            <value>10738</value>
          </Data>
        </ExtendedData>
        <LineString>
          <tessellate>1</tessellate>
          <coordinates>
            -106.239087,32.793863,0
            -106.23905,32.793772,0
            -106.23906,32.793751,0
            -106.239232,32.793692,0
            -106.239639,32.793596,0
            -106.239901,32.793548,0
            -106.241609,32.794166,0
            -106.241871,32.794276,0
            -106.242181,32.794436,0
            -106.242318,32.794524,0
            -106.243046,32.795128,0
            -106.243192,32.795223,0
            -106.243349,32.795298,0
            -106.243485,32.795341,0
            -106.243619,32.795369,0
            -106.244313,32.795404,0
            -106.244456,32.795421,0
            -106.244726,32.795474,0
            -106.24502,32.795572,0
            -106.24571,32.795879,0
            -106.246801,32.796403,0
            -106.248059,32.797043,0
            -106.249394,32.797777,0
            -106.2501,32.798317,0
            -106.250213,32.798371,0
            -106.250294,32.7984,0
            -106.250636,32.798474,0
            -106.251078,32.798528,0
            -106.251342,32.798582,0
            -106.251621,32.798676,0
            -106.25193,32.798811,0
            -106.252205,32.798959,0
            -106.252468,32.799122,0
            -106.252913,32.799435,0
            -106.25356,32.79994,0
            -106.253881,32.800151,0
            -106.254104,32.800281,0
            -106.254797,32.800608,0
            -106.255463,32.801017,0
            -106.258749,32.803275,0
            -106.258894,32.803415,0
            -106.25898,32.80352,0
            -106.259073,32.803674,0
            -106.259249,32.804106,0
            -106.259479,32.804531,0
            -106.259792,32.805024,0
            -106.260278,32.805674,0
            -106.260591,32.806045,0
            -106.261743,32.807141,0
            -106.262003,32.807429,0
            -106.26225,32.80781,0
            -106.262293,32.807962,0
            -106.262332,32.808272,0
            -106.26233,32.808534,0
            -106.2623,32.808698,0
            -106.262237,32.808865,0
            -106.262087,32.80907,0
            -106.261947,32.809292,0
            -106.261794,32.809596,0
            -106.261798,32.809895,0
            -106.261906,32.810246,0
            -106.262127,32.810781,0
            -106.262364,32.811287,0
            -106.262491,32.811473,0
            -106.262612,32.811578,0
            -106.262757,32.811689,0
            -106.263173,32.812173,0
            -106.263323,32.812431,0
            -106.264111,32.814455,0
            -106.264151,32.814766,0
            -106.264148,32.815109,0
            -106.264051,32.815492,0
            -106.263939,32.815732,0
            -106.263667,32.816103,0
            -106.263509,32.81626,0
            -106.263189,32.816665,0
            -106.263116,32.81681,0
            -106.263102,32.816996,0
            -106.263159,32.817142,0
            -106.263257,32.817305,0
            -106.263507,32.817675,0
            -106.26366,32.81798,0
            -106.263763,32.818218,0
            -106.263901,32.818458,0
            -106.264032,32.818603,0
            -106.264477,32.818897,0
            -106.264901,32.819081,0
            -106.26567,32.819239,0
            -106.266188,32.819361,0
            -106.266601,32.819527,0
            -106.266746,32.819635,0
            -106.266834,32.81972,0
            -106.266918,32.819834,0
            -106.266973,32.819956,0
            -106.26717,32.820268,0
            -106.267665,32.820707,0
            -106.269244,32.8216,0
            -106.269509,32.821779,0
            -106.269662,32.821971,0
            -106.269781,32.822144,0
          </coordinates>
        </LineString>
      </Placemark>
      <Placemark>
        <name>White Sands National Park</name>
        <description><![CDATA[description: National park from 2022-05-28T23:36:35.153Z to 2022-05-29T00:21:15.000Z. Distance 0m<br>Email: syugen.zhou@gmail.com<br>Category: National park<br>Distance: 0]]></description>
        <styleUrl>#icon-1535-0288D1</styleUrl>
        <ExtendedData>
          <Data name="description">
            <value>National park from 2022-05-28T23:36:35.153Z to 2022-05-29T00:21:15.000Z. Distance 0m</value>
          </Data>
          <Data name="Email">
            <value>syugen.zhou@gmail.com</value>
          </Data>
          <Data name="Category">
            <value>National park</value>
          </Data>
          <Data name="Distance">
            <value>0</value>
          </Data>
        </ExtendedData>
        <Point>
          <coordinates>
            -106.325682,32.78724,0
          </coordinates>
        </Point>
      </Placemark>
      <Placemark>
        <name>Driving</name>
        <description><![CDATA[description: Driving from 2022-05-29T00:21:15.000Z to 2022-05-29T01:46:02.999Z. Distance 153239m<br>Email: syugen.zhou@gmail.com<br>Category: Driving<br>Distance: 153239]]></description>
        <styleUrl>#line-FFEA00-5000</styleUrl>
        <ExtendedData>
          <Data name="description">
            <value>Driving from 2022-05-29T00:21:15.000Z to 2022-05-29T01:46:02.999Z. Distance 153239m</value>
          </Data>
          <Data name="Email">
            <value>syugen.zhou@gmail.com</value>
          </Data>
          <Data name="Category">
            <value>Driving</value>
          </Data>
          <Data name="Distance">
            <value>153239</value>
          </Data>
        </ExtendedData>
        <LineString>
          <tessellate>1</tessellate>
          <coordinates>
            -106.270119,32.822715,0
            -106.270542,32.823136,0
            -106.270683,32.823245,0
            -106.270904,32.823393,0
            -106.271074,32.823483,0
            -106.271222,32.823525,0
            -106.271363,32.823544,0
            -106.271554,32.823522,0
            -106.271722,32.823484,0
            -106.271874,32.823412,0
            -106.272002,32.823321,0
            -106.272168,32.823053,0
            -106.272298,32.82272,0
            -106.272352,32.822497,0
            -106.272368,32.822311,0
            -106.272303,32.822172,0
            -106.27217,32.821995,0
            -106.271879,32.82168,0
            -106.271449,32.821141,0
            -106.27136,32.820955,0
            -106.271317,32.820839,0
            -106.271246,32.820343,0
            -106.271183,32.820047,0
            -106.270894,32.819386,0
            -106.270582,32.818765,0
            -106.270516,32.818526,0
            -106.270506,32.818288,0
            -106.270538,32.818021,0
            -106.270468,32.817737,0
            -106.270352,32.817456,0
            -106.270107,32.816984,0
            -106.269876,32.81666,0
            -106.269706,32.81645,0
            -106.269577,32.816266,0
            -106.269255,32.815696,0
            -106.269109,32.815581,0
            -106.268532,32.815329,0
            -106.268108,32.815203,0
            -106.267583,32.815018,0
            -106.267386,32.814933,0
            -106.266264,32.814385,0
            -106.266154,32.814302,0
            -106.266102,32.814234,0
            -106.266057,32.814155,0
            -106.266024,32.813986,0
            -106.266017,32.813791,0
            -106.266092,32.813471,0
            -106.266105,32.813173,0
            -106.266093,32.812892,0
            -106.26605,32.81268,0
            -106.265964,32.812506,0
            -106.265834,32.812357,0
            -106.265568,32.812169,0
            -106.265373,32.812063,0
            -106.264267,32.811596,0
            -106.264013,32.811455,0
            -106.26386,32.811312,0
            -106.263725,32.811112,0
            -106.26366,32.810964,0
            -106.263529,32.810757,0
            -106.263383,32.810588,0
            -106.263228,32.810442,0
            -106.263029,32.810323,0
            -106.26294,32.810301,0
            -106.261906,32.810246,0
            -106.261798,32.809895,0
            -106.261794,32.809596,0
            -106.261947,32.809292,0
            -106.262087,32.80907,0
            -106.262237,32.808865,0
            -106.2623,32.808698,0
            -106.26233,32.808534,0
            -106.262332,32.808272,0
            -106.262293,32.807962,0
            -106.26225,32.80781,0
            -106.262003,32.807429,0
            -106.261744,32.807141,0
            -106.260591,32.806045,0
            -106.260278,32.805674,0
            -106.259792,32.805024,0
            -106.259479,32.804531,0
            -106.259249,32.804106,0
            -106.259073,32.803674,0
            -106.25898,32.80352,0
            -106.258894,32.803415,0
            -106.258749,32.803275,0
            -106.255463,32.801017,0
            -106.254797,32.800608,0
            -106.254104,32.800281,0
            -106.253881,32.800151,0
            -106.253561,32.79994,0
            -106.252913,32.799435,0
            -106.252469,32.799122,0
            -106.252205,32.798959,0
            -106.25193,32.798811,0
            -106.251621,32.798676,0
            -106.251342,32.798582,0
            -106.251078,32.798528,0
            -106.250636,32.798474,0
            -106.250294,32.7984,0
            -106.250213,32.798371,0
            -106.2501,32.798317,0
            -106.249394,32.797777,0
            -106.248059,32.797043,0
            -106.24571,32.795879,0
            -106.24502,32.795572,0
            -106.244726,32.795474,0
            -106.244456,32.795421,0
            -106.244313,32.795404,0
            -106.243619,32.795369,0
            -106.243485,32.795341,0
            -106.243349,32.795298,0
            -106.243192,32.795223,0
            -106.243046,32.795128,0
            -106.242318,32.794524,0
            -106.242181,32.794436,0
            -106.241871,32.794276,0
            -106.241609,32.794166,0
            -106.239587,32.793442,0
            -106.238872,32.793241,0
            -106.23869,32.793212,0
            -106.238389,32.793199,0
            -106.238029,32.793204,0
            -106.237849,32.793196,0
            -106.237708,32.793181,0
            -106.237499,32.793132,0
            -106.23722,32.793033,0
            -106.236888,32.792853,0
            -106.23611,32.792338,0
            -106.236027,32.792295,0
            -106.235875,32.792235,0
            -106.235725,32.792199,0
            -106.235641,32.792195,0
            -106.2355,32.792199,0
            -106.235394,32.792211,0
            -106.235223,32.792253,0
            -106.23449,32.792558,0
            -106.234191,32.792697,0
            -106.233959,32.79284,0
            -106.233791,32.793004,0
            -106.23371,32.793115,0
            -106.233637,32.793237,0
            -106.233522,32.793506,0
            -106.233483,32.79367,0
            -106.233374,32.793994,0
            -106.233239,32.794237,0
            -106.233105,32.794382,0
            -106.232977,32.79449,0
            -106.232708,32.794649,0
            -106.232441,32.794732,0
            -106.232231,32.794765,0
            -106.232103,32.794775,0
            -106.22968,32.794698,0
            -106.229435,32.794707,0
            -106.229332,32.79472,0
            -106.229165,32.794762,0
            -106.229027,32.79481,0
            -106.228896,32.794873,0
            -106.228766,32.794949,0
            -106.228633,32.79507,0
            -106.2285,32.795224,0
            -106.228001,32.795884,0
            -106.227905,32.795994,0
            -106.227657,32.796232,0
            -106.227381,32.796416,0
            -106.227208,32.796516,0
            -106.226805,32.796704,0
            -106.226046,32.797017,0
            -106.225554,32.797196,0
            -106.225242,32.797288,0
            -106.224847,32.797375,0
            -106.224421,32.797442,0
            -106.223965,32.79747,0
            -106.223452,32.79746,0
            -106.223222,32.797444,0
            -106.221146,32.797152,0
            -106.220063,32.796907,0
            -106.219327,32.796681,0
            -106.218839,32.796502,0
            -106.217971,32.796148,0
            -106.215781,32.795116,0
            -106.215525,32.79502,0
            -106.215323,32.794973,0
            -106.21512,32.794943,0
            -106.214828,32.794927,0
            -106.21455,32.794948,0
            -106.212081,32.795449,0
            -106.210945,32.795605,0
            -106.210137,32.795647,0
            -106.209729,32.795642,0
            -106.208904,32.795596,0
            -106.208556,32.795557,0
            -106.207902,32.795455,0
            -106.206624,32.795172,0
            -106.20625,32.79507,0
            -106.205656,32.79487,0
            -106.205228,32.794689,0
            -106.203709,32.793895,0
            -106.202605,32.793392,0
            -106.202042,32.793157,0
            -106.20108,32.792813,0
            -106.199108,32.79223,0
            -106.198145,32.791912,0
            -106.197054,32.79149,0
            -106.196356,32.791175,0
            -106.195344,32.790666,0
            -106.193378,32.789611,0
            -106.192132,32.789044,0
            -106.190742,32.788521,0
            -106.189435,32.788129,0
            -106.1884,32.787887,0
            -106.185926,32.787418,0
            -106.184326,32.787008,0
            -106.183878,32.786862,0
            -106.183389,32.786677,0
            -106.181673,32.785901,0
            -106.18008,32.785095,0
            -106.177259,32.783364,0
            -106.176857,32.783149,0
            -106.176684,32.783002,0
            -106.176539,32.782862,0
            -106.176466,32.782776,0
            -106.176352,32.782674,0
            -106.176048,32.782503,0
            -106.175799,32.782394,0
            -106.175669,32.782352,0
            -106.175342,32.7823,0
            -106.175183,32.782264,0
            -106.174973,32.78217,0
            -106.174829,32.782075,0
            -106.174765,32.782042,0
            -106.17471,32.781993,0
            -106.174143,32.781375,0
            -106.173856,32.781018,0
            -106.173698,32.780778,0
            -106.173571,32.780522,0
            -106.173386,32.779958,0
            -106.173111,32.779461,0
            -106.172881,32.779163,0
            -106.172676,32.778947,0
            -106.17241,32.778619,0
            -106.172299,32.778523,0
            -106.171783,32.778851,0
            -106.170848,32.779404,0
            -106.075546,32.827772,0
            -106.07394,32.828537,0
            -106.072302,32.829201,0
            -106.070934,32.829848,0
            -106.067277,32.8317,0
            -106.065705,32.832417,0
            -106.060821,32.834394,0
            -106.060504,32.834507,0
            -105.999644,32.858887,0
            -105.998542,32.859297,0
            -105.979306,32.867151,0
            -105.972436,32.870023,0
            -105.971225,32.870497,0
            -105.97005,32.871022,0
            -105.969723,32.871095,0
            -105.969607,32.871103,0
            -105.969569,32.871101,0
            -105.969514,32.871091,0
            -105.969453,32.87107,0
            -105.969322,32.871011,0
            -105.969092,32.870543,0
            -105.968985,32.870171,0
            -105.968452,32.863708,0
            -105.968392,32.863239,0
            -105.96823,32.860581,0
            -105.968249,32.860186,0
            -105.96843,32.858711,0
            -105.970979,32.843575,0
            -105.97124,32.842584,0
            -105.9713,32.842497,0
            -105.971356,32.84234,0
            -105.971666,32.841046,0
            -105.976433,32.812364,0
            -105.976479,32.811955,0
            -105.992264,32.717471,0
            -105.9923,32.717316,0
            -106.014966,32.581442,0
            -106.015097,32.580494,0
            -106.019881,32.551673,0
            -106.020057,32.550806,0
            -106.020278,32.549974,0
            -106.020531,32.549237,0
            -106.059305,32.452046,0
            -106.071324,32.418283,0
            -106.071665,32.417547,0
            -106.07211,32.41675,0
            -106.089586,32.388915,0
            -106.089624,32.388774,0
            -106.09031,32.387594,0
            -106.090763,32.386633,0
            -106.09119,32.385497,0
            -106.091435,32.384697,0
            -106.091623,32.383874,0
            -106.091798,32.382815,0
            -106.091882,32.381903,0
            -106.091895,32.381402,0
            -106.091557,32.369234,0
            -106.091576,32.368684,0
            -106.091663,32.36762,0
            -106.091781,32.366818,0
            -106.091991,32.36585,0
            -106.092351,32.364665,0
            -106.092905,32.363335,0
            -106.093587,32.362065,0
            -106.094132,32.361214,0
            -106.094214,32.361175,0
            -106.097091,32.356951,0
            -106.126175,32.311679,0
            -106.127586,32.309558,0
            -106.182809,32.223392,0
            -106.320716,32.007232,0
            -106.321179,32.006543,0
            -106.321685,32.005875,0
            -106.322034,32.005462,0
            -106.32251,32.004942,0
            -106.323381,32.0041,0
            -106.324009,32.003565,0
            -106.328687,32.000041,0
            -106.329255,31.999659,0
            -106.33046,31.998919,0
            -106.331215,31.998413,0
            -106.396404,31.949283,0
            -106.396922,31.948868,0
            -106.397255,31.948564,0
            -106.398303,31.947523,0
            -106.398615,31.947248,0
            -106.404198,31.94304,0
            -106.404809,31.942648,0
            -106.405955,31.942003,0
            -106.406798,31.941445,0
            -106.407873,31.94065,0
            -106.407812,31.938223,0
          </coordinates>
        </LineString>
      </Placemark>
      <Placemark>
        <name>Popeyes</name>
        <description><![CDATA[description: Chicken from 2022-05-29T01:46:02.999Z to 2022-05-29T02:24:50.999Z. Distance 0m<br>Email: syugen.zhou@gmail.com<br>Category: Chicken<br>Distance: 0]]></description>
        <styleUrl>#icon-1739-0288D1</styleUrl>
        <ExtendedData>
          <Data name="description">
            <value>Chicken from 2022-05-29T01:46:02.999Z to 2022-05-29T02:24:50.999Z. Distance 0m</value>
          </Data>
          <Data name="Email">
            <value>syugen.zhou@gmail.com</value>
          </Data>
          <Data name="Category">
            <value>Chicken</value>
          </Data>
          <Data name="Distance">
            <value>0</value>
          </Data>
        </ExtendedData>
        <Point>
          <coordinates>
            -106.407072,31.939089,0
          </coordinates>
        </Point>
      </Placemark>
      <Placemark>
        <name>Driving</name>
        <description><![CDATA[description: Driving from 2022-05-29T02:24:50.999Z to 2022-05-29T02:33:20.999Z. Distance 9922m<br>Email: syugen.zhou@gmail.com<br>Category: Driving<br>Distance: 9922]]></description>
        <styleUrl>#line-FFEA00-5000</styleUrl>
        <ExtendedData>
          <Data name="description">
            <value>Driving from 2022-05-29T02:24:50.999Z to 2022-05-29T02:33:20.999Z. Distance 9922m</value>
          </Data>
          <Data name="Email">
            <value>syugen.zhou@gmail.com</value>
          </Data>
          <Data name="Category">
            <value>Driving</value>
          </Data>
          <Data name="Distance">
            <value>9922</value>
          </Data>
        </ExtendedData>
        <LineString>
          <tessellate>1</tessellate>
          <coordinates>
            -106.407592,31.939585,0
            -106.407616,31.940412,0
            -106.407873,31.94065,0
            -106.408011,31.940548,0
            -106.408117,31.940476,0
            -106.410833,31.938442,0
            -106.411239,31.938148,0
            -106.412213,31.937482,0
            -106.412654,31.937194,0
            -106.413171,31.936869,0
            -106.413939,31.936405,0
            -106.414497,31.936082,0
            -106.414993,31.935807,0
            -106.415363,31.935609,0
            -106.416353,31.935105,0
            -106.4228,31.931974,0
            -106.423887,31.931432,0
            -106.424343,31.931221,0
            -106.426486,31.930185,0
            -106.426506,31.930178,0
            -106.426585,31.930046,0
            -106.426592,31.930036,0
            -106.426599,31.93003,0
            -106.427863,31.929293,0
            -106.429122,31.928623,0
            -106.429955,31.928196,0
            -106.43235,31.927031,0
            -106.432656,31.926875,0
            -106.432923,31.92675,0
            -106.433095,31.926656,0
            -106.437425,31.924552,0
            -106.437723,31.92439,0
            -106.437927,31.924272,0
            -106.438136,31.924143,0
            -106.438341,31.92401,0
            -106.438541,31.923872,0
            -106.438824,31.923662,0
            -106.439101,31.923442,0
            -106.439374,31.923205,0
            -106.439632,31.922961,0
            -106.439792,31.922798,0
            -106.439949,31.922631,0
            -106.440106,31.922454,0
            -106.440254,31.922278,0
            -106.440466,31.922006,0
            -106.44057,31.921863,0
            -106.440731,31.921625,0
            -106.440916,31.92133,0
            -106.441029,31.921133,0
            -106.441134,31.920937,0
            -106.441232,31.92074,0
            -106.441363,31.920453,0
            -106.441521,31.920049,0
            -106.441558,31.919944,0
            -106.441656,31.919631,0
            -106.441714,31.919419,0
            -106.44178,31.919131,0
            -106.441829,31.918886,0
            -106.441863,31.91867,0
            -106.44189,31.918454,0
            -106.441916,31.91813,0
            -106.441927,31.917914,0
            -106.441929,31.917807,0
            -106.441707,31.907685,0
            -106.441702,31.907591,0
            -106.441699,31.907365,0
            -106.441694,31.907256,0
            -106.441664,31.905837,0
            -106.441646,31.905394,0
            -106.441164,31.883802,0
            -106.441169,31.88377,0
            -106.441144,31.882412,0
            -106.441138,31.882297,0
            -106.441131,31.881875,0
            -106.441129,31.881856,0
            -106.441104,31.880649,0
            -106.441211,31.880523,0
            -106.441215,31.880513,0
            -106.441218,31.880501,0
            -106.441228,31.880289,0
            -106.441252,31.880069,0
            -106.441336,31.878862,0
            -106.441335,31.878607,0
            -106.44136,31.87823,0
            -106.441399,31.877345,0
            -106.441441,31.877223,0
            -106.441385,31.874785,0
            -106.441362,31.87422,0
            -106.44136,31.873429,0
            -106.44138,31.871931,0
            -106.441379,31.871643,0
            -106.441434,31.870615,0
            -106.441453,31.869592,0
            -106.4414,31.868231,0
            -106.441376,31.866357,0
            -106.441377,31.866235,0
            -106.441235,31.860947,0
            -106.441233,31.860693,0
            -106.442742,31.860672,0
            -106.442757,31.861497,0
          </coordinates>
        </LineString>
      </Placemark>
      <Placemark>
        <name><![CDATA[Holiday Inn Express & Suites El Paso North, an IHG Hotel]]></name>
        <description><![CDATA[description: Hotel from 2022-05-29T02:33:20.999Z to 2022-05-29T17:33:50.999Z. Distance 0m<br>Email: syugen.zhou@gmail.com<br>Category: Hotel<br>Distance: 0]]></description>
        <styleUrl>#icon-1602-0288D1</styleUrl>
        <ExtendedData>
          <Data name="description">
            <value>Hotel from 2022-05-29T02:33:20.999Z to 2022-05-29T17:33:50.999Z. Distance 0m</value>
          </Data>
          <Data name="Email">
            <value>syugen.zhou@gmail.com</value>
          </Data>
          <Data name="Category">
            <value>Hotel</value>
          </Data>
          <Data name="Distance">
            <value>0</value>
          </Data>
        </ExtendedData>
        <Point>
          <coordinates>
            -106.441628,31.861448,0
          </coordinates>
        </Point>
      </Placemark>
    </Folder>
    <Folder>
      <name>2022-05-27</name>
      <Placemark>
        <name><![CDATA[Holiday Inn Express & Suites El Paso North, an IHG Hotel]]></name>
        <description><![CDATA[description: Hotel from 2022-05-27T03:04:04.006Z to 2022-05-27T16:00:26.999Z. Distance 0m<br>Email: syugen.zhou@gmail.com<br>Category: Hotel<br>Distance: 0]]></description>
        <styleUrl>#icon-1602-0288D1</styleUrl>
        <ExtendedData>
          <Data name="description">
            <value>Hotel from 2022-05-27T03:04:04.006Z to 2022-05-27T16:00:26.999Z. Distance 0m</value>
          </Data>
          <Data name="Email">
            <value>syugen.zhou@gmail.com</value>
          </Data>
          <Data name="Category">
            <value>Hotel</value>
          </Data>
          <Data name="Distance">
            <value>0</value>
          </Data>
        </ExtendedData>
        <Point>
          <coordinates>
            -106.441628,31.861448,0
          </coordinates>
        </Point>
      </Placemark>
      <Placemark>
        <name>Driving</name>
        <description><![CDATA[description: Driving from 2022-05-27T16:00:26.999Z to 2022-05-27T16:17:19.001Z. Distance 24224m<br>Email: syugen.zhou@gmail.com<br>Category: Driving<br>Distance: 24224]]></description>
        <styleUrl>#line-F9A825-5000</styleUrl>
        <ExtendedData>
          <Data name="description">
            <value>Driving from 2022-05-27T16:00:26.999Z to 2022-05-27T16:17:19.001Z. Distance 24224m</value>
          </Data>
          <Data name="Email">
            <value>syugen.zhou@gmail.com</value>
          </Data>
          <Data name="Category">
            <value>Driving</value>
          </Data>
          <Data name="Distance">
            <value>24224</value>
          </Data>
        </ExtendedData>
        <LineString>
          <tessellate>1</tessellate>
          <coordinates>
            -106.441237,31.861029,0
            -106.44116,31.856714,0
            -106.441138,31.856552,0
            -106.441,31.851856,0
            -106.440731,31.84941,0
            -106.440556,31.843979,0
            -106.440501,31.843875,0
            -106.44021,31.842355,0
            -106.440148,31.84182,0
            -106.440068,31.841706,0
            -106.439856,31.833112,0
            -106.439973,31.832961,0
            -106.439981,31.831854,0
            -106.440059,31.830609,0
            -106.440026,31.829634,0
            -106.439978,31.829374,0
            -106.439871,31.829024,0
            -106.439082,31.827329,0
            -106.438798,31.826929,0
            -106.438564,31.82668,0
            -106.4383,31.826451,0
            -106.438006,31.82624,0
            -106.43754,31.82599,0
            -106.43703,31.825797,0
            -106.436526,31.825679,0
            -106.436239,31.825642,0
            -106.433255,31.825556,0
            -106.433174,31.825538,0
            -106.431297,31.825636,0
            -106.428608,31.825992,0
            -106.428523,31.826033,0
            -106.427281,31.826147,0
            -106.421952,31.826271,0
            -106.417085,31.826201,0
            -106.409283,31.826357,0
            -106.408486,31.826304,0
            -106.407898,31.826219,0
            -106.406964,31.826,0
            -106.406324,31.825785,0
            -106.405501,31.825416,0
            -106.405077,31.825183,0
            -106.404426,31.824748,0
            -106.404015,31.824418,0
            -106.401397,31.821804,0
            -106.400563,31.821184,0
            -106.399982,31.820843,0
            -106.39932,31.820528,0
            -106.398811,31.820328,0
            -106.398232,31.82015,0
            -106.397427,31.819967,0
            -106.39673,31.819874,0
            -106.396049,31.819837,0
            -106.381818,31.8201,0
            -106.381042,31.820178,0
            -106.380171,31.82032,0
            -106.379413,31.82049,0
            -106.378199,31.820863,0
            -106.377243,31.821251,0
            -106.376554,31.821589,0
            -106.375725,31.82207,0
            -106.352747,31.838498,0
            -106.352032,31.838959,0
            -106.351453,31.839282,0
            -106.350595,31.839695,0
            -106.349692,31.840064,0
            -106.348813,31.840322,0
            -106.347702,31.840578,0
            -106.346937,31.840702,0
            -106.345797,31.840805,0
            -106.32565,31.841095,0
            -106.325553,31.841048,0
            -106.325384,31.841017,0
            -106.325173,31.840945,0
            -106.324762,31.840633,0
            -106.322934,31.837285,0
            -106.322447,31.836602,0
            -106.322011,31.836124,0
            -106.321919,31.836055,0
            -106.321828,31.836023,0
            -106.321263,31.835533,0
            -106.320862,31.835249,0
            -106.320003,31.834774,0
            -106.319308,31.834491,0
            -106.272248,31.819214,0
            -106.27145,31.81888,0
            -106.271015,31.818637,0
            -106.270599,31.818362,0
            -106.270144,31.817996,0
            -106.269802,31.817662,0
            -106.269466,31.81727,0
            -106.269081,31.81669,0
            -106.268772,31.816034,0
            -106.26858,31.815402,0
            -106.268485,31.814699,0
            -106.268435,31.810614,0
            -106.268552,31.810197,0
            -106.268768,31.808072,0
            -106.268754,31.808026,0
            -106.268743,31.806242,0
            -106.248116,31.808948,0
          </coordinates>
        </LineString>
      </Placemark>
      <Placemark>
        <name>Circle K</name>
        <description><![CDATA[description: Convenience store from 2022-05-27T16:17:19.001Z to 2022-05-27T16:25:15.000Z. Distance 0m<br>Email: syugen.zhou@gmail.com<br>Category: Convenience store<br>Distance: 0]]></description>
        <styleUrl>#icon-1739-0288D1</styleUrl>
        <ExtendedData>
          <Data name="description">
            <value>Convenience store from 2022-05-27T16:17:19.001Z to 2022-05-27T16:25:15.000Z. Distance 0m</value>
          </Data>
          <Data name="Email">
            <value>syugen.zhou@gmail.com</value>
          </Data>
          <Data name="Category">
            <value>Convenience store</value>
          </Data>
          <Data name="Distance">
            <value>0</value>
          </Data>
        </ExtendedData>
        <Point>
          <coordinates>
            -106.247933,31.808507,0
          </coordinates>
        </Point>
      </Placemark>
      <Placemark>
        <name>Driving</name>
        <description><![CDATA[description: Driving from 2022-05-27T16:25:15.000Z to 2022-05-27T18:19:49.000Z. Distance 210275m<br>Email: syugen.zhou@gmail.com<br>Category: Driving<br>Distance: 210275]]></description>
        <styleUrl>#line-F9A825-5000</styleUrl>
        <ExtendedData>
          <Data name="description">
            <value>Driving from 2022-05-27T16:25:15.000Z to 2022-05-27T18:19:49.000Z. Distance 210275m</value>
          </Data>
          <Data name="Email">
            <value>syugen.zhou@gmail.com</value>
          </Data>
          <Data name="Category">
            <value>Driving</value>
          </Data>
          <Data name="Distance">
            <value>210275</value>
          </Data>
        </ExtendedData>
        <LineString>
          <tessellate>1</tessellate>
          <coordinates>
            -106.247457,31.808786,0
            -106.2475,31.809016,0
            -106.218753,31.812787,0
            -106.214627,31.813477,0
            -106.145246,31.822552,0
            -106.108064,31.829052,0
            -106.063314,31.833407,0
            -106.05829,31.834018,0
            -106.057642,31.834149,0
            -106.056783,31.834431,0
            -106.056284,31.834656,0
            -106.049628,31.838277,0
            -106.048871,31.838609,0
            -106.04788,31.838895,0
            -106.046896,31.839038,0
            -106.042417,31.839283,0
            -106.04187,31.83925,0
            -106.041097,31.839131,0
            -106.031371,31.836971,0
            -106.030189,31.836592,0
            -106.025759,31.834668,0
            -106.024598,31.834383,0
            -106.023867,31.8343,0
            -106.023162,31.834295,0
            -106.019894,31.834511,0
            -106.01883,31.834433,0
            -106.01806,31.834269,0
            -106.017482,31.83409,0
            -106.014025,31.832568,0
            -106.012992,31.832016,0
            -106.011151,31.83085,0
            -106.010043,31.830291,0
            -106.009367,31.830068,0
            -106.008635,31.829908,0
            -105.99796,31.82921,0
            -105.997225,31.829223,0
            -105.996343,31.829367,0
            -105.995689,31.829578,0
            -105.995367,31.829719,0
            -105.994863,31.830005,0
            -105.994311,31.830424,0
            -105.993969,31.830778,0
            -105.993672,31.831175,0
            -105.993123,31.832302,0
            -105.99116,31.837222,0
            -105.990971,31.837535,0
            -105.990505,31.838092,0
            -105.989903,31.8386,0
            -105.9896,31.838774,0
            -105.98906,31.838996,0
            -105.98812,31.839182,0
            -105.985205,31.839295,0
            -105.984468,31.839389,0
            -105.98389,31.839548,0
            -105.983601,31.839667,0
            -105.982934,31.840052,0
            -105.981569,31.84129,0
            -105.981105,31.841632,0
            -105.980826,31.841787,0
            -105.980253,31.842003,0
            -105.979913,31.842082,0
            -105.979242,31.842137,0
            -105.978837,31.842114,0
            -105.978177,31.841987,0
            -105.971891,31.840072,0
            -105.946187,31.829025,0
            -105.945139,31.828648,0
            -105.942663,31.828016,0
            -105.936488,31.826914,0
            -105.934336,31.826707,0
            -105.920807,31.82669,0
            -105.920104,31.826577,0
            -105.918561,31.826187,0
            -105.917402,31.826191,0
            -105.917197,31.826224,0
            -105.915921,31.826693,0
            -105.902126,31.826701,0
            -105.891111,31.827263,0
            -105.889507,31.827253,0
            -105.880302,31.826736,0
            -105.879329,31.826808,0
            -105.878619,31.826933,0
            -105.869106,31.82972,0
            -105.859597,31.832922,0
            -105.845155,31.836866,0
            -105.844336,31.83715,0
            -105.843016,31.837782,0
            -105.831946,31.844682,0
            -105.831157,31.845022,0
            -105.830244,31.845279,0
            -105.829261,31.845408,0
            -105.824227,31.845431,0
            -105.822832,31.845517,0
            -105.794503,31.848402,0
            -105.793647,31.848398,0
            -105.792478,31.848287,0
            -105.779588,31.845785,0
            -105.771451,31.843122,0
            -105.715558,31.821969,0
            -105.714478,31.82167,0
            -105.284241,31.746796,0
            -105.28186,31.746624,0
            -105.205435,31.747051,0
            -105.205366,31.747032,0
            -105.197808,31.747084,0
            -105.197734,31.747106,0
            -105.177119,31.74722,0
            -105.176099,31.747129,0
            -105.174782,31.7469,0
            -105.142487,31.739031,0
            -105.140625,31.738783,0
            -105.138799,31.738781,0
            -104.979041,31.755245,0
            -104.945521,31.761712,0
            -104.931428,31.763694,0
            -104.911048,31.76395,0
            -104.910282,31.764026,0
            -104.909185,31.764238,0
            -104.907788,31.764693,0
            -104.906735,31.765195,0
            -104.906213,31.765508,0
            -104.880616,31.783451,0
            -104.878217,31.784891,0
            -104.875592,31.786221,0
            -104.849829,31.798028,0
            -104.849411,31.79827,0
            -104.848509,31.798908,0
            -104.829875,31.815764,0
            -104.82925,31.816472,0
            -104.828861,31.817101,0
            -104.828564,31.817822,0
            -104.828438,31.818291,0
            -104.828345,31.818921,0
            -104.828334,31.819495,0
            -104.829288,31.832139,0
            -104.830496,31.838324,0
            -104.830875,31.839368,0
            -104.831527,31.840453,0
            -104.832258,31.84132,0
            -104.836044,31.844491,0
            -104.836107,31.844594,0
            -104.837707,31.845976,0
            -104.839453,31.847654,0
            -104.841146,31.849651,0
            -104.842192,31.851037,0
            -104.844116,31.853878,0
            -104.844407,31.854477,0
            -104.844652,31.855321,0
            -104.844733,31.856079,0
            -104.844636,31.857174,0
            -104.843653,31.859802,0
            -104.843414,31.860268,0
            -104.843174,31.860624,0
            -104.842765,31.861072,0
            -104.842377,31.861398,0
            -104.841973,31.861664,0
            -104.841251,31.862009,0
            -104.84077,31.862172,0
            -104.836235,31.863044,0
            -104.83527,31.863146,0
            -104.833618,31.863119,0
            -104.832347,31.862923,0
            -104.826581,31.861074,0
            -104.825664,31.86089,0
            -104.824523,31.86077,0
            -104.823714,31.860759,0
            -104.822631,31.860832,0
            -104.818041,31.861749,0
            -104.817667,31.861857,0
            -104.816786,31.86224,0
            -104.816083,31.862735,0
            -104.815738,31.863074,0
            -104.815297,31.863641,0
            -104.814935,31.864355,0
            -104.814842,31.864638,0
            -104.814723,31.865297,0
            -104.814769,31.866154,0
            -104.814995,31.866935,0
            -104.815201,31.867347,0
            -104.815937,31.868292,0
            -104.816049,31.868382,0
            -104.821753,31.875413,0
            -104.822289,31.876216,0
            -104.822613,31.876843,0
            -104.822875,31.8775,0
            -104.823105,31.878357,0
            -104.823216,31.879064,0
            -104.823205,31.880697,0
            -104.822237,31.888967,0
            -104.822223,31.889853,0
            -104.822043,31.890455,0
            -104.821924,31.890672,0
            -104.821584,31.891117,0
            -104.821261,31.891414,0
            -104.819379,31.892504,0
            -104.818915,31.892687,0
            -104.818161,31.892846,0
            -104.817374,31.892863,0
            -104.814323,31.892338,0
            -104.813668,31.892297,0
            -104.812644,31.892315,0
            -104.811482,31.89245,0
            -104.810748,31.892621,0
            -104.809388,31.893113,0
            -104.80093,31.897229,0
            -104.800843,31.897241,0
            -104.796489,31.898823,0
            -104.796385,31.89889,0
            -104.792704,31.900236,0
            -104.791452,31.900838,0
            -104.780505,31.907217,0
            -104.779765,31.907784,0
            -104.778934,31.908585,0
            -104.776558,31.911558,0
            -104.775675,31.912485,0
            -104.77482,31.913149,0
            -104.773929,31.913684,0
            -104.772659,31.91423,0
            -104.771234,31.914619,0
            -104.769943,31.914814,0
            -104.768991,31.914843,0
            -104.760426,31.914585,0
            -104.759275,31.914668,0
            -104.758119,31.914847,0
            -104.756669,31.915214,0
            -104.755616,31.915587,0
            -104.754101,31.916321,0
            -104.753067,31.916973,0
            -104.75217,31.91766,0
            -104.749496,31.919956,0
            -104.748338,31.920834,0
            -104.746829,31.921789,0
            -104.742538,31.924176,0
            -104.732554,31.930624,0
            -104.731232,31.931368,0
            -104.729911,31.931996,0
            -104.71337,31.938758,0
            -104.71237,31.939275,0
            -104.711033,31.940132,0
            -104.697608,31.950619,0
            -104.683371,31.959328,0
            -104.681829,31.960108,0
            -104.680229,31.960725,0
            -104.679257,31.961014,0
            -104.67462,31.961966,0
            -104.674522,31.962002,0
            -104.603757,31.975691,0
            -104.60225,31.976134,0
            -104.601109,31.976561,0
            -104.57176,31.989122,0
            -104.570015,31.9897,0
            -104.530725,32.000627,0
            -104.526115,32.00171,0
            -104.494319,32.010607,0
            -104.49338,32.011017,0
            -104.492081,32.011799,0
            -104.491477,32.012278,0
            -104.490348,32.013456,0
            -104.403739,32.136511,0
            -104.403188,32.137399,0
            -104.37849,32.172381,0
            -104.37788,32.173054,0
            -104.376887,32.173842,0
            -104.376189,32.174292,0
            -104.375392,32.174701,0
            -104.375727,32.175203,0
            -104.376049,32.175476,0
            -104.376428,32.175672,0
            -104.380538,32.177061,0
            -104.381222,32.177481,0
            -104.381758,32.177935,0
            -104.38202,32.178217,0
            -104.38239,32.178751,0
            -104.382632,32.179256,0
            -104.383572,32.182001,0
            -104.38374,32.182342,0
            -104.384088,32.182802,0
            -104.384391,32.183084,0
            -104.386043,32.184327,0
            -104.386368,32.184654,0
            -104.386534,32.18495,0
            -104.386638,32.185324,0
            -104.386971,32.187795,0
            -104.387027,32.187959,0
            -104.387156,32.188165,0
            -104.38748,32.188454,0
            -104.387687,32.188566,0
            -104.388045,32.188666,0
            -104.388328,32.188678,0
            -104.388642,32.188635,0
            -104.388929,32.188532,0
            -104.389222,32.188331,0
            -104.389401,32.188128,0
            -104.389782,32.187523,0
            -104.389918,32.187386,0
            -104.390321,32.187132,0
            -104.39059,32.187038,0
            -104.390977,32.186981,0
            -104.392647,32.18705,0
            -104.393308,32.187203,0
            -104.396427,32.188439,0
            -104.397159,32.188814,0
            -104.4031,32.192311,0
            -104.404015,32.192745,0
            -104.404915,32.193044,0
            -104.405271,32.193101,0
            -104.405582,32.193086,0
            -104.405774,32.193031,0
            -104.406026,32.192909,0
            -104.406235,32.192739,0
            -104.407841,32.190569,0
            -104.408004,32.190428,0
            -104.408227,32.190296,0
            -104.408511,32.190186,0
            -104.408928,32.190124,0
            -104.409232,32.190137,0
            -104.409497,32.190193,0
            -104.409939,32.190395,0
            -104.411666,32.19206,0
            -104.412042,32.192346,0
            -104.412366,32.192512,0
            -104.412762,32.192641,0
            -104.413056,32.192696,0
            -104.413556,32.192712,0
            -104.414071,32.192631,0
            -104.414384,32.192528,0
            -104.414798,32.192315,0
            -104.415192,32.191991,0
            -104.415403,32.191719,0
            -104.415593,32.191372,0
            -104.41635,32.189574,0
            -104.416432,32.189451,0
            -104.416604,32.189286,0
            -104.416877,32.189119,0
            -104.417094,32.189039,0
            -104.417495,32.188982,0
            -104.417849,32.189021,0
            -104.41915,32.189546,0
            -104.419479,32.189605,0
            -104.419803,32.189588,0
            -104.42008,32.18952,0
            -104.420301,32.189423,0
            -104.42057,32.18923,0
            -104.422461,32.187354,0
            -104.422699,32.187175,0
            -104.423064,32.187005,0
            -104.423517,32.186897,0
            -104.423933,32.186892,0
            -104.424208,32.186937,0
            -104.424509,32.187025,0
            -104.424837,32.187178,0
            -104.427063,32.188764,0
            -104.42733,32.188904,0
            -104.427604,32.189008,0
            -104.427909,32.189076,0
            -104.428326,32.189096,0
            -104.428639,32.189067,0
            -104.428922,32.189001,0
            -104.42931,32.188854,0
            -104.429634,32.188651,0
            -104.429972,32.188325,0
            -104.430123,32.188091,0
            -104.430272,32.187718,0
            -104.430317,32.187409,0
            -104.430316,32.18646,0
            -104.430362,32.186235,0
            -104.430438,32.186047,0
            -104.430564,32.185869,0
            -104.430829,32.185639,0
            -104.431045,32.18552,0
            -104.431267,32.185448,0
            -104.431494,32.185416,0
            -104.431757,32.185419,0
            -104.433952,32.185673,0
            -104.434296,32.185751,0
            -104.434596,32.185874,0
            -104.434923,32.186089,0
            -104.435067,32.186226,0
            -104.43532,32.186583,0
            -104.435907,32.188707,0
            -104.436022,32.188871,0
            -104.436207,32.188997,0
            -104.436451,32.189062,0
            -104.436597,32.189062,0
            -104.436729,32.189035,0
            -104.436916,32.18893,0
            -104.437021,32.188822,0
            -104.437095,32.188694,0
            -104.437141,32.188542,0
            -104.437278,32.187128,0
            -104.437259,32.186723,0
            -104.437169,32.186443,0
            -104.437038,32.186219,0
            -104.43617,32.185107,0
            -104.435846,32.18486,0
            -104.435486,32.184681,0
            -104.434785,32.184501,0
            -104.434269,32.184228,0
            -104.433473,32.183521,0
            -104.433088,32.183308,0
            -104.432291,32.183004,0
            -104.432132,32.182874,0
            -104.432063,32.182759,0
            -104.432025,32.182594,0
            -104.432075,32.182332,0
            -104.432165,32.182201,0
            -104.432323,32.182081,0
            -104.432393,32.18205,0
            -104.432631,32.182001,0
            -104.435892,32.181736,0
            -104.436337,32.181665,0
            -104.438001,32.181217,0
            -104.438579,32.181146,0
            -104.441154,32.181222,0
            -104.441747,32.18119,0
            -104.442027,32.181144,0
            -104.442627,32.18096,0
            -104.443316,32.1806,0
            -104.443883,32.18009,0
            -104.444198,32.179656,0
            -104.444534,32.179049,0
            -104.444716,32.178858,0
            -104.446119,32.178163,0
            -104.448478,32.176485,0
            -104.448679,32.176277,0
            -104.44893,32.175827,0
            -104.449013,32.17548,0
            -104.449016,32.175162,0
            -104.44896,32.174887,0
            -104.448848,32.174625,0
            -104.448703,32.174399,0
            -104.448534,32.174211,0
            -104.4482,32.173945,0
            -104.447948,32.173814,0
            -104.447455,32.173661,0
            -104.447146,32.173628,0
            -104.446841,32.173637,0
            -104.446567,32.173679,0
            -104.446399,32.173737,0
            -104.446166,32.173858,0
            -104.445974,32.174025,0
            -104.445569,32.174555,0
            -104.445266,32.174817,0
            -104.445005,32.174946,0
            -104.444848,32.174985,0
            -104.444593,32.175009,0
            -104.444302,32.174996,0
            -104.444179,32.174966,0
            -104.443931,32.174858,0
            -104.443737,32.174725,0
            -104.443689,32.174719,0
            -104.443552,32.174737,0
            -104.443481,32.174587,0
            -104.443431,32.174569,0
            -104.443389,32.174572,0
            -104.443252,32.174628,0
          </coordinates>
        </LineString>
      </Placemark>
      <Placemark>
        <name>Carlsbad Caverns National Park</name>
        <description><![CDATA[description: National park from 2022-05-27T18:19:49.000Z to 2022-05-27T20:52:30.000Z. Distance 0m<br>Email: syugen.zhou@gmail.com<br>Category: National park<br>Distance: 0]]></description>
        <styleUrl>#icon-1535-0288D1</styleUrl>
        <ExtendedData>
          <Data name="description">
            <value>National park from 2022-05-27T18:19:49.000Z to 2022-05-27T20:52:30.000Z. Distance 0m</value>
          </Data>
          <Data name="Email">
            <value>syugen.zhou@gmail.com</value>
          </Data>
          <Data name="Category">
            <value>National park</value>
          </Data>
          <Data name="Distance">
            <value>0</value>
          </Data>
        </ExtendedData>
        <Point>
          <coordinates>
            -104.553889,32.12913,0
          </coordinates>
        </Point>
      </Placemark>
      <Placemark>
        <name>Driving</name>
        <description><![CDATA[description: Driving from 2022-05-27T20:52:30.998Z to 2022-05-27T21:33:33.000Z. Distance 63271m<br>Email: syugen.zhou@gmail.com<br>Category: Driving<br>Distance: 63271]]></description>
        <styleUrl>#line-F9A825-5000</styleUrl>
        <ExtendedData>
          <Data name="description">
            <value>Driving from 2022-05-27T20:52:30.998Z to 2022-05-27T21:33:33.000Z. Distance 63271m</value>
          </Data>
          <Data name="Email">
            <value>syugen.zhou@gmail.com</value>
          </Data>
          <Data name="Category">
            <value>Driving</value>
          </Data>
          <Data name="Distance">
            <value>63271</value>
          </Data>
        </ExtendedData>
        <LineString>
          <tessellate>1</tessellate>
          <coordinates>
            -104.44365,32.174991,0
            -104.443552,32.174737,0
            -104.443737,32.174725,0
            -104.444302,32.174996,0
            -104.445005,32.174946,0
            -104.445266,32.174817,0
            -104.446166,32.173858,0
            -104.446567,32.173679,0
            -104.447146,32.173628,0
            -104.447948,32.173814,0
            -104.448534,32.174211,0
            -104.448849,32.174625,0
            -104.449016,32.175162,0
            -104.44893,32.175827,0
            -104.448679,32.176277,0
            -104.44612,32.178163,0
            -104.444716,32.178858,0
            -104.443883,32.18009,0
            -104.443316,32.1806,0
            -104.442627,32.18096,0
            -104.442027,32.181144,0
            -104.441154,32.181222,0
            -104.438579,32.181146,0
            -104.438002,32.181217,0
            -104.436337,32.181665,0
            -104.432393,32.18205,0
            -104.432165,32.182201,0
            -104.432075,32.182332,0
            -104.432025,32.182594,0
            -104.432132,32.182874,0
            -104.432292,32.183004,0
            -104.433473,32.183521,0
            -104.434269,32.184228,0
            -104.434786,32.184502,0
            -104.435487,32.184681,0
            -104.43617,32.185107,0
            -104.437169,32.186443,0
            -104.437259,32.186723,0
            -104.437142,32.188542,0
            -104.437021,32.188822,0
            -104.436729,32.189035,0
            -104.436451,32.189062,0
            -104.436207,32.188997,0
            -104.436022,32.188871,0
            -104.435907,32.188707,0
            -104.435321,32.186583,0
            -104.435067,32.186227,0
            -104.434596,32.185874,0
            -104.434296,32.185751,0
            -104.431494,32.185416,0
            -104.431045,32.18552,0
            -104.430564,32.185869,0
            -104.430438,32.186047,0
            -104.430316,32.18646,0
            -104.430272,32.187718,0
            -104.429972,32.188325,0
            -104.42931,32.188854,0
            -104.428639,32.189068,0
            -104.427909,32.189076,0
            -104.427063,32.188764,0
            -104.424837,32.187178,0
            -104.424509,32.187025,0
            -104.423933,32.186893,0
            -104.423517,32.186897,0
            -104.423064,32.187005,0
            -104.422699,32.187175,0
            -104.420301,32.189423,0
            -104.419803,32.189588,0
            -104.419479,32.189605,0
            -104.41915,32.189546,0
            -104.41785,32.189021,0
            -104.417495,32.188982,0
            -104.417094,32.189039,0
            -104.416604,32.189286,0
            -104.416432,32.189451,0
            -104.415404,32.191719,0
            -104.414798,32.192315,0
            -104.414071,32.192631,0
            -104.413556,32.192712,0
            -104.413056,32.192696,0
            -104.412366,32.192512,0
            -104.412042,32.192346,0
            -104.409939,32.190395,0
            -104.409497,32.190193,0
            -104.408928,32.190124,0
            -104.408511,32.190186,0
            -104.408227,32.190296,0
            -104.407841,32.190569,0
            -104.406235,32.192739,0
            -104.406026,32.192909,0
            -104.405582,32.193086,0
            -104.405271,32.193101,0
            -104.404015,32.192745,0
            -104.396427,32.188439,0
            -104.393308,32.187203,0
            -104.392647,32.18705,0
            -104.390977,32.186981,0
            -104.390321,32.187132,0
            -104.389918,32.187386,0
            -104.389222,32.188331,0
            -104.388929,32.188532,0
            -104.388642,32.188635,0
            -104.388045,32.188666,0
            -104.387687,32.188566,0
            -104.387156,32.188165,0
            -104.386971,32.187795,0
            -104.386534,32.18495,0
            -104.386368,32.184654,0
            -104.384088,32.182802,0
            -104.38374,32.182342,0
            -104.38239,32.178751,0
            -104.38202,32.178217,0
            -104.381222,32.177481,0
            -104.380538,32.177061,0
            -104.376428,32.175672,0
            -104.375841,32.175316,0
            -104.375831,32.175208,0
            -104.375741,32.175056,0
            -104.375739,32.174906,0
            -104.375987,32.174562,0
            -104.377303,32.173745,0
            -104.378998,32.17201,0
            -104.490478,32.01363,0
            -104.491483,32.012533,0
            -104.492756,32.011569,0
            -104.493603,32.011092,0
            -104.495018,32.010525,0
            -104.57176,31.989122,0
            -104.60225,31.976134,0
            -104.603757,31.975691,0
            -104.679997,31.960865,0
            -104.682888,31.959666,0
            -104.697608,31.950619,0
            -104.712954,31.939057,0
            -104.714025,31.938499,0
            -104.729911,31.931996,0
            -104.732554,31.930624,0
            -104.742538,31.924176,0
            -104.748338,31.920834,0
            -104.753067,31.916973,0
            -104.755616,31.915587,0
            -104.758119,31.914847,0
            -104.760426,31.914585,0
            -104.769943,31.914814,0
            -104.771234,31.914619,0
            -104.772659,31.91423,0
            -104.773929,31.913684,0
            -104.775675,31.912485,0
            -104.778934,31.908585,0
            -104.780505,31.907217,0
            -104.792704,31.900236,0
            -104.800875,31.897281,0
            -104.809388,31.893113,0
            -104.81018,31.892832,0
            -104.812608,31.892411,0
            -104.814857,31.892498,0
            -104.817311,31.892955,0
            -104.818556,31.89288,0
            -104.819292,31.892651,0
            -104.820469,31.892023,0
            -104.82102,31.892961,0
            -104.821216,31.893169,0
            -104.822257,31.893687,0
            -104.822327,31.893693,0
          </coordinates>
        </LineString>
      </Placemark>
      <Placemark>
        <name>Guadalupe Mountains National Park</name>
        <description><![CDATA[description: National park from 2022-05-27T21:33:33.000Z to 2022-05-27T21:50:13.000Z. Distance 0m<br>Email: syugen.zhou@gmail.com<br>Category: National park<br>Distance: 0]]></description>
        <styleUrl>#icon-1535-0288D1</styleUrl>
        <ExtendedData>
          <Data name="description">
            <value>National park from 2022-05-27T21:33:33.000Z to 2022-05-27T21:50:13.000Z. Distance 0m</value>
          </Data>
          <Data name="Email">
            <value>syugen.zhou@gmail.com</value>
          </Data>
          <Data name="Category">
            <value>National park</value>
          </Data>
          <Data name="Distance">
            <value>0</value>
          </Data>
        </ExtendedData>
        <Point>
          <coordinates>
            -104.884808,31.921108,0
          </coordinates>
        </Point>
      </Placemark>
      <Placemark>
        <name>Driving</name>
        <description><![CDATA[description: Driving from 2022-05-27T21:50:13.000Z to 2022-05-27T23:28:28.999Z. Distance 162821m<br>Email: syugen.zhou@gmail.com<br>Category: Driving<br>Distance: 162821]]></description>
        <styleUrl>#line-F9A825-5000</styleUrl>
        <ExtendedData>
          <Data name="description">
            <value>Driving from 2022-05-27T21:50:13.000Z to 2022-05-27T23:28:28.999Z. Distance 162821m</value>
          </Data>
          <Data name="Email">
            <value>syugen.zhou@gmail.com</value>
          </Data>
          <Data name="Category">
            <value>Driving</value>
          </Data>
          <Data name="Distance">
            <value>162821</value>
          </Data>
        </ExtendedData>
        <LineString>
          <tessellate>1</tessellate>
          <coordinates>
            -104.819443,31.861541,0
            -104.821977,31.861032,0
            -104.822646,31.860916,0
            -104.823651,31.860844,0
            -104.824144,31.860841,0
            -104.82479,31.860878,0
            -104.825425,31.860945,0
            -104.826048,31.861046,0
            -104.826562,31.861163,0
            -104.827145,31.861333,0
            -104.831561,31.862804,0
            -104.83201,31.862929,0
            -104.832565,31.863057,0
            -104.833345,31.863177,0
            -104.833801,31.863223,0
            -104.834333,31.863247,0
            -104.835177,31.863235,0
            -104.835874,31.86318,0
            -104.836373,31.863107,0
            -104.840301,31.862375,0
            -104.840738,31.862275,0
            -104.841065,31.862173,0
            -104.841321,31.862077,0
            -104.841877,31.86182,0
            -104.842056,31.86172,0
            -104.842388,31.861501,0
            -104.84275,31.861212,0
            -104.843141,31.860821,0
            -104.843303,31.860616,0
            -104.843487,31.860337,0
            -104.84365,31.860039,0
            -104.843792,31.859732,0
            -104.844639,31.857492,0
            -104.844717,31.857225,0
            -104.84478,31.856906,0
            -104.844828,31.856279,0
            -104.844825,31.85594,0
            -104.844792,31.855562,0
            -104.844596,31.854695,0
            -104.844391,31.854184,0
            -104.844105,31.853677,0
            -104.842431,31.851201,0
            -104.841324,31.849717,0
            -104.839706,31.847775,0
            -104.839539,31.847592,0
            -104.83784,31.845969,0
            -104.836617,31.844901,0
            -104.836173,31.844546,0
            -104.836044,31.844491,0
            -104.83262,31.841654,0
            -104.832258,31.84132,0
            -104.831961,31.841003,0
            -104.831735,31.840731,0
            -104.831527,31.840453,0
            -104.831273,31.840073,0
            -104.830875,31.839368,0
            -104.830775,31.839156,0
            -104.830644,31.838816,0
            -104.830496,31.838324,0
            -104.830143,31.836647,0
            -104.829288,31.832139,0
            -104.829221,31.831599,0
            -104.828334,31.819495,0
            -104.828344,31.818921,0
            -104.828381,31.818613,0
            -104.828438,31.818291,0
            -104.828564,31.817822,0
            -104.828735,31.817368,0
            -104.828861,31.817101,0
            -104.829071,31.816745,0
            -104.82925,31.816472,0
            -104.829477,31.816189,0
            -104.829875,31.815764,0
            -104.847483,31.799777,0
            -104.848509,31.798908,0
            -104.849059,31.798503,0
            -104.849411,31.79827,0
            -104.849829,31.798028,0
            -104.856465,31.794966,0
            -104.85752,31.794504,0
            -104.866995,31.790164,0
            -104.867993,31.789685,0
            -104.875592,31.786221,0
            -104.877105,31.785471,0
            -104.878217,31.784891,0
            -104.879263,31.784295,0
            -104.880616,31.783451,0
            -104.881524,31.782845,0
            -104.906213,31.765508,0
            -104.906735,31.765195,0
            -104.907261,31.764925,0
            -104.907788,31.764693,0
            -104.908192,31.76454,0
            -104.908669,31.764381,0
            -104.909185,31.764238,0
            -104.909778,31.764109,0
            -104.910282,31.764026,0
            -104.911048,31.76395,0
            -104.911558,31.76393,0
            -104.930683,31.763733,0
            -104.931428,31.763695,0
            -104.932066,31.763628,0
            -104.945521,31.761712,0
            -104.978289,31.755367,0
            -104.979041,31.755246,0
            -104.979686,31.755165,0
            -105.077252,31.745178,0
            -105.081486,31.744705,0
            -105.126891,31.740035,0
            -105.128475,31.739844,0
            -105.138799,31.738781,0
            -105.139403,31.738754,0
            -105.139909,31.738754,0
            -105.140625,31.738784,0
            -105.141642,31.738889,0
            -105.142487,31.739031,0
            -105.174782,31.7469,0
            -105.175455,31.747032,0
            -105.176099,31.747129,0
            -105.176611,31.747185,0
            -105.177119,31.74722,0
            -105.178081,31.74724,0
            -105.197734,31.747106,0
            -105.197811,31.747122,0
            -105.20537,31.747077,0
            -105.205435,31.747051,0
            -105.28186,31.746624,0
            -105.28245,31.746643,0
            -105.283321,31.746702,0
            -105.284241,31.746796,0
            -105.284755,31.74687,0
            -105.483448,31.781574,0
            -105.713979,31.821568,0
            -105.714479,31.82167,0
            -105.715199,31.821859,0
            -105.715558,31.821969,0
            -105.716071,31.822149,0
            -105.771451,31.843122,0
            -105.778828,31.845553,0
            -105.779588,31.845785,0
            -105.779873,31.845848,0
            -105.780119,31.845915,0
            -105.780838,31.846075,0
            -105.783498,31.846582,0
            -105.784479,31.846795,0
            -105.786209,31.847098,0
            -105.792478,31.848287,0
            -105.793146,31.848363,0
            -105.793647,31.848398,0
            -105.794503,31.848402,0
            -105.795013,31.848369,0
            -105.822832,31.845517,0
            -105.823496,31.845466,0
            -105.824227,31.845431,0
            -105.828914,31.845423,0
            -105.829261,31.845408,0
            -105.829985,31.845323,0
            -105.830244,31.845279,0
            -105.830585,31.845195,0
            -105.831157,31.845022,0
            -105.831448,31.844911,0
            -105.831946,31.844682,0
            -105.832822,31.84419,0
            -105.843016,31.837782,0
            -105.843801,31.83738,0
            -105.844336,31.83715,0
            -105.845155,31.836866,0
            -105.859597,31.832922,0
            -105.86015,31.832748,0
            -105.86815,31.830024,0
            -105.869106,31.82972,0
            -105.87789,31.827118,0
            -105.878619,31.826933,0
            -105.879329,31.826808,0
            -105.879844,31.826758,0
            -105.880302,31.826736,0
            -105.881118,31.826751,0
            -105.883238,31.826885,0
            -105.88476,31.826948,0
            -105.889507,31.827253,0
            -105.890252,31.82727,0
            -105.891111,31.827263,0
            -105.895555,31.827018,0
            -105.89678,31.826981,0
            -105.902126,31.826701,0
            -105.933292,31.826687,0
            -105.934336,31.826707,0
            -105.93542,31.826781,0
            -105.936488,31.826914,0
            -105.942663,31.828016,0
            -105.943953,31.828313,0
            -105.945139,31.828648,0
            -105.94569,31.828836,0
            -105.946187,31.829025,0
            -105.957628,31.833911,0
            -105.959634,31.834809,0
            -105.971891,31.840072,0
            -105.97275,31.840362,0
            -105.978177,31.841987,0
            -105.978513,31.842062,0
            -105.978837,31.842114,0
            -105.979242,31.842137,0
            -105.979526,31.842128,0
            -105.979913,31.842082,0
            -105.980253,31.842003,0
            -105.980557,31.841902,0
            -105.980826,31.841787,0
            -105.981105,31.841632,0
            -105.981284,31.841512,0
            -105.981569,31.84129,0
            -105.982433,31.840464,0
            -105.982813,31.840143,0
            -105.982934,31.840052,0
            -105.983152,31.83991,0
            -105.983601,31.839667,0
            -105.98389,31.839548,0
            -105.98421,31.83945,0
            -105.984468,31.839389,0
            -105.984904,31.839321,0
            -105.985205,31.839295,0
            -105.987807,31.83921,0
            -105.98812,31.839182,0
            -105.988698,31.839089,0
            -105.98906,31.838996,0
            -105.989346,31.83889,0
            -105.9896,31.838774,0
            -105.989903,31.8386,0
            -105.990025,31.838514,0
            -105.990284,31.8383,0
            -105.990505,31.838092,0
            -105.990696,31.83788,0
            -105.990971,31.837535,0
            -105.99116,31.837222,0
            -105.991338,31.836846,0
            -105.992826,31.833002,0
            -105.993123,31.832302,0
            -105.993672,31.831175,0
            -105.993969,31.830778,0
            -105.994311,31.830424,0
            -105.994445,31.830311,0
            -105.994863,31.830005,0
            -105.995186,31.829813,0
            -105.995367,31.829719,0
            -105.995689,31.829578,0
            -105.995987,31.829471,0
            -105.996343,31.829367,0
            -105.996598,31.82931,0
            -105.996962,31.829252,0
            -105.997225,31.829223,0
            -105.997623,31.829206,0
            -105.99796,31.82921,0
            -106.008053,31.829837,0
            -106.008635,31.829908,0
            -106.009046,31.829988,0
            -106.009367,31.830068,0
            -106.010043,31.830291,0
            -106.010436,31.830462,0
            -106.01076,31.830628,0
            -106.011151,31.83085,0
            -106.012992,31.832016,0
            -106.013549,31.832328,0
            -106.014025,31.832568,0
            -106.017028,31.833912,0
            -106.017482,31.83409,0
            -106.01806,31.834269,0
            -106.018282,31.834324,0
            -106.01883,31.834433,0
            -106.019492,31.834498,0
            -106.019894,31.834511,0
            -106.020492,31.834492,0
            -106.023162,31.834295,0
            -106.02344,31.834288,0
            -106.023867,31.8343,0
            -106.02424,31.834333,0
            -106.024598,31.834383,0
            -106.025142,31.834491,0
            -106.025759,31.834668,0
            -106.026261,31.834858,0
            -106.029742,31.83641,0
            -106.030189,31.836592,0
            -106.031032,31.836877,0
            -106.031371,31.836971,0
            -106.041097,31.839131,0
            -106.041461,31.839196,0
            -106.04187,31.83925,0
            -106.042417,31.839283,0
            -106.043035,31.839277,0
            -106.046896,31.839038,0
            -106.047391,31.838981,0
            -106.04788,31.838895,0
            -106.04807,31.838852,0
            -106.048601,31.838703,0
            -106.048871,31.838609,0
            -106.049628,31.838277,0
            -106.055718,31.834949,0
            -106.056284,31.834656,0
            -106.056783,31.834431,0
            -106.057262,31.834259,0
            -106.057642,31.834149,0
            -106.05829,31.834018,0
            -106.058612,31.833969,0
            -106.059435,31.833875,0
            -106.05958,31.833885,0
            -106.060022,31.83384,0
            -106.062408,31.833674,0
            -106.108108,31.829236,0
            -106.109951,31.828955,0
            -106.143582,31.82301,0
            -106.145229,31.822749,0
            -106.207246,31.814673,0
            -106.211979,31.813935,0
            -106.214462,31.813609,0
            -106.216509,31.813296,0
            -106.218453,31.8131,0
            -106.26673,31.806778,0
            -106.266865,31.806748,0
            -106.268743,31.806501,0
            -106.269093,31.806474,0
            -106.269985,31.806359,0
            -106.270376,31.806421,0
            -106.270784,31.806542,0
            -106.270974,31.806586,0
            -106.271354,31.806622,0
            -106.271734,31.806608,0
            -106.273202,31.806468,0
            -106.282754,31.80519,0
            -106.288988,31.804409,0
            -106.289803,31.804277,0
            -106.294642,31.803671,0
            -106.295085,31.80364,0
            -106.327986,31.79927,0
            -106.328633,31.799204,0
            -106.329026,31.79915,0
            -106.329934,31.798926,0
            -106.330716,31.798638,0
            -106.331091,31.798456,0
            -106.331693,31.798223,0
            -106.332491,31.798114,0
            -106.332958,31.798067,0
            -106.336595,31.79758,0
            -106.336843,31.797489,0
            -106.344119,31.796531,0
            -106.344514,31.79649,0
            -106.347504,31.796088,0
            -106.347554,31.796123,0
            -106.347595,31.796134,0
            -106.347652,31.796138,0
            -106.351909,31.79557,0
            -106.35244,31.795521,0
            -106.355721,31.795079,0
            -106.357155,31.794923,0
            -106.357692,31.794838,0
            -106.357923,31.794822,0
            -106.358425,31.794735,0
            -106.358573,31.794725,0
            -106.361269,31.794392,0
            -106.361395,31.794366,0
            -106.361569,31.794272,0
            -106.376265,31.792341,0
            -106.376357,31.792321,0
            -106.39341,31.790059,0
            -106.393501,31.7901,0
            -106.39353,31.790105,0
            -106.393619,31.790102,0
            -106.395673,31.789839,0
            -106.395642,31.78932,0
            -106.395542,31.784523,0
            -106.395548,31.784264,0
            -106.395524,31.783686,0
            -106.395527,31.783614,0
            -106.395503,31.783416,0
            -106.395478,31.783306,0
            -106.395409,31.783101,0
            -106.395376,31.783027,0
            -106.395295,31.782886,0
            -106.39519,31.782751,0
            -106.395053,31.782624,0
            -106.394898,31.782501,0
            -106.394672,31.782376,0
            -106.394407,31.782274,0
            -106.394184,31.782209,0
            -106.393656,31.782101,0
            -106.393459,31.782048,0
            -106.393232,31.781965,0
            -106.393045,31.781875,0
            -106.392781,31.781718,0
            -106.392557,31.781536,0
            -106.392435,31.781418,0
            -106.392385,31.78135,0
            -106.392508,31.781263,0
            -106.392565,31.781231,0
            -106.392672,31.781311,0
          </coordinates>
        </LineString>
      </Placemark>
      <Placemark>
        <name>West Texas Chophouse</name>
        <description><![CDATA[description: Steak from 2022-05-27T23:28:28.999Z to 2022-05-28T01:16:52.999Z. Distance 0m<br>Email: syugen.zhou@gmail.com<br>Category: Steak<br>Distance: 0]]></description>
        <styleUrl>#icon-1739-0288D1</styleUrl>
        <ExtendedData>
          <Data name="description">
            <value>Steak from 2022-05-27T23:28:28.999Z to 2022-05-28T01:16:52.999Z. Distance 0m</value>
          </Data>
          <Data name="Email">
            <value>syugen.zhou@gmail.com</value>
          </Data>
          <Data name="Category">
            <value>Steak</value>
          </Data>
          <Data name="Distance">
            <value>0</value>
          </Data>
        </ExtendedData>
        <Point>
          <coordinates>
            -106.392696,31.780941,0
          </coordinates>
        </Point>
      </Placemark>
      <Placemark>
        <name>Driving</name>
        <description><![CDATA[description: Driving from 2022-05-28T01:16:52.999Z to 2022-05-28T01:28:15.999Z. Distance 15207m<br>Email: syugen.zhou@gmail.com<br>Category: Driving<br>Distance: 15207]]></description>
        <styleUrl>#line-F9A825-5000</styleUrl>
        <ExtendedData>
          <Data name="description">
            <value>Driving from 2022-05-28T01:16:52.999Z to 2022-05-28T01:28:15.999Z. Distance 15207m</value>
          </Data>
          <Data name="Email">
            <value>syugen.zhou@gmail.com</value>
          </Data>
          <Data name="Category">
            <value>Driving</value>
          </Data>
          <Data name="Distance">
            <value>15207</value>
          </Data>
        </ExtendedData>
        <LineString>
          <tessellate>1</tessellate>
          <coordinates>
            -106.393303,31.780487,0
            -106.392738,31.78032,0
            -106.392085,31.780077,0
            -106.391971,31.780013,0
            -106.392027,31.779744,0
            -106.392088,31.77958,0
            -106.392494,31.778864,0
            -106.393868,31.779503,0
            -106.394009,31.779536,0
            -106.395944,31.780302,0
            -106.396193,31.780322,0
            -106.399439,31.7818,0
            -106.39976,31.78192,0
            -106.400592,31.782156,0
            -106.401209,31.782262,0
            -106.401682,31.782305,0
            -106.402331,31.782318,0
            -106.402863,31.782285,0
            -106.408361,31.781522,0
            -106.409096,31.781477,0
            -106.409727,31.7815,0
            -106.412765,31.781753,0
            -106.413313,31.78174,0
            -106.413977,31.78167,0
            -106.414499,31.781571,0
            -106.415012,31.781429,0
            -106.415798,31.781131,0
            -106.416324,31.780863,0
            -106.420654,31.77825,0
            -106.421111,31.778036,0
            -106.421466,31.7779,0
            -106.421959,31.777747,0
            -106.422457,31.777632,0
            -106.422827,31.777571,0
            -106.423347,31.77752,0
            -106.430852,31.777521,0
            -106.431127,31.777604,0
            -106.433313,31.777621,0
            -106.434052,31.777678,0
            -106.434675,31.777782,0
            -106.435575,31.777984,0
            -106.436185,31.778085,0
            -106.436665,31.778129,0
            -106.438225,31.778141,0
            -106.438339,31.778175,0
            -106.439127,31.778319,0
            -106.439462,31.778426,0
            -106.439889,31.778617,0
            -106.440218,31.778817,0
            -106.440497,31.779034,0
            -106.440668,31.77921,0
            -106.440856,31.779452,0
            -106.440977,31.779678,0
            -106.441051,31.779868,0
            -106.441118,31.780144,0
            -106.441061,31.799396,0
            -106.44103,31.799464,0
            -106.441098,31.800043,0
            -106.441334,31.80108,0
            -106.441361,31.801146,0
            -106.442168,31.804435,0
            -106.442269,31.80563,0
            -106.442271,31.806396,0
            -106.441959,31.810097,0
            -106.441516,31.81339,0
            -106.44152,31.813477,0
            -106.441381,31.814366,0
            -106.441063,31.815664,0
            -106.440392,31.817748,0
            -106.440078,31.818578,0
            -106.439892,31.818974,0
            -106.439506,31.819654,0
            -106.438006,31.822008,0
            -106.437758,31.822521,0
            -106.437583,31.823113,0
            -106.437515,31.823597,0
            -106.437508,31.823899,0
            -106.437558,31.824406,0
            -106.437649,31.824809,0
            -106.437845,31.825412,0
            -106.43923,31.829043,0
            -106.439366,31.829562,0
            -106.439455,31.830072,0
            -106.440005,31.848624,0
            -106.440223,31.85291,0
            -106.440545,31.863907,0
            -106.440464,31.863976,0
            -106.440345,31.865831,0
            -106.440043,31.868037,0
            -106.440058,31.869307,0
            -106.44018,31.869437,0
            -106.440231,31.869463,0
            -106.440309,31.869479,0
            -106.441272,31.869459,0
            -106.441309,31.869449,0
            -106.441376,31.869407,0
            -106.441444,31.869308,0
            -106.441233,31.860693,0
            -106.442742,31.860672,0
            -106.44276,31.86162,0
          </coordinates>
        </LineString>
      </Placemark>
      <Placemark>
        <name><![CDATA[Holiday Inn Express & Suites El Paso North, an IHG Hotel]]></name>
        <description><![CDATA[description: Hotel from 2022-05-28T01:28:15.999Z to 2022-05-28T16:28:02.999Z. Distance 0m<br>Email: syugen.zhou@gmail.com<br>Category: Hotel<br>Distance: 0]]></description>
        <styleUrl>#icon-1602-0288D1</styleUrl>
        <ExtendedData>
          <Data name="description">
            <value>Hotel from 2022-05-28T01:28:15.999Z to 2022-05-28T16:28:02.999Z. Distance 0m</value>
          </Data>
          <Data name="Email">
            <value>syugen.zhou@gmail.com</value>
          </Data>
          <Data name="Category">
            <value>Hotel</value>
          </Data>
          <Data name="Distance">
            <value>0</value>
          </Data>
        </ExtendedData>
        <Point>
          <coordinates>
            -106.441628,31.861448,0
          </coordinates>
        </Point>
      </Placemark>
    </Folder>
    <Folder>
      <name>2022-05-26</name>
      <Placemark>
        <name>Albuquerque International Sunport</name>
        <description><![CDATA[description: International airport from 2022-05-26T20:13:21.660Z to 2022-05-26T20:42:33.988Z. Distance 0m<br>Email: syugen.zhou@gmail.com<br>Category: International airport<br>Distance: 0]]></description>
        <styleUrl>#icon-1504-0288D1</styleUrl>
        <ExtendedData>
          <Data name="description">
            <value>International airport from 2022-05-26T20:13:21.660Z to 2022-05-26T20:42:33.988Z. Distance 0m</value>
          </Data>
          <Data name="Email">
            <value>syugen.zhou@gmail.com</value>
          </Data>
          <Data name="Category">
            <value>International airport</value>
          </Data>
          <Data name="Distance">
            <value>0</value>
          </Data>
        </ExtendedData>
        <Point>
          <coordinates>
            -106.612908,35.043333,0
          </coordinates>
        </Point>
      </Placemark>
      <Placemark>
        <name>On a bus</name>
        <description><![CDATA[description: On a bus from 2022-05-26T20:42:33.988Z to 2022-05-26T20:48:53.000Z. Distance 1946m<br>Email: syugen.zhou@gmail.com<br>Category: On a bus<br>Distance: 1946]]></description>
        <styleUrl>#line-A52714-5000</styleUrl>
        <ExtendedData>
          <Data name="description">
            <value>On a bus from 2022-05-26T20:42:33.988Z to 2022-05-26T20:48:53.000Z. Distance 1946m</value>
          </Data>
          <Data name="Email">
            <value>syugen.zhou@gmail.com</value>
          </Data>
          <Data name="Category">
            <value>On a bus</value>
          </Data>
          <Data name="Distance">
            <value>1946</value>
          </Data>
        </ExtendedData>
        <LineString>
          <tessellate>1</tessellate>
          <coordinates>
            -106.617066,35.049268,0
            -106.616908,35.049375,0
            -106.627006,35.049498,0
            -106.625874,35.040477,0
          </coordinates>
        </LineString>
      </Placemark>
      <Placemark>
        <name>Avis Car Rental</name>
        <description><![CDATA[description: Car rental agency from 2022-05-26T20:48:53.000Z to 2022-05-26T21:04:32.000Z. Distance 0m<br>Email: syugen.zhou@gmail.com<br>Category: Car rental agency<br>Distance: 0]]></description>
        <styleUrl>#icon-1739-0288D1</styleUrl>
        <ExtendedData>
          <Data name="description">
            <value>Car rental agency from 2022-05-26T20:48:53.000Z to 2022-05-26T21:04:32.000Z. Distance 0m</value>
          </Data>
          <Data name="Email">
            <value>syugen.zhou@gmail.com</value>
          </Data>
          <Data name="Category">
            <value>Car rental agency</value>
          </Data>
          <Data name="Distance">
            <value>0</value>
          </Data>
        </ExtendedData>
        <Point>
          <coordinates>
            -106.625874,35.040477,0
          </coordinates>
        </Point>
      </Placemark>
      <Placemark>
        <name>Driving</name>
        <description><![CDATA[description: Driving from 2022-05-26T21:04:32.569Z to 2022-05-26T21:30:09.122Z. Distance 42877m<br>Email: syugen.zhou@gmail.com<br>Category: Driving<br>Distance: 42877]]></description>
        <styleUrl>#line-A52714-5000</styleUrl>
        <ExtendedData>
          <Data name="description">
            <value>Driving from 2022-05-26T21:04:32.569Z to 2022-05-26T21:30:09.122Z. Distance 42877m</value>
          </Data>
          <Data name="Email">
            <value>syugen.zhou@gmail.com</value>
          </Data>
          <Data name="Category">
            <value>Driving</value>
          </Data>
          <Data name="Distance">
            <value>42877</value>
          </Data>
        </ExtendedData>
        <LineString>
          <tessellate>1</tessellate>
          <coordinates>
            -106.625947,35.041325,0
            -106.625955,35.041689,0
            -106.626518,35.041684,0
            -106.626545,35.041668,0
            -106.626553,35.041496,0
            -106.626717,35.041499,0
            -106.626731,35.040436,0
            -106.62875,35.040423,0
            -106.628784,35.035668,0
            -106.62909,35.033875,0
            -106.629585,35.03224,0
            -106.630207,35.03081,0
            -106.632984,35.026084,0
            -106.635162,35.023219,0
            -106.635732,35.023482,0
            -106.63616,35.023622,0
            -106.636689,35.023701,0
            -106.640062,35.02377,0
            -106.641003,35.023966,0
            -106.641298,35.023949,0
            -106.642553,35.024255,0
            -106.642645,35.02425,0
            -106.642832,35.024194,0
            -106.640598,35.023549,0
            -106.640457,35.023464,0
            -106.640281,35.023411,0
            -106.639602,35.023357,0
            -106.639445,35.023304,0
            -106.639316,35.02319,0
            -106.639288,35.023135,0
            -106.639192,35.022463,0
            -106.638939,35.021802,0
            -106.638881,35.021383,0
            -106.639042,35.019175,0
            -106.639357,35.018112,0
            -106.639345,35.018045,0
            -106.639314,35.018016,0
            -106.650514,34.986339,0
            -106.659207,34.957531,0
            -106.659684,34.956494,0
            -106.660074,34.955872,0
            -106.660743,34.955042,0
            -106.662021,34.953915,0
            -106.663092,34.953243,0
            -106.664418,34.952644,0
            -106.666058,34.952183,0
            -106.695928,34.948203,0
            -106.696817,34.947994,0
            -106.697893,34.947634,0
            -106.699883,34.946571,0
            -106.701132,34.945532,0
            -106.703256,34.943236,0
            -106.705582,34.941051,0
            -106.71352,34.934778,0
            -106.715364,34.932763,0
            -106.716287,34.931433,0
            -106.717414,34.929196,0
            -106.726195,34.897752,0
            -106.726979,34.893802,0
            -106.728172,34.88519,0
            -106.728836,34.882761,0
            -106.729923,34.879928,0
            -106.730685,34.878332,0
            -106.747085,34.848675,0
            -106.7487,34.845362,0
            -106.749787,34.842756,0
            -106.75171,34.837264,0
            -106.759982,34.817755,0
            -106.759992,34.817666,0
            -106.785896,34.757016,0
            -106.786838,34.753927,0
            -106.787396,34.750911,0
            -106.787569,34.748694,0
            -106.78796,34.725035,0
            -106.788475,34.721015,0
            -106.789166,34.717516,0
            -106.789229,34.717485,0
            -106.789639,34.716514,0
            -106.789899,34.716161,0
            -106.79099,34.715251,0
            -106.791332,34.714852,0
            -106.791534,34.714458,0
            -106.791615,34.714184,0
            -106.791645,34.713617,0
            -106.791535,34.713173,0
            -106.791306,34.71275,0
            -106.784556,34.704508,0
            -106.782427,34.700862,0
            -106.782034,34.700377,0
            -106.781082,34.699536,0
            -106.780295,34.699055,0
            -106.779252,34.69862,0
            -106.773452,34.697357,0
            -106.772475,34.69696,0
            -106.770195,34.695636,0
            -106.769713,34.696207,0
            -106.768953,34.695766,0
            -106.768364,34.696444,0
            -106.768426,34.696481,0
            -106.768362,34.696558,0
          </coordinates>
        </LineString>
      </Placemark>
      <Placemark>
        <name>Walmart Supercenter</name>
        <description><![CDATA[description: Department store from 2022-05-26T21:30:09.122Z to 2022-05-26T21:54:24.080Z. Distance 0m<br>Email: syugen.zhou@gmail.com<br>Category: Department store<br>Distance: 0]]></description>
        <styleUrl>#icon-1739-0288D1</styleUrl>
        <ExtendedData>
          <Data name="description">
            <value>Department store from 2022-05-26T21:30:09.122Z to 2022-05-26T21:54:24.080Z. Distance 0m</value>
          </Data>
          <Data name="Email">
            <value>syugen.zhou@gmail.com</value>
          </Data>
          <Data name="Category">
            <value>Department store</value>
          </Data>
          <Data name="Distance">
            <value>0</value>
          </Data>
        </ExtendedData>
        <Point>
          <coordinates>
            -106.768404,34.697122,0
          </coordinates>
        </Point>
      </Placemark>
      <Placemark>
        <name>Driving</name>
        <description><![CDATA[description: Driving from 2022-05-26T21:54:24.080Z to 2022-05-26T22:36:21.000Z. Distance 56001m<br>Email: syugen.zhou@gmail.com<br>Category: Driving<br>Distance: 56001]]></description>
        <styleUrl>#line-A52714-5000</styleUrl>
        <ExtendedData>
          <Data name="description">
            <value>Driving from 2022-05-26T21:54:24.080Z to 2022-05-26T22:36:21.000Z. Distance 56001m</value>
          </Data>
          <Data name="Email">
            <value>syugen.zhou@gmail.com</value>
          </Data>
          <Data name="Category">
            <value>Driving</value>
          </Data>
          <Data name="Distance">
            <value>56001</value>
          </Data>
        </ExtendedData>
        <LineString>
          <tessellate>1</tessellate>
          <coordinates>
            -106.768895,34.696379,0
            -106.769264,34.695947,0
            -106.769713,34.696207,0
            -106.770195,34.695636,0
            -106.767376,34.693955,0
            -106.767123,34.693762,0
            -106.766869,34.693484,0
            -106.766698,34.693211,0
            -106.766566,34.692901,0
            -106.766498,34.692485,0
            -106.766526,34.692123,0
            -106.76937,34.682204,0
            -106.769538,34.681769,0
            -106.769507,34.681699,0
            -106.771517,34.678398,0
            -106.771614,34.678352,0
            -106.772012,34.67761,0
            -106.77351,34.672692,0
            -106.773486,34.672567,0
            -106.774206,34.670178,0
            -106.774384,34.669353,0
            -106.774448,34.669319,0
            -106.774824,34.666695,0
            -106.774795,34.666582,0
            -106.775463,34.664231,0
            -106.775545,34.664155,0
            -106.775861,34.663459,0
            -106.776274,34.662783,0
            -106.769382,34.66176,0
            -106.769308,34.661693,0
            -106.76544,34.661048,0
            -106.765105,34.660966,0
            -106.764489,34.660727,0
            -106.764109,34.660513,0
            -106.763999,34.660506,0
            -106.758675,34.657458,0
            -106.758332,34.657301,0
            -106.754487,34.656173,0
            -106.743141,34.653255,0
            -106.741505,34.65294,0
            -106.740573,34.652844,0
            -106.739132,34.652807,0
            -106.739046,34.652765,0
            -106.736696,34.652754,0
            -106.736267,34.652614,0
            -106.735857,34.652284,0
            -106.734854,34.650768,0
            -106.728196,34.641697,0
            -106.727664,34.641079,0
            -106.724576,34.637963,0
            -106.724526,34.637943,0
            -106.603692,34.513863,0
            -106.579572,34.491346,0
            -106.578988,34.490705,0
            -106.57833,34.489767,0
            -106.578026,34.489189,0
            -106.577691,34.488365,0
            -106.577548,34.487872,0
            -106.57738,34.486737,0
            -106.577358,34.485104,0
            -106.577298,34.484548,0
            -106.577265,34.484451,0
            -106.577069,34.484134,0
            -106.57688,34.483946,0
            -106.576654,34.483777,0
            -106.575258,34.483036,0
            -106.574727,34.482644,0
            -106.552059,34.462991,0
            -106.551219,34.462103,0
            -106.550733,34.461436,0
            -106.549452,34.459295,0
            -106.549422,34.459207,0
            -106.547849,34.456518,0
            -106.547759,34.456412,0
            -106.536756,34.437795,0
            -106.535644,34.43641,0
            -106.533491,34.434288,0
            -106.533117,34.433681,0
            -106.532823,34.43294,0
            -106.529139,34.433118,0
            -106.527686,34.432999,0
            -106.52633,34.432711,0
            -106.525013,34.43226,0
            -106.523823,34.431657,0
            -106.522751,34.430922,0
            -106.522124,34.430344,0
            -106.521408,34.429544,0
            -106.520992,34.428974,0
            -106.520552,34.428206,0
            -106.513717,34.412633,0
            -106.513483,34.411621,0
            -106.513424,34.41084,0
            -106.513495,34.407516,0
            -106.513295,34.40624,0
            -106.51266,34.405234,0
            -106.512376,34.404916,0
            -106.511714,34.404361,0
            -106.511037,34.40398,0
            -106.509909,34.40357,0
            -106.5094,34.403458,0
            -106.508906,34.403401,0
            -106.508381,34.403391,0
            -106.486521,34.405317,0
            -106.484996,34.405556,0
            -106.482965,34.406087,0
            -106.482105,34.406392,0
            -106.480552,34.407089,0
            -106.479565,34.407643,0
            -106.478543,34.408312,0
            -106.477745,34.408917,0
            -106.476927,34.409658,0
            -106.474918,34.411859,0
            -106.44961,34.434524,0
            -106.448861,34.435055,0
            -106.447378,34.435753,0
            -106.446846,34.43594,0
            -106.445887,34.436158,0
            -106.445235,34.436245,0
            -106.443795,34.436268,0
            -106.443151,34.436214,0
            -106.442267,34.436048,0
            -106.414811,34.427043,0
            -106.41423,34.426905,0
            -106.413328,34.42678,0
            -106.412465,34.426753,0
            -106.411836,34.426799,0
            -106.410943,34.426946,0
            -106.410244,34.427144,0
            -106.409306,34.427536,0
            -106.408529,34.428008,0
            -106.407851,34.428556,0
            -106.399751,34.436713,0
            -106.399118,34.437241,0
            -106.398106,34.437869,0
            -106.397109,34.438261,0
            -106.396553,34.438407,0
            -106.395733,34.438544,0
            -106.394153,34.438581,0
            -106.382047,34.438198,0
            -106.380839,34.438388,0
            -106.380117,34.438602,0
            -106.379425,34.438873,0
            -106.377191,34.440242,0
            -106.376068,34.440838,0
            -106.374926,34.441315,0
            -106.374212,34.441542,0
            -106.374478,34.442137,0
            -106.374898,34.442767,0
            -106.376173,34.444151,0
            -106.376666,34.445039,0
            -106.376941,34.445859,0
            -106.377019,34.44629,0
            -106.377011,34.446564,0
            -106.376785,34.446978,0
            -106.376558,34.447201,0
            -106.375934,34.447564,0
            -106.37587,34.447653,0
            -106.375778,34.447881,0
            -106.375719,34.448696,0
            -106.375738,34.44888,0
            -106.375708,34.448996,0
            -106.375621,34.449113,0
            -106.375276,34.449381,0
            -106.374815,34.450189,0
          </coordinates>
        </LineString>
      </Placemark>
      <Placemark>
        <name>Salinas Pueblo Missions National Monument (Abó unit) Visitor Center</name>
        <description><![CDATA[description: Monument from 2022-05-26T22:36:21.000Z to 2022-05-26T22:56:05.999Z. Distance 0m<br>Email: syugen.zhou@gmail.com<br>Category: Monument<br>Distance: 0]]></description>
        <styleUrl>#icon-1535-0288D1</styleUrl>
        <ExtendedData>
          <Data name="description">
            <value>Monument from 2022-05-26T22:36:21.000Z to 2022-05-26T22:56:05.999Z. Distance 0m</value>
          </Data>
          <Data name="Email">
            <value>syugen.zhou@gmail.com</value>
          </Data>
          <Data name="Category">
            <value>Monument</value>
          </Data>
          <Data name="Distance">
            <value>0</value>
          </Data>
        </ExtendedData>
        <Point>
          <coordinates>
            -106.374492,34.450141,0
          </coordinates>
        </Point>
      </Placemark>
      <Placemark>
        <name>Driving</name>
        <description><![CDATA[description: Driving from 2022-05-26T22:56:05.999Z to 2022-05-26T23:43:40.000Z. Distance 80523m<br>Email: syugen.zhou@gmail.com<br>Category: Driving<br>Distance: 80523]]></description>
        <styleUrl>#line-A52714-5000</styleUrl>
        <ExtendedData>
          <Data name="description">
            <value>Driving from 2022-05-26T22:56:05.999Z to 2022-05-26T23:43:40.000Z. Distance 80523m</value>
          </Data>
          <Data name="Email">
            <value>syugen.zhou@gmail.com</value>
          </Data>
          <Data name="Category">
            <value>Driving</value>
          </Data>
          <Data name="Distance">
            <value>80523</value>
          </Data>
        </ExtendedData>
        <LineString>
          <tessellate>1</tessellate>
          <coordinates>
            -106.375,34.449825,0
            -106.375276,34.449381,0
            -106.375621,34.449113,0
            -106.375708,34.448996,0
            -106.375738,34.44888,0
            -106.375719,34.448696,0
            -106.375778,34.447881,0
            -106.37587,34.447653,0
            -106.375934,34.447564,0
            -106.376558,34.447201,0
            -106.376785,34.446978,0
            -106.377011,34.446564,0
            -106.377019,34.44629,0
            -106.376941,34.445859,0
            -106.376666,34.445039,0
            -106.376173,34.444151,0
            -106.374898,34.442767,0
            -106.374478,34.442137,0
            -106.374211,34.441542,0
            -106.374926,34.441315,0
            -106.376067,34.440838,0
            -106.377191,34.440242,0
            -106.379425,34.438873,0
            -106.380117,34.438602,0
            -106.380839,34.438388,0
            -106.381546,34.438252,0
            -106.382047,34.438198,0
            -106.382948,34.438187,0
            -106.394153,34.438581,0
            -106.395733,34.438545,0
            -106.396553,34.438407,0
            -106.397109,34.438261,0
            -106.398106,34.437869,0
            -106.398575,34.437607,0
            -106.399118,34.437241,0
            -106.399751,34.436713,0
            -106.407851,34.428556,0
            -106.408529,34.428008,0
            -106.409306,34.427536,0
            -106.410244,34.427144,0
            -106.410943,34.426946,0
            -106.411836,34.426799,0
            -106.412465,34.426753,0
            -106.413328,34.42678,0
            -106.41423,34.426905,0
            -106.41481,34.427043,0
            -106.442267,34.436048,0
            -106.443151,34.436214,0
            -106.443795,34.436268,0
            -106.445235,34.436245,0
            -106.445887,34.436158,0
            -106.446846,34.43594,0
            -106.447378,34.435753,0
            -106.448861,34.435055,0
            -106.44961,34.434524,0
            -106.474918,34.411859,0
            -106.476927,34.409658,0
            -106.477745,34.408917,0
            -106.478543,34.408313,0
            -106.479564,34.407643,0
            -106.480551,34.407089,0
            -106.482105,34.406392,0
            -106.482965,34.406087,0
            -106.484996,34.405556,0
            -106.486521,34.405317,0
            -106.508381,34.403391,0
            -106.508905,34.403401,0
            -106.509399,34.403458,0
            -106.509909,34.40357,0
            -106.511037,34.40398,0
            -106.511714,34.404361,0
            -106.512376,34.404916,0
            -106.51266,34.405234,0
            -106.513295,34.40624,0
            -106.513495,34.407516,0
            -106.513424,34.41084,0
            -106.513483,34.411621,0
            -106.513717,34.412633,0
            -106.520552,34.428206,0
            -106.520992,34.428974,0
            -106.521408,34.429544,0
            -106.522124,34.430345,0
            -106.522751,34.430922,0
            -106.523823,34.431657,0
            -106.524279,34.431918,0
            -106.525013,34.43226,0
            -106.52633,34.432711,0
            -106.527686,34.432999,0
            -106.529139,34.433118,0
            -106.779698,34.418644,0
            -106.779912,34.418659,0
            -106.782771,34.418492,0
            -106.783023,34.418451,0
            -106.821477,34.416174,0
            -106.823101,34.416152,0
            -106.825315,34.416306,0
            -106.826535,34.416486,0
            -106.828975,34.416974,0
            -106.829967,34.417226,0
            -106.831418,34.417688,0
            -106.836544,34.419671,0
            -106.837899,34.420018,0
            -106.838323,34.420093,0
            -106.838587,34.420105,0
            -106.83905,34.420038,0
            -106.839299,34.419964,0
            -106.839626,34.41981,0
            -106.839852,34.419649,0
            -106.840147,34.419339,0
            -106.840299,34.419075,0
            -106.840408,34.418709,0
            -106.840407,34.418558,0
            -106.84037,34.418488,0
            -106.840393,34.41838,0
            -106.840263,34.417386,0
            -106.840342,34.41695,0
            -106.840424,34.416718,0
            -106.840899,34.415963,0
            -106.840928,34.415832,0
            -106.852048,34.40099,0
            -106.852889,34.399655,0
            -106.872863,34.364168,0
            -106.87359,34.362714,0
            -106.87472,34.359874,0
            -106.875294,34.357928,0
            -106.875738,34.355825,0
            -106.879531,34.332072,0
            -106.87995,34.330357,0
            -106.880648,34.328213,0
            -106.888264,34.309707,0
            -106.923575,34.21392,0
            -106.924342,34.211155,0
            -106.924724,34.209007,0
            -106.924927,34.206678,0
            -106.925077,34.191809,0
            -106.924942,34.190369,0
            -106.918957,34.160714,0
            -106.91899,34.160532,0
            -106.91838,34.157463,0
            -106.917166,34.157744,0
            -106.914716,34.158749,0
            -106.912561,34.159238,0
            -106.910026,34.159613,0
            -106.90989,34.158962,0
            -106.909309,34.157091,0
            -106.909317,34.156408,0
            -106.908644,34.154682,0
            -106.908009,34.153676,0
            -106.907703,34.153086,0
            -106.907015,34.150798,0
            -106.906939,34.150253,0
            -106.906954,34.150147,0
            -106.907113,34.149684,0
            -106.90753,34.14877,0
            -106.907606,34.148452,0
            -106.907885,34.145412,0
            -106.907872,34.143761,0
            -106.907773,34.143107,0
            -106.907685,34.142863,0
            -106.903916,34.136587,0
            -106.902189,34.13195,0
            -106.902024,34.131607,0
            -106.900458,34.129108,0
            -106.899436,34.12778,0
            -106.898654,34.127066,0
            -106.897898,34.126478,0
            -106.89746,34.126218,0
            -106.89667,34.125908,0
            -106.895907,34.125739,0
            -106.895788,34.125672,0
            -106.895623,34.125508,0
            -106.895171,34.12462,0
            -106.895019,34.124421,0
            -106.894757,34.124175,0
            -106.894231,34.123823,0
            -106.892677,34.122031,0
            -106.892544,34.12179,0
            -106.892353,34.121254,0
            -106.8922,34.120556,0
            -106.892205,34.120153,0
            -106.892438,34.119517,0
            -106.892969,34.118718,0
            -106.893387,34.118197,0
            -106.893556,34.118387,0
            -106.893596,34.118492,0
            -106.893598,34.118557,0
            -106.893578,34.118601,0
            -106.893525,34.118642,0
          </coordinates>
        </LineString>
      </Placemark>
      <Placemark>
        <name><![CDATA[Journey's Place]]></name>
        <description><![CDATA[description: Restaurant from 2022-05-26T23:43:40.000Z to 2022-05-27T00:34:34.999Z. Distance 0m<br>Email: syugen.zhou@gmail.com<br>Category: Restaurant<br>Distance: 0]]></description>
        <styleUrl>#icon-1739-0288D1</styleUrl>
        <ExtendedData>
          <Data name="description">
            <value>Restaurant from 2022-05-26T23:43:40.000Z to 2022-05-27T00:34:34.999Z. Distance 0m</value>
          </Data>
          <Data name="Email">
            <value>syugen.zhou@gmail.com</value>
          </Data>
          <Data name="Category">
            <value>Restaurant</value>
          </Data>
          <Data name="Distance">
            <value>0</value>
          </Data>
        </ExtendedData>
        <Point>
          <coordinates>
            -106.89345,34.118754,0
          </coordinates>
        </Point>
      </Placemark>
      <Placemark>
        <name>Driving</name>
        <description><![CDATA[description: Driving from 2022-05-27T00:34:34.999Z to 2022-05-27T02:06:35.999Z. Distance 204425m<br>Email: syugen.zhou@gmail.com<br>Category: Driving<br>Distance: 204425]]></description>
        <styleUrl>#line-A52714-5000</styleUrl>
        <ExtendedData>
          <Data name="description">
            <value>Driving from 2022-05-27T00:34:34.999Z to 2022-05-27T02:06:35.999Z. Distance 204425m</value>
          </Data>
          <Data name="Email">
            <value>syugen.zhou@gmail.com</value>
          </Data>
          <Data name="Category">
            <value>Driving</value>
          </Data>
          <Data name="Distance">
            <value>204425</value>
          </Data>
        </ExtendedData>
        <LineString>
          <tessellate>1</tessellate>
          <coordinates>
            -106.893341,34.118757,0
            -106.893398,34.118732,0
            -106.893423,34.118701,0
            -106.893475,34.118671,0
            -106.893487,34.118658,0
            -106.893546,34.11863,0
            -106.893558,34.118615,0
            -106.893578,34.118601,0
            -106.893598,34.118557,0
            -106.893596,34.118492,0
            -106.893556,34.118387,0
            -106.893494,34.118306,0
            -106.893387,34.118197,0
            -106.893448,34.118139,0
            -106.89373,34.11779,0
            -106.89386,34.117556,0
            -106.893941,34.11734,0
            -106.894356,34.114926,0
            -106.894342,34.114427,0
            -106.894301,34.114122,0
            -106.894301,34.113818,0
            -106.894354,34.113575,0
            -106.894431,34.113388,0
            -106.894595,34.113064,0
            -106.894996,34.112402,0
            -106.89531,34.112031,0
            -106.895474,34.111805,0
            -106.895572,34.111616,0
            -106.89569,34.111274,0
            -106.895924,34.110044,0
            -106.896316,34.109017,0
            -106.896461,34.108244,0
            -106.896727,34.107607,0
            -106.896771,34.107444,0
            -106.896795,34.107276,0
            -106.896803,34.106973,0
            -106.896766,34.106637,0
            -106.896611,34.105766,0
            -106.896573,34.104742,0
            -106.896593,34.104442,0
            -106.896806,34.10341,0
            -106.896871,34.102922,0
            -106.896837,34.101559,0
            -106.896881,34.10152,0
            -106.896924,34.1015,0
            -106.896972,34.101489,0
            -106.897063,34.10148,0
            -106.897209,34.101484,0
            -106.897361,34.1015,0
            -106.897644,34.101554,0
            -106.897864,34.10161,0
            -106.898056,34.101704,0
            -106.898437,34.101986,0
            -106.898728,34.102161,0
            -106.89907,34.102268,0
            -106.899276,34.102301,0
            -106.899568,34.10231,0
            -106.899876,34.102291,0
            -106.90118,34.102083,0
            -106.90097,34.101676,0
            -106.900502,34.101089,0
            -106.900379,34.100844,0
            -106.900289,34.100775,0
            -106.895155,34.080099,0
            -106.894915,34.0794,0
            -106.894543,34.078501,0
            -106.894168,34.077739,0
            -106.88999,34.070194,0
            -106.889738,34.069673,0
            -106.889418,34.068921,0
            -106.88923,34.068409,0
            -106.888881,34.067226,0
            -106.888662,34.066139,0
            -106.887292,34.055721,0
            -106.887235,34.054748,0
            -106.887236,34.054093,0
            -106.887293,34.053189,0
            -106.888011,34.046799,0
            -106.888341,34.044838,0
            -106.888712,34.043288,0
            -106.893657,34.025822,0
            -106.893964,34.02453,0
            -106.894225,34.023116,0
            -106.894446,34.021261,0
            -106.895332,34.006308,0
            -106.895335,34.005298,0
            -106.895258,34.003658,0
            -106.895119,34.002346,0
            -106.891769,33.980748,0
            -106.879024,33.922051,0
            -106.878956,33.92135,0
            -106.878962,33.920368,0
            -106.879004,33.919912,0
            -106.879082,33.919441,0
            -106.879316,33.918564,0
            -106.879478,33.918106,0
            -106.879783,33.917403,0
            -106.926474,33.827298,0
            -106.926845,33.82666,0
            -106.927352,33.825898,0
            -106.928113,33.824908,0
            -106.928658,33.82429,0
            -107.018035,33.731133,0
            -107.019531,33.7297,0
            -107.036027,33.715365,0
            -107.037902,33.713669,0
            -107.048261,33.703926,0
            -107.048352,33.703859,0
            -107.097895,33.657211,0
            -107.099661,33.655609,0
            -107.148529,33.613076,0
            -107.149366,33.612223,0
            -107.150065,33.611391,0
            -107.150717,33.610512,0
            -107.151408,33.609404,0
            -107.184641,33.546627,0
            -107.186282,33.543306,0
            -107.233268,33.454439,0
            -107.233821,33.453584,0
            -107.234313,33.452932,0
            -107.246764,33.437935,0
            -107.247314,33.437193,0
            -107.247878,33.436316,0
            -107.24822,33.435719,0
            -107.248674,33.434792,0
            -107.256064,33.417896,0
            -107.256104,33.417634,0
            -107.257255,33.415157,0
            -107.290088,33.339947,0
            -107.290704,33.338287,0
            -107.295448,33.327381,0
            -107.295566,33.327059,0
            -107.295687,33.326634,0
            -107.295817,33.325895,0
            -107.295845,33.325333,0
            -107.295832,33.324965,0
            -107.295772,33.324469,0
            -107.295659,33.323939,0
            -107.295418,33.323231,0
            -107.295135,33.32265,0
            -107.294864,33.322205,0
            -107.294688,33.321957,0
            -107.293209,33.320125,0
            -107.292695,33.319345,0
            -107.292277,33.318589,0
            -107.292059,33.318117,0
            -107.291772,33.317391,0
            -107.29163,33.316944,0
            -107.291502,33.316437,0
            -107.291372,33.315718,0
            -107.2913,33.315071,0
            -107.291275,33.314417,0
            -107.291287,33.313998,0
            -107.291491,33.311916,0
            -107.29195,33.308229,0
            -107.29199,33.307547,0
            -107.291963,33.306871,0
            -107.291836,33.305968,0
            -107.291588,33.305029,0
            -107.291334,33.304385,0
            -107.290423,33.302386,0
            -107.289987,33.30111,0
            -107.289794,33.30035,0
            -107.289302,33.297814,0
            -107.289095,33.297071,0
            -107.288836,33.296404,0
            -107.288501,33.295752,0
            -107.288126,33.295171,0
            -107.28785,33.294805,0
            -107.287429,33.29432,0
            -107.28705,33.293941,0
            -107.278169,33.285995,0
            -107.277514,33.285345,0
            -107.276845,33.28457,0
            -107.276223,33.283713,0
            -107.275861,33.283134,0
            -107.275484,33.282436,0
            -107.275024,33.281389,0
            -107.256854,33.224654,0
            -107.256665,33.223891,0
            -107.256489,33.222857,0
            -107.256371,33.221666,0
            -107.255733,33.209407,0
            -107.255644,33.208564,0
            -107.253558,33.196549,0
            -107.25338,33.195056,0
            -107.253339,33.194293,0
            -107.253464,33.154762,0
            -107.253507,33.15415,0
            -107.253649,33.153339,0
            -107.253894,33.15255,0
            -107.254166,33.151928,0
            -107.254403,33.151483,0
            -107.254633,33.151115,0
            -107.255016,33.150594,0
            -107.255269,33.150296,0
            -107.255804,33.149743,0
            -107.256283,33.149324,0
            -107.273531,33.136258,0
            -107.27468,33.135443,0
            -107.294994,33.122468,0
            -107.29559,33.122,0
            -107.296188,33.121433,0
            -107.296571,33.121001,0
            -107.297073,33.120331,0
            -107.297407,33.119779,0
            -107.297719,33.119146,0
            -107.297893,33.118707,0
            -107.298029,33.118284,0
            -107.298135,33.117852,0
            -107.298876,33.112857,0
            -107.299168,33.111653,0
            -107.299445,33.110808,0
            -107.306512,33.09351,0
            -107.306929,33.092244,0
            -107.30718,33.091167,0
            -107.307342,33.090106,0
            -107.307397,33.089526,0
            -107.309449,33.05248,0
            -107.309576,33.051606,0
            -107.309726,33.050844,0
            -107.311552,33.04353,0
            -107.312084,33.041042,0
            -107.318477,33.002783,0
            -107.31858,33.001775,0
            -107.318608,33.00089,0
            -107.318575,33,0
            -107.318463,32.999014,0
            -107.318315,32.998198,0
            -107.318159,32.99755,0
            -107.317882,32.996645,0
            -107.315341,32.990015,0
            -107.315114,32.989292,0
            -107.313664,32.985546,0
            -107.313404,32.984696,0
            -107.313236,32.9839,0
            -107.313156,32.983325,0
            -107.31309,32.982335,0
            -107.313103,32.981507,0
            -107.31315,32.980899,0
            -107.315597,32.960526,0
            -107.315683,32.958582,0
            -107.315482,32.95465,0
            -107.315479,32.954143,0
            -107.314885,32.943772,0
            -107.314939,32.942345,0
            -107.315074,32.941334,0
            -107.315271,32.940344,0
            -107.31876,32.925555,0
            -107.318879,32.924888,0
            -107.319002,32.923678,0
            -107.318871,32.907043,0
            -107.318812,32.906291,0
            -107.318694,32.905569,0
            -107.318543,32.904963,0
            -107.318317,32.904218,0
            -107.317953,32.903279,0
            -107.317712,32.902762,0
            -107.317387,32.902161,0
            -107.316958,32.901472,0
            -107.316553,32.900904,0
            -107.31604,32.900266,0
            -107.29586,32.877949,0
            -107.295405,32.877411,0
            -107.294812,32.876631,0
            -107.294269,32.875807,0
            -107.293742,32.874879,0
            -107.293415,32.874205,0
            -107.292955,32.873063,0
            -107.28781,32.857414,0
            -107.287673,32.85691,0
            -107.287503,32.856125,0
            -107.287352,32.855103,0
            -107.287287,32.854262,0
            -107.287289,32.853022,0
            -107.288916,32.838823,0
            -107.288995,32.837615,0
            -107.289509,32.816244,0
            -107.289477,32.8157,0
            -107.289338,32.814615,0
            -107.289116,32.813652,0
            -107.28898,32.813218,0
            -107.288543,32.812091,0
            -107.288251,32.811483,0
            -107.2868,32.808802,0
            -107.28632,32.807783,0
            -107.284376,32.802998,0
            -107.283923,32.802131,0
            -107.28368,32.801739,0
            -107.283214,32.80108,0
            -107.282776,32.800542,0
            -107.282043,32.799779,0
            -107.281391,32.799203,0
            -107.280717,32.798695,0
            -107.279206,32.797696,0
            -107.278511,32.797202,0
            -107.277835,32.796675,0
            -107.269087,32.78908,0
            -107.259102,32.779751,0
            -107.256867,32.777835,0
            -107.24473,32.766443,0
            -107.243857,32.765525,0
            -107.242842,32.764368,0
            -107.24185,32.763105,0
            -107.233942,32.752012,0
            -107.233444,32.751367,0
            -107.232169,32.749858,0
            -107.231515,32.749154,0
            -107.206821,32.724696,0
            -107.205758,32.723572,0
            -107.204485,32.722068,0
            -107.203666,32.72099,0
            -107.189032,32.699403,0
            -107.188239,32.698306,0
            -107.187344,32.697178,0
            -107.180149,32.689041,0
            -107.179453,32.688379,0
            -107.178888,32.687936,0
            -107.178479,32.687656,0
            -107.178048,32.687394,0
            -107.177612,32.687158,0
            -107.176873,32.68682,0
            -107.176232,32.686583,0
            -107.175439,32.686356,0
            -107.174957,32.68625,0
            -107.159344,32.683796,0
            -107.140432,32.682282,0
            -107.139698,32.682188,0
            -107.103764,32.676129,0
            -107.102105,32.675932,0
            -107.100732,32.675848,0
            -107.09904,32.675827,0
            -107.097966,32.675866,0
            -107.070652,32.67763,0
            -107.069357,32.677666,0
            -107.06826,32.677633,0
            -107.067666,32.677592,0
            -107.066351,32.677447,0
            -107.038812,32.67272,0
            -107.037105,32.67248,0
            -107.035343,32.672303,0
            -107.034061,32.67222,0
            -107.01338,32.671612,0
            -107.012543,32.671533,0
            -107.011687,32.671422,0
            -107.01075,32.67126,0
            -107.009746,32.671036,0
            -107.009007,32.67084,0
            -107.007766,32.670443,0
            -107.006355,32.669886,0
            -107.005344,32.669406,0
            -107.004678,32.669049,0
            -107.003624,32.668412,0
            -107.002777,32.667827,0
            -107.0022,32.667388,0
            -107.001611,32.666895,0
            -107.00087,32.666211,0
            -106.96352,32.628055,0
            -106.96251,32.626965,0
            -106.961804,32.626136,0
            -106.960875,32.624948,0
            -106.95963,32.623145,0
            -106.958589,32.621382,0
            -106.923929,32.555011,0
            -106.92393,32.554866,0
            -106.923425,32.553333,0
            -106.9233,32.553017,0
            -106.923078,32.552556,0
          </coordinates>
        </LineString>
      </Placemark>
      <Placemark>
        <name>Rest Area, I-25 Southbound</name>
        <description><![CDATA[description: Rest stop from 2022-05-27T02:06:35.999Z to 2022-05-27T02:12:13.652Z. Distance 0m<br>Email: syugen.zhou@gmail.com<br>Category: Rest stop<br>Distance: 0]]></description>
        <styleUrl>#icon-1739-0288D1</styleUrl>
        <ExtendedData>
          <Data name="description">
            <value>Rest stop from 2022-05-27T02:06:35.999Z to 2022-05-27T02:12:13.652Z. Distance 0m</value>
          </Data>
          <Data name="Email">
            <value>syugen.zhou@gmail.com</value>
          </Data>
          <Data name="Category">
            <value>Rest stop</value>
          </Data>
          <Data name="Distance">
            <value>0</value>
          </Data>
        </ExtendedData>
        <Point>
          <coordinates>
            -106.923043,32.552468,0
          </coordinates>
        </Point>
      </Placemark>
      <Placemark>
        <name>Driving</name>
        <description><![CDATA[description: Driving from 2022-05-27T02:12:13.652Z to 2022-05-27T03:04:04.006Z. Distance 97887m<br>Email: syugen.zhou@gmail.com<br>Category: Driving<br>Distance: 97887]]></description>
        <styleUrl>#line-A52714-5000</styleUrl>
        <ExtendedData>
          <Data name="description">
            <value>Driving from 2022-05-27T02:12:13.652Z to 2022-05-27T03:04:04.006Z. Distance 97887m</value>
          </Data>
          <Data name="Email">
            <value>syugen.zhou@gmail.com</value>
          </Data>
          <Data name="Category">
            <value>Driving</value>
          </Data>
          <Data name="Distance">
            <value>97887</value>
          </Data>
        </ExtendedData>
        <LineString>
          <tessellate>1</tessellate>
          <coordinates>
            -106.92308,32.552559,0
            -106.922888,32.552185,0
            -106.921573,32.550361,0
            -106.921464,32.550291,0
            -106.914348,32.536628,0
            -106.913334,32.534302,0
            -106.912838,32.532897,0
            -106.899854,32.489173,0
            -106.899389,32.488035,0
            -106.89876,32.486829,0
            -106.898329,32.486134,0
            -106.873379,32.451072,0
            -106.872481,32.449988,0
            -106.871126,32.44866,0
            -106.82599,32.411407,0
            -106.824415,32.409948,0
            -106.823317,32.408813,0
            -106.822041,32.407345,0
            -106.820743,32.405651,0
            -106.815805,32.398401,0
            -106.814407,32.396665,0
            -106.81342,32.395574,0
            -106.789738,32.371358,0
            -106.786795,32.368592,0
            -106.785355,32.36713,0
            -106.78227,32.363709,0
            -106.780773,32.362181,0
            -106.77807,32.359624,0
            -106.777374,32.358862,0
            -106.776591,32.357856,0
            -106.749583,32.318916,0
            -106.749006,32.317941,0
            -106.748558,32.317039,0
            -106.748054,32.315775,0
            -106.731321,32.26413,0
            -106.731079,32.263151,0
            -106.73094,32.262353,0
            -106.730822,32.261203,0
            -106.730798,32.260536,0
            -106.73088,32.257451,0
            -106.730811,32.256684,0
            -106.730696,32.256143,0
            -106.730525,32.255616,0
            -106.73025,32.255007,0
            -106.729739,32.254187,0
            -106.729316,32.253672,0
            -106.728904,32.253256,0
            -106.726339,32.251041,0
            -106.725398,32.250131,0
            -106.723941,32.248545,0
            -106.722518,32.246798,0
            -106.722341,32.246674,0
            -106.651161,32.147528,0
            -106.650465,32.146444,0
            -106.649684,32.145085,0
            -106.600941,32.052606,0
            -106.583873,32.013468,0
            -106.583407,32.012114,0
            -106.583148,32.01104,0
            -106.582919,32.009182,0
            -106.582942,31.915532,0
            -106.582991,31.915468,0
            -106.583007,31.91541,0
            -106.583174,31.913287,0
            -106.583241,31.91317,0
            -106.583236,31.91209,0
            -106.583397,31.91033,0
            -106.583422,31.908363,0
            -106.578351,31.908306,0
            -106.566899,31.90736,0
            -106.564218,31.906971,0
            -106.558746,31.905844,0
            -106.556058,31.905488,0
            -106.546366,31.904702,0
            -106.544771,31.904732,0
            -106.543375,31.904899,0
            -106.542139,31.905159,0
            -106.541164,31.905446,0
            -106.539139,31.906156,0
            -106.537055,31.906696,0
            -106.535548,31.906955,0
            -106.534496,31.907076,0
            -106.527112,31.907592,0
            -106.526305,31.907541,0
            -106.525933,31.907488,0
            -106.525367,31.907365,0
            -106.524699,31.907149,0
            -106.5243,31.906989,0
            -106.523595,31.90662,0
            -106.523045,31.906249,0
            -106.522419,31.905702,0
            -106.521983,31.905202,0
            -106.516682,31.897844,0
            -106.516092,31.897138,0
            -106.51542,31.896499,0
            -106.514939,31.896118,0
            -106.51434,31.895709,0
            -106.513708,31.895347,0
            -106.512,31.89449,0
            -106.511649,31.894284,0
            -106.511163,31.89394,0
            -106.51061,31.893448,0
            -106.510245,31.893038,0
            -106.509966,31.892651,0
            -106.509691,31.892181,0
            -106.508974,31.890418,0
            -106.508651,31.889836,0
            -106.508444,31.889541,0
            -106.505902,31.886521,0
            -106.505408,31.885826,0
            -106.504181,31.883849,0
            -106.503581,31.883052,0
            -106.502967,31.882373,0
            -106.50104,31.880523,0
            -106.500711,31.880254,0
            -106.500341,31.88,0
            -106.499703,31.879642,0
            -106.496322,31.878106,0
            -106.49585,31.877931,0
            -106.495508,31.877848,0
            -106.495198,31.877803,0
            -106.494696,31.877782,0
            -106.494449,31.877799,0
            -106.493935,31.877888,0
            -106.493478,31.878043,0
            -106.493072,31.878249,0
            -106.492818,31.87843,0
            -106.492153,31.879081,0
            -106.491193,31.880641,0
            -106.490784,31.881149,0
            -106.490469,31.881449,0
            -106.490088,31.881746,0
            -106.483307,31.886241,0
            -106.480215,31.888438,0
            -106.479422,31.889059,0
            -106.478862,31.889567,0
            -106.478296,31.890161,0
            -106.475789,31.893177,0
            -106.475619,31.893344,0
            -106.475346,31.89356,0
            -106.474822,31.893852,0
            -106.474585,31.893947,0
            -106.47418,31.894066,0
            -106.473732,31.894139,0
            -106.473361,31.894159,0
            -106.472972,31.894135,0
            -106.471081,31.893823,0
            -106.470429,31.893793,0
            -106.467799,31.894097,0
            -106.46729,31.894111,0
            -106.466671,31.894066,0
            -106.466064,31.893944,0
            -106.465446,31.893747,0
            -106.46341,31.89276,0
            -106.462812,31.892553,0
            -106.462533,31.892482,0
            -106.462063,31.892409,0
            -106.461527,31.892391,0
            -106.461168,31.892415,0
            -106.460783,31.892476,0
            -106.460181,31.892657,0
            -106.459832,31.89281,0
            -106.459404,31.893052,0
            -106.45905,31.893312,0
            -106.458783,31.893553,0
            -106.456651,31.89582,0
            -106.456393,31.896203,0
            -106.456205,31.896607,0
            -106.456076,31.897052,0
            -106.456028,31.89747,0
            -106.456055,31.898019,0
            -106.456665,31.900612,0
            -106.456723,31.901275,0
            -106.456705,31.901508,0
            -106.45662,31.901936,0
            -106.456457,31.902356,0
            -106.456288,31.902654,0
            -106.45601,31.903029,0
            -106.45567,31.903367,0
            -106.45538,31.903585,0
            -106.454951,31.903837,0
            -106.454362,31.904069,0
            -106.453987,31.904166,0
            -106.453477,31.904241,0
            -106.453028,31.904252,0
            -106.452436,31.904191,0
            -106.452062,31.904106,0
            -106.451581,31.903941,0
            -106.451127,31.903727,0
            -106.446313,31.900472,0
            -106.446283,31.900403,0
            -106.446244,31.900349,0
            -106.44455,31.899069,0
            -106.444184,31.898851,0
            -106.443549,31.898556,0
            -106.442814,31.898357,0
            -106.442371,31.8983,0
            -106.442245,31.898241,0
            -106.442154,31.898214,0
            -106.442098,31.898181,0
            -106.441937,31.897987,0
            -106.441362,31.87422,0
            -106.441453,31.869592,0
            -106.44125,31.861494,0
          </coordinates>
        </LineString>
      </Placemark>
      <Placemark>
        <name><![CDATA[Holiday Inn Express & Suites El Paso North, an IHG Hotel]]></name>
        <description><![CDATA[description: Hotel from 2022-05-27T03:04:04.006Z to 2022-05-27T16:00:26.999Z. Distance 0m<br>Email: syugen.zhou@gmail.com<br>Category: Hotel<br>Distance: 0]]></description>
        <styleUrl>#icon-1602-0288D1</styleUrl>
        <ExtendedData>
          <Data name="description">
            <value>Hotel from 2022-05-27T03:04:04.006Z to 2022-05-27T16:00:26.999Z. Distance 0m</value>
          </Data>
          <Data name="Email">
            <value>syugen.zhou@gmail.com</value>
          </Data>
          <Data name="Category">
            <value>Hotel</value>
          </Data>
          <Data name="Distance">
            <value>0</value>
          </Data>
        </ExtendedData>
        <Point>
          <coordinates>
            -106.441628,31.861448,0
          </coordinates>
        </Point>
      </Placemark>
    </Folder>
  </Document>
</kml>
