<?xml version="1.0" encoding="UTF-8"?>
<kml xmlns="http://www.opengis.net/kml/2.2">
  <Document>
    <name>35-ithaca-vw</name>
    <description/>
    <Style id="icon-1535-0288D1-normal">
      <IconStyle>
        <color>ffd18802</color>
        <scale>1</scale>
        <Icon>
          <href>https://www.gstatic.com/mapspro/images/stock/503-wht-blank_maps.png</href>
        </Icon>
      </IconStyle>
      <LabelStyle>
        <scale>0</scale>
      </LabelStyle>
    </Style>
    <Style id="icon-1535-0288D1-highlight">
      <IconStyle>
        <color>ffd18802</color>
        <scale>1</scale>
        <Icon>
          <href>https://www.gstatic.com/mapspro/images/stock/503-wht-blank_maps.png</href>
        </Icon>
      </IconStyle>
      <LabelStyle>
        <scale>1</scale>
      </LabelStyle>
    </Style>
    <StyleMap id="icon-1535-0288D1">
      <Pair>
        <key>normal</key>
        <styleUrl>#icon-1535-0288D1-normal</styleUrl>
      </Pair>
      <Pair>
        <key>highlight</key>
        <styleUrl>#icon-1535-0288D1-highlight</styleUrl>
      </Pair>
    </StyleMap>
    <Style id="icon-1602-0288D1-normal">
      <IconStyle>
        <color>ffd18802</color>
        <scale>1</scale>
        <Icon>
          <href>https://www.gstatic.com/mapspro/images/stock/503-wht-blank_maps.png</href>
        </Icon>
      </IconStyle>
      <LabelStyle>
        <scale>0</scale>
      </LabelStyle>
    </Style>
    <Style id="icon-1602-0288D1-highlight">
      <IconStyle>
        <color>ffd18802</color>
        <scale>1</scale>
        <Icon>
          <href>https://www.gstatic.com/mapspro/images/stock/503-wht-blank_maps.png</href>
        </Icon>
      </IconStyle>
      <LabelStyle>
        <scale>1</scale>
      </LabelStyle>
    </Style>
    <StyleMap id="icon-1602-0288D1">
      <Pair>
        <key>normal</key>
        <styleUrl>#icon-1602-0288D1-normal</styleUrl>
      </Pair>
      <Pair>
        <key>highlight</key>
        <styleUrl>#icon-1602-0288D1-highlight</styleUrl>
      </Pair>
    </StyleMap>
    <Style id="icon-1603-0288D1-normal">
      <IconStyle>
        <color>ffd18802</color>
        <scale>1</scale>
        <Icon>
          <href>https://www.gstatic.com/mapspro/images/stock/503-wht-blank_maps.png</href>
        </Icon>
      </IconStyle>
      <LabelStyle>
        <scale>0</scale>
      </LabelStyle>
    </Style>
    <Style id="icon-1603-0288D1-highlight">
      <IconStyle>
        <color>ffd18802</color>
        <scale>1</scale>
        <Icon>
          <href>https://www.gstatic.com/mapspro/images/stock/503-wht-blank_maps.png</href>
        </Icon>
      </IconStyle>
      <LabelStyle>
        <scale>1</scale>
      </LabelStyle>
    </Style>
    <StyleMap id="icon-1603-0288D1">
      <Pair>
        <key>normal</key>
        <styleUrl>#icon-1603-0288D1-normal</styleUrl>
      </Pair>
      <Pair>
        <key>highlight</key>
        <styleUrl>#icon-1603-0288D1-highlight</styleUrl>
      </Pair>
    </StyleMap>
    <Style id="icon-1739-0288D1-normal">
      <IconStyle>
        <color>ffd18802</color>
        <scale>1</scale>
        <Icon>
          <href>https://www.gstatic.com/mapspro/images/stock/503-wht-blank_maps.png</href>
        </Icon>
      </IconStyle>
      <LabelStyle>
        <scale>0</scale>
      </LabelStyle>
    </Style>
    <Style id="icon-1739-0288D1-highlight">
      <IconStyle>
        <color>ffd18802</color>
        <scale>1</scale>
        <Icon>
          <href>https://www.gstatic.com/mapspro/images/stock/503-wht-blank_maps.png</href>
        </Icon>
      </IconStyle>
      <LabelStyle>
        <scale>1</scale>
      </LabelStyle>
    </Style>
    <StyleMap id="icon-1739-0288D1">
      <Pair>
        <key>normal</key>
        <styleUrl>#icon-1739-0288D1-normal</styleUrl>
      </Pair>
      <Pair>
        <key>highlight</key>
        <styleUrl>#icon-1739-0288D1-highlight</styleUrl>
      </Pair>
    </StyleMap>
    <Style id="line-A52714-5000-normal">
      <LineStyle>
        <color>ff1427a5</color>
        <width>5</width>
      </LineStyle>
    </Style>
    <Style id="line-A52714-5000-highlight">
      <LineStyle>
        <color>ff1427a5</color>
        <width>7.5</width>
      </LineStyle>
    </Style>
    <StyleMap id="line-A52714-5000">
      <Pair>
        <key>normal</key>
        <styleUrl>#line-A52714-5000-normal</styleUrl>
      </Pair>
      <Pair>
        <key>highlight</key>
        <styleUrl>#line-A52714-5000-highlight</styleUrl>
      </Pair>
    </StyleMap>
    <Style id="line-F9A825-5000-normal">
      <LineStyle>
        <color>ff25a8f9</color>
        <width>5</width>
      </LineStyle>
    </Style>
    <Style id="line-F9A825-5000-highlight">
      <LineStyle>
        <color>ff25a8f9</color>
        <width>7.5</width>
      </LineStyle>
    </Style>
    <StyleMap id="line-F9A825-5000">
      <Pair>
        <key>normal</key>
        <styleUrl>#line-F9A825-5000-normal</styleUrl>
      </Pair>
      <Pair>
        <key>highlight</key>
        <styleUrl>#line-F9A825-5000-highlight</styleUrl>
      </Pair>
    </StyleMap>
    <Folder>
      <name>history-2018-05-24</name>
      <Placemark>
        <name>Driving</name>
        <description><![CDATA[description: Driving from 2018-05-24T09:58:48.503Z to 2018-05-24T10:09:54.000Z. Distance 10212m<br>Email: syugen.zhou@gmail.com<br>Category: Driving<br>Distance: 10212]]></description>
        <styleUrl>#line-F9A825-5000</styleUrl>
        <ExtendedData>
          <Data name="description">
            <value>Driving from 2018-05-24T09:58:48.503Z to 2018-05-24T10:09:54.000Z. Distance 10212m</value>
          </Data>
          <Data name="Email">
            <value>syugen.zhou@gmail.com</value>
          </Data>
          <Data name="Category">
            <value>Driving</value>
          </Data>
          <Data name="Distance">
            <value>10212</value>
          </Data>
        </ExtendedData>
        <LineString>
          <tessellate>1</tessellate>
          <coordinates>
            -77.73004,39.323369,0
            -77.729774,39.32321,0
            -77.730997,39.322398,0
            -77.731144,39.322323,0
            -77.731358,39.322259,0
            -77.733032,39.322028,0
            -77.733708,39.32203,0
            -77.735449,39.322339,0
            -77.738823,39.322567,0
            -77.739228,39.322507,0
            -77.740172,39.322278,0
            -77.742388,39.321912,0
            -77.743236,39.321841,0
            -77.743767,39.321855,0
            -77.743826,39.321843,0
            -77.743903,39.321808,0
            -77.744006,39.32173,0
            -77.744078,39.321634,0
            -77.744104,39.321572,0
            -77.74355,39.321402,0
            -77.743407,39.321376,0
            -77.742857,39.321134,0
            -77.742477,39.320919,0
            -77.742048,39.32061,0
            -77.741163,39.319784,0
            -77.740682,39.319425,0
            -77.740038,39.319099,0
            -77.73944,39.318906,0
            -77.738974,39.318803,0
            -77.738506,39.318744,0
            -77.73798,39.318737,0
            -77.734077,39.319069,0
            -77.733149,39.319261,0
            -77.728479,39.320931,0
            -77.728053,39.321029,0
            -77.727539,39.321098,0
            -77.726905,39.321119,0
            -77.724797,39.320873,0
            -77.723935,39.320846,0
            -77.720912,39.321096,0
            -77.719201,39.321045,0
            -77.718508,39.320904,0
            -77.718041,39.320733,0
            -77.716968,39.320198,0
            -77.716378,39.319955,0
            -77.715795,39.319782,0
            -77.715135,39.31966,0
            -77.714481,39.319612,0
            -77.714361,39.319584,0
            -77.713937,39.319592,0
            -77.712584,39.319767,0
            -77.711663,39.319934,0
            -77.711143,39.320108,0
            -77.710777,39.320312,0
            -77.710731,39.320382,0
            -77.709954,39.3211,0
            -77.704979,39.328012,0
            -77.703652,39.329507,0
            -77.702838,39.33023,0
            -77.702147,39.330748,0
            -77.700849,39.331572,0
            -77.699443,39.332236,0
            -77.697857,39.33278,0
            -77.696912,39.333009,0
            -77.695322,39.333282,0
            -77.694158,39.333375,0
            -77.692852,39.333384,0
            -77.691403,39.33328,0
            -77.690511,39.333155,0
            -77.689157,39.332841,0
            -77.687788,39.332424,0
            -77.686962,39.332105,0
            -77.684489,39.330872,0
            -77.683523,39.330526,0
            -77.682915,39.330382,0
            -77.682168,39.330275,0
            -77.676657,39.33016,0
            -77.669902,39.330298,0
            -77.668747,39.33037,0
            -77.663569,39.331016,0
            -77.65619,39.332172,0
            -77.653399,39.332823,0
            -77.651085,39.333585,0
            -77.649458,39.334245,0
            -77.647657,39.335108,0
            -77.646515,39.335746,0
            -77.64226,39.338374,0
            -77.64213,39.338375,0
            -77.641388,39.33873,0
            -77.640673,39.338991,0
            -77.640373,39.338953,0
            -77.640237,39.338911,0
            -77.639949,39.338768,0
            -77.63973,39.33824,0
            -77.639645,39.337922,0
            -77.639645,39.337776,0
            -77.639668,39.337738,0
            -77.639673,39.337691,0
            -77.640091,39.337329,0
            -77.640379,39.337598,0
          </coordinates>
        </LineString>
      </Placemark>
      <Placemark>
        <name><![CDATA[McDonald's]]></name>
        <description><![CDATA[description: Fast Food from 2018-05-24T10:09:54.000Z to 2018-05-24T10:35:10.000Z. Distance 0m<br>Email: syugen.zhou@gmail.com<br>Category: Fast Food<br>Distance: 0]]></description>
        <styleUrl>#icon-1739-0288D1</styleUrl>
        <ExtendedData>
          <Data name="description">
            <value>Fast Food from 2018-05-24T10:09:54.000Z to 2018-05-24T10:35:10.000Z. Distance 0m</value>
          </Data>
          <Data name="Email">
            <value>syugen.zhou@gmail.com</value>
          </Data>
          <Data name="Category">
            <value>Fast Food</value>
          </Data>
          <Data name="Distance">
            <value>0</value>
          </Data>
        </ExtendedData>
        <Point>
          <coordinates>
            -77.640523,39.337495,0
          </coordinates>
        </Point>
      </Placemark>
      <Placemark>
        <name>Driving</name>
        <description><![CDATA[description: Driving from 2018-05-24T10:35:10.531Z to 2018-05-24T11:50:17.000Z. Distance 99501m<br>Email: syugen.zhou@gmail.com<br>Category: Driving<br>Distance: 99501]]></description>
        <styleUrl>#line-F9A825-5000</styleUrl>
        <ExtendedData>
          <Data name="description">
            <value>Driving from 2018-05-24T10:35:10.531Z to 2018-05-24T11:50:17.000Z. Distance 99501m</value>
          </Data>
          <Data name="Email">
            <value>syugen.zhou@gmail.com</value>
          </Data>
          <Data name="Category">
            <value>Driving</value>
          </Data>
          <Data name="Distance">
            <value>99501</value>
          </Data>
        </ExtendedData>
        <LineString>
          <tessellate>1</tessellate>
          <coordinates>
            -77.640662,39.337403,0
            -77.64057,39.337324,0
            -77.640497,39.337307,0
            -77.640319,39.337385,0
            -77.640236,39.337466,0
            -77.640091,39.337329,0
            -77.639603,39.337585,0
            -77.639513,39.337552,0
            -77.639462,39.337557,0
            -77.639339,39.337622,0
            -77.639308,39.33769,0
            -77.639369,39.337791,0
            -77.639497,39.337838,0
            -77.639788,39.33839,0
            -77.639786,39.3389,0
            -77.63966,39.339413,0
            -77.63948,39.339702,0
            -77.638868,39.340322,0
            -77.638226,39.340797,0
            -77.638197,39.340877,0
            -77.626495,39.348099,0
            -77.624888,39.34893,0
            -77.622471,39.34988,0
            -77.619768,39.350601,0
            -77.588602,39.356342,0
            -77.586621,39.35644,0
            -77.584275,39.356212,0
            -77.58296,39.355905,0
            -77.579355,39.354758,0
            -77.577897,39.354498,0
            -77.576676,39.354411,0
            -77.574992,39.354482,0
            -77.573047,39.354883,0
            -77.570312,39.355822,0
            -77.569092,39.356128,0
            -77.568025,39.356299,0
            -77.533543,39.358972,0
            -77.531352,39.359465,0
            -77.529964,39.35995,0
            -77.523798,39.362576,0
            -77.521966,39.3631,0
            -77.520478,39.363304,0
            -77.519483,39.363343,0
            -77.511344,39.362805,0
            -77.510226,39.362813,0
            -77.508537,39.36301,0
            -77.507586,39.363223,0
            -77.506292,39.363644,0
            -77.504609,39.364458,0
            -77.498086,39.36882,0
            -77.496312,39.369683,0
            -77.48399,39.373122,0
            -77.481984,39.373878,0
            -77.456178,39.38646,0
            -77.454052,39.387674,0
            -77.452758,39.388554,0
            -77.444908,39.395137,0
            -77.444707,39.395216,0
            -77.443507,39.396099,0
            -77.443048,39.396354,0
            -77.442291,39.396633,0
            -77.437634,39.397699,0
            -77.436419,39.397881,0
            -77.434448,39.397908,0
            -77.434253,39.397978,0
            -77.418333,39.39778,0
            -77.417023,39.397928,0
            -77.392497,39.404099,0
            -77.389919,39.4045,0
            -77.38678,39.404545,0
            -77.385554,39.404475,0
            -77.381309,39.403775,0
            -77.379653,39.403651,0
            -77.360492,39.404369,0
            -77.353923,39.404834,0
            -77.351912,39.404775,0
            -77.350132,39.40452,0
            -77.337665,39.401342,0
            -77.335282,39.400466,0
            -77.33383,39.399698,0
            -77.332503,39.3988,0
            -77.32677,39.393728,0
            -77.325075,39.392548,0
            -77.323789,39.391878,0
            -77.322206,39.391257,0
            -77.311458,39.388359,0
            -77.28248,39.382937,0
            -77.280612,39.382403,0
            -77.277459,39.381048,0
            -77.276478,39.380729,0
            -77.27511,39.380467,0
            -77.273824,39.380382,0
            -77.272828,39.380428,0
            -77.264928,39.381695,0
            -77.263068,39.38184,0
            -77.261876,39.381825,0
            -77.260183,39.381661,0
            -77.229951,39.374962,0
            -77.227871,39.374332,0
            -77.226146,39.373655,0
            -77.224522,39.372853,0
            -77.220607,39.370353,0
            -77.219528,39.369878,0
            -77.218619,39.369592,0
            -77.217624,39.36939,0
            -77.216411,39.369281,0
            -77.215512,39.369304,0
            -77.21417,39.369487,0
            -77.210655,39.370464,0
            -77.208673,39.370717,0
            -77.206962,39.37071,0
            -77.205436,39.370528,0
            -77.204597,39.370348,0
            -77.203525,39.37,0
            -77.202324,39.369416,0
            -77.200209,39.368161,0
            -77.199585,39.367912,0
            -77.198531,39.367618,0
            -77.184081,39.364815,0
            -77.181902,39.364102,0
            -77.180316,39.363381,0
            -77.179182,39.362734,0
            -77.176338,39.360712,0
            -77.175159,39.360057,0
            -77.173641,39.359466,0
            -77.171706,39.359014,0
            -77.170776,39.358907,0
            -77.169201,39.358879,0
            -77.149491,39.361233,0
            -77.148506,39.361202,0
            -77.146986,39.360979,0
            -77.145753,39.360634,0
            -77.144312,39.359998,0
            -77.137182,39.355619,0
            -77.136133,39.355123,0
            -77.134412,39.354514,0
            -77.133072,39.354184,0
            -77.131285,39.353917,0
            -77.122772,39.353299,0
            -77.120876,39.352985,0
            -77.103544,39.348873,0
            -77.083021,39.345912,0
            -77.078333,39.344742,0
            -77.068124,39.341414,0
            -77.055313,39.338211,0
            -77.053392,39.337836,0
            -77.044115,39.336549,0
            -77.041497,39.335953,0
            -77.006753,39.322963,0
            -77.004703,39.322427,0
            -77.003579,39.322249,0
            -76.993523,39.321394,0
            -76.990068,39.320765,0
            -76.975582,39.316257,0
            -76.961541,39.31045,0
            -76.959447,39.309796,0
            -76.957054,39.30929,0
            -76.917885,39.304917,0
            -76.91552,39.304261,0
            -76.912137,39.30286,0
            -76.911068,39.302543,0
            -76.909533,39.30224,0
            -76.907251,39.302098,0
            -76.905371,39.302228,0
            -76.903143,39.302699,0
            -76.899391,39.303904,0
            -76.897083,39.304498,0
            -76.893739,39.305152,0
            -76.890071,39.305526,0
            -76.887536,39.305551,0
            -76.884225,39.305303,0
            -76.881939,39.304938,0
            -76.878625,39.30411,0
            -76.876355,39.303319,0
            -76.865622,39.298713,0
            -76.863172,39.297805,0
            -76.860583,39.297034,0
            -76.858161,39.296478,0
            -76.85487,39.295963,0
            -76.851567,39.295705,0
            -76.849099,39.295679,0
            -76.83158,39.29632,0
            -76.822503,39.296277,0
            -76.818379,39.296,0
            -76.816199,39.296068,0
            -76.810017,39.296829,0
            -76.807308,39.297331,0
            -76.805378,39.29796,0
            -76.802884,39.299215,0
            -76.802081,39.299842,0
            -76.800002,39.302176,0
            -76.799248,39.30281,0
            -76.79792,39.303651,0
            -76.793845,39.305466,0
            -76.792178,39.306046,0
            -76.790095,39.306604,0
            -76.788102,39.306951,0
            -76.786531,39.307113,0
            -76.78431,39.307177,0
            -76.773908,39.306664,0
            -76.770481,39.30676,0
            -76.759479,39.307789,0
            -76.758012,39.307843,0
            -76.755738,39.307708,0
            -76.753281,39.307155,0
            -76.752381,39.306852,0
            -76.752345,39.306727,0
            -76.746249,39.303807,0
            -76.745233,39.30312,0
            -76.744486,39.302377,0
            -76.744042,39.301796,0
            -76.743624,39.300912,0
            -76.743461,39.300347,0
            -76.743314,39.300124,0
            -76.742263,39.29184,0
            -76.741634,39.289918,0
            -76.740949,39.288682,0
            -76.740346,39.287868,0
            -76.73907,39.28655,0
            -76.737714,39.285501,0
            -76.727865,39.279987,0
            -76.727176,39.279515,0
            -76.726395,39.278737,0
            -76.725909,39.277952,0
            -76.724376,39.273408,0
            -76.723903,39.272593,0
            -76.723103,39.27169,0
            -76.722279,39.27104,0
            -76.709077,39.263455,0
            -76.69907,39.25812,0
            -76.697921,39.257668,0
            -76.687918,39.254885,0
            -76.685274,39.253875,0
            -76.685211,39.253739,0
            -76.684399,39.253171,0
            -76.684006,39.252716,0
            -76.682672,39.250153,0
            -76.682314,39.249685,0
            -76.682085,39.249482,0
            -76.681597,39.249176,0
            -76.681148,39.248998,0
            -76.680474,39.248868,0
            -76.68002,39.248863,0
            -76.679278,39.248981,0
            -76.678883,39.249118,0
            -76.678249,39.249506,0
            -76.677733,39.250117,0
            -76.676154,39.255186,0
            -76.676223,39.255352,0
            -76.675328,39.25746,0
            -76.674087,39.25975,0
            -76.672033,39.262795,0
            -76.671014,39.26373,0
            -76.670148,39.264293,0
            -76.654984,39.270995,0
            -76.653681,39.271301,0
            -76.652579,39.271391,0
            -76.651553,39.271368,0
            -76.638764,39.270156,0
            -76.632864,39.26923,0
            -76.62607,39.267653,0
            -76.623174,39.267216,0
            -76.617927,39.267129,0
            -76.614923,39.266737,0
            -76.612903,39.266695,0
            -76.612791,39.266615,0
            -76.611359,39.266602,0
            -76.605362,39.266929,0
            -76.603988,39.266902,0
            -76.602801,39.266718,0
            -76.601885,39.266434,0
            -76.601183,39.266329,0
            -76.600942,39.266436,0
            -76.600788,39.266578,0
            -76.600553,39.268023,0
            -76.600578,39.268208,0
            -76.600843,39.26866,0
            -76.600891,39.268892,0
            -76.599383,39.271509,0
            -76.59933,39.271708,0
            -76.599415,39.272141,0
            -76.599579,39.272435,0
            -76.599389,39.27253,0
            -76.599172,39.272527,0
            -76.596164,39.271469,0
            -76.596055,39.271456,0
            -76.59586,39.271487,0
            -76.595795,39.271526,0
            -76.595705,39.271633,0
            -76.595479,39.272283,0
            -76.59449,39.273712,0
            -76.594127,39.274011,0
            -76.593838,39.274151,0
            -76.593389,39.274262,0
            -76.592067,39.274319,0
            -76.591649,39.274239,0
            -76.590873,39.273981,0
            -76.593746,39.268994,0
            -76.583818,39.265525,0
            -76.583592,39.265899,0
          </coordinates>
        </LineString>
      </Placemark>
      <Placemark>
        <name>Fort McHenry National Monument and Historic Shrine</name>
        <description><![CDATA[description: Historical landmark from 2018-05-24T11:50:17.000Z to 2018-05-24T12:12:23.000Z. Distance 0m<br>Email: syugen.zhou@gmail.com<br>Category: Historical landmark<br>Distance: 0]]></description>
        <styleUrl>#icon-1535-0288D1</styleUrl>
        <ExtendedData>
          <Data name="description">
            <value>Historical landmark from 2018-05-24T11:50:17.000Z to 2018-05-24T12:12:23.000Z. Distance 0m</value>
          </Data>
          <Data name="Email">
            <value>syugen.zhou@gmail.com</value>
          </Data>
          <Data name="Category">
            <value>Historical landmark</value>
          </Data>
          <Data name="Distance">
            <value>0</value>
          </Data>
        </ExtendedData>
        <Point>
          <coordinates>
            -76.580641,39.264101,0
          </coordinates>
        </Point>
      </Placemark>
      <Placemark>
        <name>Driving</name>
        <description><![CDATA[description: Driving from 2018-05-24T12:12:23.002Z to 2018-05-24T12:16:45.004Z. Distance 2025m<br>Email: syugen.zhou@gmail.com<br>Category: Driving<br>Distance: 2025]]></description>
        <styleUrl>#line-F9A825-5000</styleUrl>
        <ExtendedData>
          <Data name="description">
            <value>Driving from 2018-05-24T12:12:23.002Z to 2018-05-24T12:16:45.004Z. Distance 2025m</value>
          </Data>
          <Data name="Email">
            <value>syugen.zhou@gmail.com</value>
          </Data>
          <Data name="Category">
            <value>Driving</value>
          </Data>
          <Data name="Distance">
            <value>2025</value>
          </Data>
        </ExtendedData>
        <LineString>
          <tessellate>1</tessellate>
          <coordinates>
            -76.583596,39.265892,0
            -76.583669,39.265772,0
            -76.58372,39.265688,0
            -76.583818,39.265525,0
            -76.584509,39.265763,0
            -76.585123,39.26598,0
            -76.585334,39.266054,0
            -76.585524,39.266121,0
            -76.585973,39.266281,0
            -76.586184,39.266356,0
            -76.586396,39.266431,0
            -76.586439,39.266447,0
            -76.58682,39.266577,0
            -76.587067,39.266662,0
            -76.587456,39.266798,0
            -76.587485,39.266809,0
            -76.587668,39.266872,0
            -76.58788,39.266945,0
            -76.588092,39.267018,0
            -76.588305,39.267091,0
            -76.588728,39.26724,0
            -76.589269,39.26743,0
            -76.589817,39.267621,0
            -76.590093,39.267716,0
            -76.590468,39.267847,0
            -76.590751,39.267946,0
            -76.591037,39.268046,0
            -76.591696,39.268276,0
            -76.592417,39.268532,0
            -76.593058,39.268756,0
            -76.593229,39.268814,0
            -76.593746,39.268994,0
            -76.594287,39.26919,0
            -76.594388,39.269224,0
            -76.595032,39.269443,0
            -76.595475,39.269599,0
            -76.59566,39.269672,0
            -76.595893,39.269745,0
            -76.596135,39.269832,0
            -76.596167,39.269844,0
            -76.596378,39.269919,0
            -76.596476,39.269951,0
            -76.596928,39.27011,0
            -76.597163,39.270194,0
            -76.597624,39.270359,0
            -76.598189,39.270555,0
            -76.598847,39.270798,0
            -76.599155,39.270901,0
            -76.599461,39.271005,0
            -76.599483,39.271012,0
            -76.59966,39.271073,0
            -76.599664,39.271075,0
            -76.599694,39.271085,0
            -76.599699,39.271087,0
            -76.600085,39.27122,0
            -76.600901,39.271502,0
            -76.601165,39.271595,0
            -76.601442,39.271697,0
            -76.601569,39.271494,0
            -76.601713,39.271244,0
            -76.601783,39.271123,0
            -76.601847,39.270994,0
            -76.601914,39.271016,0
            -76.602043,39.271057,0
            -76.602131,39.27109,0
            -76.60224,39.271128,0
            -76.60209,39.271385,0
            -76.601992,39.271554,0
          </coordinates>
        </LineString>
      </Placemark>
      <Placemark>
        <name>Riverside</name>
        <description><![CDATA[description: from 2018-05-24T12:16:45.004Z to 2018-05-24T12:39:49.574Z. Distance 0m<br>Email: syugen.zhou@gmail.com<br>Category: <br>Distance: 0]]></description>
        <styleUrl>#icon-1739-0288D1</styleUrl>
        <ExtendedData>
          <Data name="description">
            <value>from 2018-05-24T12:16:45.004Z to 2018-05-24T12:39:49.574Z. Distance 0m</value>
          </Data>
          <Data name="Email">
            <value>syugen.zhou@gmail.com</value>
          </Data>
          <Data name="Category">
            <value/>
          </Data>
          <Data name="Distance">
            <value>0</value>
          </Data>
        </ExtendedData>
        <Point>
          <coordinates>
            -76.608365,39.272906,0
          </coordinates>
        </Point>
      </Placemark>
      <Placemark>
        <name>Driving</name>
        <description><![CDATA[description: Driving from 2018-05-24T12:39:49.574Z to 2018-05-24T18:01:02.000Z. Distance 348035m<br>Email: syugen.zhou@gmail.com<br>Category: Driving<br>Distance: 348035]]></description>
        <styleUrl>#line-F9A825-5000</styleUrl>
        <ExtendedData>
          <Data name="description">
            <value>Driving from 2018-05-24T12:39:49.574Z to 2018-05-24T18:01:02.000Z. Distance 348035m</value>
          </Data>
          <Data name="Email">
            <value>syugen.zhou@gmail.com</value>
          </Data>
          <Data name="Category">
            <value>Driving</value>
          </Data>
          <Data name="Distance">
            <value>348035</value>
          </Data>
        </ExtendedData>
        <LineString>
          <tessellate>1</tessellate>
          <coordinates>
            -76.600532,39.271375,0
            -76.583383,39.265357,0
            -76.601442,39.271697,0
            -76.600677,39.273004,0
            -76.602622,39.273683,0
            -76.602665,39.273748,0
            -76.60595,39.275709,0
            -76.606062,39.275817,0
            -76.606161,39.276001,0
            -76.606478,39.280455,0
            -76.606606,39.280637,0
            -76.606761,39.280747,0
            -76.60705,39.28084,0
            -76.609585,39.280726,0
            -76.60963,39.280747,0
            -76.612418,39.280692,0
            -76.612591,39.28073,0
            -76.612753,39.280832,0
            -76.613126,39.285161,0
            -76.612942,39.285595,0
            -76.611944,39.286441,0
            -76.611749,39.286548,0
            -76.611714,39.286597,0
            -76.604165,39.286939,0
            -76.598667,39.289048,0
            -76.598556,39.289056,0
            -76.598701,39.291374,0
            -76.56279,39.292756,0
            -76.562737,39.291586,0
            -76.556547,39.291815,0
            -76.556427,39.291788,0
            -76.552184,39.291901,0
            -76.551728,39.292008,0
            -76.551176,39.292225,0
            -76.550686,39.292707,0
            -76.550192,39.29342,0
            -76.550188,39.293498,0
            -76.549022,39.295093,0
            -76.548633,39.295416,0
            -76.548148,39.295656,0
            -76.547365,39.295811,0
            -76.537063,39.296197,0
            -76.535985,39.296099,0
            -76.53386,39.295656,0
            -76.533751,39.295607,0
            -76.533218,39.295516,0
            -76.533134,39.295457,0
            -76.533095,39.295359,0
            -76.533143,39.295209,0
            -76.533671,39.294828,0
            -76.533697,39.294719,0
            -76.536777,39.291326,0
            -76.53704,39.290907,0
            -76.537185,39.290427,0
            -76.53709,39.287965,0
            -76.537138,39.287914,0
            -76.537135,39.287731,0
            -76.532664,39.287911,0
            -76.532322,39.287825,0
            -76.532098,39.287676,0
            -76.531968,39.287494,0
            -76.531941,39.287245,0
            -76.531985,39.287105,0
            -76.532124,39.286962,0
            -76.532389,39.286853,0
            -76.532583,39.286854,0
            -76.532819,39.286923,0
            -76.53296,39.287034,0
            -76.533059,39.287189,0
            -76.533054,39.287924,0
            -76.533114,39.288072,0
            -76.530813,39.297094,0
            -76.530401,39.300088,0
            -76.530451,39.30444,0
            -76.530984,39.307626,0
            -76.53334,39.315123,0
            -76.533467,39.315185,0
            -76.533725,39.316006,0
            -76.533814,39.316676,0
            -76.533736,39.317645,0
            -76.533326,39.318764,0
            -76.532784,39.31957,0
            -76.518293,39.334092,0
            -76.517218,39.3354,0
            -76.515918,39.337356,0
            -76.513606,39.341557,0
            -76.512571,39.342766,0
            -76.511683,39.343517,0
            -76.510892,39.344048,0
            -76.480776,39.359096,0
            -76.473782,39.363346,0
            -76.458366,39.37112,0
            -76.456299,39.372422,0
            -76.453928,39.374333,0
            -76.436957,39.39035,0
            -76.436753,39.390397,0
            -76.42981,39.39808,0
            -76.428679,39.399094,0
            -76.413148,39.410706,0
            -76.411897,39.411984,0
            -76.408722,39.416818,0
            -76.408023,39.41767,0
            -76.407058,39.418538,0
            -76.406216,39.419125,0
            -76.405055,39.419742,0
            -76.395597,39.423715,0
            -76.392714,39.425277,0
            -76.390638,39.426594,0
            -76.372103,39.439859,0
            -76.370887,39.440512,0
            -76.369034,39.441252,0
            -76.367826,39.441589,0
            -76.366048,39.441917,0
            -76.364726,39.442039,0
            -76.345641,39.441901,0
            -76.343908,39.442028,0
            -76.341868,39.442406,0
            -76.340789,39.442718,0
            -76.326312,39.448305,0
            -76.324515,39.44914,0
            -76.315209,39.454227,0
            -76.307634,39.457921,0
            -76.282092,39.468055,0
            -76.278363,39.469834,0
            -76.276591,39.470919,0
            -76.2753,39.471876,0
            -76.270795,39.475877,0
            -76.270004,39.47643,0
            -76.268521,39.477273,0
            -76.259023,39.48174,0
            -76.257639,39.482284,0
            -76.250983,39.484125,0
            -76.248567,39.484927,0
            -76.246779,39.485684,0
            -76.243783,39.48733,0
            -76.242245,39.488405,0
            -76.240439,39.489935,0
            -76.238583,39.491825,0
            -76.237929,39.492367,0
            -76.23031,39.496875,0
            -76.229533,39.497468,0
            -76.228604,39.49839,0
            -76.227201,39.500206,0
            -76.226759,39.500645,0
            -76.225478,39.501541,0
            -76.224397,39.502025,0
            -76.218377,39.50411,0
            -76.215745,39.505297,0
            -76.214015,39.506362,0
            -76.212744,39.507358,0
            -76.194059,39.524926,0
            -76.193164,39.525626,0
            -76.192221,39.526203,0
            -76.181607,39.530696,0
            -76.179935,39.531545,0
            -76.177572,39.533102,0
            -76.175372,39.535097,0
            -76.17402,39.536768,0
            -76.169799,39.543431,0
            -76.167845,39.545572,0
            -76.156616,39.554796,0
            -76.144721,39.563351,0
            -76.143355,39.564659,0
            -76.141269,39.567046,0
            -76.141123,39.567073,0
            -76.140007,39.568198,0
            -76.139003,39.568839,0
            -76.137808,39.569337,0
            -76.136683,39.569651,0
            -76.136229,39.569943,0
            -76.135848,39.570467,0
            -76.142145,39.573295,0
            -76.144153,39.574006,0
            -76.14758,39.574827,0
            -76.149554,39.575103,0
            -76.152172,39.575253,0
            -76.1548,39.57517,0
            -76.157782,39.57478,0
            -76.1698,39.572369,0
            -76.171526,39.572221,0
            -76.173429,39.572222,0
            -76.17482,39.572334,0
            -76.176912,39.57268,0
            -76.177989,39.57295,0
            -76.18011,39.573683,0
            -76.185909,39.576429,0
            -76.186841,39.576759,0
            -76.186385,39.577566,0
            -76.184434,39.583471,0
            -76.184359,39.583939,0
            -76.184467,39.586747,0
            -76.185014,39.589083,0
            -76.187165,39.59354,0
            -76.187607,39.59405,0
            -76.18962,39.595615,0
            -76.191773,39.598281,0
            -76.191908,39.598612,0
            -76.192688,39.602982,0
            -76.192879,39.603382,0
            -76.193022,39.60356,0
            -76.196209,39.605512,0
            -76.197471,39.606436,0
            -76.197995,39.607002,0
            -76.198796,39.608503,0
            -76.199021,39.609274,0
            -76.199457,39.612415,0
            -76.2004,39.616073,0
            -76.200629,39.616442,0
            -76.201911,39.617603,0
            -76.202096,39.618054,0
            -76.202051,39.618469,0
            -76.200832,39.620349,0
            -76.200584,39.621208,0
            -76.200579,39.622683,0
            -76.200658,39.623209,0
            -76.20183,39.626291,0
            -76.202488,39.627443,0
            -76.20324,39.631619,0
            -76.204545,39.633767,0
            -76.204806,39.634472,0
            -76.20484,39.634795,0
            -76.204768,39.635131,0
            -76.203276,39.638227,0
            -76.202894,39.639294,0
            -76.203165,39.64422,0
            -76.203505,39.644947,0
            -76.204123,39.645685,0
            -76.203841,39.646051,0
            -76.203705,39.646347,0
            -76.203391,39.647619,0
            -76.203376,39.648225,0
            -76.199334,39.649466,0
            -76.19927,39.649505,0
            -76.181355,39.654864,0
            -76.180326,39.654964,0
            -76.177595,39.655008,0
            -76.177037,39.655146,0
            -76.176625,39.655364,0
            -76.176325,39.655608,0
            -76.176328,39.655652,0
            -76.176044,39.656041,0
            -76.170036,39.667077,0
            -76.17,39.667418,0
            -76.170048,39.667876,0
            -76.170275,39.668676,0
            -76.170318,39.669253,0
            -76.170252,39.669813,0
            -76.170015,39.670515,0
            -76.169362,39.671503,0
            -76.169018,39.671849,0
            -76.163252,39.675882,0
            -76.150297,39.681972,0
            -76.143237,39.684066,0
            -76.139457,39.685374,0
            -76.13835,39.685944,0
            -76.134652,39.688576,0
            -76.122513,39.694548,0
            -76.121628,39.694759,0
            -76.120218,39.694876,0
            -76.119214,39.694806,0
            -76.118227,39.694595,0
            -76.115889,39.693895,0
            -76.114774,39.693755,0
            -76.09813,39.694052,0
            -76.096982,39.694186,0
            -76.095393,39.69456,0
            -76.093075,39.695379,0
            -76.090745,39.696542,0
            -76.07935,39.704937,0
            -76.0777,39.705913,0
            -76.076034,39.706713,0
            -76.074615,39.707265,0
            -76.07266,39.707862,0
            -76.070539,39.708321,0
            -76.063436,39.709328,0
            -76.061043,39.709923,0
            -76.054065,39.712218,0
            -76.051199,39.712921,0
            -76.044886,39.714096,0
            -76.043163,39.714545,0
            -76.042016,39.714964,0
            -76.04059,39.715641,0
            -76.032426,39.720462,0
            -76.031161,39.72142,0
            -76.028865,39.72362,0
            -76.028471,39.724221,0
            -76.024649,39.733696,0
            -76.024346,39.735567,0
            -76.024339,39.748102,0
            -76.02415,39.749903,0
            -76.023568,39.752518,0
            -76.022861,39.754519,0
            -76.02192,39.756489,0
            -76.019664,39.759988,0
            -75.999055,39.784648,0
            -75.993535,39.790561,0
            -75.988473,39.794711,0
            -75.973444,39.804021,0
            -75.969561,39.806056,0
            -75.964878,39.807922,0
            -75.962408,39.808669,0
            -75.900298,39.824349,0
            -75.899858,39.824408,0
            -75.897668,39.824949,0
            -75.894633,39.825437,0
            -75.867348,39.827147,0
            -75.864319,39.826995,0
            -75.850326,39.82518,0
            -75.848541,39.825126,0
            -75.847346,39.825188,0
            -75.831581,39.827099,0
            -75.828191,39.827973,0
            -75.825693,39.828972,0
            -75.797535,39.842867,0
            -75.795962,39.843485,0
            -75.794596,39.843876,0
            -75.786145,39.845229,0
            -75.784744,39.845335,0
            -75.770658,39.845482,0
            -75.769429,39.845633,0
            -75.759752,39.847455,0
            -75.758121,39.847888,0
            -75.752914,39.849698,0
            -75.750161,39.850394,0
            -75.731085,39.853376,0
            -75.72284,39.855415,0
            -75.716029,39.8565,0
            -75.714667,39.856604,0
            -75.707946,39.856298,0
            -75.706773,39.856358,0
            -75.69877,39.857423,0
            -75.69687,39.85752,0
            -75.692731,39.85738,0
            -75.691849,39.857477,0
            -75.691334,39.857608,0
            -75.690592,39.857909,0
            -75.684776,39.860998,0
            -75.678943,39.863155,0
            -75.677076,39.863978,0
            -75.669127,39.868549,0
            -75.668501,39.868759,0
            -75.667312,39.868914,0
            -75.653944,39.868113,0
            -75.653045,39.868232,0
            -75.652409,39.868445,0
            -75.64566,39.871766,0
            -75.637268,39.874489,0
            -75.635858,39.874631,0
            -75.634993,39.874569,0
            -75.62994,39.873677,0
            -75.62835,39.873651,0
            -75.619432,39.874368,0
            -75.617806,39.874361,0
            -75.616326,39.874169,0
            -75.606294,39.871606,0
            -75.604768,39.871418,0
            -75.603762,39.871401,0
            -75.599748,39.871665,0
            -75.592423,39.871843,0
            -75.590299,39.872142,0
            -75.584889,39.873254,0
            -75.580443,39.873695,0
            -75.578228,39.873727,0
            -75.571939,39.87332,0
            -75.570291,39.87345,0
            -75.557494,39.876032,0
            -75.556763,39.876269,0
            -75.555482,39.876855,0
            -75.553506,39.878047,0
            -75.551934,39.878836,0
            -75.548233,39.880388,0
            -75.546619,39.880939,0
            -75.529074,39.885237,0
            -75.528997,39.885204,0
            -75.528572,39.885252,0
            -75.528096,39.885212,0
            -75.504869,39.873687,0
            -75.487547,39.863935,0
            -75.487249,39.863861,0
            -75.477601,39.85845,0
            -75.473867,39.856912,0
            -75.455709,39.850988,0
            -75.453982,39.850623,0
            -75.437199,39.848714,0
            -75.433776,39.848005,0
            -75.410274,39.842026,0
            -75.407177,39.840929,0
            -75.405874,39.840681,0
            -75.404565,39.8407,0
            -75.403863,39.840839,0
            -75.403666,39.840802,0
            -75.398949,39.842376,0
            -75.395891,39.843562,0
            -75.392641,39.845057,0
            -75.392513,39.845057,0
            -75.389566,39.846076,0
            -75.389222,39.846137,0
            -75.388583,39.846105,0
            -75.388091,39.845936,0
            -75.387858,39.845792,0
            -75.386463,39.844182,0
            -75.386384,39.844128,0
            -75.380123,39.836453,0
            -75.378541,39.834763,0
            -75.353897,39.811504,0
            -75.351059,39.808014,0
            -75.349655,39.805645,0
            -75.348469,39.802714,0
            -75.348501,39.802254,0
            -75.348613,39.802051,0
            -75.348755,39.801946,0
            -75.348959,39.801884,0
            -75.349574,39.801872,0
            -75.349759,39.801935,0
            -75.349919,39.802092,0
            -75.349961,39.802321,0
            -75.349942,39.802379,0
            -75.349781,39.802541,0
            -75.348866,39.802769,0
            -75.324103,39.802921,0
            -75.316199,39.803505,0
            -75.315725,39.803472,0
            -75.315038,39.803317,0
            -75.313477,39.802725,0
            -75.312978,39.802651,0
            -75.312623,39.802648,0
            -75.312122,39.802748,0
            -75.311827,39.802857,0
            -75.311406,39.803095,0
            -75.310274,39.803933,0
            -75.309542,39.804328,0
            -75.30951,39.804381,0
            -75.307876,39.80478,0
            -75.292203,39.807209,0
            -75.287616,39.808138,0
            -75.248427,39.817424,0
            -75.241232,39.819642,0
            -75.236139,39.821652,0
            -75.232192,39.823498,0
            -75.222585,39.828374,0
            -75.196771,39.838634,0
            -75.191424,39.841098,0
            -75.158716,39.858533,0
            -75.156353,39.859537,0
            -75.152816,39.860596,0
            -75.150069,39.860996,0
            -75.147843,39.861085,0
            -75.145405,39.860997,0
            -75.141771,39.86063,0
            -75.132698,39.858995,0
            -75.130628,39.858778,0
            -75.128363,39.858699,0
            -75.126016,39.858776,0
            -75.122086,39.859295,0
            -75.120107,39.859751,0
            -75.116845,39.860785,0
            -75.103444,39.866336,0
            -75.102087,39.867191,0
            -75.101747,39.867529,0
            -75.101508,39.868007,0
            -75.10146,39.86841,0
            -75.101728,39.870339,0
            -75.101677,39.87043,0
            -75.103044,39.881338,0
            -75.102906,39.881421,0
            -75.102932,39.883093,0
            -75.102858,39.883431,0
            -75.105008,39.88447,0
            -75.105089,39.884778,0
            -75.105027,39.884897,0
            -75.104904,39.884981,0
            -75.104747,39.885012,0
            -75.104333,39.884889,0
            -75.104,39.884338,0
            -75.103834,39.884303,0
            -75.102942,39.878442,0
            -75.1031,39.878349,0
            -75.103466,39.876493,0
            -75.103383,39.87606,0
            -75.103194,39.875655,0
            -75.1028,39.875194,0
            -75.102144,39.874767,0
            -75.101528,39.874555,0
            -75.09964,39.874352,0
            -75.099582,39.874313,0
            -75.097571,39.874029,0
            -75.095613,39.87391,0
            -75.094973,39.873786,0
            -75.091993,39.872759,0
            -75.090612,39.87242,0
            -75.088798,39.872146,0
            -75.087536,39.872066,0
            -75.085705,39.872099,0
            -75.079921,39.872593,0
            -75.076323,39.872499,0
            -75.069564,39.871572,0
            -75.06746,39.871532,0
            -75.066272,39.871613,0
            -75.064269,39.871932,0
            -75.06296,39.872266,0
            -75.061625,39.872728,0
            -75.057673,39.874647,0
            -75.056586,39.875055,0
            -75.055574,39.875319,0
            -75.05401,39.875568,0
            -75.053032,39.875629,0
            -75.051464,39.875582,0
            -75.049666,39.875358,0
            -75.049554,39.875276,0
            -75.048976,39.87509,0
            -75.047057,39.873747,0
            -75.046928,39.873712,0
            -75.045644,39.872564,0
            -75.046059,39.872183,0
            -75.046011,39.872061,0
            -75.045726,39.871726,0
            -75.045566,39.871813,0
            -75.045887,39.872156,0
            -75.045888,39.872177,0
            -75.045697,39.872284,0
            -75.04565,39.872285,0
            -75.044978,39.871669,0
            -75.044981,39.871641,0
            -75.045348,39.871376,0
            -75.045195,39.871262,0
            -75.045059,39.871263,0
            -75.044474,39.871517,0
            -75.044282,39.871357,0
            -75.044226,39.871344,0
            -75.042754,39.869971,0
            -75.04263,39.870065,0
            -75.0372,39.871014,0
            -75.037278,39.871161,0
            -75.037157,39.871396,0
            -75.036997,39.871501,0
            -75.036868,39.871542,0
            -75.033353,39.871289,0
            -75.033203,39.871335,0
            -75.03134,39.87118,0
            -75.029201,39.871161,0
            -75.026312,39.871394,0
            -75.022828,39.872096,0
            -75.020829,39.872729,0
            -75.018533,39.873699,0
            -75.017236,39.87438,0
            -75.015082,39.87578,0
            -75.013537,39.877036,0
            -75.002963,39.887758,0
            -74.99988,39.890407,0
            -74.994968,39.893885,0
            -74.99186,39.896512,0
            -74.990133,39.898325,0
            -74.988431,39.900476,0
            -74.986402,39.903851,0
            -74.978549,39.921327,0
            -74.977431,39.923302,0
            -74.975993,39.925413,0
            -74.974392,39.927409,0
            -74.971216,39.930617,0
            -74.969511,39.932052,0
            -74.965991,39.93454,0
            -74.963377,39.936064,0
            -74.958616,39.938282,0
            -74.955957,39.939256,0
            -74.942746,39.943344,0
            -74.939516,39.944602,0
            -74.934468,39.947114,0
            -74.930938,39.949342,0
            -74.919652,39.95832,0
            -74.917402,39.960428,0
            -74.911922,39.966363,0
            -74.910199,39.967859,0
            -74.902899,39.973127,0
            -74.896126,39.978904,0
            -74.891242,39.983797,0
            -74.889263,39.985272,0
            -74.880134,39.990627,0
            -74.878698,39.99131,0
            -74.870363,39.994515,0
            -74.867584,39.996014,0
            -74.853789,40.006639,0
            -74.852329,40.007914,0
            -74.850715,40.009606,0
            -74.849428,40.011249,0
            -74.84813,40.01333,0
            -74.847362,40.01491,0
            -74.83753,40.039684,0
            -74.836253,40.042005,0
            -74.835445,40.043137,0
            -74.834027,40.044775,0
            -74.831732,40.046834,0
            -74.814593,40.059005,0
            -74.811553,40.060605,0
            -74.809643,40.061335,0
            -74.806861,40.062097,0
            -74.799979,40.063401,0
            -74.797016,40.064325,0
            -74.795235,40.065089,0
            -74.765343,40.080543,0
            -74.76276,40.082089,0
            -74.760803,40.083476,0
            -74.757866,40.086021,0
            -74.755881,40.088175,0
            -74.74895,40.098008,0
            -74.747236,40.100065,0
            -74.74478,40.102393,0
            -74.734339,40.110116,0
            -74.72621,40.114979,0
            -74.723698,40.116691,0
            -74.722198,40.117912,0
            -74.720536,40.119534,0
            -74.719409,40.120856,0
            -74.71793,40.122985,0
            -74.7166,40.125574,0
            -74.715598,40.128747,0
            -74.715226,40.131569,0
            -74.715243,40.133471,0
            -74.715629,40.136203,0
            -74.716661,40.139808,0
            -74.71884,40.144925,0
            -74.719092,40.14581,0
            -74.719319,40.14797,0
            -74.719144,40.149476,0
            -74.717934,40.153754,0
            -74.717703,40.155303,0
            -74.717715,40.15675,0
            -74.718073,40.158862,0
            -74.721877,40.169784,0
            -74.722221,40.171255,0
            -74.722348,40.172434,0
            -74.722018,40.184619,0
            -74.7219,40.185512,0
            -74.721526,40.186695,0
            -74.720948,40.187807,0
            -74.714541,40.196758,0
            -74.709905,40.201276,0
            -74.709242,40.202145,0
            -74.708499,40.203564,0
            -74.707292,40.207556,0
            -74.706393,40.20941,0
            -74.705602,40.210578,0
            -74.698892,40.218787,0
            -74.697884,40.220573,0
            -74.697462,40.222439,0
            -74.697542,40.224179,0
            -74.701131,40.235572,0
            -74.701502,40.237411,0
            -74.701559,40.240143,0
            -74.701244,40.24202,0
            -74.700853,40.243322,0
            -74.700204,40.244844,0
            -74.694988,40.254625,0
            -74.693822,40.25772,0
            -74.690725,40.273744,0
            -74.690714,40.275297,0
            -74.691055,40.27716,0
            -74.691588,40.278589,0
            -74.691556,40.278686,0
            -74.691902,40.279463,0
            -74.6929,40.280968,0
            -74.693069,40.281368,0
            -74.693824,40.284384,0
            -74.693819,40.284739,0
            -74.693711,40.28506,0
            -74.693419,40.285436,0
            -74.692203,40.286508,0
            -74.692111,40.286685,0
            -74.490273,40.452673,0
            -74.489186,40.453374,0
            -74.487865,40.45404,0
            -74.486074,40.454748,0
            -74.484775,40.455101,0
            -74.479344,40.456089,0
            -74.437341,40.467552,0
            -74.436455,40.467881,0
            -74.435364,40.468434,0
            -74.43473,40.468859,0
            -74.420939,40.480133,0
            -74.415159,40.486697,0
            -74.413936,40.48832,0
            -74.41373,40.488702,0
            -74.413457,40.489623,0
            -74.412939,40.492676,0
            -74.41201,40.496107,0
            -74.411537,40.496875,0
            -74.410843,40.497609,0
            -74.41027,40.498045,0
            -74.389073,40.509184,0
            -74.370349,40.517036,0
            -74.368034,40.518255,0
            -74.366365,40.519352,0
            -74.356214,40.526937,0
            -74.356107,40.52694,0
            -74.355687,40.527099,0
            -74.355288,40.527127,0
            -74.354402,40.52692,0
            -74.354087,40.526919,0
            -74.353587,40.527,0
            -74.353241,40.527115,0
            -74.352839,40.527404,0
            -74.352419,40.528265,0
            -74.352293,40.528376,0
            -74.352032,40.528494,0
            -74.35022,40.528896,0
            -74.3501,40.529001,0
            -74.347786,40.529308,0
            -74.345563,40.52943,0
            -74.343288,40.529376,0
            -74.34074,40.529105,0
            -74.328804,40.526517,0
            -74.326548,40.526201,0
            -74.322682,40.525914,0
            -74.318773,40.525356,0
            -74.316616,40.524903,0
            -74.3125,40.523709,0
            -74.309973,40.522619,0
            -74.306496,40.520745,0
            -74.305426,40.520276,0
            -74.303592,40.519691,0
            -74.301185,40.519275,0
            -74.299693,40.519231,0
            -74.298191,40.519339,0
            -74.296224,40.519774,0
            -74.294612,40.520327,0
            -74.293272,40.520941,0
            -74.292104,40.52162,0
            -74.291291,40.522224,0
            -74.290577,40.522933,0
            -74.287999,40.526134,0
            -74.286977,40.527022,0
            -74.285928,40.527682,0
            -74.284849,40.528187,0
            -74.283773,40.528549,0
            -74.282223,40.528891,0
            -74.281096,40.52903,0
            -74.279254,40.529054,0
            -74.276975,40.528742,0
            -74.276131,40.52852,0
            -74.267973,40.525692,0
            -74.266731,40.525407,0
            -74.256644,40.524323,0
            -74.255291,40.524311,0
            -74.226567,40.525855,0
            -74.22641,40.525814,0
            -74.225527,40.525817,0
            -74.223567,40.525548,0
            -74.222843,40.525586,0
            -74.222431,40.525699,0
            -74.221862,40.52599,0
            -74.221558,40.526255,0
            -74.221234,40.526783,0
            -74.22116,40.527297,0
            -74.221258,40.527719,0
            -74.223417,40.530743,0
            -74.223805,40.531789,0
            -74.224276,40.536748,0
            -74.224232,40.539019,0
            -74.223915,40.541105,0
            -74.223495,40.542678,0
            -74.222613,40.544928,0
            -74.22114,40.547531,0
            -74.220217,40.548802,0
            -74.21791,40.551329,0
            -74.216496,40.552545,0
            -74.214104,40.554126,0
            -74.2114,40.555385,0
            -74.209683,40.555968,0
            -74.204685,40.557293,0
            -74.203245,40.55785,0
            -74.202029,40.558465,0
            -74.200524,40.559482,0
            -74.196785,40.562852,0
            -74.193195,40.566476,0
            -74.191215,40.56885,0
            -74.190388,40.57037,0
            -74.189909,40.571969,0
            -74.189775,40.573284,0
            -74.189923,40.575033,0
            -74.193294,40.589925,0
            -74.193277,40.591368,0
            -74.193057,40.592281,0
            -74.190809,40.598218,0
            -74.189693,40.600005,0
            -74.188819,40.60102,0
            -74.184896,40.604813,0
            -74.183973,40.605933,0
            -74.18069,40.611615,0
            -74.176305,40.618428,0
            -74.175701,40.619172,0
            -74.175241,40.619586,0
            -74.174253,40.620252,0
            -74.173407,40.620657,0
            -74.172478,40.620969,0
            -74.171355,40.621185,0
            -74.170375,40.621213,0
            -74.169662,40.621143,0
            -74.169566,40.621162,0
            -74.168688,40.620984,0
            -74.167608,40.620631,0
            -74.164232,40.619156,0
            -74.159955,40.616764,0
            -74.150565,40.60965,0
            -74.149428,40.608944,0
            -74.148478,40.608491,0
            -74.14736,40.608081,0
            -74.146215,40.607783,0
            -74.145111,40.607594,0
            -74.143652,40.60749,0
            -74.129895,40.608195,0
            -74.127131,40.608493,0
            -74.123461,40.609159,0
            -74.117064,40.610938,0
            -74.116023,40.611097,0
            -74.114407,40.611135,0
            -74.113272,40.611012,0
            -74.110319,40.610307,0
            -74.108977,40.610151,0
            -74.096045,40.610558,0
            -74.094846,40.610443,0
            -74.093329,40.610103,0
            -74.08529,40.606882,0
            -74.082955,40.606348,0
            -74.081464,40.606187,0
            -74.077028,40.60606,0
            -74.074127,40.605641,0
            -74.072432,40.605176,0
            -74.068595,40.603677,0
            -74.064184,40.602212,0
            -74.062557,40.601901,0
            -74.060078,40.601767,0
            -74.059516,40.601818,0
            -74.058807,40.601968,0
            -74.03171,40.610718,0
            -74.030537,40.611232,0
            -74.029959,40.611619,0
            -74.029439,40.612104,0
            -74.028851,40.612904,0
            -74.028813,40.61307,0
            -74.028846,40.613327,0
            -74.028938,40.613483,0
            -74.029122,40.613647,0
            -74.029292,40.613729,0
            -74.029619,40.613803,0
            -74.029979,40.613755,0
            -74.030339,40.613557,0
            -74.033273,40.60991,0
            -74.034045,40.609331,0
            -74.034298,40.609043,0
            -74.03439,40.608864,0
            -74.034456,40.608344,0
            -74.034367,40.608029,0
            -74.034167,40.607739,0
            -74.032384,40.606306,0
            -74.032294,40.606328,0
            -74.031223,40.605595,0
            -74.030048,40.605038,0
            -74.029189,40.60479,0
            -74.02782,40.604633,0
            -74.024008,40.604828,0
            -74.023187,40.604783,0
            -74.022183,40.604627,0
            -74.011881,40.601565,0
            -74.009643,40.600493,0
            -74.004827,40.597476,0
            -74.003504,40.596861,0
            -74.000581,40.596116,0
            -73.999557,40.595748,0
            -73.998319,40.595095,0
            -73.996022,40.593345,0
            -73.993885,40.591108,0
            -73.993263,40.590225,0
            -73.991495,40.586992,0
            -73.99051,40.585953,0
            -73.989048,40.584992,0
            -73.987795,40.584449,0
            -73.986297,40.583994,0
            -73.980948,40.582962,0
            -73.97876,40.582665,0
            -73.977442,40.582588,0
            -73.975706,40.582652,0
            -73.970676,40.583523,0
            -73.96234,40.584312,0
            -73.958321,40.584917,0
            -73.955591,40.585065,0
            -73.953965,40.584981,0
            -73.950674,40.584545,0
            -73.949835,40.584517,0
            -73.946113,40.584723,0
            -73.942239,40.585138,0
            -73.935998,40.586149,0
            -73.934793,40.586225,0
            -73.93365,40.586189,0
            -73.932026,40.585898,0
            -73.925815,40.584072,0
            -73.923546,40.583781,0
            -73.92149,40.583707,0
            -73.919481,40.583788,0
            -73.91776,40.583982,0
            -73.916341,40.584261,0
            -73.915457,40.584528,0
            -73.91438,40.584982,0
            -73.910729,40.586928,0
            -73.909604,40.587728,0
            -73.908975,40.588379,0
            -73.908609,40.588881,0
            -73.90819,40.589702,0
            -73.908003,40.590308,0
            -73.90787,40.591276,0
            -73.907924,40.592097,0
            -73.908335,40.593972,0
            -73.908281,40.59523,0
            -73.907827,40.596437,0
            -73.906982,40.597613,0
            -73.906085,40.59838,0
            -73.905508,40.598748,0
            -73.902707,40.600104,0
            -73.901681,40.600766,0
            -73.900858,40.601466,0
            -73.900286,40.602082,0
            -73.899659,40.602966,0
            -73.899033,40.604384,0
            -73.898454,40.607475,0
            -73.897305,40.611009,0
            -73.897046,40.61299,0
            -73.897197,40.617771,0
            -73.897005,40.619622,0
            -73.896265,40.621896,0
            -73.895553,40.623204,0
            -73.894959,40.624047,0
            -73.894298,40.624784,0
            -73.893561,40.625434,0
            -73.883979,40.631757,0
            -73.881803,40.633653,0
            -73.880503,40.63516,0
            -73.879765,40.636218,0
            -73.876136,40.643236,0
            -73.874824,40.645207,0
            -73.873338,40.646868,0
            -73.870883,40.648822,0
            -73.862394,40.653518,0
            -73.857857,40.656425,0
            -73.85235,40.660712,0
            -73.849414,40.662503,0
            -73.844817,40.664668,0
            -73.840873,40.666276,0
            -73.839244,40.666751,0
            -73.837993,40.666894,0
            -73.837244,40.666867,0
            -73.836118,40.666688,0
            -73.832885,40.665765,0
            -73.831494,40.665503,0
            -73.831373,40.665407,0
            -73.828179,40.664938,0
            -73.827897,40.664855,0
            -73.826154,40.664008,0
            -73.825287,40.66386,0
            -73.823134,40.663904,0
            -73.814247,40.662831,0
            -73.813238,40.662835,0
            -73.812074,40.663034,0
            -73.811309,40.663293,0
            -73.809062,40.664281,0
            -73.807998,40.664605,0
            -73.806696,40.664864,0
            -73.804345,40.665152,0
            -73.804203,40.665071,0
            -73.803863,40.66501,0
            -73.803512,40.664851,0
            -73.803233,40.664601,0
            -73.803126,40.664414,0
            -73.803069,40.664164,0
            -73.803105,40.663915,0
            -73.803396,40.663464,0
            -73.803427,40.663286,0
            -73.806071,40.660384,0
            -73.806425,40.659877,0
            -73.807145,40.658445,0
            -73.807426,40.657488,0
            -73.807569,40.655888,0
            -73.807276,40.654173,0
            -73.806746,40.652912,0
            -73.805242,40.650637,0
            -73.803888,40.64897,0
            -73.801213,40.646319,0
            -73.800276,40.645678,0
            -73.79906,40.645113,0
            -73.797993,40.644796,0
            -73.796721,40.644595,0
            -73.795589,40.644561,0
            -73.794132,40.644653,0
            -73.794031,40.644567,0
            -73.792864,40.644474,0
            -73.792723,40.644437,0
            -73.791969,40.644453,0
            -73.79176,40.644498,0
            -73.791272,40.64449,0
            -73.790938,40.644412,0
            -73.790794,40.644334,0
            -73.790451,40.644016,0
            -73.789977,40.643402,0
          </coordinates>
        </LineString>
      </Placemark>
      <Placemark>
        <name>John F. Kennedy International Airport</name>
        <description><![CDATA[description: Airport from 2018-05-24T18:01:02.000Z to 2018-05-24T18:58:05.000Z. Distance 0m<br>Email: syugen.zhou@gmail.com<br>Category: Airport<br>Distance: 0]]></description>
        <styleUrl>#icon-1739-0288D1</styleUrl>
        <ExtendedData>
          <Data name="description">
            <value>Airport from 2018-05-24T18:01:02.000Z to 2018-05-24T18:58:05.000Z. Distance 0m</value>
          </Data>
          <Data name="Email">
            <value>syugen.zhou@gmail.com</value>
          </Data>
          <Data name="Category">
            <value>Airport</value>
          </Data>
          <Data name="Distance">
            <value>0</value>
          </Data>
        </ExtendedData>
        <Point>
          <coordinates>
            -73.778138,40.641311,0
          </coordinates>
        </Point>
      </Placemark>
      <Placemark>
        <name>Driving</name>
        <description><![CDATA[description: Driving from 2018-05-24T18:58:05.000Z to 2018-05-24T22:56:16.000Z. Distance 180603m<br>Email: syugen.zhou@gmail.com<br>Category: Driving<br>Distance: 180603]]></description>
        <styleUrl>#line-F9A825-5000</styleUrl>
        <ExtendedData>
          <Data name="description">
            <value>Driving from 2018-05-24T18:58:05.000Z to 2018-05-24T22:56:16.000Z. Distance 180603m</value>
          </Data>
          <Data name="Email">
            <value>syugen.zhou@gmail.com</value>
          </Data>
          <Data name="Category">
            <value>Driving</value>
          </Data>
          <Data name="Distance">
            <value>180603</value>
          </Data>
        </ExtendedData>
        <LineString>
          <tessellate>1</tessellate>
          <coordinates>
            -73.789639,40.643244,0
            -73.789388,40.642892,0
            -73.789265,40.642774,0
            -73.789168,40.642608,0
            -73.78911,40.642351,0
            -73.789041,40.642241,0
            -73.788806,40.642045,0
            -73.788447,40.641873,0
            -73.787939,40.641728,0
            -73.787243,40.641621,0
            -73.786811,40.641612,0
            -73.786663,40.641637,0
            -73.78648,40.641714,0
            -73.78646,40.641767,0
            -73.786323,40.641878,0
            -73.78608,40.642394,0
            -73.786072,40.642565,0
            -73.786226,40.643202,0
            -73.786216,40.643349,0
            -73.785831,40.643879,0
            -73.785827,40.64402,0
            -73.786628,40.644963,0
            -73.786842,40.645369,0
            -73.786933,40.645695,0
            -73.786946,40.645917,0
            -73.786901,40.646221,0
            -73.78591,40.648224,0
            -73.785648,40.649084,0
            -73.78556,40.65017,0
            -73.785607,40.650714,0
            -73.785733,40.651138,0
            -73.786226,40.652227,0
            -73.787032,40.653501,0
            -73.787466,40.653946,0
            -73.787922,40.654252,0
            -73.791138,40.655709,0
            -73.791489,40.655911,0
            -73.792007,40.656301,0
            -73.792418,40.656731,0
            -73.792669,40.657129,0
            -73.792836,40.65768,0
            -73.792838,40.658136,0
            -73.792774,40.65844,0
            -73.791277,40.661589,0
            -73.791179,40.661627,0
            -73.790785,40.662138,0
            -73.790446,40.662405,0
            -73.790173,40.662547,0
            -73.7881,40.66335,0
            -73.787905,40.663466,0
            -73.787604,40.663723,0
            -73.787362,40.664147,0
            -73.787316,40.664377,0
            -73.787336,40.664557,0
            -73.787452,40.664798,0
            -73.787709,40.665028,0
            -73.787977,40.66515,0
            -73.788676,40.665275,0
            -73.790077,40.665176,0
            -73.790824,40.665189,0
            -73.791206,40.665258,0
            -73.791731,40.665418,0
            -73.79205,40.665569,0
            -73.792993,40.666147,0
            -73.793472,40.666351,0
            -73.794139,40.666528,0
            -73.796439,40.666725,0
            -73.799337,40.666727,0
            -73.799622,40.666789,0
            -73.799766,40.666859,0
            -73.799895,40.666959,0
            -73.800839,40.668047,0
            -73.800987,40.668545,0
            -73.800879,40.671077,0
            -73.800956,40.672339,0
            -73.801082,40.673075,0
            -73.801395,40.674002,0
            -73.801459,40.674048,0
            -73.80702,40.685718,0
            -73.814898,40.699544,0
            -73.817597,40.705258,0
            -73.820066,40.709476,0
            -73.820849,40.710415,0
            -73.82145,40.710977,0
            -73.822748,40.712004,0
            -73.823291,40.712537,0
            -73.823649,40.712794,0
            -73.824202,40.71346,0
            -73.825212,40.71494,0
            -73.826734,40.716104,0
            -73.82739,40.716412,0
            -73.830525,40.71719,0
            -73.831478,40.717723,0
            -73.832219,40.718382,0
            -73.834558,40.720893,0
            -73.83604,40.722801,0
            -73.836828,40.724002,0
            -73.838351,40.727172,0
            -73.839314,40.728597,0
            -73.840364,40.729813,0
            -73.842506,40.731861,0
            -73.843299,40.732797,0
            -73.843939,40.733777,0
            -73.844421,40.734747,0
            -73.844637,40.735357,0
            -73.844898,40.736612,0
            -73.844776,40.736737,0
            -73.844845,40.738103,0
            -73.844875,40.738163,0
            -73.84514,40.739794,0
            -73.845474,40.741087,0
            -73.84547,40.741349,0
            -73.845401,40.741483,0
            -73.845285,40.741586,0
            -73.84511,40.74166,0
            -73.844914,40.741682,0
            -73.844762,40.74166,0
            -73.844584,40.741581,0
            -73.844441,40.741443,0
            -73.844372,40.74131,0
            -73.844355,40.741115,0
            -73.844387,40.741006,0
            -73.844486,40.740855,0
            -73.844699,40.740692,0
            -73.844807,40.740561,0
            -73.849312,40.738383,0
            -73.849403,40.738256,0
            -73.851028,40.737676,0
            -73.852194,40.737343,0
            -73.855443,40.736718,0
            -73.876802,40.730228,0
            -73.879928,40.729031,0
            -73.881075,40.728783,0
            -73.884795,40.728476,0
            -73.885492,40.728374,0
            -73.886722,40.728059,0
            -73.887879,40.727586,0
            -73.889924,40.72638,0
            -73.89053,40.726085,0
            -73.891433,40.725746,0
            -73.8921,40.725575,0
            -73.893387,40.72539,0
            -73.894455,40.725373,0
            -73.903815,40.726241,0
            -73.90526,40.726611,0
            -73.906169,40.72698,0
            -73.910199,40.729366,0
            -73.9115,40.729914,0
            -73.914134,40.730553,0
            -73.918073,40.73168,0
            -73.918964,40.732054,0
            -73.919633,40.73243,0
            -73.922548,40.734635,0
            -73.923786,40.735326,0
            -73.92524,40.735876,0
            -73.925944,40.73606,0
            -73.931515,40.737123,0
            -73.931602,40.737218,0
            -73.932387,40.737404,0
            -73.933169,40.737489,0
            -73.934967,40.737814,0
            -73.93357,40.744736,0
            -73.937704,40.745237,0
            -73.942886,40.746379,0
            -73.942965,40.746425,0
            -73.943197,40.74674,0
            -73.93974,40.748025,0
            -73.939633,40.748122,0
            -73.93648,40.749301,0
            -73.936388,40.749381,0
            -73.937357,40.749549,0
            -73.963111,40.760649,0
            -73.963368,40.760866,0
            -73.963788,40.761073,0
            -73.963923,40.761258,0
            -73.966123,40.762177,0
            -73.957265,40.774324,0
            -73.963712,40.777025,0
            -73.964112,40.777235,0
            -73.964647,40.777628,0
            -73.964725,40.777642,0
            -73.965127,40.77793,0
            -73.965328,40.77802,0
            -73.96563,40.778101,0
            -73.966193,40.778147,0
            -73.967218,40.778376,0
            -73.969554,40.779368,0
            -73.970392,40.779625,0
            -73.971072,40.779966,0
            -73.971588,40.780387,0
            -73.97164,40.780529,0
            -73.971648,40.780839,0
            -73.9714,40.781491,0
            -73.971393,40.781704,0
            -73.971442,40.78182,0
            -73.971541,40.781931,0
            -73.971711,40.782045,0
            -73.969846,40.784625,0
            -73.975527,40.787003,0
            -73.972735,40.790882,0
            -73.977094,40.792743,0
            -73.976992,40.792932,0
            -73.976844,40.794239,0
            -73.97658,40.794872,0
            -73.97604,40.795536,0
            -73.975551,40.795731,0
            -73.974723,40.796225,0
            -73.974292,40.796604,0
            -73.974124,40.796882,0
            -73.974079,40.797138,0
            -73.974098,40.797743,0
            -73.974067,40.797901,0
            -73.973884,40.798326,0
            -73.973729,40.798557,0
            -73.972573,40.799853,0
            -73.971482,40.800678,0
            -73.969284,40.803658,0
            -73.967403,40.806948,0
            -73.966494,40.808227,0
            -73.965781,40.808812,0
            -73.962357,40.813513,0
            -73.96213,40.814118,0
            -73.961448,40.815094,0
            -73.961188,40.815984,0
            -73.961278,40.816518,0
            -73.961221,40.816807,0
            -73.958366,40.820705,0
            -73.95797,40.820987,0
            -73.957404,40.821165,0
            -73.956083,40.822283,0
            -73.955834,40.822609,0
            -73.955002,40.824177,0
            -73.954557,40.824771,0
            -73.954203,40.82508,0
            -73.953345,40.825519,0
            -73.953065,40.825733,0
            -73.951949,40.827079,0
            -73.951418,40.827511,0
            -73.950362,40.828894,0
            -73.95002,40.829583,0
            -73.94998,40.829863,0
            -73.950004,40.829932,0
            -73.949918,40.830501,0
            -73.949662,40.831067,0
            -73.949546,40.831637,0
            -73.94963,40.832343,0
            -73.949737,40.832731,0
            -73.949392,40.833915,0
            -73.949112,40.834296,0
            -73.948308,40.836931,0
            -73.948117,40.837228,0
            -73.947737,40.837627,0
            -73.947706,40.837702,0
            -73.947102,40.838133,0
            -73.946755,40.838462,0
            -73.946475,40.838814,0
            -73.946008,40.839708,0
            -73.945847,40.839923,0
            -73.944419,40.841385,0
            -73.944115,40.842108,0
            -73.943985,40.842167,0
            -73.94393,40.842228,0
            -73.943728,40.842928,0
            -73.943683,40.843932,0
            -73.943321,40.844836,0
            -73.943348,40.844942,0
            -73.943108,40.845878,0
            -73.943055,40.846872,0
            -73.942964,40.846946,0
            -73.942605,40.84764,0
            -73.942478,40.848207,0
            -73.942461,40.849341,0
            -73.942287,40.849915,0
            -73.94219,40.850098,0
            -73.942008,40.850306,0
            -73.941871,40.850387,0
            -73.941644,40.850441,0
            -73.941458,40.850421,0
            -73.9413,40.850362,0
            -73.941216,40.850307,0
            -73.94109,40.850145,0
            -73.941077,40.850054,0
            -73.941097,40.849978,0
            -73.941214,40.849836,0
            -73.941487,40.849731,0
            -73.941964,40.849688,0
            -73.961002,40.853385,0
            -73.965629,40.854706,0
            -73.968263,40.855125,0
            -73.970761,40.855847,0
            -73.97155,40.856238,0
            -73.972484,40.856856,0
            -73.972942,40.857228,0
            -73.973576,40.858003,0
            -73.973657,40.858045,0
            -73.974577,40.859162,0
            -73.974709,40.859539,0
            -73.974695,40.859707,0
            -73.974036,40.861064,0
            -73.973679,40.862631,0
            -73.9737,40.862724,0
            -73.973633,40.863876,0
            -73.973878,40.865161,0
            -73.973931,40.865907,0
            -73.973843,40.866392,0
            -73.973071,40.868627,0
            -73.972935,40.868817,0
            -73.972891,40.868846,0
            -73.972751,40.868873,0
            -73.972664,40.86885,0
            -73.966631,40.865355,0
            -73.967178,40.864818,0
            -73.967555,40.864217,0
            -73.967611,40.861738,0
            -73.96771,40.861491,0
            -73.967939,40.861158,0
            -73.967083,40.861248,0
            -73.966669,40.86125,0
            -73.965849,40.861117,0
            -73.961766,40.859697,0
            -73.961218,40.859591,0
            -73.960727,40.85958,0
            -73.960407,40.859623,0
            -73.959792,40.859806,0
            -73.959434,40.860004,0
            -73.958969,40.860403,0
            -73.958824,40.86045,0
            -73.956178,40.863079,0
            -73.955586,40.863817,0
            -73.955081,40.864641,0
            -73.954388,40.866322,0
            -73.953898,40.869115,0
            -73.953578,40.870012,0
            -73.953247,40.870626,0
            -73.951823,40.872589,0
            -73.951354,40.873379,0
            -73.95074,40.874707,0
            -73.949742,40.877797,0
            -73.94926,40.878804,0
            -73.947344,40.882094,0
            -73.945264,40.8849,0
            -73.944741,40.886016,0
            -73.943799,40.889133,0
            -73.943068,40.890564,0
            -73.941446,40.892971,0
            -73.939935,40.895804,0
            -73.9379,40.898976,0
            -73.937383,40.899958,0
            -73.935969,40.903411,0
            -73.934248,40.90646,0
            -73.933848,40.907582,0
            -73.933573,40.909229,0
            -73.933614,40.910274,0
            -73.933952,40.911672,0
            -73.935208,40.915137,0
            -73.935495,40.916828,0
            -73.93546,40.917765,0
            -73.93514,40.919036,0
            -73.934776,40.919813,0
            -73.934364,40.920446,0
            -73.933853,40.921072,0
            -73.930552,40.92398,0
            -73.92958,40.925028,0
            -73.929024,40.925848,0
            -73.928452,40.927072,0
            -73.927462,40.93053,0
            -73.926489,40.935284,0
            -73.925894,40.937341,0
            -73.925326,40.938552,0
            -73.924721,40.939384,0
            -73.92306,40.941271,0
            -73.922517,40.942123,0
            -73.922203,40.942876,0
            -73.922044,40.943485,0
            -73.921959,40.944459,0
            -73.922211,40.946706,0
            -73.922206,40.947612,0
            -73.922121,40.948182,0
            -73.921737,40.949541,0
            -73.921378,40.952891,0
            -73.920915,40.954587,0
            -73.920489,40.955578,0
            -73.918899,40.958585,0
            -73.918477,40.95976,0
            -73.917747,40.962703,0
            -73.917421,40.96355,0
            -73.916923,40.964456,0
            -73.916582,40.964939,0
            -73.914651,40.967197,0
            -73.913696,40.968506,0
            -73.913345,40.96913,0
            -73.912891,40.970241,0
            -73.912558,40.971895,0
            -73.912493,40.973697,0
            -73.912833,40.979777,0
            -73.912682,40.982306,0
            -73.911811,40.985977,0
            -73.911772,40.986554,0
            -73.911907,40.988071,0
            -73.91212,40.98899,0
            -73.913309,40.992273,0
            -73.913583,40.993453,0
            -73.913912,40.996985,0
            -73.914111,40.997923,0
            -73.914631,40.999182,0
            -73.915137,40.999997,0
            -73.915774,41.000788,0
            -73.91969,41.004791,0
            -73.921462,41.007425,0
            -73.924293,41.013165,0
            -73.925302,41.014744,0
            -73.926708,41.016402,0
            -73.928338,41.017813,0
            -73.933262,41.021172,0
            -73.934248,41.022027,0
            -73.935459,41.023336,0
            -73.936242,41.024391,0
            -73.93976,41.030528,0
            -73.940431,41.0315,0
            -73.941379,41.032602,0
            -73.942198,41.033393,0
            -73.943705,41.034568,0
            -73.944599,41.03514,0
            -73.953374,41.04,0
            -73.95472,41.040992,0
            -73.956226,41.042457,0
            -73.957165,41.043678,0
            -73.957937,41.044973,0
            -73.959619,41.048463,0
            -73.960486,41.049843,0
            -73.961944,41.051749,0
            -73.963708,41.053674,0
            -73.964899,41.054803,0
            -73.967639,41.057088,0
            -73.974703,41.061951,0
            -73.976376,41.063427,0
            -73.977531,41.064685,0
            -73.978606,41.066099,0
            -73.979645,41.067916,0
            -73.982379,41.074698,0
            -73.98335,41.076419,0
            -73.986642,41.081141,0
            -73.988273,41.084099,0
            -73.989085,41.085979,0
            -73.990274,41.089787,0
            -73.990509,41.090961,0
            -73.991286,41.097797,0
            -73.991975,41.100374,0
            -73.992541,41.101619,0
            -73.992896,41.102222,0
            -73.994159,41.103901,0
            -74.000055,41.110145,0
            -74.000688,41.111003,0
            -74.001264,41.112008,0
            -74.002731,41.115925,0
            -74.003432,41.117272,0
            -74.004209,41.118404,0
            -74.005268,41.119602,0
            -74.006031,41.120305,0
            -74.009973,41.123213,0
            -74.011923,41.124932,0
            -74.013012,41.12617,0
            -74.01427,41.128062,0
            -74.014979,41.129518,0
            -74.015445,41.13083,0
            -74.016476,41.135285,0
            -74.017491,41.137995,0
            -74.018513,41.139994,0
            -74.020393,41.142817,0
            -74.023603,41.146818,0
            -74.024573,41.14846,0
            -74.025867,41.151526,0
            -74.026413,41.153576,0
            -74.027537,41.161964,0
            -74.02825,41.164937,0
            -74.02903,41.16685,0
            -74.029703,41.168108,0
            -74.030537,41.169398,0
            -74.03329,41.172876,0
            -74.035074,41.175604,0
            -74.036041,41.177491,0
            -74.036701,41.179081,0
            -74.037236,41.180715,0
            -74.037953,41.184051,0
            -74.038129,41.185942,0
            -74.038131,41.188307,0
            -74.037724,41.192205,0
            -74.036423,41.198182,0
            -74.035793,41.200204,0
            -74.032834,41.20784,0
            -74.032512,41.209128,0
            -74.032305,41.210656,0
            -74.03228,41.212184,0
            -74.032413,41.213826,0
            -74.032888,41.21687,0
            -74.034067,41.221967,0
            -74.035901,41.227578,0
            -74.036098,41.228545,0
            -74.036159,41.229426,0
            -74.036066,41.230616,0
            -74.035804,41.23169,0
            -74.035316,41.232851,0
            -74.03485,41.233635,0
            -74.033952,41.234775,0
            -74.03344,41.23529,0
            -74.03062,41.237595,0
            -74.029771,41.238481,0
            -74.029279,41.239117,0
            -74.028794,41.239987,0
            -74.02855,41.240731,0
            -74.028435,41.241646,0
            -74.028516,41.24264,0
            -74.02877,41.24352,0
            -74.029351,41.244599,0
            -74.03006,41.245435,0
            -74.030516,41.245832,0
            -74.031213,41.246299,0
            -74.031828,41.246614,0
            -74.040994,41.250461,0
            -74.041577,41.250774,0
            -74.042233,41.251211,0
            -74.043071,41.251961,0
            -74.043462,41.252429,0
            -74.043944,41.253211,0
            -74.044345,41.254283,0
            -74.044466,41.255308,0
            -74.044353,41.256228,0
            -74.043828,41.2578,0
            -74.042956,41.259586,0
            -74.041628,41.261526,0
            -74.040593,41.262668,0
            -74.039154,41.263919,0
            -74.038129,41.264641,0
            -74.036524,41.265566,0
            -74.034073,41.266683,0
            -74.033176,41.267182,0
            -74.032041,41.268016,0
            -74.031385,41.268712,0
            -74.03109,41.269124,0
            -74.030662,41.269951,0
            -74.030438,41.270702,0
            -74.030356,41.271364,0
            -74.0304,41.272142,0
            -74.03086,41.274699,0
            -74.030905,41.275478,0
            -74.030668,41.277153,0
            -74.030323,41.278486,0
            -74.030009,41.279316,0
            -74.025843,41.287126,0
            -74.025417,41.2885,0
            -74.025333,41.289253,0
            -74.025354,41.289978,0
            -74.025466,41.290671,0
            -74.025775,41.291637,0
            -74.02611,41.292345,0
            -74.026878,41.293426,0
            -74.028381,41.295008,0
            -74.029364,41.296365,0
            -74.029878,41.297378,0
            -74.030313,41.298689,0
            -74.030505,41.300077,0
            -74.030527,41.30086,0
            -74.030579,41.300901,0
            -74.030726,41.301532,0
            -74.031102,41.302429,0
            -74.031513,41.303038,0
            -74.03238,41.303926,0
            -74.032987,41.304381,0
            -74.034,41.30501,0
            -74.034111,41.305198,0
            -74.034119,41.3053,0
            -74.034207,41.30548,0
            -74.034414,41.305634,0
            -74.034589,41.305692,0
            -74.034721,41.305709,0
            -74.03495,41.305684,0
            -74.035111,41.305625,0
            -74.035526,41.30558,0
            -74.038857,41.306415,0
            -74.039705,41.306531,0
            -74.040751,41.306583,0
            -74.045442,41.306283,0
            -74.046492,41.306358,0
            -74.047283,41.306521,0
            -74.048013,41.306762,0
            -74.048827,41.307165,0
            -74.04918,41.307391,0
            -74.049878,41.307984,0
            -74.050407,41.308675,0
            -74.050654,41.309159,0
            -74.050858,41.309824,0
            -74.050962,41.311878,0
            -74.051071,41.312596,0
            -74.051232,41.313155,0
            -74.051753,41.314264,0
            -74.052316,41.315067,0
            -74.052795,41.315603,0
            -74.053567,41.316278,0
            -74.054513,41.316912,0
            -74.055168,41.317258,0
            -74.056289,41.317726,0
            -74.057634,41.318098,0
            -74.061617,41.318644,0
            -74.063728,41.319081,0
            -74.065295,41.319577,0
            -74.072996,41.322731,0
            -74.074017,41.323021,0
            -74.074649,41.323125,0
            -74.07549,41.323183,0
            -74.077204,41.323104,0
            -74.078061,41.322979,0
            -74.080992,41.322125,0
            -74.081832,41.322034,0
            -74.082931,41.322095,0
            -74.085205,41.322531,0
            -74.085818,41.322553,0
            -74.086297,41.322517,0
            -74.086789,41.322425,0
            -74.08729,41.32224,0
            -74.088996,41.321023,0
            -74.089411,41.32085,0
            -74.089726,41.320762,0
            -74.09042,41.320649,0
            -74.096207,41.320173,0
            -74.097713,41.319902,0
            -74.097896,41.319899,0
            -74.098969,41.319576,0
            -74.099735,41.319279,0
            -74.100815,41.318743,0
            -74.101634,41.318228,0
            -74.10525,41.315497,0
            -74.106587,41.314733,0
            -74.10767,41.31428,0
            -74.113561,41.312414,0
            -74.115153,41.311721,0
            -74.115864,41.311305,0
            -74.116847,41.310596,0
            -74.119647,41.308078,0
            -74.120679,41.307418,0
            -74.12168,41.306982,0
            -74.122552,41.306729,0
            -74.123418,41.306571,0
            -74.124402,41.306492,0
            -74.125801,41.306568,0
            -74.126664,41.306727,0
            -74.127489,41.306957,0
            -74.128081,41.307182,0
            -74.129446,41.307938,0
            -74.143209,41.318851,0
            -74.143801,41.319234,0
            -74.144409,41.319533,0
            -74.144909,41.319712,0
            -74.147014,41.320259,0
            -74.148076,41.320619,0
            -74.148396,41.320688,0
            -74.150337,41.321642,0
            -74.152077,41.322639,0
            -74.157144,41.32592,0
            -74.164876,41.329972,0
            -74.166415,41.330887,0
            -74.182891,41.342238,0
            -74.184745,41.343269,0
            -74.186083,41.343891,0
            -74.188773,41.344892,0
            -74.197974,41.347208,0
            -74.200177,41.347535,0
            -74.202237,41.347621,0
            -74.203772,41.347546,0
            -74.21463,41.345794,0
            -74.216894,41.34564,0
            -74.218478,41.345694,0
            -74.220468,41.345943,0
            -74.221863,41.346252,0
            -74.25172,41.354998,0
            -74.252755,41.355183,0
            -74.254177,41.355314,0
            -74.2557,41.355276,0
            -74.257299,41.355065,0
            -74.258551,41.354757,0
            -74.268784,41.350739,0
            -74.270291,41.350339,0
            -74.271551,41.350123,0
            -74.272688,41.350011,0
            -74.274751,41.350011,0
            -74.276143,41.350153,0
            -74.277114,41.350325,0
            -74.27838,41.350643,0
            -74.279944,41.351201,0
            -74.28081,41.351601,0
            -74.281961,41.352256,0
            -74.282903,41.352925,0
            -74.283641,41.353557,0
            -74.284497,41.354463,0
            -74.285387,41.355733,0
            -74.285968,41.356945,0
            -74.288266,41.363,0
            -74.292257,41.37144,0
            -74.293656,41.373748,0
            -74.294678,41.375068,0
            -74.296621,41.37708,0
            -74.299004,41.378977,0
            -74.300949,41.380209,0
            -74.30226,41.380919,0
            -74.307541,41.383438,0
            -74.318279,41.389687,0
            -74.320012,41.390509,0
            -74.321556,41.391041,0
            -74.323682,41.391565,0
            -74.324692,41.39173,0
            -74.328199,41.392104,0
            -74.329417,41.392355,0
            -74.330811,41.392785,0
            -74.332695,41.393549,0
            -74.337699,41.396277,0
            -74.338589,41.396963,0
            -74.339257,41.397675,0
            -74.339899,41.398748,0
            -74.340089,41.399277,0
            -74.340543,41.402203,0
            -74.340855,41.403004,0
            -74.34144,41.403895,0
            -74.345485,41.40811,0
            -74.346558,41.409007,0
            -74.351601,41.412065,0
            -74.352453,41.41279,0
            -74.352859,41.413257,0
            -74.353349,41.414049,0
            -74.353654,41.41489,0
            -74.354878,41.421591,0
            -74.354955,41.42288,0
            -74.354889,41.425729,0
            -74.354993,41.427156,0
            -74.35517,41.428142,0
            -74.355758,41.430048,0
            -74.360866,41.441079,0
            -74.361314,41.44175,0
            -74.362065,41.442527,0
            -74.362874,41.443125,0
            -74.367486,41.445543,0
            -74.368346,41.446155,0
            -74.369101,41.446841,0
            -74.369773,41.447618,0
            -74.370298,41.448394,0
            -74.371922,41.451778,0
            -74.382162,41.467391,0
            -74.390892,41.481917,0
            -74.392157,41.483669,0
            -74.408858,41.504289,0
            -74.40949,41.50518,0
            -74.410285,41.506704,0
            -74.412902,41.515558,0
            -74.41549,41.523162,0
            -74.415809,41.52444,0
            -74.416245,41.527517,0
            -74.416352,41.531141,0
            -74.416455,41.5318,0
            -74.416906,41.53335,0
            -74.417422,41.534449,0
            -74.418952,41.536665,0
            -74.422717,41.54097,0
            -74.424537,41.543599,0
            -74.425158,41.544814,0
            -74.425631,41.546294,0
            -74.425796,41.54737,0
            -74.42577,41.549124,0
            -74.424828,41.553941,0
            -74.424746,41.555483,0
            -74.424825,41.556282,0
            -74.425059,41.557408,0
            -74.425354,41.558278,0
            -74.426,41.559631,0
            -74.427692,41.562279,0
            -74.429165,41.564034,0
            -74.430239,41.564959,0
            -74.43128,41.565639,0
            -74.431981,41.566015,0
            -74.433675,41.56669,0
            -74.435536,41.567197,0
            -74.437855,41.567644,0
            -74.439644,41.567851,0
            -74.441886,41.567988,0
            -74.444867,41.568009,0
            -74.449298,41.567697,0
            -74.450757,41.567455,0
            -74.452034,41.567141,0
            -74.455554,41.565929,0
            -74.456581,41.565653,0
            -74.457736,41.56544,0
            -74.459492,41.565277,0
            -74.462504,41.565308,0
            -74.469477,41.566212,0
            -74.470805,41.566206,0
            -74.471875,41.566044,0
            -74.473088,41.565674,0
            -74.474179,41.565114,0
            -74.474578,41.564838,0
            -74.477124,41.562661,0
            -74.480479,41.560299,0
            -74.483777,41.55772,0
            -74.484979,41.556972,0
            -74.486097,41.556443,0
            -74.487126,41.556077,0
            -74.488444,41.555731,0
            -74.490276,41.555489,0
            -74.491847,41.555463,0
            -74.4929,41.555545,0
            -74.494584,41.555836,0
            -74.496337,41.556386,0
            -74.497556,41.556941,0
            -74.498527,41.557505,0
            -74.499454,41.558155,0
            -74.500317,41.558944,0
            -74.501097,41.559895,0
            -74.501618,41.560819,0
            -74.501757,41.561172,0
            -74.503431,41.568236,0
            -74.503518,41.569033,0
            -74.503488,41.570478,0
            -74.503345,41.57115,0
            -74.502925,41.57234,0
            -74.502177,41.573447,0
            -74.50025,41.575332,0
            -74.499302,41.576572,0
            -74.498828,41.577487,0
            -74.498474,41.578508,0
            -74.498274,41.579875,0
            -74.498314,41.580774,0
            -74.498409,41.581269,0
            -74.49881,41.582258,0
            -74.499266,41.582987,0
            -74.499755,41.583563,0
            -74.500264,41.584035,0
            -74.500872,41.584469,0
            -74.501495,41.58483,0
            -74.502559,41.585289,0
            -74.503678,41.585662,0
            -74.529333,41.592078,0
            -74.534983,41.593825,0
            -74.538,41.594925,0
            -74.562556,41.605674,0
            -74.564659,41.606739,0
            -74.566415,41.607756,0
            -74.568451,41.60911,0
            -74.570637,41.610822,0
            -74.576056,41.61606,0
            -74.576988,41.616846,0
            -74.579116,41.618259,0
            -74.580717,41.619062,0
            -74.581755,41.619496,0
            -74.58326,41.620014,0
            -74.590087,41.622024,0
            -74.593405,41.623182,0
            -74.60885,41.629532,0
            -74.609815,41.630081,0
            -74.610696,41.630714,0
            -74.611811,41.631787,0
            -74.613745,41.634163,0
            -74.614507,41.634882,0
            -74.615031,41.635267,0
            -74.615737,41.635683,0
            -74.617235,41.636323,0
            -74.620279,41.637329,0
            -74.624888,41.638394,0
            -74.639717,41.640885,0
            -74.641116,41.641183,0
            -74.642796,41.641673,0
            -74.643943,41.642087,0
            -74.645469,41.642772,0
            -74.646303,41.643218,0
            -74.664092,41.654391,0
            -74.672257,41.658642,0
            -74.673242,41.659446,0
            -74.675787,41.662053,0
            -74.676525,41.662636,0
            -74.677409,41.663191,0
            -74.678757,41.663827,0
            -74.679953,41.66423,0
            -74.681562,41.664578,0
            -74.682655,41.664667,0
            -74.684278,41.664682,0
            -74.685548,41.664563,0
            -74.686686,41.664351,0
            -74.689453,41.663666,0
            -74.691646,41.663429,0
            -74.692964,41.663499,0
            -74.694209,41.663664,0
            -74.695828,41.6641,0
            -74.696684,41.664414,0
            -74.696785,41.664521,0
            -74.697454,41.66496,0
            -74.697749,41.66525,0
            -74.69791,41.665511,0
            -74.697974,41.665714,0
            -74.697985,41.666785,0
            -74.698034,41.666952,0
            -74.69814,41.667123,0
            -74.698354,41.667327,0
            -74.698617,41.667465,0
            -74.69901,41.66756,0
            -74.699286,41.667565,0
            -74.699625,41.667493,0
            -74.700033,41.667288,0
            -74.700367,41.66693,0
            -74.700459,41.666747,0
            -74.701953,41.664967,0
            -74.703019,41.664206,0
            -74.703922,41.663666,0
            -74.704363,41.663474,0
            -74.704794,41.663362,0
            -74.705216,41.663313,0
            -74.70556,41.663311,0
            -74.708983,41.663754,0
            -74.716128,41.665121,0
            -74.728383,41.667952,0
            -74.731855,41.66863,0
            -74.749369,41.671345,0
            -74.750395,41.671376,0
            -74.751026,41.671337,0
            -74.751795,41.671208,0
            -74.752479,41.671023,0
            -74.753097,41.670797,0
            -74.753782,41.67046,0
            -74.757605,41.667851,0
            -74.758142,41.667557,0
            -74.758658,41.667343,0
            -74.759312,41.667148,0
            -74.760014,41.667022,0
            -74.761026,41.666963,0
            -74.774198,41.667387,0
            -74.780303,41.667108,0
            -74.783718,41.667444,0
            -74.784767,41.667706,0
            -74.785963,41.668225,0
            -74.787146,41.669062,0
            -74.789098,41.670865,0
            -74.789681,41.671235,0
            -74.790153,41.671471,0
            -74.792115,41.672158,0
            -74.792724,41.672305,0
            -74.79444,41.672588,0
            -74.797352,41.673341,0
            -74.800056,41.673521,0
            -74.800655,41.673623,0
            -74.802444,41.67412,0
            -74.803376,41.674283,0
            -74.804184,41.674347,0
            -74.810383,41.67412,0
            -74.811427,41.67417,0
            -74.816284,41.674947,0
            -74.817761,41.675011,0
            -74.821577,41.674901,0
            -74.828998,41.673942,0
          </coordinates>
        </LineString>
      </Placemark>
      <Placemark>
        <name>White Lake Gas Station</name>
        <description><![CDATA[description: Gas station from 2018-05-24T22:56:16.000Z to 2018-05-24T23:08:46.000Z. Distance 0m<br>Email: syugen.zhou@gmail.com<br>Category: Gas station<br>Distance: 0]]></description>
        <styleUrl>#icon-1739-0288D1</styleUrl>
        <ExtendedData>
          <Data name="description">
            <value>Gas station from 2018-05-24T22:56:16.000Z to 2018-05-24T23:08:46.000Z. Distance 0m</value>
          </Data>
          <Data name="Email">
            <value>syugen.zhou@gmail.com</value>
          </Data>
          <Data name="Category">
            <value>Gas station</value>
          </Data>
          <Data name="Distance">
            <value>0</value>
          </Data>
        </ExtendedData>
        <Point>
          <coordinates>
            -74.828978,41.674055,0
          </coordinates>
        </Point>
      </Placemark>
      <Placemark>
        <name>Driving</name>
        <description><![CDATA[description: Driving from 2018-05-24T23:08:46.000Z to 2018-05-25T01:15:50.000Z. Distance 190524m<br>Email: syugen.zhou@gmail.com<br>Category: Driving<br>Distance: 190524]]></description>
        <styleUrl>#line-F9A825-5000</styleUrl>
        <ExtendedData>
          <Data name="description">
            <value>Driving from 2018-05-24T23:08:46.000Z to 2018-05-25T01:15:50.000Z. Distance 190524m</value>
          </Data>
          <Data name="Email">
            <value>syugen.zhou@gmail.com</value>
          </Data>
          <Data name="Category">
            <value>Driving</value>
          </Data>
          <Data name="Distance">
            <value>190524</value>
          </Data>
        </ExtendedData>
        <LineString>
          <tessellate>1</tessellate>
          <coordinates>
            -74.828981,41.673945,0
            -74.831187,41.673508,0
            -74.832504,41.67342,0
            -74.851571,41.67599,0
            -74.856221,41.67736,0
            -74.866653,41.681143,0
            -74.874882,41.684809,0
            -74.894275,41.689343,0
            -74.912174,41.692059,0
            -74.919802,41.694254,0
            -74.936962,41.69567,0
            -74.94515,41.695517,0
            -74.946846,41.695959,0
            -74.98794,41.714665,0
            -74.996414,41.716457,0
            -74.997069,41.716477,0
            -74.998801,41.716137,0
            -75.0011,41.71632,0
            -75.009577,41.714656,0
            -75.010245,41.714655,0
            -75.013069,41.715114,0
            -75.015801,41.71521,0
            -75.016378,41.71511,0
            -75.025627,41.710953,0
            -75.035071,41.709273,0
            -75.039606,41.70669,0
            -75.042192,41.706343,0
            -75.042537,41.7064,0
            -75.0437,41.706985,0
            -75.045677,41.708596,0
            -75.049526,41.708852,0
            -75.055415,41.710698,0
            -75.055583,41.710807,0
            -75.052577,41.710277,0
            -75.051201,41.710251,0
            -75.05029,41.710389,0
            -75.04804,41.711064,0
            -75.046655,41.711842,0
            -75.045743,41.712818,0
            -75.045357,41.713602,0
            -75.043776,41.720377,0
            -75.04286,41.729937,0
            -75.042018,41.732827,0
            -75.042026,41.73358,0
            -75.042245,41.734257,0
            -75.046347,41.740946,0
            -75.04827,41.743466,0
            -75.050255,41.747527,0
            -75.050478,41.748556,0
            -75.050611,41.755783,0
            -75.051886,41.761494,0
            -75.054987,41.766246,0
            -75.058962,41.76943,0
            -75.060477,41.771431,0
            -75.061594,41.772301,0
            -75.062508,41.772755,0
            -75.065604,41.773519,0
            -75.06682,41.774139,0
            -75.06744,41.77468,0
            -75.06809,41.775695,0
            -75.072889,41.79145,0
            -75.072948,41.79353,0
            -75.072329,41.795993,0
            -75.072302,41.798904,0
            -75.069228,41.80569,0
            -75.069108,41.8071,0
            -75.069559,41.812341,0
            -75.07,41.813383,0
            -75.071263,41.815111,0
            -75.072574,41.815998,0
            -75.073427,41.81627,0
            -75.074178,41.816377,0
            -75.080045,41.816249,0
            -75.083319,41.815204,0
            -75.087909,41.814217,0
            -75.091151,41.814327,0
            -75.093036,41.814755,0
            -75.09585,41.816144,0
            -75.097369,41.817608,0
            -75.104969,41.823326,0
            -75.110341,41.829254,0
            -75.110961,41.830233,0
            -75.111761,41.832594,0
            -75.111775,41.834167,0
            -75.111071,41.836488,0
            -75.111114,41.841928,0
            -75.111277,41.842532,0
            -75.111802,41.843427,0
            -75.112275,41.843916,0
            -75.116792,41.846677,0
            -75.122777,41.847866,0
            -75.128852,41.84782,0
            -75.129587,41.848026,0
            -75.130587,41.848527,0
            -75.132856,41.850456,0
            -75.135367,41.851726,0
            -75.135728,41.852029,0
            -75.136118,41.852611,0
            -75.136399,41.854833,0
            -75.137889,41.857396,0
            -75.13907,41.858408,0
            -75.139754,41.859467,0
            -75.140252,41.862684,0
            -75.140735,41.863363,0
            -75.141644,41.863867,0
            -75.1446,41.8646,0
            -75.145779,41.865191,0
            -75.146495,41.865916,0
            -75.146818,41.866504,0
            -75.147948,41.873008,0
            -75.14771,41.874695,0
            -75.149879,41.886816,0
            -75.147998,41.894391,0
            -75.148107,41.897518,0
            -75.147299,41.903291,0
            -75.147345,41.90425,0
            -75.151251,41.917862,0
            -75.152002,41.918817,0
            -75.152899,41.919519,0
            -75.153976,41.920052,0
            -75.155693,41.920488,0
            -75.179636,41.922334,0
            -75.202186,41.920386,0
            -75.204942,41.919633,0
            -75.220548,41.912997,0
            -75.221874,41.911953,0
            -75.222549,41.910803,0
            -75.223089,41.9082,0
            -75.223724,41.907032,0
            -75.224861,41.906189,0
            -75.225696,41.905868,0
            -75.226703,41.905676,0
            -75.231051,41.905657,0
            -75.242315,41.907392,0
            -75.243749,41.908044,0
            -75.244929,41.909156,0
            -75.246804,41.912033,0
            -75.247773,41.912967,0
            -75.248901,41.91358,0
            -75.250828,41.91404,0
            -75.255422,41.913839,0
            -75.256301,41.913687,0
            -75.25813,41.913108,0
            -75.259092,41.912985,0
            -75.259992,41.913019,0
            -75.261084,41.913269,0
            -75.262268,41.913895,0
            -75.26807,41.920162,0
            -75.269125,41.921668,0
            -75.270698,41.925817,0
            -75.271116,41.927838,0
            -75.271107,41.930651,0
            -75.27142,41.93208,0
            -75.272461,41.93447,0
            -75.272972,41.936665,0
            -75.273179,41.942712,0
            -75.275139,41.950035,0
            -75.277663,41.954025,0
            -75.280991,41.954298,0
            -75.281032,41.955036,0
            -75.287174,41.95511,0
            -75.294515,41.956558,0
            -75.295361,41.956565,0
            -75.295577,41.958426,0
            -75.294712,41.958577,0
            -75.294463,41.958507,0
            -75.294285,41.95836,0
            -75.294226,41.958169,0
            -75.294354,41.957894,0
            -75.294507,41.957791,0
            -75.303316,41.95525,0
            -75.305647,41.954261,0
            -75.306991,41.953867,0
            -75.308695,41.953669,0
            -75.311169,41.953925,0
            -75.313378,41.954781,0
            -75.314485,41.955564,0
            -75.315189,41.956291,0
            -75.318217,41.961599,0
            -75.320148,41.963712,0
            -75.326607,41.968866,0
            -75.327634,41.969444,0
            -75.329515,41.97005,0
            -75.332388,41.970528,0
            -75.335403,41.971436,0
            -75.336599,41.972251,0
            -75.337313,41.973298,0
            -75.338211,41.978513,0
            -75.338017,41.980448,0
            -75.336159,41.984622,0
            -75.335891,41.986167,0
            -75.335997,41.987037,0
            -75.336289,41.987655,0
            -75.337607,41.989385,0
            -75.338574,41.991463,0
            -75.340936,41.994653,0
            -75.342544,41.995686,0
            -75.35146,41.998084,0
            -75.353289,41.998899,0
            -75.357032,42.001371,0
            -75.360006,42.004037,0
            -75.362694,42.007908,0
            -75.363649,42.008745,0
            -75.364454,42.009148,0
            -75.36621,42.009526,0
            -75.367224,42.009498,0
            -75.36891,42.009045,0
            -75.37561,42.0055,0
            -75.376658,42.005206,0
            -75.380612,42.004878,0
            -75.3828,42.005247,0
            -75.386412,42.006661,0
            -75.392898,42.008393,0
            -75.394885,42.009299,0
            -75.396212,42.010326,0
            -75.404011,42.019962,0
            -75.405327,42.022274,0
            -75.406403,42.025238,0
            -75.407488,42.030082,0
            -75.414261,42.045375,0
            -75.414434,42.04695,0
            -75.414215,42.049228,0
            -75.414606,42.051172,0
            -75.415067,42.052057,0
            -75.415961,42.053187,0
            -75.417954,42.054659,0
            -75.419025,42.055158,0
            -75.421708,42.055835,0
            -75.424411,42.055877,0
            -75.426655,42.055431,0
            -75.434739,42.052416,0
            -75.436734,42.051975,0
            -75.437881,42.051864,0
            -75.444928,42.052089,0
            -75.446639,42.051763,0
            -75.447562,42.051437,0
            -75.448888,42.050724,0
            -75.454031,42.046661,0
            -75.455172,42.045998,0
            -75.457342,42.045345,0
            -75.459218,42.045241,0
            -75.460934,42.045485,0
            -75.461755,42.04573,0
            -75.467115,42.048197,0
            -75.46888,42.048769,0
            -75.478779,42.050493,0
            -75.485472,42.050373,0
            -75.487087,42.050513,0
            -75.49053,42.051249,0
            -75.495136,42.051414,0
            -75.498922,42.050907,0
            -75.502189,42.04993,0
            -75.509871,42.046643,0
            -75.512944,42.044539,0
            -75.515086,42.041995,0
            -75.516934,42.037962,0
            -75.518132,42.036073,0
            -75.519823,42.034283,0
            -75.52097,42.033408,0
            -75.523022,42.032345,0
            -75.525338,42.031652,0
            -75.52722,42.031399,0
            -75.528848,42.031379,0
            -75.531082,42.031639,0
            -75.535065,42.032805,0
            -75.537953,42.034339,0
            -75.546146,42.040674,0
            -75.548981,42.043516,0
            -75.550744,42.046059,0
            -75.554002,42.053584,0
            -75.555308,42.0558,0
            -75.557659,42.058671,0
            -75.56108,42.061611,0
            -75.573049,42.069606,0
            -75.573939,42.069977,0
            -75.576145,42.070496,0
            -75.577247,42.070553,0
            -75.578671,42.070442,0
            -75.58103,42.069766,0
            -75.582216,42.069099,0
            -75.586169,42.065545,0
            -75.589773,42.063261,0
            -75.608372,42.054911,0
            -75.610677,42.054436,0
            -75.613355,42.054532,0
            -75.615017,42.054889,0
            -75.616329,42.055417,0
            -75.617698,42.056231,0
            -75.629121,42.065479,0
            -75.633452,42.069977,0
            -75.634709,42.070809,0
            -75.635987,42.071336,0
            -75.654618,42.076177,0
            -75.663001,42.077878,0
            -75.66519,42.078544,0
            -75.673871,42.083083,0
            -75.676194,42.083728,0
            -75.694432,42.086058,0
            -75.708342,42.087049,0
            -75.720546,42.088853,0
            -75.730003,42.09113,0
            -75.732597,42.091432,0
            -75.73515,42.091373,0
            -75.742987,42.090447,0
            -75.746358,42.090551,0
            -75.748236,42.090881,0
            -75.750626,42.091619,0
            -75.758121,42.094631,0
            -75.774589,42.098166,0
            -75.791925,42.099758,0
            -75.802378,42.101413,0
            -75.805732,42.101468,0
            -75.808331,42.101089,0
            -75.811747,42.100243,0
            -75.812917,42.100113,0
            -75.817408,42.100377,0
            -75.822532,42.101419,0
            -75.823392,42.101786,0
            -75.823542,42.101775,0
            -75.83676,42.108232,0
            -75.838301,42.108758,0
            -75.840278,42.109072,0
            -75.84146,42.109088,0
            -75.843284,42.108859,0
            -75.849384,42.107308,0
            -75.851093,42.107221,0
            -75.853089,42.107523,0
            -75.860633,42.109679,0
            -75.862078,42.109911,0
            -75.868725,42.110262,0
            -75.870493,42.110761,0
            -75.874578,42.112582,0
            -75.878887,42.113477,0
            -75.884328,42.115182,0
            -75.885364,42.115361,0
            -75.902497,42.115018,0
            -75.90663,42.115497,0
            -75.908018,42.116125,0
            -75.908816,42.116924,0
            -75.909195,42.117813,0
            -75.909213,42.118508,0
            -75.908877,42.11943,0
            -75.90545,42.124086,0
            -75.904645,42.125878,0
            -75.901749,42.140211,0
            -75.896773,42.149114,0
            -75.896542,42.150115,0
            -75.896717,42.151713,0
            -75.897789,42.154548,0
            -75.897962,42.155648,0
            -75.895587,42.166391,0
            -75.895635,42.167714,0
            -75.898474,42.176708,0
            -75.901615,42.183222,0
            -75.901992,42.184463,0
            -75.901961,42.186915,0
            -75.898954,42.195957,0
            -75.898318,42.199651,0
            -75.89838,42.202078,0
            -75.898819,42.204505,0
            -75.899884,42.207404,0
            -75.908406,42.223215,0
            -75.912588,42.227199,0
            -75.913498,42.228477,0
            -75.913957,42.229641,0
            -75.9181,42.250177,0
            -75.918045,42.258497,0
            -75.92076,42.26846,0
            -75.926038,42.27901,0
            -75.926287,42.281651,0
            -75.926083,42.282925,0
            -75.923121,42.29142,0
            -75.923113,42.292386,0
            -75.92341,42.293494,0
            -75.924403,42.294968,0
            -75.925602,42.295932,0
            -75.938629,42.303541,0
            -75.953676,42.313755,0
            -75.955833,42.314881,0
            -75.968366,42.320008,0
            -75.968381,42.320063,0
            -75.970916,42.321634,0
            -75.968058,42.325364,0
            -75.96963,42.325949,0
            -75.973926,42.32895,0
            -75.974152,42.329207,0
            -75.974803,42.329227,0
            -75.976356,42.329736,0
            -75.980445,42.331823,0
            -75.994544,42.342361,0
            -75.998419,42.344443,0
            -75.999689,42.345822,0
            -76.001676,42.350048,0
            -76.00165,42.35025,0
            -76.006708,42.352853,0
            -76.007811,42.353206,0
            -76.009113,42.353316,0
            -76.012861,42.352839,0
            -76.014512,42.353099,0
            -76.019187,42.354971,0
            -76.020183,42.355229,0
            -76.021297,42.355336,0
            -76.023837,42.355251,0
            -76.029969,42.355909,0
            -76.037084,42.35571,0
            -76.043157,42.35639,0
            -76.050929,42.358668,0
            -76.055351,42.359226,0
            -76.056558,42.35912,0
            -76.061328,42.358005,0
            -76.079591,42.358039,0
            -76.090036,42.359801,0
            -76.096443,42.362036,0
            -76.102201,42.363248,0
            -76.106535,42.363424,0
            -76.112334,42.364201,0
            -76.123154,42.364041,0
            -76.124455,42.364183,0
            -76.15627,42.371839,0
            -76.157454,42.371825,0
            -76.158507,42.371665,0
            -76.159284,42.371367,0
            -76.160112,42.370869,0
            -76.166765,42.364766,0
            -76.168407,42.363651,0
            -76.171025,42.362601,0
            -76.173067,42.362226,0
            -76.174915,42.36214,0
            -76.177192,42.362375,0
            -76.188114,42.364881,0
            -76.189848,42.364829,0
            -76.191603,42.364369,0
            -76.193126,42.363491,0
            -76.194224,42.362288,0
            -76.195635,42.358641,0
            -76.19612,42.357993,0
            -76.197003,42.35733,0
            -76.198109,42.356945,0
            -76.202489,42.35597,0
            -76.20336,42.356044,0
            -76.204141,42.356461,0
            -76.204925,42.357254,0
            -76.209998,42.36004,0
            -76.21123,42.361214,0
            -76.216302,42.365066,0
            -76.217859,42.365765,0
            -76.219093,42.366063,0
            -76.221062,42.366189,0
            -76.224082,42.365777,0
            -76.229019,42.36598,0
            -76.230003,42.365867,0
            -76.231235,42.365481,0
            -76.236122,42.362137,0
            -76.23721,42.361853,0
            -76.237943,42.361918,0
            -76.238599,42.362133,0
            -76.240243,42.36333,0
            -76.241687,42.363939,0
            -76.247198,42.367268,0
            -76.251179,42.37025,0
            -76.254115,42.371922,0
            -76.258135,42.373433,0
            -76.260409,42.374686,0
            -76.271004,42.378805,0
            -76.272144,42.378941,0
            -76.276277,42.37874,0
            -76.280178,42.377637,0
            -76.281609,42.377503,0
            -76.286231,42.377543,0
            -76.305362,42.379298,0
            -76.307262,42.379804,0
            -76.322326,42.387251,0
            -76.325709,42.388542,0
            -76.342144,42.39272,0
            -76.345067,42.393849,0
            -76.345845,42.394,0
            -76.367242,42.393644,0
            -76.37389,42.394125,0
            -76.377681,42.394865,0
            -76.38223,42.39542,0
            -76.388125,42.395477,0
            -76.392152,42.395178,0
            -76.410129,42.396261,0
            -76.411195,42.39655,0
            -76.439527,42.410286,0
            -76.441243,42.410879,0
            -76.446706,42.413529,0
            -76.45981,42.421117,0
            -76.461568,42.42237,0
            -76.461726,42.426038,0
            -76.463298,42.434692,0
            -76.463528,42.435101,0
            -76.464379,42.43591,0
            -76.466327,42.440079,0
            -76.466993,42.440804,0
            -76.468351,42.441408,0
            -76.469136,42.441944,0
            -76.470338,42.443471,0
            -76.47039,42.443756,0
            -76.473048,42.444029,0
            -76.473606,42.443958,0
            -76.475087,42.44347,0
            -76.476224,42.443257,0
            -76.476634,42.442353,0
            -76.477681,42.441159,0
            -76.481678,42.441084,0
            -76.483887,42.441614,0
            -76.484978,42.441622,0
          </coordinates>
        </LineString>
      </Placemark>
    </Folder>
    <Folder>
      <name>history-2018-05-23</name>
      <Placemark>
        <name>Cornell University</name>
        <description><![CDATA[description: University from 2018-05-23T14:03:19.514Z to 2018-05-23T15:37:51.519Z. Distance 0m<br>Email: syugen.zhou@gmail.com<br>Category: University<br>Distance: 0]]></description>
        <styleUrl>#icon-1603-0288D1</styleUrl>
        <ExtendedData>
          <Data name="description">
            <value>University from 2018-05-23T14:03:19.514Z to 2018-05-23T15:37:51.519Z. Distance 0m</value>
          </Data>
          <Data name="Email">
            <value>syugen.zhou@gmail.com</value>
          </Data>
          <Data name="Category">
            <value>University</value>
          </Data>
          <Data name="Distance">
            <value>0</value>
          </Data>
        </ExtendedData>
        <Point>
          <coordinates>
            -76.473503,42.453449,0
          </coordinates>
        </Point>
      </Placemark>
      <Placemark>
        <name>Driving</name>
        <description><![CDATA[description: Driving from 2018-05-23T15:37:51.519Z to 2018-05-23T19:56:46.000Z. Distance 308168m<br>Email: syugen.zhou@gmail.com<br>Category: Driving<br>Distance: 308168]]></description>
        <styleUrl>#line-A52714-5000</styleUrl>
        <ExtendedData>
          <Data name="description">
            <value>Driving from 2018-05-23T15:37:51.519Z to 2018-05-23T19:56:46.000Z. Distance 308168m</value>
          </Data>
          <Data name="Email">
            <value>syugen.zhou@gmail.com</value>
          </Data>
          <Data name="Category">
            <value>Driving</value>
          </Data>
          <Data name="Distance">
            <value>308168</value>
          </Data>
        </ExtendedData>
        <LineString>
          <tessellate>1</tessellate>
          <coordinates>
            -76.472609,42.447332,0
            -76.472001,42.447328,0
            -76.471918,42.445535,0
            -76.472587,42.445522,0
            -76.474106,42.445205,0
            -76.474548,42.445261,0
            -76.485054,42.445172,0
            -76.485113,42.444229,0
            -76.485358,42.44351,0
            -76.485212,42.442942,0
            -76.48525,42.441614,0
            -76.486388,42.441604,0
            -76.486534,42.441656,0
            -76.487096,42.442099,0
            -76.487239,42.442142,0
            -76.48749,42.442134,0
            -76.487348,42.438251,0
            -76.487437,42.438047,0
            -76.489557,42.439257,0
            -76.492108,42.439271,0
            -76.493552,42.439421,0
            -76.493903,42.439592,0
            -76.494627,42.44028,0
            -76.495394,42.440507,0
            -76.512805,42.439979,0
            -76.513094,42.439919,0
            -76.51517,42.4412,0
            -76.515638,42.44077,0
            -76.518481,42.435884,0
            -76.520101,42.433684,0
            -76.521093,42.432637,0
            -76.524429,42.430258,0
            -76.526462,42.428425,0
            -76.526976,42.427649,0
            -76.527627,42.425209,0
            -76.530008,42.420829,0
            -76.531096,42.415377,0
            -76.531493,42.414681,0
            -76.531461,42.414528,0
            -76.53569,42.412603,0
            -76.544548,42.406662,0
            -76.545426,42.405794,0
            -76.545846,42.405101,0
            -76.546119,42.404318,0
            -76.546543,42.400737,0
            -76.546152,42.398061,0
            -76.546477,42.396991,0
            -76.546519,42.39647,0
            -76.546243,42.395407,0
            -76.546256,42.394911,0
            -76.546465,42.394317,0
            -76.548673,42.391838,0
            -76.54911,42.391517,0
            -76.552044,42.390199,0
            -76.55306,42.389292,0
            -76.553661,42.388372,0
            -76.55389,42.38776,0
            -76.554009,42.386896,0
            -76.553554,42.381349,0
            -76.552089,42.374981,0
            -76.551044,42.373272,0
            -76.550764,42.372513,0
            -76.550779,42.370997,0
            -76.550962,42.370375,0
            -76.553525,42.366505,0
            -76.553957,42.365324,0
            -76.554027,42.364351,0
            -76.553794,42.363226,0
            -76.552863,42.361633,0
            -76.549914,42.358176,0
            -76.549341,42.35773,0
            -76.548218,42.357127,0
            -76.54762,42.356658,0
            -76.543526,42.352037,0
            -76.540745,42.346844,0
            -76.540059,42.344602,0
            -76.53969,42.344008,0
            -76.539163,42.343484,0
            -76.537283,42.342192,0
            -76.53437,42.33964,0
            -76.53395,42.338905,0
            -76.533849,42.338508,0
            -76.533818,42.334239,0
            -76.533499,42.333119,0
            -76.531708,42.329873,0
            -76.53023,42.328519,0
            -76.528469,42.325874,0
            -76.526499,42.323584,0
            -76.525906,42.32226,0
            -76.525135,42.317393,0
            -76.523378,42.314318,0
            -76.523213,42.31373,0
            -76.523167,42.312269,0
            -76.522428,42.30929,0
            -76.521352,42.306419,0
            -76.520061,42.304681,0
            -76.519905,42.30427,0
            -76.520146,42.302392,0
            -76.521583,42.298879,0
            -76.521603,42.298206,0
            -76.521472,42.297702,0
            -76.521105,42.297051,0
            -76.520091,42.295821,0
            -76.519885,42.295293,0
            -76.51927,42.290179,0
            -76.519321,42.289285,0
            -76.519946,42.287639,0
            -76.519982,42.286683,0
            -76.519259,42.284155,0
            -76.518868,42.280994,0
            -76.517921,42.277291,0
            -76.516339,42.273731,0
            -76.51321,42.269916,0
            -76.50829,42.26144,0
            -76.507577,42.258424,0
            -76.506913,42.246297,0
            -76.505016,42.237875,0
            -76.504713,42.237298,0
            -76.495058,42.227943,0
            -76.49446,42.227056,0
            -76.494218,42.223883,0
            -76.492461,42.213587,0
            -76.492459,42.212441,0
            -76.49309,42.20975,0
            -76.495999,42.209818,0
            -76.50168,42.208082,0
            -76.506032,42.207611,0
            -76.509429,42.206795,0
            -76.523839,42.205012,0
            -76.528799,42.204904,0
            -76.530473,42.204724,0
            -76.53593,42.203637,0
            -76.548888,42.202293,0
            -76.551904,42.201818,0
            -76.552163,42.198634,0
            -76.551736,42.196576,0
            -76.551848,42.19604,0
            -76.552039,42.195665,0
            -76.552436,42.195221,0
            -76.555023,42.193179,0
            -76.555552,42.192569,0
            -76.558251,42.188216,0
            -76.559811,42.180307,0
            -76.559757,42.178583,0
            -76.558471,42.174808,0
            -76.557765,42.171392,0
            -76.557742,42.170433,0
            -76.558134,42.16785,0
            -76.557956,42.163322,0
            -76.558359,42.161406,0
            -76.55996,42.158049,0
            -76.560342,42.156602,0
            -76.560389,42.155546,0
            -76.5598,42.152449,0
            -76.558956,42.149712,0
            -76.556648,42.144683,0
            -76.555739,42.141332,0
            -76.555328,42.140465,0
            -76.553672,42.138238,0
            -76.551556,42.134703,0
            -76.550608,42.131647,0
            -76.548714,42.128475,0
            -76.548123,42.127125,0
            -76.547788,42.12576,0
            -76.547332,42.118853,0
            -76.546858,42.116277,0
            -76.547065,42.113185,0
            -76.54676,42.109169,0
            -76.545877,42.10498,0
            -76.545496,42.098212,0
            -76.546335,42.095273,0
            -76.546577,42.093394,0
            -76.545714,42.086032,0
            -76.545649,42.077927,0
            -76.542445,42.066953,0
            -76.539892,42.061304,0
            -76.535598,42.049735,0
            -76.532587,42.044034,0
            -76.529889,42.040984,0
            -76.52392,42.033102,0
            -76.523588,42.032471,0
            -76.523341,42.031607,0
            -76.523314,42.03061,0
            -76.524217,42.026183,0
            -76.523659,42.022605,0
            -76.523637,42.021351,0
            -76.524047,42.018396,0
            -76.524631,42.016841,0
            -76.52907,42.009766,0
            -76.529113,42.009587,0
            -76.549043,42.001156,0
            -76.548516,41.997334,0
            -76.549025,41.989872,0
            -76.548762,41.988794,0
            -76.546545,41.984244,0
            -76.544619,41.975746,0
            -76.544057,41.974549,0
            -76.543047,41.973141,0
            -76.53513,41.965836,0
            -76.529953,41.962789,0
            -76.529341,41.962148,0
            -76.52889,41.961447,0
            -76.528563,41.960496,0
            -76.527996,41.956037,0
            -76.527432,41.95476,0
            -76.524517,41.951306,0
            -76.523411,41.949365,0
            -76.522962,41.94796,0
            -76.522738,41.946,0
            -76.522887,41.944658,0
            -76.52445,41.939859,0
            -76.525704,41.934528,0
            -76.525865,41.933023,0
            -76.525246,41.929953,0
            -76.524935,41.925503,0
            -76.525269,41.922139,0
            -76.523519,41.909533,0
            -76.523432,41.904564,0
            -76.522179,41.900131,0
            -76.521708,41.896914,0
            -76.519047,41.891013,0
            -76.517865,41.887533,0
            -76.516689,41.881982,0
            -76.515431,41.878375,0
            -76.50645,41.866846,0
            -76.503623,41.862179,0
            -76.502803,41.85835,0
            -76.503008,41.855283,0
            -76.502846,41.854566,0
            -76.502242,41.853385,0
            -76.501261,41.850654,0
            -76.501287,41.848983,0
            -76.501868,41.846657,0
            -76.506249,41.837122,0
            -76.509014,41.833122,0
            -76.510448,41.831704,0
            -76.51081,41.831046,0
            -76.510923,41.830502,0
            -76.510733,41.826776,0
            -76.510452,41.825455,0
            -76.507783,41.820011,0
            -76.504002,41.81425,0
            -76.501318,41.811243,0
            -76.496354,41.808124,0
            -76.495541,41.807324,0
            -76.495092,41.806281,0
            -76.495319,41.803809,0
            -76.495022,41.80293,0
            -76.49449,41.802294,0
            -76.49394,41.801908,0
            -76.492981,41.801522,0
            -76.490586,41.801038,0
            -76.487759,41.799925,0
            -76.485238,41.798103,0
            -76.482183,41.795095,0
            -76.480792,41.794283,0
            -76.479859,41.793961,0
            -76.478384,41.793726,0
            -76.469985,41.793683,0
            -76.468718,41.793498,0
            -76.466885,41.792863,0
            -76.465973,41.792338,0
            -76.464969,41.791502,0
            -76.453866,41.774893,0
            -76.453504,41.774072,0
            -76.45336,41.772994,0
            -76.453604,41.77179,0
            -76.455162,41.768962,0
            -76.4554,41.768177,0
            -76.455461,41.767072,0
            -76.455231,41.766049,0
            -76.45467,41.76499,0
            -76.447312,41.755442,0
            -76.446696,41.754084,0
            -76.446408,41.752023,0
            -76.446617,41.750677,0
            -76.446965,41.749712,0
            -76.449106,41.745804,0
            -76.450214,41.742212,0
            -76.45091,41.740918,0
            -76.452091,41.739669,0
            -76.453107,41.738988,0
            -76.454025,41.738583,0
            -76.45832,41.737203,0
            -76.459885,41.736468,0
            -76.460954,41.735767,0
            -76.463247,41.733208,0
            -76.469711,41.727781,0
            -76.470475,41.726905,0
            -76.472907,41.722005,0
            -76.473168,41.720956,0
            -76.473887,41.714583,0
            -76.470975,41.71276,0
            -76.468756,41.711829,0
            -76.468236,41.711323,0
            -76.467135,41.70837,0
            -76.466099,41.706555,0
            -76.465184,41.70537,0
            -76.464861,41.704743,0
            -76.464212,41.701943,0
            -76.463901,41.701332,0
            -76.462875,41.700239,0
            -76.462713,41.69973,0
            -76.463267,41.6972,0
            -76.463138,41.696128,0
            -76.462975,41.695788,0
            -76.460489,41.693038,0
            -76.460265,41.69259,0
            -76.460042,41.691375,0
            -76.460102,41.68545,0
            -76.459985,41.684756,0
            -76.459467,41.68349,0
            -76.459351,41.6826,0
            -76.459438,41.680327,0
            -76.458148,41.676089,0
            -76.457126,41.674522,0
            -76.455996,41.669513,0
            -76.455113,41.667339,0
            -76.451586,41.662284,0
            -76.450761,41.66137,0
            -76.450215,41.660967,0
            -76.44823,41.660125,0
            -76.447866,41.659852,0
            -76.446542,41.658051,0
            -76.444799,41.654151,0
            -76.442928,41.647389,0
            -76.442663,41.645714,0
            -76.440376,41.63961,0
            -76.440144,41.639253,0
            -76.438166,41.637322,0
            -76.437652,41.636655,0
            -76.436865,41.635035,0
            -76.436022,41.632385,0
            -76.435282,41.631324,0
            -76.43371,41.62992,0
            -76.433232,41.628887,0
            -76.433275,41.628198,0
            -76.433711,41.627268,0
            -76.434794,41.625729,0
            -76.435427,41.625082,0
            -76.436516,41.624381,0
            -76.441356,41.61978,0
            -76.442325,41.618288,0
            -76.444541,41.615715,0
            -76.446467,41.61268,0
            -76.446888,41.611469,0
            -76.447064,41.609613,0
            -76.446986,41.609005,0
            -76.446631,41.608304,0
            -76.444355,41.605924,0
            -76.443301,41.604354,0
            -76.442577,41.602231,0
            -76.442482,41.598535,0
            -76.441394,41.595406,0
            -76.440936,41.594801,0
            -76.440558,41.594477,0
            -76.434326,41.590612,0
            -76.433016,41.589442,0
            -76.432662,41.588778,0
            -76.43272,41.586628,0
            -76.432373,41.58491,0
            -76.431129,41.58274,0
            -76.430626,41.582227,0
            -76.428102,41.580818,0
            -76.427807,41.580531,0
            -76.426613,41.578713,0
            -76.425868,41.577892,0
            -76.424933,41.577191,0
            -76.421207,41.575054,0
            -76.41963,41.573693,0
            -76.419216,41.573055,0
            -76.419134,41.572668,0
            -76.419682,41.570213,0
            -76.419925,41.569909,0
            -76.421963,41.568688,0
            -76.422261,41.568324,0
            -76.422426,41.567944,0
            -76.422449,41.567569,0
            -76.422254,41.567019,0
            -76.421889,41.566615,0
            -76.419885,41.565212,0
            -76.419653,41.564841,0
            -76.41953,41.564414,0
            -76.419585,41.562064,0
            -76.419294,41.56156,0
            -76.418725,41.561093,0
            -76.416691,41.560461,0
            -76.415377,41.559887,0
            -76.413088,41.559171,0
            -76.412441,41.558597,0
            -76.411942,41.557523,0
            -76.411601,41.557096,0
            -76.411111,41.556762,0
            -76.410377,41.556529,0
            -76.408164,41.556251,0
            -76.407305,41.555882,0
            -76.404708,41.553614,0
            -76.404282,41.552908,0
            -76.400228,41.540163,0
            -76.399886,41.538133,0
            -76.398991,41.536288,0
            -76.398559,41.533153,0
            -76.398646,41.531705,0
            -76.39985,41.527673,0
            -76.400092,41.525389,0
            -76.400279,41.524878,0
            -76.407821,41.513708,0
            -76.408074,41.512867,0
            -76.407901,41.510399,0
            -76.408074,41.509537,0
            -76.410336,41.505181,0
            -76.410587,41.504263,0
            -76.41079,41.501639,0
            -76.410693,41.500962,0
            -76.409671,41.498189,0
            -76.409752,41.496791,0
            -76.409632,41.496415,0
            -76.408699,41.494848,0
            -76.408288,41.493143,0
            -76.408418,41.492537,0
            -76.419377,41.477283,0
            -76.420105,41.47658,0
            -76.430363,41.469984,0
            -76.434871,41.467489,0
            -76.437873,41.464691,0
            -76.440085,41.460814,0
            -76.445093,41.454231,0
            -76.446053,41.452131,0
            -76.446541,41.451512,0
            -76.449993,41.448725,0
            -76.451328,41.447053,0
            -76.4528,41.443726,0
            -76.455066,41.440593,0
            -76.456309,41.439558,0
            -76.457758,41.438988,0
            -76.459029,41.438776,0
            -76.476903,41.437711,0
            -76.479581,41.437333,0
            -76.481446,41.436806,0
            -76.483049,41.436156,0
            -76.485293,41.434843,0
            -76.489595,41.431025,0
            -76.489939,41.430453,0
            -76.490217,41.429313,0
            -76.49015,41.428648,0
            -76.488155,41.424744,0
            -76.488067,41.423654,0
            -76.48851,41.422588,0
            -76.492446,41.418341,0
            -76.492848,41.417729,0
            -76.496293,41.408205,0
            -76.49808,41.404522,0
            -76.500598,41.395134,0
            -76.501152,41.393926,0
            -76.502064,41.392691,0
            -76.507724,41.387566,0
            -76.511552,41.38314,0
            -76.514088,41.379043,0
            -76.514946,41.378169,0
            -76.515667,41.377655,0
            -76.51744,41.376863,0
            -76.521246,41.375912,0
            -76.522564,41.375351,0
            -76.523642,41.374629,0
            -76.524181,41.374121,0
            -76.527136,41.36982,0
            -76.52802,41.368949,0
            -76.529889,41.367703,0
            -76.530695,41.367323,0
            -76.535559,41.365614,0
            -76.536593,41.36513,0
            -76.537985,41.364164,0
            -76.540433,41.361586,0
            -76.541468,41.360834,0
            -76.542417,41.360482,0
            -76.543516,41.360306,0
            -76.544415,41.360332,0
            -76.545232,41.360488,0
            -76.54859,41.361695,0
            -76.54975,41.36194,0
            -76.550359,41.361969,0
            -76.551384,41.361859,0
            -76.552274,41.361589,0
            -76.553033,41.361191,0
            -76.553709,41.360645,0
            -76.557354,41.356666,0
            -76.557654,41.356135,0
            -76.557819,41.355545,0
            -76.557797,41.354715,0
            -76.557595,41.354104,0
            -76.557032,41.353309,0
            -76.555052,41.351539,0
            -76.554709,41.350979,0
            -76.55448,41.350122,0
            -76.554642,41.348388,0
            -76.555479,41.346597,0
            -76.556771,41.345288,0
            -76.557543,41.344838,0
            -76.558392,41.344543,0
            -76.56081,41.344266,0
            -76.569706,41.34509,0
            -76.572977,41.345074,0
            -76.578911,41.345956,0
            -76.579546,41.345905,0
            -76.58372,41.345019,0
            -76.585078,41.344183,0
            -76.585458,41.343762,0
            -76.586986,41.341243,0
            -76.587196,41.340653,0
            -76.587928,41.335831,0
            -76.588141,41.330187,0
            -76.587958,41.329316,0
            -76.587515,41.329179,0
            -76.587121,41.329186,0
            -76.586883,41.329244,0
            -76.585668,41.32984,0
            -76.584958,41.33001,0
            -76.582293,41.330044,0
            -76.581991,41.329974,0
            -76.577338,41.327809,0
            -76.575337,41.327089,0
            -76.574552,41.326679,0
            -76.574168,41.326362,0
            -76.573767,41.32586,0
            -76.573517,41.325334,0
            -76.573218,41.323991,0
            -76.573155,41.322573,0
            -76.572363,41.320008,0
            -76.572264,41.319267,0
            -76.572431,41.318014,0
            -76.573175,41.316305,0
            -76.573321,41.315457,0
            -76.573197,41.313695,0
            -76.570976,41.308973,0
            -76.570947,41.307246,0
            -76.570031,41.302642,0
            -76.569628,41.301921,0
            -76.569159,41.301431,0
            -76.567234,41.300389,0
            -76.566728,41.299998,0
            -76.565303,41.29788,0
            -76.561392,41.29489,0
            -76.558717,41.29352,0
            -76.554848,41.292592,0
            -76.552853,41.291891,0
            -76.550266,41.29133,0
            -76.547038,41.290198,0
            -76.544599,41.289818,0
            -76.541818,41.28909,0
            -76.539715,41.287543,0
            -76.539265,41.287308,0
            -76.538964,41.286943,0
            -76.536132,41.28165,0
            -76.53564,41.281014,0
            -76.534761,41.280253,0
            -76.531969,41.278573,0
            -76.531194,41.277909,0
            -76.530783,41.277369,0
            -76.530051,41.27568,0
            -76.529869,41.274059,0
            -76.530978,41.269685,0
            -76.531424,41.266582,0
            -76.533496,41.261226,0
            -76.533613,41.260113,0
            -76.533495,41.259406,0
            -76.533048,41.258408,0
            -76.532078,41.257147,0
            -76.531167,41.255591,0
            -76.531005,41.25503,0
            -76.531135,41.252787,0
            -76.531034,41.252316,0
            -76.530855,41.251977,0
            -76.530483,41.251561,0
            -76.530018,41.251256,0
            -76.527164,41.250397,0
            -76.526973,41.250177,0
            -76.526843,41.249811,0
            -76.521017,41.249551,0
            -76.521015,41.249371,0
            -76.520855,41.249023,0
            -76.520738,41.24893,0
            -76.519189,41.248465,0
            -76.518556,41.2481,0
            -76.518171,41.247769,0
            -76.517656,41.247044,0
            -76.51747,41.246346,0
            -76.518488,41.241531,0
            -76.518563,41.238789,0
            -76.518446,41.238268,0
            -76.515731,41.232204,0
            -76.515491,41.230087,0
            -76.516167,41.226034,0
            -76.516075,41.223292,0
            -76.51662,41.220036,0
            -76.516472,41.216475,0
            -76.516594,41.215785,0
            -76.517097,41.21478,0
            -76.518534,41.213268,0
            -76.520861,41.209686,0
            -76.521372,41.207933,0
            -76.521387,41.19038,0
            -76.521066,41.188023,0
            -76.52205,41.18418,0
            -76.52378,41.179966,0
            -76.523973,41.176289,0
            -76.52369,41.174778,0
            -76.52404,41.171538,0
            -76.523992,41.170738,0
            -76.523268,41.168639,0
            -76.522721,41.165927,0
            -76.522778,41.162224,0
            -76.521,41.15724,0
            -76.520963,41.156651,0
            -76.521363,41.153837,0
            -76.523312,41.149137,0
            -76.524693,41.146629,0
            -76.525257,41.144775,0
            -76.527954,41.140453,0
            -76.528079,41.140397,0
            -76.528341,41.140401,0
            -76.528621,41.139653,0
            -76.530766,41.137104,0
            -76.531941,41.136253,0
            -76.532306,41.135831,0
            -76.534742,41.12837,0
            -76.534585,41.127427,0
            -76.530319,41.120394,0
            -76.531118,41.119906,0
            -76.533492,41.118983,0
            -76.536273,41.116975,0
            -76.537599,41.116303,0
            -76.544407,41.114355,0
            -76.545484,41.113859,0
            -76.546441,41.113245,0
            -76.547489,41.112203,0
            -76.54788,41.111605,0
            -76.549524,41.106803,0
            -76.550095,41.106218,0
            -76.555896,41.103429,0
            -76.558088,41.103023,0
            -76.558826,41.102669,0
            -76.559337,41.102204,0
            -76.561161,41.09877,0
            -76.562047,41.097536,0
            -76.562803,41.09678,0
            -76.564785,41.095378,0
            -76.565324,41.095115,0
            -76.566104,41.094897,0
            -76.566965,41.094824,0
            -76.570203,41.095018,0
            -76.570966,41.094901,0
            -76.571787,41.094549,0
            -76.578601,41.088728,0
            -76.57786,41.088284,0
            -76.577689,41.088114,0
            -76.577504,41.087774,0
            -76.575692,41.079937,0
            -76.575683,41.079367,0
            -76.576534,41.077158,0
            -76.576555,41.076576,0
            -76.575871,41.073635,0
            -76.576032,41.073192,0
            -76.577689,41.071192,0
            -76.578971,41.068806,0
            -76.579483,41.06691,0
            -76.579919,41.066156,0
            -76.580462,41.065656,0
            -76.581476,41.065005,0
            -76.581801,41.06468,0
            -76.582139,41.064019,0
            -76.582175,41.061843,0
            -76.582461,41.060749,0
            -76.582873,41.060103,0
            -76.587724,41.054927,0
            -76.589936,41.050854,0
            -76.590433,41.048987,0
            -76.59097,41.04805,0
            -76.59159,41.047419,0
            -76.597145,41.043614,0
            -76.600498,41.039233,0
            -76.603203,41.036541,0
            -76.604267,41.034814,0
            -76.604613,41.033711,0
            -76.604704,41.032123,0
            -76.604543,41.030848,0
            -76.60393,41.028848,0
            -76.603794,41.027903,0
            -76.604229,41.025073,0
            -76.605451,41.022434,0
            -76.607841,41.018657,0
            -76.610867,41.011775,0
            -76.612197,41.004622,0
            -76.613023,41.002684,0
            -76.625367,40.985902,0
            -76.626134,40.983988,0
            -76.626689,40.983176,0
            -76.627045,40.982837,0
            -76.627987,40.982326,0
            -76.624321,40.978465,0
            -76.617377,40.972444,0
            -76.616958,40.971845,0
            -76.616747,40.971326,0
            -76.616306,40.968262,0
            -76.616389,40.967325,0
            -76.617534,40.964525,0
            -76.624512,40.96656,0
            -76.631042,40.968079,0
            -76.634041,40.968366,0
            -76.634172,40.968413,0
            -76.636552,40.968516,0
            -76.639527,40.968087,0
            -76.650575,40.965117,0
            -76.651449,40.964754,0
            -76.656569,40.961567,0
            -76.662812,40.95578,0
            -76.677214,40.947041,0
            -76.690209,40.938296,0
            -76.693267,40.936801,0
            -76.696874,40.935672,0
            -76.713379,40.932356,0
            -76.71651,40.931494,0
            -76.724578,40.928662,0
            -76.726267,40.927888,0
            -76.73525,40.922061,0
            -76.737557,40.920973,0
            -76.740954,40.919802,0
            -76.747834,40.91857,0
            -76.749804,40.918059,0
            -76.751882,40.917312,0
            -76.75392,40.916358,0
            -76.771881,40.906357,0
            -76.781985,40.899459,0
            -76.782097,40.899431,0
            -76.790259,40.893689,0
            -76.794317,40.889704,0
            -76.792849,40.888855,0
            -76.79662,40.885064,0
            -76.80023,40.882097,0
            -76.800338,40.881928,0
            -76.800364,40.881449,0
            -76.799681,40.880123,0
            -76.799309,40.878539,0
            -76.79948,40.877046,0
            -76.800777,40.872859,0
            -76.806674,40.862334,0
            -76.807377,40.860123,0
            -76.808766,40.858046,0
            -76.810602,40.856086,0
            -76.810884,40.855989,0
            -76.81162,40.855931,0
            -76.812757,40.854299,0
            -76.813251,40.853844,0
            -76.816429,40.851773,0
            -76.819871,40.848713,0
            -76.819896,40.84861,0
            -76.829338,40.840312,0
            -76.829541,40.840239,0
            -76.833433,40.83694,0
            -76.833529,40.836749,0
            -76.842572,40.8283,0
            -76.842699,40.828264,0
            -76.853441,40.817977,0
            -76.853864,40.817795,0
            -76.854515,40.817755,0
            -76.854943,40.817875,0
            -76.855206,40.818058,0
            -76.855322,40.818223,0
            -76.855367,40.81851,0
            -76.855288,40.818721,0
            -76.855077,40.818929,0
            -76.854811,40.81905,0
            -76.854411,40.819085,0
            -76.854175,40.819037,0
            -76.853217,40.818546,0
            -76.851142,40.816661,0
            -76.850591,40.815891,0
            -76.850036,40.814724,0
            -76.849822,40.813862,0
            -76.849783,40.81254,0
            -76.850265,40.810742,0
            -76.850654,40.810027,0
            -76.857642,40.800469,0
            -76.860151,40.794078,0
            -76.864956,40.783652,0
            -76.865596,40.781511,0
            -76.86702,40.772367,0
            -76.866937,40.771263,0
            -76.864503,40.760498,0
            -76.863585,40.758181,0
            -76.861804,40.755193,0
            -76.86019,40.753071,0
            -76.859221,40.75115,0
            -76.857345,40.744255,0
            -76.856134,40.736042,0
            -76.855706,40.729122,0
            -76.855905,40.726949,0
            -76.857061,40.722337,0
            -76.861463,40.711854,0
            -76.862683,40.709868,0
            -76.864485,40.707535,0
            -76.868986,40.702876,0
            -76.874152,40.696615,0
            -76.876581,40.694244,0
            -76.881368,40.690695,0
            -76.885274,40.686954,0
            -76.887295,40.685323,0
            -76.90006,40.676657,0
            -76.904204,40.674196,0
            -76.908272,40.671369,0
            -76.911173,40.669042,0
            -76.913487,40.666847,0
            -76.915923,40.664018,0
            -76.919717,40.658149,0
            -76.921977,40.655424,0
            -76.924409,40.653242,0
            -76.946299,40.637284,0
            -76.948705,40.634868,0
            -76.950078,40.633037,0
            -76.951325,40.630783,0
            -76.952017,40.629009,0
            -76.954179,40.619008,0
            -76.954319,40.615054,0
            -76.953512,40.609099,0
            -76.953456,40.607136,0
            -76.95386,40.60467,0
            -76.955442,40.599873,0
            -76.956941,40.597168,0
            -76.959799,40.593758,0
            -76.963478,40.590478,0
            -76.965933,40.588815,0
            -76.971372,40.585956,0
            -76.971467,40.585854,0
            -76.979623,40.581512,0
            -76.987865,40.575329,0
            -76.989696,40.573388,0
            -76.993254,40.567881,0
            -76.993688,40.566658,0
            -76.993909,40.565217,0
            -76.993715,40.563369,0
            -76.993775,40.563226,0
            -76.990526,40.555055,0
            -76.988215,40.544843,0
            -76.986102,40.526587,0
            -76.985667,40.516059,0
            -76.984793,40.51236,0
            -76.982918,40.509078,0
            -76.980626,40.506526,0
            -76.970557,40.498267,0
            -76.966561,40.495591,0
            -76.963496,40.493965,0
            -76.955065,40.490901,0
            -76.954253,40.49044,0
            -76.953488,40.489807,0
            -76.950409,40.485367,0
            -76.949715,40.483935,0
            -76.949461,40.483039,0
            -76.949133,40.473172,0
            -76.949485,40.470715,0
            -76.950004,40.469112,0
            -76.950843,40.467365,0
            -76.951754,40.465964,0
            -76.951752,40.465844,0
            -76.953053,40.464334,0
            -76.961385,40.457432,0
            -76.964349,40.455579,0
            -76.982438,40.447088,0
            -76.985238,40.445436,0
            -76.989327,40.442386,0
            -77.002582,40.430693,0
            -77.002854,40.430555,0
            -77.004768,40.428838,0
            -77.006208,40.427135,0
            -77.007765,40.424402,0
            -77.008487,40.423439,0
            -77.009384,40.422559,0
            -77.01101,40.421443,0
            -77.012074,40.420932,0
            -77.019755,40.418123,0
            -77.020452,40.417767,0
            -77.021692,40.416871,0
            -77.035761,40.398993,0
            -77.03611,40.39828,0
            -77.036419,40.396871,0
            -77.036402,40.396114,0
            -77.035921,40.394744,0
            -77.033719,40.391664,0
            -77.026619,40.378931,0
            -77.023664,40.375927,0
            -77.023579,40.375619,0
            -77.023718,40.373354,0
            -77.02369,40.373311,0
            -77.023933,40.369436,0
            -77.023662,40.368101,0
            -77.022827,40.366384,0
            -77.01992,40.362823,0
            -77.018905,40.361863,0
            -77.016836,40.360363,0
            -77.014659,40.359251,0
            -77.012871,40.3586,0
            -77.010397,40.357999,0
            -76.997534,40.355864,0
            -76.971614,40.354563,0
            -76.966325,40.355158,0
            -76.962827,40.355189,0
            -76.957871,40.355873,0
            -76.953392,40.356907,0
            -76.95258,40.356999,0
            -76.939768,40.357116,0
            -76.937087,40.35672,0
            -76.936084,40.356421,0
            -76.934519,40.355605,0
            -76.933511,40.354566,0
            -76.933063,40.353897,0
            -76.930001,40.344185,0
            -76.929168,40.34008,0
            -76.928795,40.339264,0
            -76.926618,40.336555,0
            -76.920686,40.332199,0
            -76.914576,40.326305,0
            -76.914187,40.325724,0
            -76.91394,40.325093,0
            -76.913856,40.324219,0
            -76.91409,40.323138,0
            -76.914425,40.322582,0
            -76.917498,40.319886,0
            -76.918735,40.319134,0
            -76.918993,40.319045,0
            -76.920955,40.31881,0
            -76.921295,40.318688,0
            -76.923039,40.31733,0
            -76.9234,40.31718,0
            -76.924315,40.317027,0
            -76.924387,40.316974,0
            -76.92509,40.316869,0
            -76.92642,40.316474,0
            -76.926483,40.316392,0
            -76.948887,40.308099,0
            -76.960821,40.305341,0
            -76.963483,40.304445,0
            -76.973458,40.300303,0
            -76.976448,40.298433,0
            -76.978595,40.296529,0
            -76.980264,40.294465,0
            -76.981128,40.293009,0
            -76.981998,40.290899,0
            -76.983638,40.282021,0
            -76.984134,40.280793,0
            -76.984777,40.279796,0
            -76.985811,40.278668,0
            -76.987245,40.277596,0
            -76.98844,40.276989,0
            -76.990933,40.276179,0
            -76.992624,40.27594,0
            -76.997142,40.275685,0
            -76.997345,40.275603,0
            -76.999733,40.275313,0
            -77.000635,40.274933,0
            -77.001135,40.274515,0
            -77.001536,40.273871,0
            -77.00164,40.273262,0
            -77.001578,40.272839,0
            -76.999021,40.265664,0
            -76.998109,40.264306,0
            -76.989473,40.254989,0
            -76.986016,40.249353,0
            -76.980855,40.243129,0
            -76.97904,40.240071,0
            -76.97755,40.238347,0
            -76.976026,40.237191,0
            -76.971966,40.23511,0
            -76.970743,40.234666,0
            -76.969042,40.234255,0
            -76.940049,40.231952,0
            -76.939979,40.231898,0
            -76.935261,40.231385,0
            -76.934832,40.231224,0
            -76.934076,40.230691,0
            -76.933846,40.230606,0
            -76.933058,40.230639,0
            -76.932814,40.230586,0
            -76.932508,40.230356,0
            -76.932415,40.230074,0
            -76.932304,40.230009,0
            -76.932327,40.228732,0
            -76.932754,40.226984,0
            -76.933826,40.224964,0
            -76.935645,40.223006,0
            -76.941635,40.218471,0
            -76.969395,40.201934,0
            -76.970556,40.201062,0
            -76.976973,40.193915,0
            -76.977072,40.193887,0
            -76.977822,40.193117,0
            -76.978148,40.192969,0
            -76.978706,40.192931,0
            -76.981343,40.193535,0
            -76.981473,40.19313,0
            -76.981736,40.19306,0
            -76.9817,40.1929,0
            -76.981903,40.192865,0
          </coordinates>
        </LineString>
      </Placemark>
      <Placemark>
        <name>Dollar Tree</name>
        <description><![CDATA[description: Dollar store from 2018-05-23T19:56:46.000Z to 2018-05-23T20:19:40.000Z. Distance 0m<br>Email: syugen.zhou@gmail.com<br>Category: Dollar store<br>Distance: 0]]></description>
        <styleUrl>#icon-1739-0288D1</styleUrl>
        <ExtendedData>
          <Data name="description">
            <value>Dollar store from 2018-05-23T19:56:46.000Z to 2018-05-23T20:19:40.000Z. Distance 0m</value>
          </Data>
          <Data name="Email">
            <value>syugen.zhou@gmail.com</value>
          </Data>
          <Data name="Category">
            <value>Dollar store</value>
          </Data>
          <Data name="Distance">
            <value>0</value>
          </Data>
        </ExtendedData>
        <Point>
          <coordinates>
            -76.981889,40.192794,0
          </coordinates>
        </Point>
      </Placemark>
      <Placemark>
        <name>Driving</name>
        <description><![CDATA[description: Driving from 2018-05-23T20:19:40.539Z to 2018-05-23T20:58:45.001Z. Distance 50656m<br>Email: syugen.zhou@gmail.com<br>Category: Driving<br>Distance: 50656]]></description>
        <styleUrl>#line-A52714-5000</styleUrl>
        <ExtendedData>
          <Data name="description">
            <value>Driving from 2018-05-23T20:19:40.539Z to 2018-05-23T20:58:45.001Z. Distance 50656m</value>
          </Data>
          <Data name="Email">
            <value>syugen.zhou@gmail.com</value>
          </Data>
          <Data name="Category">
            <value>Driving</value>
          </Data>
          <Data name="Distance">
            <value>50656</value>
          </Data>
        </ExtendedData>
        <LineString>
          <tessellate>1</tessellate>
          <coordinates>
            -76.980599,40.192569,0
            -76.98129,40.192856,0
            -76.981355,40.192906,0
            -76.981432,40.193,0
            -76.981474,40.193146,0
            -76.981461,40.193242,0
            -76.981382,40.193445,0
            -76.978731,40.192827,0
            -76.97855,40.192727,0
            -76.978428,40.192624,0
            -76.978384,40.192566,0
            -76.978337,40.192453,0
            -76.978317,40.192337,0
            -76.978336,40.192186,0
            -76.979206,40.190753,0
            -76.979207,40.190627,0
            -76.988104,40.177273,0
            -76.989503,40.17545,0
            -76.991468,40.17328,0
            -76.999126,40.166008,0
            -77.006588,40.156895,0
            -77.007303,40.155792,0
            -77.008135,40.154087,0
            -77.008388,40.153424,0
            -77.008815,40.151896,0
            -77.009968,40.145184,0
            -77.010341,40.143817,0
            -77.010802,40.142499,0
            -77.011384,40.141186,0
            -77.012681,40.138856,0
            -77.013415,40.137791,0
            -77.014704,40.136193,0
            -77.015715,40.135119,0
            -77.021479,40.129484,0
            -77.023475,40.126923,0
            -77.02455,40.125765,0
            -77.025246,40.125202,0
            -77.026136,40.124571,0
            -77.027461,40.123796,0
            -77.032666,40.121468,0
            -77.033741,40.120907,0
            -77.034522,40.120417,0
            -77.035492,40.119716,0
            -77.03634,40.11886,0
            -77.036902,40.118147,0
            -77.037609,40.11704,0
            -77.040012,40.112312,0
            -77.040785,40.110323,0
            -77.041601,40.106784,0
            -77.041957,40.105612,0
            -77.045188,40.097172,0
            -77.04951,40.083333,0
            -77.050123,40.081639,0
            -77.050706,40.080332,0
            -77.052336,40.077352,0
            -77.053252,40.076,0
            -77.055464,40.073239,0
            -77.06255,40.065323,0
            -77.064169,40.063239,0
            -77.065158,40.061756,0
            -77.065908,40.060484,0
            -77.076887,40.038436,0
            -77.078511,40.03585,0
            -77.080302,40.033566,0
            -77.081951,40.031779,0
            -77.097832,40.016421,0
            -77.098806,40.015271,0
            -77.099497,40.014285,0
            -77.101362,40.011159,0
            -77.101775,40.010265,0
            -77.101952,40.009725,0
            -77.102415,40.006975,0
            -77.102676,40.005901,0
            -77.103025,40.00488,0
            -77.103539,40.003821,0
            -77.104527,40.002411,0
            -77.105534,40.00138,0
            -77.119093,39.989737,0
            -77.119849,39.98889,0
            -77.126809,39.977718,0
            -77.127076,39.977107,0
            -77.127243,39.976557,0
            -77.129729,39.964163,0
            -77.130122,39.962793,0
            -77.136817,39.944627,0
            -77.137108,39.944084,0
            -77.137496,39.943528,0
            -77.138164,39.942794,0
            -77.138571,39.942438,0
            -77.155872,39.929434,0
            -77.157072,39.928405,0
            -77.15788,39.927603,0
            -77.158617,39.926766,0
            -77.159597,39.925446,0
            -77.160186,39.924453,0
            -77.160649,39.923507,0
            -77.167416,39.907338,0
            -77.167919,39.906386,0
            -77.168569,39.905366,0
            -77.169151,39.904586,0
            -77.183475,39.887613,0
            -77.184061,39.886742,0
            -77.196448,39.865569,0
            -77.197005,39.86449,0
            -77.197519,39.863223,0
            -77.197984,39.861485,0
            -77.198172,39.860165,0
            -77.19821,39.858965,0
            -77.198167,39.858105,0
            -77.198041,39.857124,0
            -77.194844,39.844143,0
            -77.194662,39.842844,0
            -77.194617,39.840962,0
            -77.194707,39.839964,0
            -77.194847,39.839181,0
            -77.198396,39.824723,0
            -77.198479,39.824072,0
            -77.198509,39.823222,0
            -77.198454,39.822419,0
            -77.198293,39.821492,0
            -77.197881,39.820219,0
            -77.195075,39.814146,0
            -77.194661,39.812758,0
            -77.194537,39.811997,0
            -77.194487,39.811253,0
            -77.19455,39.810064,0
            -77.194793,39.808877,0
            -77.195007,39.808231,0
            -77.195355,39.807415,0
            -77.19574,39.806709,0
            -77.199361,39.801578,0
            -77.199513,39.80146,0
            -77.199737,39.801159,0
            -77.201395,39.799569,0
            -77.208948,39.804029,0
            -77.210559,39.804751,0
            -77.215521,39.806517,0
            -77.216126,39.806796,0
            -77.216502,39.807011,0
            -77.21704,39.807381,0
            -77.217739,39.808004,0
            -77.221555,39.812241,0
            -77.222492,39.811775,0
            -77.223122,39.811523,0
            -77.224055,39.811329,0
            -77.224126,39.811285,0
            -77.224185,39.811226,0
            -77.224221,39.811158,0
            -77.224236,39.811087,0
            -77.224229,39.811015,0
            -77.224197,39.810946,0
            -77.224129,39.810871,0
            -77.224077,39.810838,0
            -77.223633,39.81069,0
            -77.223741,39.810591,0
            -77.224031,39.810442,0
          </coordinates>
        </LineString>
      </Placemark>
      <Placemark>
        <name>Gettysburg National Military Park</name>
        <description><![CDATA[description: Historical place from 2018-05-23T20:58:45.001Z to 2018-05-23T21:26:12.000Z. Distance 0m<br>Email: syugen.zhou@gmail.com<br>Category: Historical place<br>Distance: 0]]></description>
        <styleUrl>#icon-1535-0288D1</styleUrl>
        <ExtendedData>
          <Data name="description">
            <value>Historical place from 2018-05-23T20:58:45.001Z to 2018-05-23T21:26:12.000Z. Distance 0m</value>
          </Data>
          <Data name="Email">
            <value>syugen.zhou@gmail.com</value>
          </Data>
          <Data name="Category">
            <value>Historical place</value>
          </Data>
          <Data name="Distance">
            <value>0</value>
          </Data>
        </ExtendedData>
        <Point>
          <coordinates>
            -77.235856,39.813615,0
          </coordinates>
        </Point>
      </Placemark>
      <Placemark>
        <name>Driving</name>
        <description><![CDATA[description: Driving from 2018-05-23T21:26:12.000Z to 2018-05-23T22:14:39.000Z. Distance 13593m<br>Email: syugen.zhou@gmail.com<br>Category: Driving<br>Distance: 13593]]></description>
        <styleUrl>#line-A52714-5000</styleUrl>
        <ExtendedData>
          <Data name="description">
            <value>Driving from 2018-05-23T21:26:12.000Z to 2018-05-23T22:14:39.000Z. Distance 13593m</value>
          </Data>
          <Data name="Email">
            <value>syugen.zhou@gmail.com</value>
          </Data>
          <Data name="Category">
            <value>Driving</value>
          </Data>
          <Data name="Distance">
            <value>13593</value>
          </Data>
        </ExtendedData>
        <LineString>
          <tessellate>1</tessellate>
          <coordinates>
            -77.22408,39.810422,0
            -77.22426,39.810355,0
            -77.224393,39.810317,0
            -77.224675,39.810258,0
            -77.224601,39.810122,0
            -77.224549,39.81006,0
            -77.224427,39.80995,0
            -77.224241,39.809823,0
            -77.224176,39.809746,0
            -77.22413,39.809662,0
            -77.224107,39.809574,0
            -77.224115,39.809404,0
            -77.224239,39.809428,0
            -77.224581,39.809562,0
            -77.2247,39.809598,0
            -77.224822,39.809625,0
            -77.224948,39.809639,0
            -77.225074,39.809645,0
            -77.225215,39.809639,0
            -77.2254,39.809615,0
            -77.225789,39.809532,0
            -77.225998,39.809499,0
            -77.226103,39.809494,0
            -77.226209,39.809508,0
            -77.226311,39.809534,0
            -77.226409,39.80957,0
            -77.226503,39.809619,0
            -77.226587,39.809678,0
            -77.22668,39.809775,0
            -77.226705,39.809811,0
            -77.22676,39.809925,0
            -77.226863,39.810258,0
            -77.22692,39.810396,0
            -77.227,39.810526,0
            -77.227106,39.810644,0
            -77.227243,39.810754,0
            -77.227393,39.810848,0
            -77.227476,39.810886,0
            -77.227653,39.810951,0
            -77.227999,39.811037,0
            -77.228265,39.811077,0
            -77.228937,39.811101,0
            -77.22922,39.811143,0
            -77.229399,39.811194,0
            -77.22957,39.811266,0
            -77.229721,39.81135,0
            -77.229854,39.811444,0
            -77.229971,39.811554,0
            -77.230069,39.811672,0
            -77.230144,39.811801,0
            -77.230322,39.812282,0
            -77.230358,39.812349,0
            -77.230455,39.812466,0
            -77.230527,39.812517,0
            -77.230606,39.812556,0
            -77.230782,39.812606,0
            -77.23086,39.812616,0
            -77.23094,39.812616,0
            -77.231462,39.812559,0
            -77.232424,39.817345,0
            -77.232998,39.82141,0
            -77.233293,39.824857,0
            -77.233326,39.829712,0
            -77.243908,39.829644,0
            -77.244079,39.829616,0
            -77.250595,39.827569,0
            -77.252867,39.826894,0
            -77.252873,39.827049,0
            -77.252828,39.827214,0
            -77.250334,39.834481,0
            -77.250174,39.834793,0
            -77.249017,39.836566,0
            -77.247814,39.83822,0
            -77.2466,39.840248,0
            -77.246757,39.840304,0
            -77.24925,39.841527,0
            -77.24936,39.841598,0
            -77.249389,39.841628,0
            -77.249428,39.841696,0
            -77.249431,39.841737,0
            -77.249417,39.841794,0
            -77.249339,39.841917,0
            -77.246403,39.845593,0
            -77.246204,39.845869,0
            -77.246137,39.846007,0
            -77.246099,39.846125,0
            -77.246028,39.846728,0
            -77.245975,39.8469,0
            -77.245869,39.847071,0
            -77.245428,39.847563,0
            -77.24481,39.848114,0
            -77.244693,39.848198,0
            -77.244611,39.848228,0
            -77.244508,39.84825,0
            -77.244387,39.848257,0
            -77.24428,39.848241,0
            -77.244169,39.848209,0
            -77.242711,39.847392,0
            -77.242634,39.847325,0
            -77.242585,39.84726,0
            -77.242544,39.84718,0
            -77.242491,39.847027,0
            -77.242066,39.844794,0
            -77.242029,39.844156,0
            -77.241947,39.843524,0
            -77.241952,39.843464,0
            -77.243675,39.839422,0
            -77.24371,39.839386,0
            -77.243744,39.839364,0
            -77.243781,39.839347,0
            -77.243822,39.839337,0
            -77.243869,39.839336,0
            -77.245133,39.839477,0
            -77.245249,39.839515,0
            -77.246449,39.840192,0
            -77.2466,39.840248,0
            -77.247814,39.83822,0
            -77.249017,39.836566,0
            -77.24225,39.833461,0
            -77.242172,39.829663,0
            -77.243908,39.829644,0
            -77.244079,39.829616,0
            -77.244195,39.828775,0
            -77.244257,39.828474,0
            -77.244802,39.826758,0
            -77.245003,39.825937,0
            -77.24508,39.825511,0
            -77.24529,39.82324,0
            -77.245326,39.822483,0
            -77.245368,39.82224,0
            -77.24546,39.822019,0
            -77.24813,39.817808,0
            -77.249614,39.81564,0
            -77.250055,39.815066,0
            -77.250319,39.814635,0
            -77.250523,39.814344,0
            -77.256433,39.806942,0
            -77.256474,39.806834,0
            -77.256503,39.806706,0
            -77.256505,39.806586,0
            -77.256492,39.806476,0
            -77.256209,39.805459,0
            -77.256126,39.804677,0
            -77.256047,39.803451,0
            -77.256053,39.803337,0
            -77.256295,39.801696,0
            -77.256349,39.801485,0
            -77.256283,39.800049,0
            -77.25626,39.799901,0
            -77.256219,39.799765,0
            -77.25591,39.799062,0
            -77.255876,39.79891,0
            -77.255032,39.793236,0
            -77.254858,39.792284,0
            -77.253975,39.789323,0
            -77.253953,39.789137,0
            -77.25395,39.788595,0
            -77.25408,39.787481,0
            -77.254187,39.785937,0
            -77.25417,39.785674,0
            -77.254106,39.78548,0
            -77.254009,39.785309,0
            -77.253681,39.785,0
            -77.253282,39.784769,0
            -77.252927,39.78465,0
            -77.25264,39.784539,0
            -77.25206,39.78445,0
            -77.251757,39.784426,0
            -77.251455,39.784425,0
            -77.251055,39.784453,0
            -77.250718,39.784536,0
            -77.250442,39.784662,0
            -77.250247,39.784803,0
            -77.250054,39.784985,0
            -77.249711,39.785395,0
            -77.249517,39.785543,0
            -77.249191,39.785693,0
            -77.248798,39.785753,0
            -77.248275,39.785786,0
            -77.247841,39.785759,0
            -77.247431,39.785689,0
            -77.246939,39.785545,0
            -77.246674,39.785442,0
            -77.246374,39.785293,0
            -77.246023,39.785097,0
            -77.245713,39.784944,0
            -77.245453,39.784852,0
            -77.245281,39.784809,0
            -77.245085,39.784812,0
            -77.244841,39.784844,0
            -77.244593,39.784902,0
            -77.244534,39.784928,0
          </coordinates>
        </LineString>
      </Placemark>
      <Placemark>
        <name>Driving</name>
        <description><![CDATA[description: Driving from 2018-05-23T23:01:57.000Z to 2018-05-24T00:38:23.000Z. Distance 95937m<br>Email: syugen.zhou@gmail.com<br>Category: Driving<br>Distance: 95937]]></description>
        <styleUrl>#line-A52714-5000</styleUrl>
        <ExtendedData>
          <Data name="description">
            <value>Driving from 2018-05-23T23:01:57.000Z to 2018-05-24T00:38:23.000Z. Distance 95937m</value>
          </Data>
          <Data name="Email">
            <value>syugen.zhou@gmail.com</value>
          </Data>
          <Data name="Category">
            <value>Driving</value>
          </Data>
          <Data name="Distance">
            <value>95937</value>
          </Data>
        </ExtendedData>
        <LineString>
          <tessellate>1</tessellate>
          <coordinates>
            -77.235501,39.812508,0
            -77.235465,39.813067,0
            -77.2354,39.813345,0
            -77.235285,39.815605,0
            -77.235116,39.815828,0
            -77.234807,39.816503,0
            -77.234783,39.816672,0
            -77.234823,39.816903,0
            -77.235166,39.816837,0
            -77.235387,39.816831,0
            -77.235719,39.816895,0
            -77.236154,39.817076,0
            -77.23127,39.823986,0
            -77.231158,39.824054,0
            -77.231019,39.824056,0
            -77.231111,39.830778,0
            -77.231062,39.830784,0
            -77.230986,39.830819,0
            -77.230948,39.830858,0
            -77.230927,39.830915,0
            -77.230933,39.830967,0
            -77.230977,39.831026,0
            -77.231038,39.83106,0
            -77.231112,39.831074,0
            -77.231192,39.831062,0
            -77.231277,39.830997,0
            -77.231296,39.830917,0
            -77.233312,39.830899,0
            -77.233319,39.831344,0
            -77.233175,39.831342,0
            -77.23316,39.831006,0
            -77.233143,39.830998,0
            -77.233004,39.831003,0
            -77.233143,39.830998,0
            -77.23316,39.831006,0
            -77.233175,39.831342,0
            -77.233319,39.831344,0
            -77.233312,39.830899,0
            -77.231296,39.830917,0
            -77.231249,39.830824,0
            -77.23118,39.830786,0
            -77.231062,39.830784,0
            -77.230986,39.830819,0
            -77.230948,39.830858,0
            -77.230927,39.830915,0
            -77.219778,39.831018,0
            -77.217266,39.830898,0
            -77.216947,39.830831,0
            -77.204375,39.826507,0
            -77.199078,39.824919,0
            -77.199094,39.824716,0
            -77.198491,39.822202,0
            -77.198411,39.82212,0
            -77.198094,39.820779,0
            -77.195075,39.814146,0
            -77.194661,39.812758,0
            -77.194487,39.811253,0
            -77.19455,39.810064,0
            -77.194793,39.808877,0
            -77.195355,39.807415,0
            -77.19574,39.806709,0
            -77.202682,39.796929,0
            -77.203583,39.795889,0
            -77.205204,39.794368,0
            -77.207333,39.792835,0
            -77.212927,39.78975,0
            -77.214361,39.788847,0
            -77.216933,39.786998,0
            -77.224696,39.780084,0
            -77.226431,39.778761,0
            -77.22848,39.7774,0
            -77.231069,39.775899,0
            -77.233142,39.774871,0
            -77.236244,39.77357,0
            -77.25782,39.76589,0
            -77.258609,39.76555,0
            -77.260111,39.764741,0
            -77.261083,39.764073,0
            -77.261833,39.763461,0
            -77.262971,39.7623,0
            -77.274669,39.746622,0
            -77.275168,39.746072,0
            -77.276193,39.745187,0
            -77.277644,39.744302,0
            -77.295611,39.73691,0
            -77.29629,39.736575,0
            -77.297787,39.73555,0
            -77.298592,39.734804,0
            -77.299032,39.734299,0
            -77.299716,39.733276,0
            -77.311704,39.711007,0
            -77.31212,39.709909,0
            -77.314702,39.701313,0
            -77.315463,39.699629,0
            -77.316101,39.698648,0
            -77.316744,39.697864,0
            -77.32224,39.692354,0
            -77.323723,39.691195,0
            -77.32498,39.690538,0
            -77.326061,39.690111,0
            -77.339718,39.686651,0
            -77.34097,39.68627,0
            -77.343049,39.685458,0
            -77.344868,39.684544,0
            -77.345651,39.684082,0
            -77.34744,39.68284,0
            -77.348518,39.681909,0
            -77.352621,39.677655,0
            -77.354364,39.676018,0
            -77.368542,39.665272,0
            -77.372993,39.661266,0
            -77.374071,39.660512,0
            -77.377119,39.658797,0
            -77.378744,39.657593,0
            -77.384233,39.652071,0
            -77.384621,39.651758,0
            -77.385678,39.651084,0
            -77.386574,39.650672,0
            -77.387867,39.650269,0
            -77.390361,39.649767,0
            -77.390892,39.649593,0
            -77.393409,39.648427,0
            -77.394164,39.647984,0
            -77.395381,39.647066,0
            -77.396233,39.646217,0
            -77.398171,39.643811,0
            -77.399309,39.64269,0
            -77.404793,39.638314,0
            -77.406673,39.637081,0
            -77.412255,39.634202,0
            -77.413135,39.633679,0
            -77.414845,39.632497,0
            -77.415307,39.632115,0
            -77.415947,39.631445,0
            -77.416455,39.630752,0
            -77.416826,39.63005,0
            -77.418314,39.626296,0
            -77.41848,39.624951,0
            -77.418372,39.623842,0
            -77.417552,39.621345,0
            -77.417396,39.620609,0
            -77.417372,39.619359,0
            -77.417587,39.618537,0
            -77.418089,39.617448,0
            -77.418302,39.61711,0
            -77.421283,39.613349,0
            -77.42447,39.608033,0
            -77.429933,39.60029,0
            -77.430925,39.598292,0
            -77.431623,39.596001,0
            -77.432144,39.593326,0
            -77.434867,39.585495,0
            -77.435363,39.583753,0
            -77.435709,39.581877,0
            -77.435693,39.580386,0
            -77.43535,39.57846,0
            -77.434681,39.576167,0
            -77.433971,39.574518,0
            -77.4333,39.572454,0
            -77.431105,39.563296,0
            -77.430727,39.560707,0
            -77.430427,39.554999,0
            -77.430181,39.553761,0
            -77.4297,39.552304,0
            -77.426792,39.546053,0
            -77.426219,39.544523,0
            -77.425642,39.542496,0
            -77.423393,39.531691,0
            -77.422734,39.529778,0
            -77.422078,39.528456,0
            -77.420752,39.526486,0
            -77.401032,39.503267,0
            -77.400112,39.501846,0
            -77.399197,39.499884,0
            -77.398791,39.498562,0
            -77.398463,39.496601,0
            -77.398155,39.488922,0
            -77.397039,39.482838,0
            -77.397039,39.480634,0
            -77.397351,39.478922,0
            -77.397661,39.477948,0
            -77.398277,39.476545,0
            -77.400397,39.473225,0
            -77.401036,39.472026,0
            -77.401455,39.471029,0
            -77.401787,39.469973,0
            -77.402135,39.468203,0
            -77.402177,39.466157,0
            -77.400813,39.459214,0
            -77.39962,39.455783,0
            -77.399526,39.455226,0
            -77.399526,39.454802,0
            -77.399661,39.454033,0
            -77.404209,39.441587,0
            -77.404823,39.440596,0
            -77.405404,39.439878,0
            -77.406421,39.438923,0
            -77.416701,39.430763,0
            -77.418203,39.429743,0
            -77.429832,39.423068,0
            -77.430668,39.422468,0
            -77.431854,39.421431,0
            -77.432537,39.420706,0
            -77.433198,39.419864,0
            -77.433845,39.418807,0
            -77.434253,39.417955,0
            -77.43651,39.411044,0
            -77.4366,39.410528,0
            -77.436607,39.410074,0
            -77.436511,39.409468,0
            -77.43632,39.408935,0
            -77.436088,39.408509,0
            -77.435807,39.408135,0
            -77.435262,39.40763,0
            -77.43524,39.40753,0
            -77.435082,39.407375,0
            -77.43469,39.406828,0
            -77.434566,39.406562,0
            -77.434508,39.406326,0
            -77.434508,39.406132,0
            -77.434655,39.405803,0
            -77.434876,39.405551,0
            -77.436077,39.404763,0
            -77.436646,39.404291,0
            -77.439962,39.400366,0
            -77.440005,39.400275,0
            -77.441753,39.398379,0
            -77.443591,39.396672,0
            -77.45283,39.388867,0
            -77.453861,39.388149,0
            -77.455698,39.387047,0
            -77.481602,39.374354,0
            -77.484166,39.373352,0
            -77.495733,39.370175,0
            -77.496773,39.369804,0
            -77.497657,39.369395,0
            -77.500791,39.367422,0
            -77.501754,39.366925,0
            -77.504998,39.365621,0
            -77.508375,39.363872,0
            -77.509112,39.36357,0
            -77.50976,39.363376,0
            -77.511,39.363161,0
            -77.512242,39.36313,0
            -77.518979,39.3636,0
            -77.520395,39.36358,0
            -77.521345,39.363479,0
            -77.522861,39.363167,0
            -77.524154,39.362736,0
            -77.530107,39.360199,0
            -77.531514,39.359705,0
            -77.532457,39.359457,0
            -77.534372,39.359134,0
            -77.567284,39.356642,0
            -77.568762,39.356389,0
            -77.569954,39.356062,0
            -77.572336,39.355221,0
            -77.573601,39.354891,0
            -77.57495,39.354714,0
            -77.57669,39.354685,0
            -77.578323,39.354838,0
            -77.57933,39.355041,0
            -77.582849,39.356165,0
            -77.584388,39.356505,0
            -77.585455,39.356642,0
            -77.587556,39.356695,0
            -77.589273,39.356517,0
            -77.619632,39.350901,0
            -77.621879,39.350353,0
            -77.623429,39.349837,0
            -77.625817,39.348793,0
            -77.626999,39.348143,0
            -77.647632,39.335443,0
            -77.649921,39.334347,0
            -77.652075,39.333523,0
            -77.654525,39.332794,0
            -77.656768,39.332324,0
            -77.664966,39.331095,0
            -77.667407,39.330901,0
            -77.670526,39.330811,0
            -77.674993,39.330422,0
            -77.676674,39.33035,0
            -77.681472,39.330359,0
            -77.682718,39.330496,0
            -77.683982,39.330823,0
            -77.684668,39.331084,0
            -77.686651,39.33207,0
            -77.688134,39.332662,0
            -77.688937,39.332906,0
            -77.690499,39.333264,0
            -77.692573,39.333497,0
            -77.694159,39.333499,0
            -77.69528,39.333421,0
            -77.696676,39.333195,0
            -77.698382,39.332756,0
            -77.699814,39.332236,0
            -77.701889,39.331146,0
            -77.70299,39.330337,0
            -77.704065,39.329271,0
            -77.709954,39.3211,0
            -77.710731,39.320382,0
            -77.710906,39.320291,0
            -77.711818,39.31998,0
            -77.713744,39.319666,0
            -77.714421,39.319629,0
            -77.714481,39.319612,0
            -77.715135,39.31966,0
            -77.715795,39.319782,0
            -77.716378,39.319955,0
            -77.718041,39.320733,0
            -77.718508,39.320904,0
            -77.719201,39.321045,0
            -77.720912,39.321096,0
            -77.723935,39.320846,0
            -77.724797,39.320873,0
            -77.726905,39.321119,0
            -77.727539,39.321098,0
            -77.728479,39.320931,0
            -77.733149,39.319261,0
            -77.734077,39.319069,0
            -77.73798,39.318737,0
            -77.738506,39.318744,0
            -77.73944,39.318906,0
            -77.740038,39.319099,0
            -77.740682,39.319425,0
            -77.741163,39.319784,0
            -77.742048,39.32061,0
            -77.742477,39.320919,0
            -77.743551,39.321465,0
            -77.744078,39.321634,0
            -77.744392,39.321692,0
            -77.745325,39.32174,0
            -77.745901,39.321683,0
            -77.7468,39.32143,0
            -77.747684,39.321012,0
            -77.7478,39.320896,0
            -77.749687,39.320009,0
            -77.750371,39.319752,0
            -77.751584,39.319451,0
            -77.752918,39.319337,0
            -77.757275,39.319545,0
            -77.757807,39.319481,0
            -77.75913,39.319096,0
            -77.759601,39.319905,0
            -77.759642,39.320042,0
            -77.759598,39.320209,0
            -77.759454,39.320366,0
            -77.748818,39.325781,0
            -77.748503,39.325875,0
            -77.745124,39.326418,0
            -77.744317,39.326457,0
            -77.744151,39.326439,0
            -77.743053,39.326115,0
            -77.739539,39.325515,0
            -77.734859,39.324971,0
            -77.733403,39.324716,0
            -77.733193,39.324644,0
            -77.730741,39.323334,0
            -77.730224,39.322899,0
            -77.731144,39.322323,0
            -77.731358,39.322258,0
            -77.733032,39.322028,0
            -77.733708,39.32203,0
            -77.735449,39.322338,0
            -77.738823,39.322567,0
            -77.742388,39.321912,0
            -77.743042,39.321849,0
            -77.743021,39.321685,0
            -77.743547,39.321629,0
            -77.743021,39.321685,0
            -77.743042,39.321849,0
            -77.742388,39.321912,0
            -77.738823,39.322567,0
            -77.735449,39.322338,0
            -77.733708,39.32203,0
            -77.733032,39.322028,0
            -77.731358,39.322258,0
            -77.731144,39.322323,0
            -77.729774,39.32321,0
            -77.731361,39.324162,0
            -77.73142,39.324322,0
            -77.731477,39.324382,0
            -77.731478,39.324457,0
            -77.731122,39.324297,0
          </coordinates>
        </LineString>
      </Placemark>
      <Placemark>
        <name>Lower Town Train Station</name>
        <description><![CDATA[description: Parking lot from 2018-05-24T00:38:23.000Z to 2018-05-24T09:58:48.000Z. Distance 0m<br>Email: syugen.zhou@gmail.com<br>Category: Parking lot<br>Distance: 0]]></description>
        <styleUrl>#icon-1602-0288D1</styleUrl>
        <ExtendedData>
          <Data name="description">
            <value>Parking lot from 2018-05-24T00:38:23.000Z to 2018-05-24T09:58:48.000Z. Distance 0m</value>
          </Data>
          <Data name="Email">
            <value>syugen.zhou@gmail.com</value>
          </Data>
          <Data name="Category">
            <value>Parking lot</value>
          </Data>
          <Data name="Distance">
            <value>0</value>
          </Data>
        </ExtendedData>
        <Point>
          <coordinates>
            -77.731218,39.324391,0
          </coordinates>
        </Point>
      </Placemark>
    </Folder>
  </Document>
</kml>
