<?xml version="1.0" encoding="UTF-8"?>
<kml xmlns="http://www.opengis.net/kml/2.2">
  <Document>
    <name>47-europe</name>
    <description/>
    <Style id="icon-1535-0288D1-normal">
      <IconStyle>
        <color>ffd18802</color>
        <scale>1</scale>
        <Icon>
          <href>https://www.gstatic.com/mapspro/images/stock/503-wht-blank_maps.png</href>
        </Icon>
      </IconStyle>
      <LabelStyle>
        <scale>0</scale>
      </LabelStyle>
    </Style>
    <Style id="icon-1535-0288D1-highlight">
      <IconStyle>
        <color>ffd18802</color>
        <scale>1</scale>
        <Icon>
          <href>https://www.gstatic.com/mapspro/images/stock/503-wht-blank_maps.png</href>
        </Icon>
      </IconStyle>
      <LabelStyle>
        <scale>1</scale>
      </LabelStyle>
    </Style>
    <StyleMap id="icon-1535-0288D1">
      <Pair>
        <key>normal</key>
        <styleUrl>#icon-1535-0288D1-normal</styleUrl>
      </Pair>
      <Pair>
        <key>highlight</key>
        <styleUrl>#icon-1535-0288D1-highlight</styleUrl>
      </Pair>
    </StyleMap>
    <Style id="icon-1602-0288D1-normal">
      <IconStyle>
        <color>ffd18802</color>
        <scale>1</scale>
        <Icon>
          <href>https://www.gstatic.com/mapspro/images/stock/503-wht-blank_maps.png</href>
        </Icon>
      </IconStyle>
      <LabelStyle>
        <scale>0</scale>
      </LabelStyle>
    </Style>
    <Style id="icon-1602-0288D1-highlight">
      <IconStyle>
        <color>ffd18802</color>
        <scale>1</scale>
        <Icon>
          <href>https://www.gstatic.com/mapspro/images/stock/503-wht-blank_maps.png</href>
        </Icon>
      </IconStyle>
      <LabelStyle>
        <scale>1</scale>
      </LabelStyle>
    </Style>
    <StyleMap id="icon-1602-0288D1">
      <Pair>
        <key>normal</key>
        <styleUrl>#icon-1602-0288D1-normal</styleUrl>
      </Pair>
      <Pair>
        <key>highlight</key>
        <styleUrl>#icon-1602-0288D1-highlight</styleUrl>
      </Pair>
    </StyleMap>
    <Style id="icon-1739-0288D1-normal">
      <IconStyle>
        <color>ffd18802</color>
        <scale>1</scale>
        <Icon>
          <href>https://www.gstatic.com/mapspro/images/stock/503-wht-blank_maps.png</href>
        </Icon>
      </IconStyle>
      <LabelStyle>
        <scale>0</scale>
      </LabelStyle>
    </Style>
    <Style id="icon-1739-0288D1-highlight">
      <IconStyle>
        <color>ffd18802</color>
        <scale>1</scale>
        <Icon>
          <href>https://www.gstatic.com/mapspro/images/stock/503-wht-blank_maps.png</href>
        </Icon>
      </IconStyle>
      <LabelStyle>
        <scale>1</scale>
      </LabelStyle>
    </Style>
    <StyleMap id="icon-1739-0288D1">
      <Pair>
        <key>normal</key>
        <styleUrl>#icon-1739-0288D1-normal</styleUrl>
      </Pair>
      <Pair>
        <key>highlight</key>
        <styleUrl>#icon-1739-0288D1-highlight</styleUrl>
      </Pair>
    </StyleMap>
    <Style id="line-0097A7-5000-normal">
      <LineStyle>
        <color>ffa79700</color>
        <width>5</width>
      </LineStyle>
    </Style>
    <Style id="line-0097A7-5000-highlight">
      <LineStyle>
        <color>ffa79700</color>
        <width>7.5</width>
      </LineStyle>
    </Style>
    <StyleMap id="line-0097A7-5000">
      <Pair>
        <key>normal</key>
        <styleUrl>#line-0097A7-5000-normal</styleUrl>
      </Pair>
      <Pair>
        <key>highlight</key>
        <styleUrl>#line-0097A7-5000-highlight</styleUrl>
      </Pair>
    </StyleMap>
    <Style id="line-01579B-5000-normal">
      <LineStyle>
        <color>ff9b5701</color>
        <width>5</width>
      </LineStyle>
    </Style>
    <Style id="line-01579B-5000-highlight">
      <LineStyle>
        <color>ff9b5701</color>
        <width>7.5</width>
      </LineStyle>
    </Style>
    <StyleMap id="line-01579B-5000">
      <Pair>
        <key>normal</key>
        <styleUrl>#line-01579B-5000-normal</styleUrl>
      </Pair>
      <Pair>
        <key>highlight</key>
        <styleUrl>#line-01579B-5000-highlight</styleUrl>
      </Pair>
    </StyleMap>
    <Style id="line-7CB342-5000-normal">
      <LineStyle>
        <color>ff42b37c</color>
        <width>5</width>
      </LineStyle>
    </Style>
    <Style id="line-7CB342-5000-highlight">
      <LineStyle>
        <color>ff42b37c</color>
        <width>7.5</width>
      </LineStyle>
    </Style>
    <StyleMap id="line-7CB342-5000">
      <Pair>
        <key>normal</key>
        <styleUrl>#line-7CB342-5000-normal</styleUrl>
      </Pair>
      <Pair>
        <key>highlight</key>
        <styleUrl>#line-7CB342-5000-highlight</styleUrl>
      </Pair>
    </StyleMap>
    <Style id="line-9C27B0-5000-normal">
      <LineStyle>
        <color>ffb0279c</color>
        <width>5</width>
      </LineStyle>
    </Style>
    <Style id="line-9C27B0-5000-highlight">
      <LineStyle>
        <color>ffb0279c</color>
        <width>7.5</width>
      </LineStyle>
    </Style>
    <StyleMap id="line-9C27B0-5000">
      <Pair>
        <key>normal</key>
        <styleUrl>#line-9C27B0-5000-normal</styleUrl>
      </Pair>
      <Pair>
        <key>highlight</key>
        <styleUrl>#line-9C27B0-5000-highlight</styleUrl>
      </Pair>
    </StyleMap>
    <Style id="line-A52714-5000-normal">
      <LineStyle>
        <color>ff1427a5</color>
        <width>5</width>
      </LineStyle>
    </Style>
    <Style id="line-A52714-5000-highlight">
      <LineStyle>
        <color>ff1427a5</color>
        <width>7.5</width>
      </LineStyle>
    </Style>
    <StyleMap id="line-A52714-5000">
      <Pair>
        <key>normal</key>
        <styleUrl>#line-A52714-5000-normal</styleUrl>
      </Pair>
      <Pair>
        <key>highlight</key>
        <styleUrl>#line-A52714-5000-highlight</styleUrl>
      </Pair>
    </StyleMap>
    <Style id="line-F9A825-5000-normal">
      <LineStyle>
        <color>ff25a8f9</color>
        <width>5</width>
      </LineStyle>
    </Style>
    <Style id="line-F9A825-5000-highlight">
      <LineStyle>
        <color>ff25a8f9</color>
        <width>7.5</width>
      </LineStyle>
    </Style>
    <StyleMap id="line-F9A825-5000">
      <Pair>
        <key>normal</key>
        <styleUrl>#line-F9A825-5000-normal</styleUrl>
      </Pair>
      <Pair>
        <key>highlight</key>
        <styleUrl>#line-F9A825-5000-highlight</styleUrl>
      </Pair>
    </StyleMap>
    <Style id="line-FFEA00-5000-normal">
      <LineStyle>
        <color>ff00eaff</color>
        <width>5</width>
      </LineStyle>
    </Style>
    <Style id="line-FFEA00-5000-highlight">
      <LineStyle>
        <color>ff00eaff</color>
        <width>7.5</width>
      </LineStyle>
    </Style>
    <StyleMap id="line-FFEA00-5000">
      <Pair>
        <key>normal</key>
        <styleUrl>#line-FFEA00-5000-normal</styleUrl>
      </Pair>
      <Pair>
        <key>highlight</key>
        <styleUrl>#line-FFEA00-5000-highlight</styleUrl>
      </Pair>
    </StyleMap>
    <Folder>
      <name>2019-12-31</name>
      <Placemark>
        <name>Hilton Prague</name>
        <description><![CDATA[description: Hotel from 2019-12-30T19:40:55.000Z to 2019-12-31T08:34:24.000Z. Distance 0m<br>Email: syugen.zhou@gmail.com<br>Category: Hotel<br>Distance: 0]]></description>
        <styleUrl>#icon-1602-0288D1</styleUrl>
        <ExtendedData>
          <Data name="description">
            <value>Hotel from 2019-12-30T19:40:55.000Z to 2019-12-31T08:34:24.000Z. Distance 0m</value>
          </Data>
          <Data name="Email">
            <value>syugen.zhou@gmail.com</value>
          </Data>
          <Data name="Category">
            <value>Hotel</value>
          </Data>
          <Data name="Distance">
            <value>0</value>
          </Data>
        </ExtendedData>
        <Point>
          <coordinates>
            14.439171,50.093401,0
          </coordinates>
        </Point>
      </Placemark>
      <Placemark>
        <name>Driving</name>
        <description><![CDATA[description: Driving from 2019-12-31T08:34:24.215Z to 2019-12-31T10:40:24.000Z. Distance 220006m<br>Email: syugen.zhou@gmail.com<br>Category: Driving<br>Distance: 220006]]></description>
        <styleUrl>#line-9C27B0-5000</styleUrl>
        <ExtendedData>
          <Data name="description">
            <value>Driving from 2019-12-31T08:34:24.215Z to 2019-12-31T10:40:24.000Z. Distance 220006m</value>
          </Data>
          <Data name="Email">
            <value>syugen.zhou@gmail.com</value>
          </Data>
          <Data name="Category">
            <value>Driving</value>
          </Data>
          <Data name="Distance">
            <value>220006</value>
          </Data>
        </ExtendedData>
        <LineString>
          <tessellate>1</tessellate>
          <coordinates>
            14.439898,50.094103,0
            14.428293,50.09329,0
            14.428415,50.092706,0
            14.427456,50.09265,0
            14.426705,50.095616,0
            14.426662,50.095635,0
            14.426519,50.095962,0
            14.426095,50.096289,0
            14.425693,50.096454,0
            14.423627,50.096881,0
            14.422927,50.097447,0
            14.42172,50.099745,0
            14.421519,50.09983,0
            14.412639,50.098467,0
            14.412566,50.098494,0
            14.411913,50.098432,0
            14.411731,50.098552,0
            14.41176,50.098648,0
            14.412053,50.098817,0
            14.412351,50.098816,0
            14.412535,50.098747,0
            14.412681,50.098576,0
            14.412681,50.098447,0
            14.41249,50.098236,0
            14.412029,50.098065,0
            14.405571,50.097703,0
            14.403596,50.097356,0
            14.392898,50.093593,0
            14.38968,50.092971,0
            14.387189,50.092094,0
            14.385174,50.090923,0
            14.383166,50.089426,0
            14.38136,50.088988,0
            14.380728,50.088517,0
            14.380305,50.087849,0
            14.379997,50.087713,0
            14.366781,50.08598,0
            14.363838,50.085272,0
            14.352262,50.081212,0
            14.344124,50.0791,0
            14.344793,50.078277,0
            14.345786,50.077916,0
            14.347407,50.077785,0
            14.348331,50.077536,0
            14.348617,50.077356,0
            14.348809,50.077076,0
            14.34874,50.076654,0
            14.34831,50.076346,0
            14.347838,50.076172,0
            14.344066,50.07578,0
            14.342359,50.075443,0
            14.340009,50.07458,0
            14.338372,50.073576,0
            14.335107,50.070144,0
            14.334954,50.069832,0
            14.335113,50.065235,0
            14.334887,50.064263,0
            14.333688,50.062168,0
            14.33361,50.061511,0
            14.334059,50.060705,0
            14.334547,50.060345,0
            14.335177,50.060073,0
            14.337757,50.059533,0
            14.338511,50.059222,0
            14.338961,50.058872,0
            14.339346,50.057959,0
            14.339227,50.057241,0
            14.339043,50.05702,0
            14.338849,50.056931,0
            14.337836,50.056887,0
            14.336812,50.056011,0
            14.335907,50.055721,0
            14.288993,50.05127,0
            14.275738,50.049232,0
            14.264661,50.048831,0
            14.256516,50.047853,0
            14.249797,50.046347,0
            14.225855,50.038644,0
            14.219822,50.036073,0
            14.213374,50.032414,0
            14.208219,50.028469,0
            14.200152,50.020768,0
            14.194677,50.016618,0
            14.188786,50.013196,0
            14.174714,50.006333,0
            14.169823,50.002616,0
            14.163262,49.995262,0
            14.160766,49.993561,0
            14.158057,49.992454,0
            14.144865,49.989591,0
            14.14122,49.987921,0
            14.134927,49.983201,0
            14.131748,49.981547,0
            14.129555,49.980807,0
            14.11669,49.978442,0
            14.111438,49.976618,0
            14.105736,49.973663,0
            14.093883,49.966114,0
            14.086612,49.962674,0
            14.07712,49.959569,0
            14.059238,49.955605,0
            14.052794,49.953728,0
            14.044081,49.950413,0
            14.037339,49.947172,0
            14.028486,49.941693,0
            14.02269,49.937057,0
            14.011888,49.926642,0
            14.004627,49.920996,0
            13.998353,49.917281,0
            13.987055,49.91217,0
            13.970169,49.905965,0
            13.948682,49.895574,0
            13.941739,49.893103,0
            13.926461,49.889276,0
            13.921932,49.887618,0
            13.918888,49.886051,0
            13.914876,49.883183,0
            13.906234,49.875332,0
            13.896301,49.867838,0
            13.887169,49.862171,0
            13.879355,49.858063,0
            13.872725,49.855045,0
            13.862363,49.85099,0
            13.848545,49.846723,0
            13.832192,49.843118,0
            13.791033,49.836756,0
            13.787713,49.83574,0
            13.784266,49.834072,0
            13.782201,49.832607,0
            13.775948,49.825853,0
            13.772808,49.823259,0
            13.763527,49.817589,0
            13.761741,49.815971,0
            13.760306,49.814147,0
            13.756303,49.805401,0
            13.754108,49.802558,0
            13.751797,49.800677,0
            13.749367,49.79927,0
            13.729989,49.792035,0
            13.725641,49.790133,0
            13.715115,49.784504,0
            13.713079,49.783634,0
            13.70944,49.78256,0
            13.706538,49.782079,0
            13.703573,49.781834,0
            13.69408,49.781784,0
            13.689232,49.781322,0
            13.681556,49.780057,0
            13.675889,49.7788,0
            13.668114,49.776567,0
            13.65955,49.773331,0
            13.653359,49.77038,0
            13.643675,49.764564,0
            13.636801,49.761352,0
            13.630421,49.759358,0
            13.625359,49.758299,0
            13.575743,49.752393,0
            13.568585,49.751197,0
            13.56177,49.749607,0
            13.55329,49.746878,0
            13.540301,49.741785,0
            13.535702,49.740537,0
            13.530819,49.739582,0
            13.51636,49.737976,0
            13.512363,49.737048,0
            13.507142,49.735069,0
            13.498534,49.730448,0
            13.495763,49.729451,0
            13.491257,49.728592,0
            13.484201,49.728215,0
            13.48017,49.727688,0
            13.470788,49.725211,0
            13.464249,49.722788,0
            13.460816,49.721158,0
            13.450034,49.714328,0
            13.440581,49.709549,0
            13.437171,49.707013,0
            13.433766,49.703444,0
            13.43231,49.701237,0
            13.43062,49.697031,0
            13.430488,49.69173,0
            13.430135,49.690004,0
            13.429558,49.688728,0
            13.428156,49.686871,0
            13.426935,49.68577,0
            13.424099,49.684048,0
            13.421745,49.683121,0
            13.41765,49.681931,0
            13.41501,49.681389,0
            13.410533,49.680839,0
            13.403688,49.680822,0
            13.397294,49.681718,0
            13.386053,49.684814,0
            13.382972,49.685407,0
            13.377057,49.68601,0
            13.371893,49.686013,0
            13.361447,49.685119,0
            13.356788,49.684364,0
            13.349311,49.682605,0
            13.336382,49.678793,0
            13.332622,49.678046,0
            13.327174,49.677387,0
            13.318939,49.677279,0
            13.313255,49.67791,0
            13.310294,49.678656,0
            13.308362,49.679377,0
            13.30551,49.680958,0
            13.304069,49.682062,0
            13.302373,49.683885,0
            13.288678,49.703687,0
            13.286741,49.70566,0
            13.284846,49.706979,0
            13.282169,49.708288,0
            13.278362,49.709414,0
            13.275619,49.709822,0
            13.272902,49.709942,0
            13.263952,49.709294,0
            13.261452,49.709382,0
            13.253785,49.710224,0
            13.250437,49.710252,0
            13.247299,49.709997,0
            13.19792,49.702032,0
            13.19423,49.701842,0
            13.190141,49.702083,0
            13.185218,49.703053,0
            13.180479,49.704852,0
            13.171826,49.71041,0
            13.167502,49.712176,0
            13.163065,49.713141,0
            13.160677,49.713364,0
            13.150921,49.713271,0
            13.146525,49.713499,0
            13.140123,49.714455,0
            13.110589,49.721952,0
            13.103771,49.722773,0
            13.094313,49.723257,0
            13.08653,49.723054,0
            13.083271,49.722626,0
            13.078273,49.721419,0
            13.074667,49.720059,0
            13.071402,49.718351,0
            13.063435,49.713262,0
            13.059827,49.7115,0
            13.05504,49.709671,0
            13.048106,49.707846,0
            13.045095,49.707396,0
            13.041331,49.707133,0
            13.014069,49.706785,0
            13.01041,49.706346,0
            12.992802,49.702737,0
            12.989756,49.702492,0
            12.983741,49.702607,0
            12.948926,49.707176,0
            12.944568,49.70827,0
            12.922324,49.716964,0
            12.916583,49.718474,0
            12.903809,49.719975,0
            12.900478,49.720617,0
            12.895702,49.722193,0
            12.88911,49.725336,0
            12.884944,49.726981,0
            12.870835,49.731114,0
            12.866182,49.732828,0
            12.858895,49.736408,0
            12.848927,49.742741,0
            12.840532,49.746755,0
            12.833869,49.749074,0
            12.830364,49.750006,0
            12.823349,49.751383,0
            12.818156,49.752011,0
            12.814419,49.752185,0
            12.808479,49.751927,0
            12.804562,49.751387,0
            12.794062,49.749218,0
            12.763996,49.744702,0
            12.752813,49.741377,0
            12.748771,49.74051,0
            12.742031,49.739487,0
            12.738291,49.738597,0
            12.734209,49.737058,0
            12.731834,49.735808,0
            12.729768,49.734425,0
            12.72773,49.732647,0
            12.72549,49.729828,0
            12.721807,49.72361,0
            12.719537,49.721224,0
            12.717809,49.719802,0
            12.709437,49.714149,0
            12.700237,49.706438,0
            12.694207,49.702327,0
            12.686679,49.698576,0
            12.681474,49.696628,0
            12.663859,49.691866,0
            12.660844,49.690582,0
            12.657306,49.688584,0
            12.651182,49.684081,0
            12.647618,49.682307,0
            12.644296,49.681263,0
            12.641345,49.680691,0
            12.602556,49.678205,0
            12.598234,49.677353,0
            12.595754,49.676539,0
            12.592701,49.675071,0
            12.590438,49.673612,0
            12.589148,49.672506,0
            12.584959,49.667567,0
            12.581762,49.665382,0
            12.578651,49.664116,0
            12.546606,49.657697,0
            12.542459,49.656315,0
            12.540218,49.655165,0
            12.538002,49.653612,0
            12.532307,49.647249,0
            12.530764,49.646091,0
            12.529008,49.645084,0
            12.519934,49.641684,0
            12.517132,49.639835,0
            12.512908,49.635245,0
            12.510264,49.633362,0
            12.507628,49.63226,0
            12.504103,49.63149,0
            12.500945,49.631341,0
            12.49887,49.631499,0
            12.49604,49.632068,0
            12.487212,49.634661,0
            12.482279,49.635199,0
            12.479737,49.635175,0
            12.47633,49.634812,0
            12.469487,49.633171,0
            12.467393,49.632845,0
            12.465953,49.632776,0
            12.45945,49.633335,0
            12.457885,49.633309,0
            12.455737,49.633039,0
            12.453479,49.632426,0
            12.445612,49.628874,0
            12.440586,49.627327,0
            12.424676,49.623405,0
            12.422047,49.622423,0
            12.418002,49.620341,0
            12.410639,49.614993,0
            12.406958,49.613367,0
            12.402039,49.612171,0
            12.397082,49.611509,0
            12.392376,49.611309,0
            12.386607,49.611615,0
            12.382255,49.612309,0
            12.380713,49.612757,0
            12.378965,49.613517,0
            12.373511,49.617191,0
            12.371513,49.61804,0
            12.369262,49.618583,0
            12.366536,49.618877,0
            12.360552,49.618897,0
            12.357364,49.618484,0
            12.355438,49.6179,0
            12.352058,49.616376,0
            12.349377,49.615527,0
            12.339324,49.614058,0
            12.335318,49.612817,0
            12.332696,49.611638,0
            12.329744,49.609813,0
            12.328048,49.608414,0
            12.326539,49.606793,0
            12.322503,49.600574,0
            12.320151,49.597979,0
            12.317387,49.596193,0
            12.315333,49.595371,0
            12.31215,49.594636,0
            12.308123,49.594214,0
            12.285962,49.588361,0
            12.282968,49.587237,0
            12.281781,49.586588,0
            12.27984,49.585129,0
            12.278728,49.583886,0
            12.277735,49.582252,0
            12.276982,49.580332,0
            12.276004,49.578856,0
            12.275023,49.577923,0
            12.273209,49.576761,0
            12.261671,49.571486,0
            12.26039,49.570731,0
            12.255992,49.567284,0
            12.254169,49.566388,0
            12.252651,49.565849,0
            12.250092,49.565265,0
            12.247877,49.565036,0
            12.24566,49.565049,0
            12.242246,49.565528,0
            12.231779,49.568608,0
            12.229343,49.569024,0
            12.226874,49.569184,0
            12.223055,49.568967,0
            12.220218,49.56846,0
            12.216652,49.567485,0
            12.211427,49.565544,0
            12.206584,49.563066,0
            12.202802,49.560495,0
            12.19923,49.557273,0
            12.196489,49.553856,0
            12.194853,49.550941,0
            12.19336,49.546225,0
            12.192681,49.539871,0
            12.191921,49.537062,0
            12.190035,49.533591,0
            12.18786,49.531051,0
            12.184603,49.528379,0
            12.181352,49.526428,0
            12.178772,49.525236,0
            12.170524,49.522618,0
            12.16663,49.520954,0
            12.165317,49.520145,0
            12.164069,49.519085,0
            12.162876,49.517528,0
            12.162389,49.516429,0
            12.162097,49.514857,0
            12.162292,49.511696,0
            12.162012,49.510314,0
            12.161243,49.508722,0
            12.160107,49.507318,0
            12.157656,49.50547,0
            12.152685,49.503036,0
            12.150218,49.501028,0
            12.149072,49.49941,0
            12.147429,49.495859,0
            12.145262,49.493313,0
            12.141308,49.48998,0
            12.138593,49.486937,0
            12.135988,49.482377,0
            12.13484,49.477385,0
            12.135227,49.467856,0
            12.134852,49.464567,0
            12.134352,49.462954,0
            12.132471,49.459429,0
            12.130071,49.456644,0
            12.128056,49.454966,0
            12.1241,49.452652,0
            12.120627,49.451289,0
            12.116223,49.450191,0
            12.099007,49.448154,0
            12.092854,49.446943,0
            12.080307,49.443816,0
            12.072944,49.442355,0
            12.066574,49.441472,0
            12.05338,49.440292,0
            12.045917,49.439287,0
            12.038798,49.437944,0
            12.026003,49.434598,0
            12.021329,49.433069,0
            12.013788,49.430072,0
            12.003712,49.424768,0
            11.999349,49.4217,0
            11.997099,49.41959,0
            11.986776,49.406323,0
            11.984872,49.404387,0
            11.982279,49.402409,0
            11.979762,49.401013,0
            11.978076,49.400301,0
            11.973394,49.398931,0
            11.969024,49.398217,0
            11.965851,49.398002,0
            11.960154,49.398037,0
            11.939739,49.399183,0
            11.9321,49.398784,0
            11.915657,49.396351,0
            11.914753,49.39638,0
            11.914112,49.396555,0
            11.912367,49.397634,0
            11.911769,49.397811,0
            11.911494,49.397806,0
            11.910029,49.397247,0
            11.908861,49.396461,0
            11.908532,49.395956,0
            11.908218,49.393656,0
            11.908303,49.392914,0
            11.909064,49.391503,0
            11.910817,49.389567,0
            11.911138,49.388885,0
            11.911732,49.388272,0
            11.912008,49.38778,0
            11.912725,49.387908,0
            11.914787,49.387625,0
            11.921778,49.388136,0
            11.922275,49.388247,0
            11.921138,49.389541,0
            11.910944,49.397524,0
            11.909464,49.399036,0
            11.905877,49.404533,0
            11.904444,49.405837,0
            11.900893,49.408357,0
            11.900006,49.409312,0
            11.897344,49.411078,0
            11.892899,49.412881,0
            11.893793,49.413994,0
            11.894476,49.414512,0
            11.89463,49.414489,0
            11.894694,49.414527,0
            11.894676,49.414628,0
            11.895435,49.415057,0
            11.895744,49.41481,0
          </coordinates>
        </LineString>
      </Placemark>
      <Placemark>
        <name>Tankstelle Hirschmann</name>
        <description><![CDATA[description: Gas station from 2019-12-31T10:40:24.000Z to 2019-12-31T10:44:37.000Z. Distance 0m<br>Email: syugen.zhou@gmail.com<br>Category: Gas station<br>Distance: 0]]></description>
        <styleUrl>#icon-1739-0288D1</styleUrl>
        <ExtendedData>
          <Data name="description">
            <value>Gas station from 2019-12-31T10:40:24.000Z to 2019-12-31T10:44:37.000Z. Distance 0m</value>
          </Data>
          <Data name="Email">
            <value>syugen.zhou@gmail.com</value>
          </Data>
          <Data name="Category">
            <value>Gas station</value>
          </Data>
          <Data name="Distance">
            <value>0</value>
          </Data>
        </ExtendedData>
        <Point>
          <coordinates>
            11.896074,49.414756,0
          </coordinates>
        </Point>
      </Placemark>
      <Placemark>
        <name>Driving</name>
        <description><![CDATA[description: Driving from 2019-12-31T10:44:37.000Z to 2019-12-31T14:04:17.000Z. Distance 377456m<br>Email: syugen.zhou@gmail.com<br>Category: Driving<br>Distance: 377456]]></description>
        <styleUrl>#line-9C27B0-5000</styleUrl>
        <ExtendedData>
          <Data name="description">
            <value>Driving from 2019-12-31T10:44:37.000Z to 2019-12-31T14:04:17.000Z. Distance 377456m</value>
          </Data>
          <Data name="Email">
            <value>syugen.zhou@gmail.com</value>
          </Data>
          <Data name="Category">
            <value>Driving</value>
          </Data>
          <Data name="Distance">
            <value>377456</value>
          </Data>
        </ExtendedData>
        <LineString>
          <tessellate>1</tessellate>
          <coordinates>
            11.895685,49.414857,0
            11.895435,49.415057,0
            11.894676,49.414628,0
            11.89451,49.414646,0
            11.894451,49.414599,0
            11.894476,49.414512,0
            11.89463,49.414488,0
            11.895749,49.412724,0
            11.89654,49.412147,0
            11.896964,49.411489,0
            11.896952,49.411274,0
            11.900006,49.409312,0
            11.900893,49.408357,0
            11.904444,49.405837,0
            11.905877,49.404533,0
            11.906818,49.403349,0
            11.909467,49.398979,0
            11.910854,49.397492,0
            11.911626,49.397815,0
            11.911864,49.397796,0
            11.912367,49.397634,0
            11.913133,49.39724,0
            11.913668,49.396809,0
            11.913857,49.396478,0
            11.913834,49.396341,0
            11.913633,49.396147,0
            11.913396,49.396056,0
            11.896642,49.393401,0
            11.892005,49.392957,0
            11.885256,49.39277,0
            11.88041,49.392969,0
            11.874128,49.393651,0
            11.869623,49.394451,0
            11.856638,49.397374,0
            11.85233,49.398037,0
            11.839833,49.399094,0
            11.835217,49.399868,0
            11.828881,49.401451,0
            11.824953,49.401957,0
            11.822163,49.402012,0
            11.818573,49.40172,0
            11.816283,49.401307,0
            11.813598,49.400576,0
            11.806473,49.397765,0
            11.803177,49.396967,0
            11.800933,49.396669,0
            11.799241,49.396606,0
            11.797023,49.396731,0
            11.794391,49.397203,0
            11.792621,49.397749,0
            11.791372,49.39827,0
            11.788966,49.399698,0
            11.783701,49.404024,0
            11.781047,49.405674,0
            11.779419,49.406391,0
            11.777213,49.407108,0
            11.775366,49.40752,0
            11.772992,49.407829,0
            11.766639,49.408203,0
            11.762987,49.408911,0
            11.756613,49.411098,0
            11.754569,49.41159,0
            11.751243,49.41207,0
            11.745544,49.412471,0
            11.741957,49.413119,0
            11.738461,49.414257,0
            11.73389,49.416344,0
            11.731395,49.417286,0
            11.729372,49.417849,0
            11.726055,49.418443,0
            11.718917,49.418951,0
            11.716959,49.419228,0
            11.713793,49.420042,0
            11.708818,49.421988,0
            11.707078,49.422516,0
            11.704502,49.423066,0
            11.702507,49.423324,0
            11.693314,49.423512,0
            11.689635,49.423827,0
            11.679906,49.425402,0
            11.667602,49.426217,0
            11.664443,49.426636,0
            11.653788,49.428931,0
            11.649667,49.429327,0
            11.645769,49.429215,0
            11.643837,49.428951,0
            11.641957,49.428534,0
            11.639578,49.427691,0
            11.638032,49.426899,0
            11.632421,49.42285,0
            11.630616,49.422003,0
            11.628248,49.421264,0
            11.621582,49.419695,0
            11.618435,49.418511,0
            11.614151,49.416329,0
            11.610747,49.414975,0
            11.60822,49.414307,0
            11.603374,49.413416,0
            11.600117,49.41259,0
            11.59778,49.411721,0
            11.59234,49.409097,0
            11.590706,49.408455,0
            11.588216,49.407765,0
            11.586064,49.407404,0
            11.584581,49.407284,0
            11.582359,49.407303,0
            11.580164,49.40756,0
            11.578504,49.407922,0
            11.575894,49.40882,0
            11.56834,49.412467,0
            11.565719,49.413291,0
            11.56254,49.413771,0
            11.560614,49.413816,0
            11.55721,49.413462,0
            11.5549,49.41288,0
            11.547303,49.409921,0
            11.544713,49.409219,0
            11.542944,49.408923,0
            11.540049,49.408719,0
            11.538007,49.408777,0
            11.534507,49.409277,0
            11.524122,49.411931,0
            11.514002,49.413249,0
            11.511079,49.413822,0
            11.507943,49.414708,0
            11.500757,49.417241,0
            11.496954,49.418162,0
            11.494539,49.418555,0
            11.474739,49.419938,0
            11.468766,49.419981,0
            11.455244,49.419303,0
            11.451693,49.418942,0
            11.442463,49.41694,0
            11.438471,49.416279,0
            11.436088,49.416087,0
            11.425831,49.415962,0
            11.422904,49.415631,0
            11.418728,49.41481,0
            11.413796,49.413208,0
            11.410617,49.41244,0
            11.404475,49.411624,0
            11.40146,49.410802,0
            11.399874,49.410124,0
            11.39818,49.409134,0
            11.396376,49.407592,0
            11.393378,49.403903,0
            11.391755,49.402612,0
            11.390046,49.401684,0
            11.388284,49.401005,0
            11.385895,49.400396,0
            11.383414,49.400075,0
            11.380614,49.400067,0
            11.378231,49.40036,0
            11.374664,49.401254,0
            11.36567,49.404587,0
            11.36306,49.405378,0
            11.357871,49.40655,0
            11.352847,49.407281,0
            11.344509,49.408091,0
            11.332118,49.408467,0
            11.324286,49.408171,0
            11.313692,49.407096,0
            11.306756,49.405956,0
            11.290209,49.402314,0
            11.285419,49.401794,0
            11.28238,49.401746,0
            11.26083,49.402975,0
            11.251735,49.402992,0
            11.239533,49.402323,0
            11.230015,49.401243,0
            11.181625,49.392315,0
            11.164642,49.390936,0
            11.1602,49.390102,0
            11.15611,49.388943,0
            11.152879,49.387698,0
            11.150535,49.386566,0
            11.134918,49.376753,0
            11.113718,49.360575,0
            11.106797,49.354351,0
            11.102665,49.351512,0
            11.098009,49.349242,0
            11.073104,49.340495,0
            11.069593,49.338792,0
            11.062586,49.33469,0
            11.05849,49.331827,0
            11.047072,49.322647,0
            11.042117,49.31953,0
            11.034014,49.315603,0
            11.025341,49.312181,0
            11.020072,49.310799,0
            11.016764,49.310181,0
            11.011897,49.309812,0
            11.00842,49.309837,0
            11.001642,49.310229,0
            11.001292,49.310326,0
            10.99841,49.310462,0
            10.997821,49.310627,0
            10.9976,49.310805,0
            10.997524,49.311016,0
            10.997565,49.311218,0
            10.997781,49.311434,0
            10.998094,49.311573,0
            10.998649,49.311693,0
            10.999215,49.311732,0
            11.000671,49.311561,0
            11.001707,49.311108,0
            11.00193,49.3111,0
            11.002173,49.310996,0
            11.002199,49.310586,0
            11.002173,49.310996,0
            11.00193,49.3111,0
            11.001761,49.311119,0
            11.001756,49.311155,0
            11.000815,49.311627,0
            10.999335,49.311812,0
            10.99867,49.31181,0
            10.997975,49.31167,0
            10.997716,49.31155,0
            10.99694,49.310749,0
            10.996632,49.310609,0
            10.996317,49.310545,0
            10.993015,49.31052,0
            10.992695,49.310451,0
            10.990182,49.310407,0
            10.98155,49.309683,0
            10.972826,49.308211,0
            10.958969,49.304878,0
            10.951011,49.303538,0
            10.946803,49.303085,0
            10.941117,49.302756,0
            10.93153,49.302908,0
            10.927467,49.30332,0
            10.923691,49.30394,0
            10.919267,49.305042,0
            10.915587,49.306332,0
            10.903104,49.311518,0
            10.895102,49.31382,0
            10.888782,49.314942,0
            10.877992,49.315896,0
            10.867902,49.316139,0
            10.853249,49.315661,0
            10.847249,49.315055,0
            10.840502,49.313845,0
            10.836439,49.312814,0
            10.824783,49.309003,0
            10.816482,49.307008,0
            10.806856,49.305607,0
            10.801943,49.305201,0
            10.793662,49.304937,0
            10.776378,49.305881,0
            10.772809,49.305774,0
            10.768236,49.305271,0
            10.763716,49.304417,0
            10.75941,49.303256,0
            10.754591,49.301597,0
            10.746092,49.297917,0
            10.737211,49.292945,0
            10.733119,49.29023,0
            10.719807,49.279532,0
            10.712125,49.274352,0
            10.702817,49.269414,0
            10.695792,49.266423,0
            10.688678,49.263926,0
            10.679206,49.261337,0
            10.662431,49.257653,0
            10.643891,49.252042,0
            10.633889,49.250228,0
            10.627257,49.249784,0
            10.620029,49.25005,0
            10.615952,49.250528,0
            10.609773,49.25172,0
            10.59383,49.256251,0
            10.586793,49.257553,0
            10.580349,49.258151,0
            10.575658,49.258294,0
            10.561394,49.258078,0
            10.557007,49.258308,0
            10.549761,49.259227,0
            10.544613,49.260281,0
            10.533438,49.263259,0
            10.529927,49.263988,0
            10.52619,49.264454,0
            10.521864,49.264584,0
            10.517556,49.264265,0
            10.511461,49.263157,0
            10.506822,49.26185,0
            10.502412,49.260342,0
            10.487502,49.253869,0
            10.481877,49.251899,0
            10.477686,49.250761,0
            10.472565,49.249784,0
            10.469614,49.249448,0
            10.464962,49.249263,0
            10.462146,49.249355,0
            10.458048,49.249761,0
            10.453187,49.250688,0
            10.438721,49.254491,0
            10.434677,49.255138,0
            10.431645,49.255443,0
            10.427526,49.255623,0
            10.420836,49.255336,0
            10.416749,49.254801,0
            10.412305,49.253887,0
            10.407385,49.252434,0
            10.393159,49.246667,0
            10.387543,49.24504,0
            10.38301,49.244175,0
            10.378654,49.243609,0
            10.35155,49.241799,0
            10.340265,49.240556,0
            10.334127,49.239467,0
            10.328549,49.238102,0
            10.322352,49.236161,0
            10.311687,49.23226,0
            10.306921,49.230822,0
            10.300559,49.229417,0
            10.2968,49.228842,0
            10.28174,49.227229,0
            10.275096,49.225908,0
            10.270845,49.224728,0
            10.266311,49.223115,0
            10.261699,49.220834,0
            10.259285,49.219202,0
            10.256942,49.217158,0
            10.250217,49.210144,0
            10.24753,49.208026,0
            10.244484,49.206133,0
            10.242038,49.204979,0
            10.240152,49.204284,0
            10.237381,49.203548,0
            10.234981,49.203142,0
            10.231979,49.202909,0
            10.229372,49.202943,0
            10.225158,49.203469,0
            10.218525,49.20517,0
            10.216593,49.205495,0
            10.213322,49.205789,0
            10.21078,49.205833,0
            10.207623,49.205677,0
            10.201436,49.205033,0
            10.199435,49.204947,0
            10.196855,49.205044,0
            10.193809,49.205516,0
            10.190476,49.206429,0
            10.181443,49.209505,0
            10.17585,49.210689,0
            10.17222,49.21111,0
            10.168511,49.211276,0
            10.163849,49.211128,0
            10.156843,49.210231,0
            10.152249,49.209243,0
            10.147852,49.208023,0
            10.143522,49.206569,0
            10.13501,49.203022,0
            10.115631,49.193072,0
            10.111106,49.191029,0
            10.104123,49.188375,0
            10.099364,49.186943,0
            10.093113,49.185459,0
            10.083961,49.184059,0
            10.076579,49.183545,0
            10.072261,49.18349,0
            10.056974,49.183932,0
            10.051808,49.183842,0
            10.046188,49.18332,0
            10.043368,49.182833,0
            10.038956,49.181726,0
            10.036048,49.18072,0
            10.026459,49.176305,0
            10.024261,49.175453,0
            10.020433,49.174279,0
            10.017254,49.173575,0
            10.013639,49.173038,0
            10.008591,49.172727,0
            10.005088,49.172798,0
            9.962947,49.177307,0
            9.954113,49.177792,0
            9.934952,49.177182,0
            9.925935,49.177178,0
            9.90758,49.177806,0
            9.895599,49.177401,0
            9.873518,49.174988,0
            9.866626,49.174504,0
            9.841093,49.174234,0
            9.823352,49.172865,0
            9.814305,49.172809,0
            9.807276,49.173303,0
            9.800778,49.174204,0
            9.774665,49.180177,0
            9.770567,49.180834,0
            9.766789,49.181142,0
            9.75673,49.18143,0
            9.750915,49.182003,0
            9.745766,49.182862,0
            9.737725,49.184952,0
            9.723844,49.190222,0
            9.686756,49.201293,0
            9.680124,49.202947,0
            9.676784,49.203587,0
            9.671417,49.204315,0
            9.665415,49.204707,0
            9.653644,49.204862,0
            9.647316,49.205245,0
            9.640561,49.206079,0
            9.633336,49.207518,0
            9.619755,49.211482,0
            9.612297,49.213304,0
            9.607373,49.214167,0
            9.598764,49.215086,0
            9.587988,49.215575,0
            9.570209,49.217533,0
            9.564683,49.217502,0
            9.560286,49.217054,0
            9.557436,49.216554,0
            9.547152,49.213718,0
            9.541994,49.212528,0
            9.536832,49.211759,0
            9.530782,49.211342,0
            9.525927,49.211369,0
            9.513997,49.212184,0
            9.509569,49.212141,0
            9.506882,49.211922,0
            9.500854,49.210949,0
            9.496031,49.209787,0
            9.484848,49.206514,0
            9.4743,49.204606,0
            9.469985,49.203481,0
            9.457427,49.198827,0
            9.451505,49.197326,0
            9.448645,49.196836,0
            9.427769,49.194581,0
            9.425253,49.193959,0
            9.423029,49.193123,0
            9.421658,49.192443,0
            9.419575,49.191066,0
            9.418214,49.189826,0
            9.416674,49.187697,0
            9.415283,49.183607,0
            9.414269,49.181879,0
            9.412251,49.179943,0
            9.410857,49.179051,0
            9.409587,49.178434,0
            9.407579,49.177724,0
            9.395064,49.174619,0
            9.391937,49.174192,0
            9.387237,49.173869,0
            9.385313,49.173597,0
            9.38258,49.172862,0
            9.380529,49.17197,0
            9.378435,49.170606,0
            9.377437,49.169688,0
            9.374092,49.165602,0
            9.372776,49.164507,0
            9.369938,49.162867,0
            9.367604,49.161984,0
            9.364315,49.161234,0
            9.352246,49.160151,0
            9.349434,49.160156,0
            9.346756,49.160403,0
            9.334147,49.162431,0
            9.33144,49.162593,0
            9.329556,49.162497,0
            9.327366,49.162167,0
            9.325889,49.161798,0
            9.324215,49.161208,0
            9.318294,49.158055,0
            9.315505,49.157133,0
            9.313449,49.156728,0
            9.309923,49.156484,0
            9.304142,49.156805,0
            9.298285,49.157523,0
            9.293664,49.158345,0
            9.287833,49.159685,0
            9.271928,49.16447,0
            9.260786,49.167248,0
            9.254657,49.169214,0
            9.248375,49.171897,0
            9.23983,49.176396,0
            9.23019,49.180573,0
            9.225221,49.182163,0
            9.215791,49.184298,0
            9.201875,49.185912,0
            9.187633,49.188409,0
            9.179623,49.18926,0
            9.171683,49.189315,0
            9.158469,49.188293,0
            9.147835,49.188163,0
            9.145262,49.187973,0
            9.134803,49.186354,0
            9.129971,49.186235,0
            9.126383,49.186535,0
            9.122915,49.187279,0
            9.120783,49.187914,0
            9.110605,49.192437,0
            9.091433,49.199562,0
            9.086797,49.202033,0
            9.078034,49.208401,0
            9.074514,49.210632,0
            9.070262,49.21258,0
            9.067291,49.213569,0
            9.064776,49.214209,0
            9.059235,49.215069,0
            9.054855,49.215268,0
            9.051143,49.2151,0
            9.039974,49.213836,0
            9.036129,49.213628,0
            9.02813,49.213777,0
            9.017144,49.214884,0
            8.979363,49.22133,0
            8.973344,49.222067,0
            8.959574,49.222747,0
            8.954987,49.223321,0
            8.949654,49.224448,0
            8.943398,49.226254,0
            8.941542,49.226658,0
            8.939325,49.2269,0
            8.936712,49.226842,0
            8.932991,49.226299,0
            8.931113,49.22617,0
            8.928526,49.226298,0
            8.922819,49.227174,0
            8.914669,49.227426,0
            8.912358,49.227736,0
            8.911201,49.227998,0
            8.90897,49.228737,0
            8.906759,49.229869,0
            8.905581,49.230715,0
            8.902047,49.233849,0
            8.898803,49.236237,0
            8.894891,49.238495,0
            8.89137,49.240097,0
            8.885453,49.242081,0
            8.881002,49.243098,0
            8.868962,49.245079,0
            8.865639,49.245866,0
            8.861635,49.247124,0
            8.83825,49.255694,0
            8.834901,49.256579,0
            8.831792,49.257149,0
            8.817535,49.259028,0
            8.808916,49.260887,0
            8.806479,49.261668,0
            8.798369,49.264879,0
            8.794614,49.26597,0
            8.782701,49.268079,0
            8.775763,49.269857,0
            8.761883,49.274992,0
            8.758978,49.275658,0
            8.756277,49.275952,0
            8.754571,49.276004,0
            8.752504,49.275898,0
            8.746247,49.27508,0
            8.743855,49.275025,0
            8.741356,49.275204,0
            8.735441,49.276316,0
            8.732705,49.277003,0
            8.730663,49.277679,0
            8.726488,49.279423,0
            8.724384,49.280081,0
            8.720973,49.280692,0
            8.718181,49.280835,0
            8.715894,49.28072,0
            8.712872,49.280233,0
            8.703963,49.277514,0
            8.699097,49.276494,0
            8.686515,49.275086,0
            8.67177,49.272562,0
            8.665972,49.272025,0
            8.659233,49.271933,0
            8.655384,49.272117,0
            8.649765,49.272699,0
            8.642771,49.273992,0
            8.636396,49.27559,0
            8.629398,49.277741,0
            8.629285,49.27783,0
            8.619776,49.281598,0
            8.61933,49.281916,0
            8.619219,49.282093,0
            8.619205,49.282266,0
            8.619317,49.282473,0
            8.619622,49.282658,0
            8.619831,49.282702,0
            8.62014,49.282696,0
            8.620445,49.282597,0
            8.620587,49.2825,0
            8.620721,49.282299,0
            8.620741,49.281928,0
            8.617369,49.275918,0
            8.616347,49.274483,0
            8.616311,49.274333,0
            8.602948,49.258048,0
            8.601619,49.255938,0
            8.600394,49.252546,0
            8.600157,49.249584,0
            8.603798,49.220806,0
            8.603415,49.218043,0
            8.601977,49.214639,0
            8.578048,49.178574,0
            8.569284,49.162669,0
            8.552787,49.136385,0
            8.551879,49.13447,0
            8.550914,49.131145,0
            8.550685,49.128001,0
            8.55147,49.119408,0
            8.551061,49.117078,0
            8.549651,49.113796,0
            8.530767,49.089976,0
            8.528126,49.087314,0
            8.512373,49.074727,0
            8.510485,49.072864,0
            8.480764,49.030463,0
            8.47759,49.026689,0
            8.460936,49.010675,0
            8.457785,49.007983,0
            8.454737,49.005767,0
            8.43939,48.995904,0
            8.438325,48.995027,0
            8.437445,48.994062,0
            8.436548,48.992553,0
            8.436135,48.991298,0
            8.43601,48.99016,0
            8.437137,48.976207,0
            8.436907,48.974599,0
            8.436471,48.973606,0
            8.435927,48.972796,0
            8.435037,48.971849,0
            8.434241,48.971214,0
            8.432962,48.970444,0
            8.423239,48.9663,0
            8.412618,48.96229,0
            8.409532,48.961362,0
            8.386721,48.957683,0
            8.38346,48.956815,0
            8.381137,48.9559,0
            8.378094,48.954242,0
            8.376264,48.952836,0
            8.365849,48.943242,0
            8.36402,48.941196,0
            8.362572,48.938917,0
            8.349065,48.908943,0
            8.347868,48.907097,0
            8.346242,48.90551,0
            8.343566,48.903792,0
            8.342063,48.903106,0
            8.34017,48.902447,0
            8.288098,48.88854,0
            8.280052,48.885932,0
            8.263328,48.879377,0
            8.260769,48.878068,0
            8.257962,48.87619,0
            8.255844,48.87433,0
            8.222932,48.835323,0
            8.219348,48.831904,0
            8.214965,48.828647,0
            8.197956,48.818817,0
            8.18235,48.808535,0
            8.154484,48.787905,0
            8.151749,48.78539,0
            8.147677,48.780543,0
            8.134403,48.759129,0
            8.130721,48.75426,0
            8.127065,48.75026,0
            8.119841,48.743355,0
            8.112427,48.735077,0
            8.108116,48.730919,0
            8.089985,48.717213,0
            8.08436,48.71228,0
            8.077165,48.704781,0
            8.075141,48.702179,0
            8.065793,48.687234,0
            8.062177,48.682617,0
            8.058722,48.678801,0
            8.052569,48.6729,0
            8.042329,48.664233,0
            8.039383,48.661324,0
            8.036674,48.658116,0
            8.034574,48.655096,0
            8.025975,48.637882,0
            8.022921,48.632797,0
            8.019851,48.62859,0
            8.013798,48.621824,0
            8.008403,48.616965,0
            7.996635,48.607887,0
            7.988429,48.600765,0
            7.97737,48.589831,0
            7.969324,48.5806,0
            7.961079,48.569675,0
            7.95705,48.563224,0
            7.949521,48.549264,0
            7.946646,48.545574,0
            7.944424,48.543344,0
            7.921489,48.523153,0
            7.913777,48.515131,0
            7.910317,48.510671,0
            7.906914,48.505351,0
            7.904888,48.501389,0
            7.902851,48.496368,0
            7.901722,48.491951,0
            7.901246,48.486994,0
            7.901356,48.484039,0
            7.902695,48.477007,0
            7.902635,48.476928,0
            7.903245,48.473225,0
            7.903115,48.473079,0
            7.900665,48.472875,0
            7.900161,48.472933,0
            7.897611,48.473849,0
            7.893583,48.476109,0
            7.891168,48.476967,0
            7.864033,48.485275,0
            7.855085,48.489155,0
            7.850043,48.490794,0
            7.843683,48.493583,0
            7.842065,48.494025,0
            7.840108,48.494339,0
            7.838825,48.49443,0
            7.829822,48.494369,0
            7.829287,48.494425,0
            7.829177,48.494521,0
            7.828943,48.494523,0
            7.828821,48.494436,0
            7.828439,48.494406,0
            7.82832,48.494364,0
            7.822177,48.494611,0
            7.82161,48.494711,0
            7.82157,48.494774,0
            7.821394,48.494841,0
            7.821225,48.494816,0
            7.821139,48.49476,0
            7.820619,48.49476,0
            7.820561,48.494737,0
            7.81322,48.49566,0
            7.81002,48.495823,0
            7.807835,48.495736,0
            7.793198,48.494162,0
            7.788789,48.493878,0
            7.787897,48.493949,0
            7.786799,48.494187,0
            7.784938,48.494797,0
            7.783428,48.49498,0
            7.782625,48.494957,0
            7.781268,48.494709,0
            7.778008,48.493432,0
            7.775361,48.491594,0
            7.774382,48.491246,0
            7.773601,48.491122,0
            7.77288,48.491105,0
            7.765546,48.491841,0
            7.763708,48.492297,0
            7.76243,48.492827,0
            7.760052,48.494217,0
            7.757434,48.495272,0
            7.741913,48.497997,0
            7.740288,48.498427,0
            7.735907,48.499966,0
            7.733422,48.50054,0
            7.711438,48.504133,0
            7.708775,48.50486,0
            7.703156,48.507233,0
            7.70312,48.507284,0
            7.700996,48.507933,0
            7.699352,48.508271,0
            7.698968,48.508456,0
            7.698719,48.508691,0
            7.698473,48.509195,0
            7.698123,48.509453,0
            7.697813,48.509533,0
            7.697386,48.509534,0
            7.697179,48.509581,0
            7.69703,48.509689,0
            7.696951,48.50989,0
            7.697307,48.513528,0
            7.697684,48.514441,0
            7.699128,48.516562,0
            7.699277,48.517324,0
            7.699193,48.517956,0
            7.69546,48.524989,0
            7.695274,48.526208,0
            7.695499,48.526471,0
            7.695724,48.526547,0
            7.695914,48.526548,0
            7.696114,48.526492,0
            7.696268,48.52638,0
            7.696333,48.526179,0
            7.69618,48.525959,0
            7.694783,48.525563,0
            7.694656,48.52542,0
            7.694678,48.52529,0
            7.694873,48.525118,0
            7.695744,48.523321,0
            7.695731,48.523227,0
            7.695854,48.522901,0
            7.695773,48.522838,0
            7.694967,48.522552,0
            7.695707,48.521629,0
            7.695429,48.521479,0
          </coordinates>
        </LineString>
      </Placemark>
      <Placemark>
        <name>E.Leclerc Station Service</name>
        <description><![CDATA[description: Gas station from 2019-12-31T14:04:17.000Z to 2019-12-31T14:12:32.000Z. Distance 0m<br>Email: syugen.zhou@gmail.com<br>Category: Gas station<br>Distance: 0]]></description>
        <styleUrl>#icon-1739-0288D1</styleUrl>
        <ExtendedData>
          <Data name="description">
            <value>Gas station from 2019-12-31T14:04:17.000Z to 2019-12-31T14:12:32.000Z. Distance 0m</value>
          </Data>
          <Data name="Email">
            <value>syugen.zhou@gmail.com</value>
          </Data>
          <Data name="Category">
            <value>Gas station</value>
          </Data>
          <Data name="Distance">
            <value>0</value>
          </Data>
        </ExtendedData>
        <Point>
          <coordinates>
            7.695435,48.521474,0
          </coordinates>
        </Point>
      </Placemark>
      <Placemark>
        <name>Driving</name>
        <description><![CDATA[description: Driving from 2019-12-31T14:12:32.526Z to 2019-12-31T14:23:54.000Z. Distance 5849m<br>Email: syugen.zhou@gmail.com<br>Category: Driving<br>Distance: 5849]]></description>
        <styleUrl>#line-9C27B0-5000</styleUrl>
        <ExtendedData>
          <Data name="description">
            <value>Driving from 2019-12-31T14:12:32.526Z to 2019-12-31T14:23:54.000Z. Distance 5849m</value>
          </Data>
          <Data name="Email">
            <value>syugen.zhou@gmail.com</value>
          </Data>
          <Data name="Category">
            <value>Driving</value>
          </Data>
          <Data name="Distance">
            <value>5849</value>
          </Data>
        </ExtendedData>
        <LineString>
          <tessellate>1</tessellate>
          <coordinates>
            7.695331,48.521425,0
            7.695139,48.521321,0
            7.695324,48.521162,0
            7.694912,48.521098,0
            7.69481,48.521065,0
            7.694742,48.52102,0
            7.694604,48.52103,0
            7.694547,48.521018,0
            7.694427,48.521054,0
            7.693946,48.521265,0
            7.693264,48.521627,0
            7.692761,48.522033,0
            7.689829,48.525152,0
            7.689855,48.525193,0
            7.689842,48.525235,0
            7.689796,48.525263,0
            7.689743,48.52527,0
            7.689365,48.525631,0
            7.68933,48.525646,0
            7.688071,48.527032,0
            7.687993,48.527253,0
            7.688029,48.527627,0
            7.688256,48.528096,0
            7.688549,48.528484,0
            7.688779,48.528694,0
            7.690223,48.529649,0
            7.690462,48.529912,0
            7.690582,48.530168,0
            7.690714,48.530667,0
            7.690754,48.530725,0
            7.690858,48.530792,0
            7.691285,48.530952,0
            7.691428,48.530915,0
            7.6916,48.530912,0
            7.691765,48.530818,0
            7.692061,48.530551,0
            7.692309,48.530221,0
            7.692368,48.530048,0
            7.692348,48.529929,0
            7.692042,48.529528,0
            7.691625,48.529191,0
            7.691324,48.529016,0
            7.69126,48.528926,0
            7.689835,48.528343,0
            7.688155,48.527842,0
            7.687046,48.527606,0
            7.68576,48.527413,0
            7.677151,48.526741,0
            7.675032,48.526499,0
            7.673639,48.526281,0
            7.673334,48.526262,0
            7.669556,48.525628,0
            7.667625,48.525426,0
            7.667303,48.525452,0
            7.667054,48.525505,0
            7.665326,48.526177,0
            7.665092,48.526332,0
            7.664929,48.52648,0
            7.66483,48.526619,0
            7.664301,48.527696,0
            7.664251,48.527738,0
            7.661324,48.533676,0
            7.659704,48.536153,0
            7.657727,48.538501,0
            7.655609,48.540645,0
            7.655589,48.540766,0
            7.655318,48.541073,0
            7.65461,48.542163,0
            7.654822,48.542459,0
            7.654865,48.542652,0
            7.654845,48.542818,0
            7.654711,48.543127,0
            7.654557,48.543288,0
            7.654482,48.543339,0
            7.654019,48.543562,0
            7.653699,48.543622,0
            7.653495,48.543636,0
            7.653255,48.54362,0
            7.653036,48.543579,0
            7.652626,48.543437,0
            7.65239,48.543301,0
            7.652209,48.543136,0
            7.652085,48.542929,0
            7.652072,48.542588,0
            7.652116,48.542446,0
            7.652288,48.542194,0
            7.65249,48.542019,0
            7.652883,48.541843,0
            7.652912,48.541623,0
            7.652746,48.5412,0
            7.652537,48.540948,0
            7.652447,48.54094,0
            7.652381,48.540912,0
            7.652347,48.540883,0
            7.652324,48.540839,0
            7.652143,48.540751,0
            7.652091,48.540703,0
            7.648624,48.539006,0
            7.64825,48.538716,0
            7.647924,48.538994,0
          </coordinates>
        </LineString>
      </Placemark>
      <Placemark>
        <name>Carrefour Contact</name>
        <description><![CDATA[description: Supermarket from 2019-12-31T14:23:54.000Z to 2019-12-31T14:37:44.000Z. Distance 0m<br>Email: syugen.zhou@gmail.com<br>Category: Supermarket<br>Distance: 0]]></description>
        <styleUrl>#icon-1739-0288D1</styleUrl>
        <ExtendedData>
          <Data name="description">
            <value>Supermarket from 2019-12-31T14:23:54.000Z to 2019-12-31T14:37:44.000Z. Distance 0m</value>
          </Data>
          <Data name="Email">
            <value>syugen.zhou@gmail.com</value>
          </Data>
          <Data name="Category">
            <value>Supermarket</value>
          </Data>
          <Data name="Distance">
            <value>0</value>
          </Data>
        </ExtendedData>
        <Point>
          <coordinates>
            7.647591,48.53892,0
          </coordinates>
        </Point>
      </Placemark>
      <Placemark>
        <name>Driving</name>
        <description><![CDATA[description: Driving from 2019-12-31T14:37:44.000Z to 2019-12-31T14:45:49.000Z. Distance 3817m<br>Email: syugen.zhou@gmail.com<br>Category: Driving<br>Distance: 3817]]></description>
        <styleUrl>#line-9C27B0-5000</styleUrl>
        <ExtendedData>
          <Data name="description">
            <value>Driving from 2019-12-31T14:37:44.000Z to 2019-12-31T14:45:49.000Z. Distance 3817m</value>
          </Data>
          <Data name="Email">
            <value>syugen.zhou@gmail.com</value>
          </Data>
          <Data name="Category">
            <value>Driving</value>
          </Data>
          <Data name="Distance">
            <value>3817</value>
          </Data>
        </ExtendedData>
        <LineString>
          <tessellate>1</tessellate>
          <coordinates>
            7.647936,48.538983,0
            7.648249,48.538716,0
            7.648623,48.539006,0
            7.652091,48.540703,0
            7.652348,48.540754,0
            7.652398,48.540716,0
            7.652447,48.540698,0
            7.652546,48.540691,0
            7.652599,48.540702,0
            7.652669,48.540739,0
            7.652704,48.540785,0
            7.652704,48.540855,0
            7.653062,48.541599,0
            7.653212,48.541774,0
            7.653547,48.541768,0
            7.653753,48.541785,0
            7.654043,48.54185,0
            7.654315,48.54196,0
            7.654518,48.542084,0
            7.65461,48.542163,0
            7.654822,48.542459,0
            7.654865,48.542652,0
            7.654845,48.542818,0
            7.654711,48.543127,0
            7.654557,48.543288,0
            7.654482,48.543339,0
            7.654019,48.543562,0
            7.653699,48.543622,0
            7.653495,48.543635,0
            7.653208,48.543612,0
            7.652973,48.543731,0
            7.652155,48.544296,0
            7.651491,48.544865,0
            7.650915,48.545483,0
            7.650672,48.545824,0
            7.650406,48.546358,0
            7.650269,48.546733,0
            7.650208,48.546799,0
            7.650182,48.547537,0
            7.650296,48.548063,0
            7.650342,48.548116,0
            7.65052,48.548479,0
            7.651089,48.549263,0
            7.651374,48.549529,0
            7.651535,48.549623,0
            7.651816,48.549729,0
            7.652584,48.549903,0
            7.65291,48.55003,0
            7.653146,48.550191,0
            7.653291,48.550343,0
            7.653372,48.550481,0
            7.653428,48.550648,0
            7.653433,48.55081,0
            7.653381,48.551017,0
            7.653332,48.55111,0
            7.653174,48.551302,0
            7.65284,48.551552,0
            7.652435,48.551752,0
            7.65183,48.551941,0
            7.651488,48.551988,0
            7.650922,48.552002,0
            7.649791,48.551891,0
            7.64665,48.551305,0
            7.633616,48.548113,0
            7.630958,48.547281,0
            7.630829,48.547262,0
            7.630664,48.547271,0
            7.630557,48.547304,0
            7.630439,48.547308,0
            7.630354,48.547291,0
            7.630277,48.547257,0
            7.630219,48.547211,0
            7.630192,48.547159,0
            7.630193,48.547083,0
            7.630235,48.547022,0
            7.630183,48.54692,0
            7.630099,48.546869,0
            7.630061,48.546858,0
            7.629954,48.546853,0
            7.629711,48.546899,0
            7.629286,48.546893,0
            7.626147,48.546111,0
            7.625779,48.545984,0
            7.625443,48.545804,0
            7.625263,48.545739,0
            7.625186,48.545754,0
            7.62509,48.545741,0
            7.625051,48.545721,0
            7.62502,48.545687,0
            7.625009,48.545655,0
            7.625022,48.545605,0
            7.625058,48.545572,0
            7.625117,48.545552,0
            7.625208,48.545541,0
            7.62539,48.545271,0
            7.625562,48.54443,0
            7.625498,48.544144,0
            7.625402,48.54392,0
            7.625402,48.543885,0
            7.625007,48.543487,0
          </coordinates>
        </LineString>
      </Placemark>
      <Placemark>
        <name>RETOUR LOCATIONS VOITURES</name>
        <description><![CDATA[description: Car rental agency from 2019-12-31T14:46:00.000Z to 2019-12-31T14:50:14.000Z. Distance 0m<br>Email: syugen.zhou@gmail.com<br>Category: Car rental agency<br>Distance: 0]]></description>
        <styleUrl>#icon-1739-0288D1</styleUrl>
        <ExtendedData>
          <Data name="description">
            <value>Car rental agency from 2019-12-31T14:46:00.000Z to 2019-12-31T14:50:14.000Z. Distance 0m</value>
          </Data>
          <Data name="Email">
            <value>syugen.zhou@gmail.com</value>
          </Data>
          <Data name="Category">
            <value>Car rental agency</value>
          </Data>
          <Data name="Distance">
            <value>0</value>
          </Data>
        </ExtendedData>
        <Point>
          <coordinates>
            7.625274,48.5437,0
          </coordinates>
        </Point>
      </Placemark>
      <Placemark>
        <name>Walking</name>
        <description><![CDATA[description: Walking from 2019-12-31T14:50:14.000Z to 2019-12-31T14:58:01.000Z. Distance 214m<br>Email: syugen.zhou@gmail.com<br>Category: Walking<br>Distance: 214]]></description>
        <styleUrl>#line-9C27B0-5000</styleUrl>
        <ExtendedData>
          <Data name="description">
            <value>Walking from 2019-12-31T14:50:14.000Z to 2019-12-31T14:58:01.000Z. Distance 214m</value>
          </Data>
          <Data name="Email">
            <value>syugen.zhou@gmail.com</value>
          </Data>
          <Data name="Category">
            <value>Walking</value>
          </Data>
          <Data name="Distance">
            <value>214</value>
          </Data>
        </ExtendedData>
        <LineString>
          <tessellate>1</tessellate>
          <coordinates>
            7.625057,48.543529,0
            7.625072,48.543542,0
            7.625147,48.543625,0
            7.625213,48.543699,0
            7.625292,48.543777,0
            7.625402,48.543885,0
            7.625402,48.54392,0
            7.625435,48.544022,0
            7.625498,48.544144,0
            7.625521,48.544229,0
            7.625642,48.544117,0
            7.625812,48.543952,0
            7.625949,48.543858,0
            7.625954,48.543855,0
            7.62596,48.543853,0
            7.626092,48.543814,0
            7.626247,48.543769,0
            7.626253,48.543767,0
            7.626256,48.543767,0
            7.626258,48.543767,0
            7.62626,48.543767,0
            7.626263,48.543767,0
            7.626268,48.543768,0
            7.626271,48.543769,0
            7.626277,48.543773,0
            7.626289,48.543779,0
            7.626348,48.543812,0
            7.62661,48.543972,0
            7.626666,48.544035,0
            7.626673,48.544047,0
            7.626676,48.544059,0
            7.62669,48.544145,0
            7.626705,48.544251,0
            7.626707,48.544254,0
            7.626753,48.544317,0
            7.626758,48.544324,0
            7.626762,48.544331,0
            7.626762,48.544333,0
            7.626762,48.544335,0
            7.626761,48.544337,0
            7.626754,48.544346,0
            7.62657,48.544483,0
            7.626717,48.544438,0
            7.626746,48.544435,0
            7.626769,48.544434,0
            7.62682,48.54444,0
            7.626828,48.544441,0
            7.626835,48.544443,0
            7.62699,48.54451,0
            7.627449,48.544784,0
            7.627641,48.544898,0
          </coordinates>
        </LineString>
      </Placemark>
      <Placemark>
        <name>In a taxi</name>
        <description><![CDATA[description: In a taxi from 2019-12-31T14:58:01.000Z to 2019-12-31T15:25:23.000Z. Distance 14887m<br>Email: syugen.zhou@gmail.com<br>Category: In a taxi<br>Distance: 14887]]></description>
        <styleUrl>#line-9C27B0-5000</styleUrl>
        <ExtendedData>
          <Data name="description">
            <value>In a taxi from 2019-12-31T14:58:01.000Z to 2019-12-31T15:25:23.000Z. Distance 14887m</value>
          </Data>
          <Data name="Email">
            <value>syugen.zhou@gmail.com</value>
          </Data>
          <Data name="Category">
            <value>In a taxi</value>
          </Data>
          <Data name="Distance">
            <value>14887</value>
          </Data>
        </ExtendedData>
        <LineString>
          <tessellate>1</tessellate>
          <coordinates>
            7.62757,48.544856,0
            7.628179,48.545225,0
            7.628212,48.545318,0
            7.627972,48.546582,0
            7.625779,48.545984,0
            7.625263,48.545739,0
            7.625186,48.545754,0
            7.625051,48.545721,0
            7.625016,48.545622,0
            7.624591,48.545471,0
            7.621504,48.543682,0
            7.621353,48.543913,0
            7.621361,48.544012,0
            7.621598,48.5443,0
            7.621744,48.544366,0
            7.621812,48.54448,0
            7.621806,48.544543,0
            7.621955,48.544683,0
            7.623054,48.545286,0
            7.624688,48.545872,0
            7.629938,48.547104,0
            7.630193,48.547083,0
            7.630268,48.54699,0
            7.630475,48.546924,0
            7.630619,48.546941,0
            7.630733,48.547003,0
            7.630899,48.5472,0
            7.633451,48.547962,0
            7.646803,48.551227,0
            7.650061,48.551828,0
            7.650921,48.551859,0
            7.651198,48.551814,0
            7.651512,48.551689,0
            7.651822,48.551401,0
            7.651892,48.551223,0
            7.651872,48.55095,0
            7.650231,48.548434,0
            7.650064,48.54792,0
            7.650082,48.546764,0
            7.650435,48.545849,0
            7.651126,48.544979,0
            7.657624,48.538447,0
            7.659906,48.535678,0
            7.661183,48.533681,0
            7.664749,48.526195,0
            7.664646,48.526088,0
            7.664645,48.526001,0
            7.664728,48.525917,0
            7.664865,48.525877,0
            7.665762,48.52366,0
            7.66583,48.523069,0
            7.665795,48.522946,0
            7.665534,48.522705,0
            7.665244,48.522617,0
            7.664908,48.522617,0
            7.66462,48.522716,0
            7.66443,48.522872,0
            7.663819,48.524163,0
            7.66388,48.524336,0
            7.664023,48.5245,0
            7.6642,48.524603,0
            7.664491,48.52469,0
            7.66748,48.525092,0
            7.66763,48.525165,0
            7.674914,48.526378,0
            7.685955,48.527328,0
            7.687686,48.52762,0
            7.690388,48.528421,0
            7.692587,48.529479,0
            7.699539,48.533915,0
            7.700754,48.534513,0
            7.702535,48.535156,0
            7.703984,48.535515,0
            7.705988,48.535837,0
            7.709959,48.536006,0
            7.711856,48.536206,0
            7.713973,48.536641,0
            7.716745,48.537651,0
            7.718522,48.53865,0
            7.728576,48.54687,0
            7.729956,48.54829,0
            7.730763,48.549357,0
            7.731639,48.550899,0
            7.732356,48.553014,0
            7.733497,48.562434,0
            7.733139,48.564665,0
            7.731918,48.568429,0
            7.731949,48.568519,0
            7.731462,48.570004,0
            7.731492,48.570225,0
            7.731906,48.570784,0
            7.731939,48.571035,0
            7.73185,48.571238,0
            7.731149,48.571828,0
            7.730398,48.573755,0
            7.73046,48.574097,0
            7.730681,48.574303,0
            7.730997,48.574402,0
            7.731354,48.574392,0
            7.732237,48.57422,0
            7.732586,48.574279,0
            7.733944,48.57514,0
            7.731909,48.576372,0
            7.73096,48.579464,0
            7.732696,48.582187,0
            7.73454,48.583924,0
            7.734462,48.584072,0
            7.73447,48.584155,0
          </coordinates>
        </LineString>
      </Placemark>
      <Placemark>
        <name>Strasbourg</name>
        <description><![CDATA[description: Transit station from 2019-12-31T15:25:23.000Z to 2019-12-31T16:16:27.000Z. Distance 0m<br>Email: syugen.zhou@gmail.com<br>Category: Transit station<br>Distance: 0]]></description>
        <styleUrl>#icon-1739-0288D1</styleUrl>
        <ExtendedData>
          <Data name="description">
            <value>Transit station from 2019-12-31T15:25:23.000Z to 2019-12-31T16:16:27.000Z. Distance 0m</value>
          </Data>
          <Data name="Email">
            <value>syugen.zhou@gmail.com</value>
          </Data>
          <Data name="Category">
            <value>Transit station</value>
          </Data>
          <Data name="Distance">
            <value>0</value>
          </Data>
        </ExtendedData>
        <Point>
          <coordinates>
            7.734549,48.585068,0
          </coordinates>
        </Point>
      </Placemark>
    </Folder>
    <Folder>
      <name>2019-12-30</name>
      <Placemark>
        <name>Westend Shopping Center</name>
        <description><![CDATA[description: Shopping mall from 2019-12-29T21:46:11.929Z to 2019-12-30T07:01:11.313Z. Distance 0m<br>Email: syugen.zhou@gmail.com<br>Category: Shopping mall<br>Distance: 0]]></description>
        <styleUrl>#icon-1602-0288D1</styleUrl>
        <ExtendedData>
          <Data name="description">
            <value>Shopping mall from 2019-12-29T21:46:11.929Z to 2019-12-30T07:01:11.313Z. Distance 0m</value>
          </Data>
          <Data name="Email">
            <value>syugen.zhou@gmail.com</value>
          </Data>
          <Data name="Category">
            <value>Shopping mall</value>
          </Data>
          <Data name="Distance">
            <value>0</value>
          </Data>
        </ExtendedData>
        <Point>
          <coordinates>
            19.059258,47.513854,0
          </coordinates>
        </Point>
      </Placemark>
      <Placemark>
        <name>Driving</name>
        <description><![CDATA[description: Driving from 2019-12-30T07:01:11.313Z to 2019-12-30T08:53:29.000Z. Distance 187181m<br>Email: syugen.zhou@gmail.com<br>Category: Driving<br>Distance: 187181]]></description>
        <styleUrl>#line-01579B-5000</styleUrl>
        <ExtendedData>
          <Data name="description">
            <value>Driving from 2019-12-30T07:01:11.313Z to 2019-12-30T08:53:29.000Z. Distance 187181m</value>
          </Data>
          <Data name="Email">
            <value>syugen.zhou@gmail.com</value>
          </Data>
          <Data name="Category">
            <value>Driving</value>
          </Data>
          <Data name="Distance">
            <value>187181</value>
          </Data>
        </ExtendedData>
        <LineString>
          <tessellate>1</tessellate>
          <coordinates>
            19.057729,47.513209,0
            19.058678,47.514446,0
            19.058756,47.514473,0
            19.058867,47.51456,0
            19.059353,47.515162,0
            19.059474,47.515184,0
            19.059612,47.515319,0
            19.0597,47.515366,0
            19.060003,47.515379,0
            19.063483,47.512785,0
            19.063526,47.512618,0
            19.06349,47.512485,0
            19.062392,47.511811,0
            19.062209,47.51165,0
            19.062173,47.511526,0
            19.062242,47.511428,0
            19.05749,47.508566,0
            19.057422,47.508483,0
            19.0556,47.507212,0
            19.05528,47.507126,0
            19.055015,47.507112,0
            19.054803,47.498487,0
            19.054744,47.498411,0
            19.054686,47.498234,0
            19.054685,47.497875,0
            19.054755,47.497619,0
            19.054896,47.497466,0
            19.058948,47.495559,0
            19.059155,47.495356,0
            19.059818,47.494344,0
            19.055605,47.49326,0
            19.053329,47.492444,0
            19.052685,47.49213,0
            19.05205,47.491909,0
            19.051795,47.491859,0
            19.046638,47.490035,0
            19.046284,47.490029,0
            19.046084,47.49009,0
            19.045011,47.490868,0
            19.044836,47.490908,0
            19.044703,47.490912,0
            19.044488,47.490842,0
            19.044394,47.490748,0
            19.044205,47.490366,0
            19.044037,47.490258,0
            19.043256,47.490292,0
            19.040932,47.490654,0
            19.039632,47.490723,0
            19.038704,47.490645,0
            19.037732,47.490408,0
            19.034428,47.489098,0
            19.033588,47.488849,0
            19.032503,47.488738,0
            19.030866,47.488424,0
            19.030212,47.488353,0
            19.029358,47.48839,0
            19.028408,47.488353,0
            19.028333,47.488331,0
            19.026978,47.488232,0
            19.026932,47.48824,0
            19.025866,47.488057,0
            19.025364,47.487873,0
            19.025038,47.48768,0
            19.024736,47.487411,0
            19.024522,47.48711,0
            19.024396,47.486737,0
            19.024401,47.486352,0
            19.02464,47.485807,0
            19.025517,47.484797,0
            19.026716,47.482578,0
            19.026826,47.481912,0
            19.026605,47.48034,0
            19.026362,47.479528,0
            19.026088,47.478988,0
            19.025248,47.47785,0
            19.025181,47.477799,0
            19.023672,47.475482,0
            19.022719,47.474381,0
            19.022681,47.474249,0
            19.022237,47.473495,0
            19.02222,47.473309,0
            19.021348,47.472068,0
            19.020251,47.471088,0
            19.017778,47.468251,0
            19.017762,47.468108,0
            19.016929,47.467085,0
            19.015809,47.466071,0
            19.015095,47.465581,0
            19.011867,47.463943,0
            19.009675,47.463108,0
            19.007796,47.462526,0
            19.002376,47.4613,0
            18.988294,47.458965,0
            18.983019,47.457747,0
            18.972829,47.454619,0
            18.967753,47.453388,0
            18.962645,47.452647,0
            18.95977,47.452418,0
            18.928065,47.452115,0
            18.920659,47.452763,0
            18.918673,47.45275,0
            18.915792,47.452466,0
            18.914846,47.452463,0
            18.912204,47.452726,0
            18.909865,47.453157,0
            18.907021,47.453833,0
            18.904509,47.454561,0
            18.86911,47.466645,0
            18.866463,47.467832,0
            18.851566,47.475358,0
            18.845955,47.478524,0
            18.84056,47.481978,0
            18.828572,47.490324,0
            18.824604,47.492435,0
            18.821453,47.493798,0
            18.817277,47.49526,0
            18.813389,47.496284,0
            18.811018,47.496781,0
            18.788661,47.500635,0
            18.781542,47.502075,0
            18.752574,47.508885,0
            18.745374,47.510093,0
            18.739817,47.510713,0
            18.731299,47.511108,0
            18.726572,47.511077,0
            18.720914,47.510785,0
            18.695806,47.508058,0
            18.691302,47.50769,0
            18.685542,47.507582,0
            18.681714,47.507789,0
            18.655396,47.510737,0
            18.651824,47.511011,0
            18.648171,47.511141,0
            18.644457,47.511096,0
            18.616207,47.509235,0
            18.613542,47.508866,0
            18.610918,47.508334,0
            18.608439,47.507639,0
            18.605305,47.506425,0
            18.601864,47.504734,0
            18.586664,47.495852,0
            18.584541,47.494797,0
            18.5823,47.493954,0
            18.580374,47.49348,0
            18.578538,47.493199,0
            18.577015,47.493093,0
            18.575879,47.493087,0
            18.57359,47.493259,0
            18.572015,47.493519,0
            18.57053,47.493903,0
            18.568441,47.494641,0
            18.545427,47.505102,0
            18.543423,47.506181,0
            18.543038,47.506467,0
            18.542842,47.506563,0
            18.540678,47.508137,0
            18.534291,47.513746,0
            18.530942,47.51619,0
            18.528296,47.517749,0
            18.52641,47.518649,0
            18.524732,47.519299,0
            18.50847,47.524713,0
            18.506924,47.525442,0
            18.505796,47.526148,0
            18.504336,47.527284,0
            18.503467,47.528181,0
            18.502707,47.52923,0
            18.501875,47.530797,0
            18.501373,47.532152,0
            18.500234,47.537841,0
            18.499543,47.540305,0
            18.498494,47.542924,0
            18.497669,47.544568,0
            18.49613,47.547085,0
            18.493469,47.550476,0
            18.489998,47.553866,0
            18.483571,47.558893,0
            18.481817,47.560643,0
            18.48044,47.56246,0
            18.477739,47.567681,0
            18.476612,47.569338,0
            18.475677,47.570373,0
            18.474154,47.571723,0
            18.473159,47.572449,0
            18.470266,47.574079,0
            18.468471,47.574811,0
            18.465512,47.575659,0
            18.462862,47.576125,0
            18.461154,47.576306,0
            18.458184,47.576384,0
            18.456604,47.576296,0
            18.454529,47.576036,0
            18.449234,47.575106,0
            18.447287,47.574881,0
            18.445371,47.574833,0
            18.443674,47.5749,0
            18.418451,47.577659,0
            18.416365,47.577996,0
            18.415397,47.578221,0
            18.413329,47.578928,0
            18.412163,47.579495,0
            18.411307,47.580032,0
            18.409683,47.581295,0
            18.398066,47.593162,0
            18.396256,47.594561,0
            18.392823,47.596651,0
            18.385528,47.600487,0
            18.380833,47.602567,0
            18.334432,47.619887,0
            18.331013,47.620985,0
            18.325653,47.622466,0
            18.318299,47.624021,0
            18.313694,47.624743,0
            18.305861,47.625527,0
            18.302238,47.625686,0
            18.295549,47.625746,0
            18.281826,47.625455,0
            18.27875,47.62553,0
            18.273477,47.625971,0
            18.27017,47.626486,0
            18.267022,47.62714,0
            18.260654,47.62888,0
            18.241143,47.635236,0
            18.226461,47.639291,0
            18.221784,47.640831,0
            18.216523,47.64288,0
            18.211817,47.644987,0
            18.204556,47.648644,0
            18.191038,47.656135,0
            18.188632,47.657289,0
            18.185296,47.658653,0
            18.181716,47.659797,0
            18.17792,47.660714,0
            18.173496,47.661427,0
            18.160407,47.662984,0
            18.150458,47.664632,0
            18.143764,47.666062,0
            18.121983,47.671881,0
            18.117599,47.672817,0
            18.112879,47.673604,0
            18.105312,47.674479,0
            18.099291,47.674795,0
            18.09237,47.674787,0
            18.080908,47.674203,0
            18.073613,47.674157,0
            18.066404,47.6746,0
            18.062377,47.675037,0
            18.056473,47.675924,0
            18.0334,47.68074,0
            18.025142,47.682089,0
            18.018187,47.682819,0
            18.009147,47.683243,0
            18.000194,47.683126,0
            17.995011,47.682842,0
            17.965352,47.680277,0
            17.950679,47.679353,0
            17.942773,47.679111,0
            17.933461,47.679162,0
            17.92628,47.679451,0
            17.917617,47.680084,0
            17.889768,47.68335,0
            17.881159,47.684156,0
            17.870338,47.684603,0
            17.836647,47.68442,0
            17.830777,47.684689,0
            17.823212,47.685343,0
            17.813097,47.686542,0
            17.809832,47.686626,0
            17.805828,47.686406,0
            17.80404,47.686169,0
            17.801124,47.685601,0
            17.798708,47.684923,0
            17.795599,47.683757,0
            17.793798,47.682889,0
            17.791962,47.68183,0
            17.789893,47.680379,0
            17.784463,47.675771,0
            17.780476,47.672889,0
            17.778225,47.671571,0
            17.77652,47.670727,0
            17.774194,47.669748,0
            17.771749,47.668917,0
            17.738583,47.659144,0
            17.730589,47.656491,0
            17.722536,47.653459,0
            17.678624,47.634711,0
            17.676158,47.633903,0
            17.673839,47.633392,0
            17.672141,47.633135,0
            17.669905,47.632964,0
            17.668625,47.632954,0
            17.665875,47.633116,0
            17.662946,47.633557,0
            17.62359,47.642567,0
            17.621056,47.643303,0
            17.61875,47.644205,0
            17.573664,47.666107,0
            17.553109,47.67532,0
            17.552973,47.675423,0
            17.549055,47.677241,0
            17.548843,47.677451,0
            17.548789,47.677623,0
            17.548814,47.677749,0
            17.548929,47.677936,0
            17.549035,47.678026,0
            17.549278,47.678145,0
            17.549554,47.678195,0
            17.549754,47.67819,0
            17.550097,47.678107,0
            17.550708,47.67779,0
            17.55089,47.677628,0
            17.550982,47.677386,0
            17.550908,47.677313,0
            17.550867,47.677218,0
            17.55095,47.677036,0
            17.551116,47.676963,0
            17.551312,47.676949,0
            17.551453,47.676979,0
            17.551568,47.67704,0
            17.551665,47.677188,0
            17.551599,47.677351,0
            17.551499,47.677432,0
            17.551427,47.677462,0
            17.551298,47.677477,0
            17.551161,47.677528,0
            17.550342,47.678075,0
            17.549756,47.67829,0
            17.547457,47.678389,0
            17.546916,47.678491,0
            17.546221,47.678718,0
            17.545444,47.679116,0
            17.542708,47.681025,0
            17.542567,47.681078,0
            17.537455,47.685477,0
            17.536095,47.686399,0
            17.534087,47.687483,0
            17.532101,47.688309,0
            17.517042,47.69266,0
            17.509983,47.695303,0
            17.506602,47.696814,0
            17.502239,47.699013,0
            17.453924,47.725493,0
            17.447093,47.729658,0
            17.4181,47.749522,0
            17.411034,47.753921,0
            17.405054,47.75719,0
            17.398877,47.760181,0
            17.326704,47.790368,0
            17.321586,47.792789,0
            17.317027,47.795153,0
            17.310414,47.799006,0
            17.305014,47.802671,0
            17.3004,47.806221,0
            17.295525,47.810564,0
            17.278647,47.828257,0
            17.272443,47.833972,0
            17.26813,47.83742,0
            17.240888,47.857332,0
            17.232673,47.862673,0
            17.227518,47.865578,0
            17.194003,47.882926,0
            17.189938,47.885379,0
            17.18421,47.889262,0
            17.18422,47.88931,0
            17.18287,47.890586,0
            17.182511,47.891074,0
            17.18205,47.891918,0
            17.181659,47.893286,0
            17.181615,47.893904,0
            17.183021,47.901524,0
            17.183219,47.903738,0
            17.183171,47.905608,0
            17.182758,47.908335,0
            17.182303,47.909973,0
            17.180724,47.913711,0
            17.169583,47.932869,0
            17.167553,47.937221,0
            17.166382,47.941638,0
            17.16605,47.944298,0
            17.16605,47.947744,0
            17.166407,47.950315,0
            17.167328,47.953761,0
            17.168144,47.955918,0
            17.169143,47.958025,0
            17.171319,47.961765,0
            17.183293,47.980392,0
            17.185128,47.984181,0
            17.185805,47.986247,0
            17.186271,47.988602,0
            17.186427,47.991156,0
            17.186069,47.994587,0
            17.18565,47.996273,0
            17.184856,47.998474,0
            17.182087,48.003417,0
            17.173346,48.016689,0
            17.170852,48.019497,0
            17.169415,48.020913,0
            17.167075,48.02284,0
            17.163497,48.025145,0
            17.161004,48.02645,0
            17.158263,48.027673,0
            17.154589,48.029055,0
            17.14867,48.030873,0
            17.132684,48.035242,0
            17.12633,48.037397,0
            17.124002,48.038321,0
            17.121179,48.039631,0
            17.116276,48.042433,0
            17.113407,48.044496,0
            17.110442,48.047055,0
            17.107736,48.049938,0
            17.106053,48.052181,0
            17.10478,48.054256,0
            17.103246,48.057545,0
            17.102438,48.059871,0
            17.102033,48.061698,0
            17.101828,48.063829,0
            17.101822,48.071086,0
            17.101889,48.071157,0
            17.102143,48.072388,0
            17.102292,48.072593,0
            17.102518,48.072721,0
            17.102806,48.072767,0
            17.102993,48.072747,0
            17.103253,48.072645,0
            17.103413,48.072444,0
            17.103431,48.072272,0
            17.103334,48.07209,0
            17.103165,48.071989,0
            17.102883,48.071913,0
            17.102372,48.071864,0
            17.099277,48.071947,0
            17.098539,48.072018,0
            17.096517,48.072066,0
            17.095628,48.072028,0
            17.094964,48.071934,0
            17.093602,48.071602,0
            17.090163,48.070065,0
            17.088994,48.069631,0
            17.088812,48.069519,0
            17.085776,48.068977,0
            17.084196,48.068838,0
            17.082824,48.068851,0
            17.081505,48.06897,0
            17.079624,48.069262,0
            17.072091,48.071343,0
            17.071975,48.071426,0
            17.070624,48.071841,0
          </coordinates>
        </LineString>
      </Placemark>
      <Placemark>
        <name>Kittsee A6/Staatsgrenze (Grenzübergang)</name>
        <description><![CDATA[description: Bus stop from 2019-12-30T08:53:29.000Z to 2019-12-30T09:00:44.000Z. Distance 0m<br>Email: syugen.zhou@gmail.com<br>Category: Bus stop<br>Distance: 0]]></description>
        <styleUrl>#icon-1739-0288D1</styleUrl>
        <ExtendedData>
          <Data name="description">
            <value>Bus stop from 2019-12-30T08:53:29.000Z to 2019-12-30T09:00:44.000Z. Distance 0m</value>
          </Data>
          <Data name="Email">
            <value>syugen.zhou@gmail.com</value>
          </Data>
          <Data name="Category">
            <value>Bus stop</value>
          </Data>
          <Data name="Distance">
            <value>0</value>
          </Data>
        </ExtendedData>
        <Point>
          <coordinates>
            17.072754,48.070939,0
          </coordinates>
        </Point>
      </Placemark>
      <Placemark>
        <name>Driving</name>
        <description><![CDATA[description: Driving from 2019-12-30T09:00:44.671Z to 2019-12-30T09:56:54.000Z. Distance 83408m<br>Email: syugen.zhou@gmail.com<br>Category: Driving<br>Distance: 83408]]></description>
        <styleUrl>#line-01579B-5000</styleUrl>
        <ExtendedData>
          <Data name="description">
            <value>Driving from 2019-12-30T09:00:44.671Z to 2019-12-30T09:56:54.000Z. Distance 83408m</value>
          </Data>
          <Data name="Email">
            <value>syugen.zhou@gmail.com</value>
          </Data>
          <Data name="Category">
            <value>Driving</value>
          </Data>
          <Data name="Distance">
            <value>83408</value>
          </Data>
        </ExtendedData>
        <LineString>
          <tessellate>1</tessellate>
          <coordinates>
            17.070622,48.071841,0
            17.069908,48.072021,0
            17.069801,48.072098,0
            17.069718,48.072244,0
            17.069689,48.072261,0
            17.068506,48.072546,0
            17.068314,48.072542,0
            17.06796,48.072478,0
            17.06777,48.07249,0
            17.064266,48.073484,0
            17.058104,48.075665,0
            17.046272,48.080425,0
            17.044523,48.081009,0
            17.043152,48.081373,0
            17.040525,48.081868,0
            17.038246,48.082097,0
            17.038217,48.082117,0
            17.038158,48.082133,0
            17.033528,48.082254,0
            17.032384,48.082164,0
            17.031835,48.08207,0
            17.031468,48.081963,0
            17.031239,48.082006,0
            17.031031,48.081986,0
            17.030818,48.081893,0
            17.03072,48.081799,0
            17.030669,48.08163,0
            17.030701,48.081522,0
            17.0308,48.081412,0
            17.030894,48.081355,0
            17.031129,48.081292,0
            17.031281,48.081291,0
            17.031491,48.08134,0
            17.031666,48.081458,0
            17.032458,48.081484,0
            17.035144,48.081928,0
            17.036057,48.081987,0
            17.039014,48.081885,0
            17.039216,48.081907,0
            17.040584,48.081745,0
            17.042378,48.081428,0
            17.043726,48.081109,0
            17.045328,48.080635,0
            17.056751,48.076036,0
            17.064298,48.073334,0
            17.070613,48.071397,0
            17.072319,48.071,0
            17.072775,48.070943,0
            17.07887,48.069329,0
            17.080492,48.068989,0
            17.08148,48.06885,0
            17.083189,48.068731,0
            17.084496,48.068733,0
            17.085446,48.068797,0
            17.086914,48.068995,0
            17.088697,48.069368,0
            17.089468,48.069583,0
            17.100248,48.073292,0
            17.100796,48.073537,0
            17.101169,48.073752,0
            17.101749,48.074209,0
            17.102198,48.074874,0
            17.102353,48.075438,0
            17.102338,48.075875,0
            17.102144,48.076498,0
            17.101511,48.077593,0
            17.100453,48.081449,0
            17.100316,48.081676,0
            17.099398,48.08542,0
            17.098974,48.089212,0
            17.098955,48.093917,0
            17.098675,48.095973,0
            17.098211,48.097523,0
            17.097499,48.099067,0
            17.096886,48.100058,0
            17.095403,48.101935,0
            17.094024,48.103248,0
            17.092994,48.104097,0
            17.088979,48.106882,0
            17.087233,48.108275,0
            17.086299,48.109164,0
            17.084566,48.11106,0
            17.081148,48.115462,0
            17.079588,48.11776,0
            17.077428,48.121682,0
            17.076625,48.1235,0
            17.075663,48.126217,0
            17.075065,48.128494,0
            17.074601,48.131423,0
            17.074453,48.135685,0
            17.074745,48.138756,0
            17.076039,48.145924,0
            17.076472,48.150814,0
            17.076336,48.159565,0
            17.076184,48.16068,0
            17.076007,48.161278,0
            17.075496,48.162272,0
            17.074946,48.16302,0
            17.073707,48.164169,0
            17.073051,48.164579,0
            17.072235,48.164999,0
            17.070095,48.165918,0
            17.068953,48.166507,0
            17.067689,48.167307,0
            17.065905,48.168983,0
            17.065484,48.169505,0
            17.064768,48.170698,0
            17.063037,48.176249,0
            17.062514,48.177113,0
            17.061754,48.177885,0
            17.061047,48.178429,0
            17.060266,48.17889,0
            17.059338,48.179319,0
            17.055301,48.180668,0
            17.053898,48.181211,0
            17.052164,48.182075,0
            17.050336,48.183177,0
            17.049316,48.183943,0
            17.04784,48.185383,0
            17.046609,48.186858,0
            17.045748,48.188282,0
            17.045181,48.189651,0
            17.04287,48.197987,0
            17.040991,48.202912,0
            17.038711,48.207566,0
            17.036061,48.211942,0
            17.033975,48.214977,0
            17.027149,48.223435,0
            17.023209,48.228859,0
            17.019568,48.234651,0
            17.016027,48.241387,0
            17.014319,48.245355,0
            17.012415,48.2506,0
            17.010304,48.258628,0
            17.009502,48.263355,0
            17.008972,48.269314,0
            17.008973,48.277539,0
            17.009943,48.285965,0
            17.010731,48.28976,0
            17.012232,48.295273,0
            17.014506,48.301663,0
            17.016886,48.306896,0
            17.019542,48.312135,0
            17.020967,48.315442,0
            17.022072,48.318624,0
            17.023612,48.324776,0
            17.02402,48.328077,0
            17.024236,48.333303,0
            17.02389,48.338393,0
            17.023331,48.341701,0
            17.020944,48.352258,0
            17.020145,48.357587,0
            17.01973,48.364826,0
            17.01978,48.367756,0
            17.020186,48.372582,0
            17.020878,48.377062,0
            17.022085,48.382349,0
            17.023669,48.387407,0
            17.025064,48.391031,0
            17.027073,48.395509,0
            17.028784,48.398835,0
            17.036751,48.411989,0
            17.038767,48.416231,0
            17.040443,48.42041,0
            17.041054,48.422337,0
            17.042425,48.428236,0
            17.042959,48.432124,0
            17.043231,48.437122,0
            17.043143,48.440508,0
            17.04227,48.44685,0
            17.041384,48.450715,0
            17.039898,48.455408,0
            17.0359,48.465361,0
            17.034496,48.4694,0
            17.032755,48.476354,0
            17.032206,48.47998,0
            17.031783,48.485051,0
            17.031753,48.487973,0
            17.032321,48.499501,0
            17.032217,48.501723,0
            17.031832,48.504862,0
            17.031408,48.506806,0
            17.030581,48.509535,0
            17.029003,48.513285,0
            17.027937,48.515331,0
            17.017029,48.533667,0
            17.014743,48.538537,0
            17.013218,48.542934,0
            17.012496,48.545624,0
            17.011924,48.548583,0
            17.011463,48.552785,0
            17.011506,48.557043,0
            17.011733,48.559929,0
            17.01247,48.564172,0
            17.014453,48.57197,0
            17.015143,48.575482,0
            17.015989,48.58161,0
            17.016431,48.588177,0
            17.016457,48.592956,0
            17.015798,48.601579,0
            17.014154,48.610406,0
            17.012548,48.616107,0
            17.010885,48.620928,0
            17.008637,48.626432,0
            17.00535,48.633116,0
            17.002585,48.637884,0
            16.998708,48.643986,0
            16.995915,48.649075,0
            16.993723,48.653745,0
            16.99238,48.657246,0
            16.990557,48.663075,0
            16.989257,48.668404,0
            16.988164,48.674957,0
            16.987299,48.684431,0
            16.987622,48.701677,0
            16.987098,48.708544,0
            16.985902,48.715216,0
            16.984353,48.720776,0
            16.983918,48.721903,0
            16.983948,48.721996,0
            16.983082,48.724488,0
            16.98313,48.725285,0
            16.98323,48.725648,0
            16.983099,48.726215,0
          </coordinates>
        </LineString>
      </Placemark>
      <Placemark>
        <name>Parkoviště</name>
        <description><![CDATA[description: Truck stop from 2019-12-30T09:56:54.000Z to 2019-12-30T10:05:37.000Z. Distance 0m<br>Email: syugen.zhou@gmail.com<br>Category: Truck stop<br>Distance: 0]]></description>
        <styleUrl>#icon-1739-0288D1</styleUrl>
        <ExtendedData>
          <Data name="description">
            <value>Truck stop from 2019-12-30T09:56:54.000Z to 2019-12-30T10:05:37.000Z. Distance 0m</value>
          </Data>
          <Data name="Email">
            <value>syugen.zhou@gmail.com</value>
          </Data>
          <Data name="Category">
            <value>Truck stop</value>
          </Data>
          <Data name="Distance">
            <value>0</value>
          </Data>
        </ExtendedData>
        <Point>
          <coordinates>
            16.983624,48.726713,0
          </coordinates>
        </Point>
      </Placemark>
      <Placemark>
        <name>Driving</name>
        <description><![CDATA[description: Driving from 2019-12-30T10:05:37.631Z to 2019-12-30T12:13:35.655Z. Distance 256557m<br>Email: syugen.zhou@gmail.com<br>Category: Driving<br>Distance: 256557]]></description>
        <styleUrl>#line-01579B-5000</styleUrl>
        <ExtendedData>
          <Data name="description">
            <value>Driving from 2019-12-30T10:05:37.631Z to 2019-12-30T12:13:35.655Z. Distance 256557m</value>
          </Data>
          <Data name="Email">
            <value>syugen.zhou@gmail.com</value>
          </Data>
          <Data name="Category">
            <value>Driving</value>
          </Data>
          <Data name="Distance">
            <value>256557</value>
          </Data>
        </ExtendedData>
        <LineString>
          <tessellate>1</tessellate>
          <coordinates>
            16.983094,48.726243,0
            16.982909,48.727328,0
            16.982265,48.729154,0
            16.982125,48.729236,0
            16.981218,48.729471,0
            16.980695,48.729738,0
            16.980312,48.730111,0
            16.979256,48.731906,0
            16.974147,48.738292,0
            16.97101,48.741489,0
            16.948359,48.75999,0
            16.943022,48.765017,0
            16.927652,48.781136,0
            16.888162,48.81463,0
            16.857706,48.842481,0
            16.827484,48.868196,0
            16.805618,48.88925,0
            16.79909,48.894972,0
            16.776282,48.912801,0
            16.761574,48.925299,0
            16.756901,48.928504,0
            16.745514,48.935194,0
            16.742484,48.937513,0
            16.74074,48.939445,0
            16.739702,48.94124,0
            16.738419,48.944557,0
            16.737295,48.946585,0
            16.73556,48.94861,0
            16.732995,48.950634,0
            16.72592,48.954787,0
            16.723841,48.956345,0
            16.71506,48.964433,0
            16.706731,48.970788,0
            16.702281,48.97466,0
            16.698877,48.978189,0
            16.694414,48.983932,0
            16.691276,48.989564,0
            16.688996,48.995763,0
            16.687969,49.000956,0
            16.686749,49.017945,0
            16.685804,49.023217,0
            16.684141,49.029491,0
            16.681119,49.037596,0
            16.67874,49.042595,0
            16.665356,49.064934,0
            16.662547,49.071117,0
            16.661025,49.075436,0
            16.653213,49.104718,0
            16.649397,49.114055,0
            16.633158,49.143157,0
            16.633174,49.143232,0
            16.631328,49.147152,0
            16.630699,49.149349,0
            16.630407,49.152142,0
            16.630708,49.156754,0
            16.631679,49.160151,0
            16.631983,49.160482,0
            16.632246,49.160598,0
            16.632463,49.160627,0
            16.632767,49.16059,0
            16.63298,49.160507,0
            16.63319,49.16027,0
            16.633197,49.160069,0
            16.633068,49.159882,0
            16.632713,49.159705,0
            16.632298,49.159634,0
            16.611547,49.159007,0
            16.609156,49.159043,0
            16.605563,49.159294,0
            16.587119,49.161354,0
            16.58263,49.16151,0
            16.580037,49.161389,0
            16.574546,49.160806,0
            16.571501,49.160691,0
            16.568429,49.160842,0
            16.565268,49.161279,0
            16.563311,49.161708,0
            16.54752,49.166803,0
            16.538897,49.168775,0
            16.521744,49.171094,0
            16.519273,49.171555,0
            16.517138,49.172135,0
            16.510565,49.174431,0
            16.508312,49.174985,0
            16.499691,49.176293,0
            16.495,49.177266,0
            16.482057,49.181659,0
            16.47415,49.183737,0
            16.448612,49.188439,0
            16.441628,49.190412,0
            16.437742,49.191849,0
            16.433351,49.193828,0
            16.427642,49.197121,0
            16.425543,49.198672,0
            16.42244,49.201621,0
            16.420607,49.20399,0
            16.416834,49.210406,0
            16.414483,49.213146,0
            16.411812,49.215399,0
            16.409067,49.217152,0
            16.405995,49.218648,0
            16.402692,49.219892,0
            16.395104,49.222292,0
            16.391906,49.22367,0
            16.389715,49.224912,0
            16.387521,49.226457,0
            16.382272,49.23152,0
            16.380401,49.232953,0
            16.376316,49.235502,0
            16.373281,49.237781,0
            16.368682,49.241979,0
            16.365742,49.244189,0
            16.350396,49.253076,0
            16.347725,49.254406,0
            16.344681,49.255573,0
            16.342608,49.256185,0
            16.339406,49.256884,0
            16.335352,49.257378,0
            16.32288,49.257717,0
            16.320337,49.257906,0
            16.3166,49.258412,0
            16.312597,49.259266,0
            16.308813,49.260421,0
            16.29181,49.267275,0
            16.28947,49.268069,0
            16.284742,49.269247,0
            16.28137,49.269812,0
            16.278827,49.270091,0
            16.241171,49.272332,0
            16.238118,49.272703,0
            16.235692,49.273146,0
            16.225925,49.275564,0
            16.206908,49.279481,0
            16.203362,49.280529,0
            16.199138,49.282061,0
            16.196045,49.28339,0
            16.177951,49.293241,0
            16.169436,49.296933,0
            16.160473,49.299849,0
            16.152351,49.301786,0
            16.127983,49.305649,0
            16.122001,49.307083,0
            16.116278,49.308972,0
            16.11148,49.311031,0
            16.103337,49.315097,0
            16.099095,49.316833,0
            16.088233,49.320329,0
            16.084029,49.322255,0
            16.081055,49.324123,0
            16.075656,49.328579,0
            16.072744,49.330442,0
            16.061361,49.335774,0
            16.057525,49.337782,0
            16.049838,49.342366,0
            16.040045,49.347671,0
            16.03773,49.349324,0
            16.033154,49.35312,0
            16.030419,49.354721,0
            16.028299,49.355683,0
            16.020189,49.358428,0
            16.01402,49.360983,0
            16.01056,49.361969,0
            16.007236,49.362619,0
            16.003472,49.363048,0
            15.998027,49.363337,0
            15.992008,49.364075,0
            15.987611,49.36501,0
            15.984352,49.365935,0
            15.923346,49.386086,0
            15.922567,49.386421,0
            15.917529,49.38803,0
            15.912622,49.38931,0
            15.904941,49.390782,0
            15.900397,49.391915,0
            15.887713,49.396223,0
            15.884445,49.397057,0
            15.881363,49.39757,0
            15.872369,49.398496,0
            15.840754,49.404023,0
            15.834112,49.404743,0
            15.822122,49.40563,0
            15.810097,49.407172,0
            15.803731,49.40767,0
            15.797783,49.407704,0
            15.786686,49.407249,0
            15.783008,49.407281,0
            15.780104,49.407458,0
            15.768845,49.408786,0
            15.764677,49.409029,0
            15.754599,49.408957,0
            15.751714,49.409089,0
            15.730572,49.411434,0
            15.72281,49.412002,0
            15.717354,49.412794,0
            15.714194,49.41362,0
            15.711613,49.414526,0
            15.69983,49.420023,0
            15.695801,49.421359,0
            15.692629,49.422126,0
            15.689763,49.422633,0
            15.674486,49.424583,0
            15.668317,49.425792,0
            15.662978,49.427299,0
            15.659441,49.428569,0
            15.655138,49.430452,0
            15.632418,49.442004,0
            15.609891,49.452008,0
            15.605236,49.453338,0
            15.603336,49.45362,0
            15.597338,49.454121,0
            15.594778,49.454471,0
            15.592023,49.455128,0
            15.590759,49.455538,0
            15.587578,49.456958,0
            15.585847,49.458038,0
            15.583873,49.459669,0
            15.579834,49.463864,0
            15.578869,49.464696,0
            15.577402,49.465677,0
            15.576235,49.466274,0
            15.571323,49.468254,0
            15.569581,49.469269,0
            15.567877,49.470763,0
            15.565536,49.474169,0
            15.564027,49.475727,0
            15.562191,49.476966,0
            15.560614,49.477706,0
            15.559365,49.478148,0
            15.557618,49.478597,0
            15.535122,49.482148,0
            15.530304,49.483309,0
            15.514614,49.487727,0
            15.489626,49.493477,0
            15.486407,49.494537,0
            15.481837,49.496568,0
            15.478237,49.49874,0
            15.472682,49.5033,0
            15.466457,49.507375,0
            15.465315,49.508266,0
            15.463459,49.510024,0
            15.460006,49.514159,0
            15.458603,49.515283,0
            15.457542,49.515937,0
            15.454894,49.517132,0
            15.452381,49.51784,0
            15.450666,49.518147,0
            15.448642,49.518327,0
            15.446034,49.518304,0
            15.444245,49.518121,0
            15.437739,49.517029,0
            15.429173,49.516449,0
            15.420692,49.515341,0
            15.417509,49.515082,0
            15.414047,49.514998,0
            15.410951,49.515097,0
            15.406574,49.515528,0
            15.403372,49.516079,0
            15.400227,49.516813,0
            15.382319,49.522682,0
            15.376708,49.523904,0
            15.373977,49.524311,0
            15.367741,49.524889,0
            15.352887,49.525792,0
            15.349473,49.526364,0
            15.345315,49.52752,0
            15.342419,49.528691,0
            15.339026,49.530582,0
            15.336283,49.532697,0
            15.335116,49.533895,0
            15.333609,49.535833,0
            15.332688,49.537446,0
            15.331677,49.53996,0
            15.329269,49.548166,0
            15.328649,49.549509,0
            15.327086,49.551964,0
            15.32522,49.554031,0
            15.323913,49.555184,0
            15.322126,49.556478,0
            15.319733,49.557891,0
            15.317882,49.558792,0
            15.314487,49.560062,0
            15.312435,49.560652,0
            15.30902,49.561358,0
            15.299523,49.5624,0
            15.297561,49.562733,0
            15.293832,49.563657,0
            15.291612,49.564419,0
            15.282668,49.568397,0
            15.276538,49.570527,0
            15.273324,49.572,0
            15.271119,49.573307,0
            15.268467,49.575327,0
            15.258717,49.58417,0
            15.256307,49.585851,0
            15.253376,49.587419,0
            15.24578,49.590547,0
            15.233969,49.596774,0
            15.230831,49.597978,0
            15.229439,49.598395,0
            15.226905,49.598958,0
            15.22515,49.599188,0
            15.223094,49.599295,0
            15.221052,49.599205,0
            15.218687,49.598847,0
            15.216615,49.598291,0
            15.213089,49.597003,0
            15.211106,49.596482,0
            15.209441,49.59622,0
            15.207427,49.596087,0
            15.205057,49.59616,0
            15.202799,49.596499,0
            15.201411,49.596842,0
            15.199556,49.597492,0
            15.195702,49.599294,0
            15.193631,49.599979,0
            15.18857,49.601132,0
            15.177272,49.604787,0
            15.173725,49.605533,0
            15.145636,49.610208,0
            15.144237,49.610548,0
            15.142419,49.611171,0
            15.140267,49.612257,0
            15.138308,49.613765,0
            15.137327,49.614876,0
            15.136658,49.61595,0
            15.129223,49.63186,0
            15.115634,49.678109,0
            15.11493,49.679676,0
            15.113943,49.681172,0
            15.111923,49.683278,0
            15.109218,49.685178,0
            15.107894,49.685881,0
            15.105367,49.686954,0
            15.097559,49.689595,0
            15.095712,49.690468,0
            15.094687,49.691119,0
            15.093232,49.692358,0
            15.092595,49.693099,0
            15.091732,49.694527,0
            15.091433,49.695412,0
            15.090857,49.699264,0
            15.090235,49.701231,0
            15.089543,49.702478,0
            15.088032,49.704315,0
            15.086998,49.70524,0
            15.085305,49.706427,0
            15.082355,49.707893,0
            15.080989,49.708388,0
            15.058386,49.714095,0
            15.056747,49.714745,0
            15.054684,49.715903,0
            15.052758,49.717543,0
            15.03957,49.738885,0
            15.038124,49.740434,0
            15.036578,49.741717,0
            15.032099,49.744668,0
            15.030805,49.745745,0
            15.026506,49.750381,0
            15.025068,49.751381,0
            15.022997,49.752374,0
            15.0208,49.753037,0
            15.018999,49.753364,0
            15.016714,49.753524,0
            15.014853,49.753444,0
            15.013169,49.753214,0
            15.000862,49.750155,0
            14.997073,49.74964,0
            14.994151,49.749459,0
            14.989749,49.749527,0
            14.985466,49.750003,0
            14.982103,49.750674,0
            14.980014,49.751232,0
            14.975843,49.752739,0
            14.97366,49.753776,0
            14.968328,49.75692,0
            14.96713,49.757463,0
            14.965032,49.758149,0
            14.957994,49.759458,0
            14.956391,49.760018,0
            14.954783,49.760806,0
            14.953514,49.761658,0
            14.952088,49.763035,0
            14.950283,49.765808,0
            14.949323,49.766943,0
            14.948071,49.767983,0
            14.938661,49.773809,0
            14.936734,49.775545,0
            14.926758,49.788732,0
            14.924606,49.793009,0
            14.923924,49.794011,0
            14.922641,49.795282,0
            14.920952,49.796413,0
            14.919067,49.797298,0
            14.888915,49.809003,0
            14.885844,49.810404,0
            14.881766,49.81279,0
            14.877781,49.815962,0
            14.866357,49.826948,0
            14.863698,49.829082,0
            14.861653,49.830361,0
            14.857975,49.832115,0
            14.853444,49.833592,0
            14.826098,49.839442,0
            14.820091,49.840387,0
            14.805663,49.841935,0
            14.803179,49.842622,0
            14.801731,49.843237,0
            14.799765,49.844454,0
            14.798652,49.845443,0
            14.798048,49.846171,0
            14.797166,49.847803,0
            14.796909,49.84878,0
            14.797163,49.853561,0
            14.796545,49.85583,0
            14.795653,49.857245,0
            14.794742,49.858244,0
            14.793091,49.859552,0
            14.787632,49.863081,0
            14.781959,49.867662,0
            14.780286,49.868582,0
            14.778886,49.86915,0
            14.777327,49.869623,0
            14.770288,49.871082,0
            14.768311,49.871676,0
            14.766224,49.872486,0
            14.764095,49.873513,0
            14.761926,49.874775,0
            14.760565,49.875832,0
            14.759444,49.876947,0
            14.757791,49.87931,0
            14.75705,49.881479,0
            14.756604,49.884096,0
            14.755752,49.886371,0
            14.754691,49.888033,0
            14.752985,49.889737,0
            14.746446,49.894412,0
            14.733745,49.906173,0
            14.732097,49.907384,0
            14.729896,49.908652,0
            14.726828,49.909953,0
            14.72341,49.910921,0
            14.718412,49.911919,0
            14.715933,49.912571,0
            14.713667,49.913434,0
            14.711204,49.914766,0
            14.709583,49.915969,0
            14.708499,49.916993,0
            14.701406,49.925148,0
            14.69732,49.928744,0
            14.693782,49.931396,0
            14.686187,49.936004,0
            14.683518,49.937184,0
            14.682181,49.937642,0
            14.650471,49.946237,0
            14.648001,49.947122,0
            14.646335,49.948022,0
            14.645336,49.948711,0
            14.602568,49.983934,0
            14.599082,49.986536,0
            14.595766,49.988649,0
            14.57042,50.003143,0
            14.565717,50.005111,0
            14.562025,50.006209,0
            14.559006,50.006883,0
            14.546259,50.00906,0
            14.542741,50.009812,0
            14.538456,50.01101,0
            14.499761,50.026137,0
            14.497295,50.027451,0
            14.495713,50.028639,0
            14.494339,50.03005,0
            14.493393,50.031417,0
            14.491349,50.035973,0
            14.490182,50.037427,0
            14.488168,50.038818,0
            14.48687,50.039406,0
            14.485068,50.039962,0
            14.483809,50.040205,0
            14.482108,50.04034,0
            14.480401,50.040318,0
            14.475277,50.039813,0
            14.472412,50.039943,0
            14.46973,50.04045,0
            14.467832,50.041029,0
            14.457961,50.045161,0
            14.444633,50.051756,0
            14.441128,50.053121,0
            14.440458,50.053531,0
            14.437162,50.056091,0
            14.435541,50.057985,0
            14.431494,50.061047,0
            14.430876,50.061763,0
            14.430634,50.062451,0
            14.430454,50.068359,0
            14.430872,50.069305,0
            14.430198,50.075255,0
            14.430548,50.077656,0
            14.430751,50.077883,0
            14.432886,50.079317,0
            14.433572,50.080416,0
            14.43401,50.08187,0
            14.437322,50.086372,0
            14.437643,50.087083,0
            14.437856,50.088845,0
            14.437672,50.092377,0
            14.437809,50.092504,0
            14.437914,50.092531,0
            14.439854,50.092612,0
          </coordinates>
        </LineString>
      </Placemark>
      <Placemark>
        <name>Hilton Prague</name>
        <description><![CDATA[description: Hotel from 2019-12-30T12:13:35.655Z to 2019-12-30T14:27:46.998Z. Distance 0m<br>Email: syugen.zhou@gmail.com<br>Category: Hotel<br>Distance: 0]]></description>
        <styleUrl>#icon-1602-0288D1</styleUrl>
        <ExtendedData>
          <Data name="description">
            <value>Hotel from 2019-12-30T12:13:35.655Z to 2019-12-30T14:27:46.998Z. Distance 0m</value>
          </Data>
          <Data name="Email">
            <value>syugen.zhou@gmail.com</value>
          </Data>
          <Data name="Category">
            <value>Hotel</value>
          </Data>
          <Data name="Distance">
            <value>0</value>
          </Data>
        </ExtendedData>
        <Point>
          <coordinates>
            14.439171,50.093401,0
          </coordinates>
        </Point>
      </Placemark>
      <Placemark>
        <name>Walking</name>
        <description><![CDATA[description: Walking from 2019-12-30T14:27:46.998Z to 2019-12-30T14:53:35.000Z. Distance 2066m<br>Email: syugen.zhou@gmail.com<br>Category: Walking<br>Distance: 2066]]></description>
        <styleUrl>#line-01579B-5000</styleUrl>
        <ExtendedData>
          <Data name="description">
            <value>Walking from 2019-12-30T14:27:46.998Z to 2019-12-30T14:53:35.000Z. Distance 2066m</value>
          </Data>
          <Data name="Email">
            <value>syugen.zhou@gmail.com</value>
          </Data>
          <Data name="Category">
            <value>Walking</value>
          </Data>
          <Data name="Distance">
            <value>2066</value>
          </Data>
        </ExtendedData>
        <LineString>
          <tessellate>1</tessellate>
          <coordinates>
            14.439015,50.093112,0
            14.439027,50.093059,0
            14.438995,50.092917,0
            14.439004,50.092877,0
            14.439019,50.092747,0
            14.439038,50.092648,0
            14.438911,50.092657,0
            14.438748,50.09265,0
            14.438698,50.092681,0
            14.438668,50.092712,0
            14.438652,50.092863,0
            14.43862,50.092966,0
            14.438593,50.09312,0
            14.438517,50.093401,0
            14.438485,50.09349,0
            14.438444,50.093643,0
            14.43842,50.093764,0
            14.438489,50.093834,0
            14.438455,50.094049,0
            14.438482,50.094062,0
            14.438471,50.094112,0
            14.438176,50.094084,0
            14.437586,50.094043,0
            14.437552,50.094071,0
            14.437517,50.094087,0
            14.437496,50.094092,0
            14.437477,50.094093,0
            14.436976,50.094041,0
            14.431763,50.093643,0
            14.431668,50.093658,0
            14.431531,50.09364,0
            14.430238,50.093553,0
            14.429124,50.0935,0
            14.428373,50.093474,0
            14.428034,50.093453,0
            14.427556,50.093411,0
            14.427516,50.093399,0
            14.427488,50.093383,0
            14.427459,50.093358,0
            14.427436,50.093328,0
            14.427026,50.093317,0
            14.426945,50.09332,0
            14.425168,50.093286,0
            14.424863,50.093232,0
            14.424707,50.093195,0
            14.423971,50.09318,0
            14.423828,50.09318,0
            14.423486,50.093168,0
            14.422021,50.093083,0
            14.421773,50.093062,0
            14.42181,50.09288,0
            14.422018,50.092898,0
            14.42219,50.092352,0
            14.422218,50.092209,0
            14.422229,50.092117,0
            14.422201,50.091898,0
            14.422216,50.091861,0
            14.422194,50.091798,0
            14.422117,50.091791,0
            14.42211,50.091724,0
            14.422094,50.091636,0
            14.42208,50.09151,0
            14.42208,50.091443,0
            14.422092,50.091372,0
            14.422098,50.091288,0
            14.422156,50.09119,0
            14.422184,50.091091,0
            14.422219,50.091017,0
            14.422278,50.090952,0
            14.422388,50.090749,0
            14.422395,50.090715,0
            14.422283,50.090659,0
            14.422332,50.090607,0
            14.422404,50.090637,0
            14.422511,50.090589,0
            14.422533,50.090549,0
            14.422566,50.09045,0
            14.422615,50.090366,0
            14.422629,50.090348,0
            14.422381,50.089641,0
            14.422262,50.089668,0
            14.422239,50.089557,0
            14.422361,50.08953,0
            14.422351,50.08949,0
            14.422279,50.08937,0
            14.421859,50.08892,0
            14.421849,50.088927,0
            14.421736,50.088811,0
            14.42173,50.088815,0
            14.421403,50.088394,0
            14.4213,50.088306,0
            14.421278,50.08828,0
            14.421225,50.088243,0
            14.420613,50.087923,0
            14.420598,50.087918,0
            14.420577,50.087913,0
            14.420558,50.087913,0
            14.420508,50.087914,0
            14.420526,50.087772,0
            14.420808,50.0874,0
          </coordinates>
        </LineString>
      </Placemark>
      <Placemark>
        <name>Old Town Square</name>
        <description><![CDATA[description: Plaza from 2019-12-30T14:53:35.000Z to 2019-12-30T15:08:24.000Z. Distance 0m<br>Email: syugen.zhou@gmail.com<br>Category: Plaza<br>Distance: 0]]></description>
        <styleUrl>#icon-1535-0288D1</styleUrl>
        <ExtendedData>
          <Data name="description">
            <value>Plaza from 2019-12-30T14:53:35.000Z to 2019-12-30T15:08:24.000Z. Distance 0m</value>
          </Data>
          <Data name="Email">
            <value>syugen.zhou@gmail.com</value>
          </Data>
          <Data name="Category">
            <value>Plaza</value>
          </Data>
          <Data name="Distance">
            <value>0</value>
          </Data>
        </ExtendedData>
        <Point>
          <coordinates>
            14.421187,50.087569,0
          </coordinates>
        </Point>
      </Placemark>
      <Placemark>
        <name>Walking</name>
        <description><![CDATA[description: Walking from 2019-12-30T15:08:24.140Z to 2019-12-30T15:23:39.000Z. Distance 993m<br>Email: syugen.zhou@gmail.com<br>Category: Walking<br>Distance: 993]]></description>
        <styleUrl>#line-01579B-5000</styleUrl>
        <ExtendedData>
          <Data name="description">
            <value>Walking from 2019-12-30T15:08:24.140Z to 2019-12-30T15:23:39.000Z. Distance 993m</value>
          </Data>
          <Data name="Email">
            <value>syugen.zhou@gmail.com</value>
          </Data>
          <Data name="Category">
            <value>Walking</value>
          </Data>
          <Data name="Distance">
            <value>993</value>
          </Data>
        </ExtendedData>
        <LineString>
          <tessellate>1</tessellate>
          <coordinates>
            14.420903,50.087354,0
            14.4216,50.087611,0
            14.421339,50.088153,0
            14.4214,50.088194,0
            14.421591,50.088425,0
            14.421744,50.088548,0
            14.421825,50.088654,0
            14.421929,50.08879,0
            14.421972,50.088861,0
            14.422201,50.089111,0
            14.422318,50.089235,0
            14.422454,50.089295,0
            14.422495,50.089306,0
            14.422527,50.089312,0
            14.422573,50.08932,0
            14.422625,50.089325,0
            14.422666,50.089329,0
            14.422721,50.089329,0
            14.4228,50.089307,0
            14.42285,50.089297,0
            14.422882,50.089293,0
            14.422924,50.089289,0
            14.42305,50.089294,0
            14.423376,50.089311,0
            14.423638,50.089329,0
            14.423693,50.089331,0
            14.423707,50.08933,0
            14.423713,50.089329,0
            14.423715,50.089328,0
            14.42373,50.089321,0
            14.423733,50.089318,0
            14.423749,50.0893,0
            14.423793,50.089254,0
            14.423821,50.089231,0
            14.423836,50.089221,0
            14.423855,50.089209,0
            14.423878,50.089199,0
            14.424125,50.089261,0
            14.424427,50.089352,0
            14.424918,50.089508,0
            14.425256,50.089613,0
            14.425398,50.089618,0
            14.425552,50.089646,0
            14.425633,50.089642,0
            14.425779,50.089653,0
            14.425865,50.089661,0
            14.425965,50.089506,0
            14.425973,50.089449,0
            14.426005,50.08914,0
            14.425986,50.089098,0
            14.425972,50.089054,0
            14.425969,50.088988,0
            14.425981,50.088882,0
            14.426026,50.088665,0
            14.426089,50.088434,0
            14.426107,50.088365,0
            14.426177,50.088353,0
            14.426317,50.088365,0
            14.426382,50.088376,0
            14.426524,50.088411,0
            14.426584,50.088425,0
            14.426665,50.088453,0
            14.426843,50.088472,0
            14.426938,50.088479,0
            14.426977,50.088478,0
            14.427007,50.088473,0
            14.427045,50.088464,0
            14.427083,50.08845,0
            14.42718,50.088408,0
            14.427793,50.089,0
            14.427865,50.089053,0
            14.427901,50.089074,0
            14.427938,50.089087,0
            14.42798,50.089097,0
            14.428106,50.089116,0
            14.428124,50.089118,0
            14.428131,50.089119,0
            14.428141,50.089124,0
            14.428148,50.089129,0
            14.42816,50.089141,0
            14.428348,50.089213,0
            14.428545,50.089223,0
            14.428552,50.089122,0
            14.428564,50.089094,0
            14.428855,50.088748,0
            14.429146,50.088422,0
            14.430027,50.08884,0
            14.430222,50.088924,0
            14.430527,50.089057,0
            14.430624,50.089184,0
            14.431205,50.089403,0
            14.43127,50.089422,0
            14.431477,50.089479,0
            14.432308,50.089684,0
            14.43245,50.089684,0
            14.43242,50.089739,0
            14.432388,50.089806,0
            14.432531,50.089835,0
            14.432569,50.089753,0
            14.432649,50.089773,0
          </coordinates>
        </LineString>
      </Placemark>
      <Placemark>
        <name>Café Imperial</name>
        <description><![CDATA[description: Czech from 2019-12-30T15:23:39.000Z to 2019-12-30T16:04:46.000Z. Distance 0m<br>Email: syugen.zhou@gmail.com<br>Category: Czech<br>Distance: 0]]></description>
        <styleUrl>#icon-1739-0288D1</styleUrl>
        <ExtendedData>
          <Data name="description">
            <value>Czech from 2019-12-30T15:23:39.000Z to 2019-12-30T16:04:46.000Z. Distance 0m</value>
          </Data>
          <Data name="Email">
            <value>syugen.zhou@gmail.com</value>
          </Data>
          <Data name="Category">
            <value>Czech</value>
          </Data>
          <Data name="Distance">
            <value>0</value>
          </Data>
        </ExtendedData>
        <Point>
          <coordinates>
            14.432664,50.089799,0
          </coordinates>
        </Point>
      </Placemark>
      <Placemark>
        <name>Walking</name>
        <description><![CDATA[description: Walking from 2019-12-30T16:04:46.008Z to 2019-12-30T16:21:56.999Z. Distance 1245m<br>Email: syugen.zhou@gmail.com<br>Category: Walking<br>Distance: 1245]]></description>
        <styleUrl>#line-01579B-5000</styleUrl>
        <ExtendedData>
          <Data name="description">
            <value>Walking from 2019-12-30T16:04:46.008Z to 2019-12-30T16:21:56.999Z. Distance 1245m</value>
          </Data>
          <Data name="Email">
            <value>syugen.zhou@gmail.com</value>
          </Data>
          <Data name="Category">
            <value>Walking</value>
          </Data>
          <Data name="Distance">
            <value>1245</value>
          </Data>
        </ExtendedData>
        <LineString>
          <tessellate>1</tessellate>
          <coordinates>
            14.432596,50.089707,0
            14.432562,50.089769,0
            14.432531,50.089835,0
            14.432443,50.089817,0
            14.432388,50.089806,0
            14.43242,50.089739,0
            14.43245,50.089684,0
            14.432308,50.089684,0
            14.431477,50.089479,0
            14.43127,50.089422,0
            14.431239,50.089413,0
            14.431205,50.089403,0
            14.430624,50.089184,0
            14.430527,50.089057,0
            14.4304,50.089002,0
            14.430222,50.088924,0
            14.430027,50.08884,0
            14.429146,50.088422,0
            14.429323,50.088249,0
            14.429358,50.088214,0
            14.428938,50.088185,0
            14.428517,50.088138,0
            14.4284,50.088124,0
            14.428317,50.088114,0
            14.428252,50.088107,0
            14.428136,50.088098,0
            14.427935,50.088039,0
            14.427486,50.087968,0
            14.427132,50.087917,0
            14.427077,50.087915,0
            14.427453,50.087556,0
            14.427479,50.087529,0
            14.427502,50.087498,0
            14.427514,50.087478,0
            14.427523,50.087454,0
            14.427516,50.08732,0
            14.427553,50.087317,0
            14.42761,50.087307,0
            14.427764,50.087277,0
            14.427832,50.087264,0
            14.427948,50.087253,0
            14.428043,50.087234,0
            14.428017,50.087171,0
            14.428011,50.087157,0
            14.428178,50.087124,0
            14.428235,50.087121,0
            14.42828,50.087126,0
            14.428326,50.087136,0
            14.428226,50.087166,0
            14.428146,50.087133,0
            14.427874,50.086982,0
            14.427812,50.086943,0
            14.427737,50.086896,0
            14.427572,50.086815,0
            14.427482,50.08676,0
            14.427274,50.086634,0
            14.427187,50.086579,0
            14.427004,50.08647,0
            14.426915,50.086416,0
            14.42689,50.086401,0
            14.4268,50.086336,0
            14.426768,50.086317,0
            14.426582,50.086205,0
            14.426489,50.086137,0
            14.426348,50.086068,0
            14.426141,50.085938,0
            14.426003,50.085855,0
            14.425896,50.085766,0
            14.425826,50.085725,0
            14.425652,50.085621,0
            14.425629,50.085583,0
            14.425595,50.085555,0
            14.425491,50.085494,0
            14.425082,50.08525,0
            14.424776,50.085057,0
            14.424232,50.08469,0
            14.424081,50.084576,0
            14.423961,50.084504,0
            14.423856,50.08444,0
            14.423762,50.084383,0
            14.423458,50.084199,0
            14.423798,50.084002,0
            14.423992,50.083864,0
            14.424133,50.08377,0
            14.42419,50.083734,0
            14.424384,50.083604,0
            14.424411,50.083609,0
            14.424432,50.08361,0
            14.42444,50.08361,0
            14.424453,50.083608,0
            14.424493,50.083578,0
            14.424636,50.083474,0
            14.424808,50.083326,0
            14.424945,50.083227,0
            14.425072,50.083136,0
            14.425486,50.08285,0
            14.425678,50.082717,0
            14.425877,50.082586,0
            14.425953,50.082555,0
            14.426096,50.082482,0
          </coordinates>
        </LineString>
      </Placemark>
      <Placemark>
        <name>New Town</name>
        <description><![CDATA[description: from 2019-12-30T16:21:56.999Z to 2019-12-30T16:40:23.317Z. Distance 0m<br>Email: syugen.zhou@gmail.com<br>Category: <br>Distance: 0]]></description>
        <styleUrl>#icon-1739-0288D1</styleUrl>
        <ExtendedData>
          <Data name="description">
            <value>from 2019-12-30T16:21:56.999Z to 2019-12-30T16:40:23.317Z. Distance 0m</value>
          </Data>
          <Data name="Email">
            <value>syugen.zhou@gmail.com</value>
          </Data>
          <Data name="Category">
            <value/>
          </Data>
          <Data name="Distance">
            <value>0</value>
          </Data>
        </ExtendedData>
        <Point>
          <coordinates>
            14.419064,50.075842,0
          </coordinates>
        </Point>
      </Placemark>
      <Placemark>
        <name>Walking</name>
        <description><![CDATA[description: Walking from 2019-12-30T16:40:23.317Z to 2019-12-30T17:19:31.000Z. Distance 2542m<br>Email: syugen.zhou@gmail.com<br>Category: Walking<br>Distance: 2542]]></description>
        <styleUrl>#line-01579B-5000</styleUrl>
        <ExtendedData>
          <Data name="description">
            <value>Walking from 2019-12-30T16:40:23.317Z to 2019-12-30T17:19:31.000Z. Distance 2542m</value>
          </Data>
          <Data name="Email">
            <value>syugen.zhou@gmail.com</value>
          </Data>
          <Data name="Category">
            <value>Walking</value>
          </Data>
          <Data name="Distance">
            <value>2542</value>
          </Data>
        </ExtendedData>
        <LineString>
          <tessellate>1</tessellate>
          <coordinates>
            14.425994,50.082695,0
            14.425772,50.082842,0
            14.425633,50.083013,0
            14.42464,50.08373,0
            14.424572,50.083763,0
            14.424484,50.08378,0
            14.424408,50.083782,0
            14.42419,50.083734,0
            14.423798,50.084002,0
            14.422187,50.084899,0
            14.422157,50.08488,0
            14.421615,50.085196,0
            14.421445,50.085205,0
            14.421415,50.08523,0
            14.421369,50.085329,0
            14.420678,50.085732,0
            14.420694,50.085915,0
            14.420728,50.085991,0
            14.420692,50.086059,0
            14.420708,50.08644,0
            14.42067,50.086583,0
            14.420541,50.086829,0
            14.419876,50.086556,0
            14.419499,50.086849,0
            14.41941,50.087002,0
            14.419282,50.087049,0
            14.419349,50.0871,0
            14.419269,50.087183,0
            14.419235,50.08727,0
            14.419275,50.087599,0
            14.419296,50.087619,0
            14.419303,50.087698,0
            14.419272,50.087758,0
            14.419308,50.087768,0
            14.419151,50.08775,0
            14.419112,50.087799,0
            14.417718,50.088137,0
            14.417713,50.088116,0
            14.417591,50.088146,0
            14.417598,50.088157,0
            14.416468,50.088454,0
            14.416517,50.088307,0
            14.416351,50.088277,0
            14.416295,50.088448,0
            14.416301,50.088475,0
            14.41572,50.0886,0
            14.415444,50.087888,0
            14.415467,50.087889,0
            14.41544,50.0878,0
            14.415394,50.087798,0
            14.415187,50.087267,0
            14.415215,50.087265,0
            14.415178,50.087179,0
            14.415149,50.087182,0
            14.415117,50.087108,0
            14.414912,50.087155,0
            14.414629,50.086678,0
            14.414602,50.086562,0
            14.41437,50.086231,0
            14.414337,50.086234,0
            14.414229,50.086219,0
            14.414046,50.086125,0
            14.409434,50.086736,0
            14.407042,50.087211,0
            14.406259,50.087312,0
            14.406144,50.08738,0
            14.404558,50.087681,0
            14.404653,50.087797,0
            14.404682,50.087862,0
            14.404733,50.088377,0
            14.40476,50.088456,0
            14.404723,50.088554,0
            14.404644,50.088543,0
            14.403626,50.088611,0
            14.403539,50.088643,0
            14.40309,50.088656,0
            14.402918,50.088622,0
            14.402204,50.088632,0
            14.402138,50.088647,0
            14.402042,50.089122,0
            14.401731,50.089108,0
            14.401302,50.089123,0
            14.401252,50.089104,0
            14.399775,50.08939,0
            14.399372,50.089439,0
            14.398995,50.089449,0
            14.398493,50.08924,0
            14.398142,50.089683,0
            14.398965,50.089978,0
            14.398997,50.090024,0
            14.398944,50.09049,0
            14.399635,50.090663,0
            14.399909,50.090251,0
            14.399955,50.090212,0
            14.400073,50.09016,0
            14.400121,50.090151,0
            14.400206,50.090154,0
            14.400321,50.090194,0
            14.401021,50.090701,0
            14.401456,50.090888,0
          </coordinates>
        </LineString>
      </Placemark>
      <Placemark>
        <name>Prague Castle</name>
        <description><![CDATA[description: Castle from 2019-12-30T17:19:31.000Z to 2019-12-30T17:32:51.000Z. Distance 0m<br>Email: syugen.zhou@gmail.com<br>Category: Castle<br>Distance: 0]]></description>
        <styleUrl>#icon-1535-0288D1</styleUrl>
        <ExtendedData>
          <Data name="description">
            <value>Castle from 2019-12-30T17:19:31.000Z to 2019-12-30T17:32:51.000Z. Distance 0m</value>
          </Data>
          <Data name="Email">
            <value>syugen.zhou@gmail.com</value>
          </Data>
          <Data name="Category">
            <value>Castle</value>
          </Data>
          <Data name="Distance">
            <value>0</value>
          </Data>
        </ExtendedData>
        <Point>
          <coordinates>
            14.401616,50.091097,0
          </coordinates>
        </Point>
      </Placemark>
      <Placemark>
        <name>Walking</name>
        <description><![CDATA[description: Walking from 2019-12-30T17:32:51.191Z to 2019-12-30T17:43:08.000Z. Distance 948m<br>Email: syugen.zhou@gmail.com<br>Category: Walking<br>Distance: 948]]></description>
        <styleUrl>#line-01579B-5000</styleUrl>
        <ExtendedData>
          <Data name="description">
            <value>Walking from 2019-12-30T17:32:51.191Z to 2019-12-30T17:43:08.000Z. Distance 948m</value>
          </Data>
          <Data name="Email">
            <value>syugen.zhou@gmail.com</value>
          </Data>
          <Data name="Category">
            <value>Walking</value>
          </Data>
          <Data name="Distance">
            <value>948</value>
          </Data>
        </ExtendedData>
        <LineString>
          <tessellate>1</tessellate>
          <coordinates>
            14.401482,50.090903,0
            14.401392,50.090853,0
            14.401233,50.09078,0
            14.401096,50.090736,0
            14.401021,50.090701,0
            14.400825,50.09057,0
            14.400701,50.090459,0
            14.400321,50.090194,0
            14.40029,50.090179,0
            14.400257,50.090165,0
            14.400206,50.090154,0
            14.400158,50.09015,0
            14.400121,50.090151,0
            14.400073,50.09016,0
            14.400029,50.090176,0
            14.399955,50.090211,0
            14.399909,50.090251,0
            14.399635,50.090663,0
            14.398944,50.09049,0
            14.398997,50.090084,0
            14.398997,50.090024,0
            14.398965,50.089978,0
            14.398927,50.089956,0
            14.398854,50.089933,0
            14.398641,50.089853,0
            14.398142,50.089683,0
            14.398493,50.08924,0
            14.398759,50.089342,0
            14.398994,50.089449,0
            14.399086,50.08945,0
            14.399108,50.089451,0
            14.399279,50.089444,0
            14.399372,50.089439,0
            14.399605,50.089413,0
            14.399671,50.089405,0
            14.399707,50.089399,0
            14.399775,50.08939,0
            14.400109,50.089322,0
            14.400175,50.089308,0
            14.400276,50.089281,0
            14.400318,50.089269,0
            14.400365,50.089261,0
            14.400606,50.089215,0
            14.400735,50.089192,0
            14.400832,50.089174,0
            14.400928,50.089158,0
            14.400999,50.089147,0
            14.401046,50.089139,0
            14.401085,50.089134,0
            14.401131,50.089125,0
            14.401203,50.089114,0
            14.401252,50.089104,0
            14.401302,50.089123,0
            14.40152,50.089111,0
            14.401664,50.089108,0
            14.401731,50.089108,0
            14.401796,50.089109,0
            14.401886,50.089112,0
            14.402042,50.089122,0
            14.402138,50.088648,0
            14.402111,50.088558,0
            14.40214,50.088552,0
            14.402232,50.087841,0
            14.40237,50.087758,0
            14.402396,50.087749,0
            14.402439,50.087729,0
            14.403248,50.087695,0
            14.40369,50.087668,0
            14.403742,50.087666,0
            14.403725,50.087628,0
            14.403904,50.087611,0
            14.403883,50.087564,0
            14.403852,50.087466,0
            14.403835,50.087406,0
            14.403803,50.087285,0
            14.403792,50.087234,0
            14.403789,50.087196,0
            14.403796,50.087146,0
            14.403961,50.086794,0
            14.403967,50.086793,0
            14.403992,50.086744,0
            14.404082,50.086731,0
            14.404266,50.086697,0
            14.404408,50.086665,0
            14.404445,50.086653,0
            14.404475,50.08664,0
            14.404494,50.08663,0
            14.404554,50.086606,0
            14.404715,50.086523,0
            14.404813,50.086481,0
            14.404897,50.0864,0
            14.405007,50.086272,0
            14.405184,50.086099,0
            14.405218,50.085999,0
            14.405337,50.085576,0
            14.405316,50.085522,0
            14.40531,50.085458,0
            14.405325,50.085406,0
            14.40538,50.08536,0
            14.405553,50.084847,0
          </coordinates>
        </LineString>
      </Placemark>
      <Placemark>
        <name><![CDATA[Spices Restaurant & Bar]]></name>
        <description><![CDATA[description: Asian from 2019-12-30T17:43:08.000Z to 2019-12-30T19:06:24.000Z. Distance 0m<br>Email: syugen.zhou@gmail.com<br>Category: Asian<br>Distance: 0]]></description>
        <styleUrl>#icon-1739-0288D1</styleUrl>
        <ExtendedData>
          <Data name="description">
            <value>Asian from 2019-12-30T17:43:08.000Z to 2019-12-30T19:06:24.000Z. Distance 0m</value>
          </Data>
          <Data name="Email">
            <value>syugen.zhou@gmail.com</value>
          </Data>
          <Data name="Category">
            <value>Asian</value>
          </Data>
          <Data name="Distance">
            <value>0</value>
          </Data>
        </ExtendedData>
        <Point>
          <coordinates>
            14.405524,50.084857,0
          </coordinates>
        </Point>
      </Placemark>
      <Placemark>
        <name>Walking</name>
        <description><![CDATA[description: Walking from 2019-12-30T19:06:24.000Z to 2019-12-30T19:19:31.000Z. Distance 766m<br>Email: syugen.zhou@gmail.com<br>Category: Walking<br>Distance: 766]]></description>
        <styleUrl>#line-01579B-5000</styleUrl>
        <ExtendedData>
          <Data name="description">
            <value>Walking from 2019-12-30T19:06:24.000Z to 2019-12-30T19:19:31.000Z. Distance 766m</value>
          </Data>
          <Data name="Email">
            <value>syugen.zhou@gmail.com</value>
          </Data>
          <Data name="Category">
            <value>Walking</value>
          </Data>
          <Data name="Distance">
            <value>766</value>
          </Data>
        </ExtendedData>
        <LineString>
          <tessellate>1</tessellate>
          <coordinates>
            14.405287,50.085753,0
            14.405218,50.085998,0
            14.405184,50.086099,0
            14.405053,50.086227,0
            14.405178,50.08628,0
            14.405198,50.086361,0
            14.405236,50.086405,0
            14.405309,50.086419,0
            14.405355,50.086427,0
            14.405576,50.086479,0
            14.405608,50.086485,0
            14.4056,50.086522,0
            14.405586,50.086577,0
            14.405585,50.086618,0
            14.405595,50.086644,0
            14.405604,50.086671,0
            14.405642,50.086704,0
            14.405673,50.086723,0
            14.405846,50.086765,0
            14.40587,50.086788,0
            14.405884,50.086808,0
            14.405899,50.086883,0
            14.40593,50.086966,0
            14.405946,50.087009,0
            14.406028,50.087001,0
            14.406377,50.086989,0
            14.407081,50.086968,0
            14.407191,50.08696,0
            14.407202,50.086962,0
            14.407298,50.086962,0
            14.407358,50.08696,0
            14.407387,50.08696,0
            14.40741,50.086961,0
            14.407428,50.086966,0
            14.407443,50.086972,0
            14.407457,50.08698,0
            14.40747,50.086991,0
            14.407481,50.087002,0
            14.407506,50.087031,0
            14.407513,50.087043,0
            14.407621,50.087204,0
            14.407773,50.087227,0
            14.407897,50.087253,0
            14.407966,50.087268,0
            14.408092,50.08732,0
            14.408167,50.08735,0
            14.408259,50.087419,0
            14.408315,50.087456,0
            14.408502,50.087585,0
            14.408535,50.087611,0
            14.408516,50.087622,0
            14.408523,50.087627,0
            14.408569,50.087665,0
            14.408587,50.087655,0
            14.408712,50.087746,0
            14.408713,50.087747,0
            14.408758,50.08778,0
            14.408864,50.087909,0
            14.409006,50.088038,0
            14.409105,50.088129,0
            14.409161,50.088179,0
            14.409193,50.08821,0
            14.4092,50.088222,0
            14.409211,50.088245,0
            14.409306,50.088326,0
            14.409329,50.088365,0
            14.409424,50.088511,0
            14.409613,50.088768,0
            14.409627,50.088786,0
            14.409674,50.088851,0
            14.409817,50.089045,0
            14.409934,50.089208,0
            14.409951,50.08924,0
            14.409967,50.08929,0
            14.409975,50.089316,0
            14.409977,50.089402,0
            14.409975,50.089422,0
            14.409976,50.089451,0
            14.409981,50.089578,0
            14.409984,50.089674,0
            14.409952,50.089756,0
            14.409973,50.08997,0
            14.410109,50.089946,0
            14.41011,50.089952,0
            14.410197,50.089945,0
          </coordinates>
        </LineString>
      </Placemark>
      <Placemark>
        <name>On the subway</name>
        <description><![CDATA[description: On the subway from 2019-12-30T19:19:31.000Z to 2019-12-30T19:36:15.000Z. Distance 2090m<br>Email: syugen.zhou@gmail.com<br>Category: On the subway<br>Distance: 2090]]></description>
        <styleUrl>#line-01579B-5000</styleUrl>
        <ExtendedData>
          <Data name="description">
            <value>On the subway from 2019-12-30T19:19:31.000Z to 2019-12-30T19:36:15.000Z. Distance 2090m</value>
          </Data>
          <Data name="Email">
            <value>syugen.zhou@gmail.com</value>
          </Data>
          <Data name="Category">
            <value>On the subway</value>
          </Data>
          <Data name="Distance">
            <value>2090</value>
          </Data>
        </ExtendedData>
        <LineString>
          <tessellate>1</tessellate>
          <coordinates>
            14.410041,50.089838,0
            14.439268,50.091216,0
          </coordinates>
        </LineString>
      </Placemark>
      <Placemark>
        <name>Walking</name>
        <description><![CDATA[description: Walking from 2019-12-30T19:36:15.000Z to 2019-12-30T19:40:55.000Z. Distance 260m<br>Email: syugen.zhou@gmail.com<br>Category: Walking<br>Distance: 260]]></description>
        <styleUrl>#line-01579B-5000</styleUrl>
        <ExtendedData>
          <Data name="description">
            <value>Walking from 2019-12-30T19:36:15.000Z to 2019-12-30T19:40:55.000Z. Distance 260m</value>
          </Data>
          <Data name="Email">
            <value>syugen.zhou@gmail.com</value>
          </Data>
          <Data name="Category">
            <value>Walking</value>
          </Data>
          <Data name="Distance">
            <value>260</value>
          </Data>
        </ExtendedData>
        <LineString>
          <tessellate>1</tessellate>
          <coordinates>
            14.438596,50.090574,0
            14.438498,50.090652,0
            14.438359,50.090776,0
            14.438265,50.09085,0
            14.438452,50.090946,0
            14.438496,50.090968,0
            14.4385,50.091073,0
            14.438477,50.091111,0
            14.438495,50.091116,0
            14.438492,50.091119,0
            14.438466,50.091162,0
            14.438448,50.091191,0
            14.43836,50.09117,0
            14.438322,50.091219,0
            14.438295,50.091277,0
            14.438286,50.091307,0
            14.438277,50.091341,0
            14.438296,50.091366,0
            14.438304,50.091385,0
            14.438315,50.091435,0
            14.438317,50.091541,0
            14.43832,50.091627,0
            14.43835,50.091796,0
            14.438382,50.091904,0
            14.438361,50.091976,0
            14.438369,50.091999,0
            14.438467,50.092174,0
            14.438486,50.092216,0
            14.438512,50.09227,0
            14.43854,50.092317,0
            14.438582,50.092358,0
            14.438634,50.092399,0
            14.438728,50.092437,0
            14.438795,50.092457,0
            14.438822,50.092487,0
            14.438874,50.092489,0
            14.439052,50.092505,0
            14.439038,50.092648,0
            14.439019,50.092747,0
            14.439004,50.092877,0
            14.438995,50.092917,0
            14.439027,50.093059,0
            14.438995,50.0932,0
          </coordinates>
        </LineString>
      </Placemark>
      <Placemark>
        <name>Hilton Prague</name>
        <description><![CDATA[description: Hotel from 2019-12-30T19:40:55.000Z to 2019-12-31T08:34:24.000Z. Distance 0m<br>Email: syugen.zhou@gmail.com<br>Category: Hotel<br>Distance: 0]]></description>
        <styleUrl>#icon-1602-0288D1</styleUrl>
        <ExtendedData>
          <Data name="description">
            <value>Hotel from 2019-12-30T19:40:55.000Z to 2019-12-31T08:34:24.000Z. Distance 0m</value>
          </Data>
          <Data name="Email">
            <value>syugen.zhou@gmail.com</value>
          </Data>
          <Data name="Category">
            <value>Hotel</value>
          </Data>
          <Data name="Distance">
            <value>0</value>
          </Data>
        </ExtendedData>
        <Point>
          <coordinates>
            14.439171,50.093401,0
          </coordinates>
        </Point>
      </Placemark>
    </Folder>
    <Folder>
      <name>2019-12-29</name>
      <Placemark>
        <name>DoubleTree by Hilton Bratislava</name>
        <description><![CDATA[description: Hotel from 2019-12-28T21:59:18.548Z to 2019-12-29T07:44:55.524Z. Distance 0m<br>Email: syugen.zhou@gmail.com<br>Category: Hotel<br>Distance: 0]]></description>
        <styleUrl>#icon-1602-0288D1</styleUrl>
        <ExtendedData>
          <Data name="description">
            <value>Hotel from 2019-12-28T21:59:18.548Z to 2019-12-29T07:44:55.524Z. Distance 0m</value>
          </Data>
          <Data name="Email">
            <value>syugen.zhou@gmail.com</value>
          </Data>
          <Data name="Category">
            <value>Hotel</value>
          </Data>
          <Data name="Distance">
            <value>0</value>
          </Data>
        </ExtendedData>
        <Point>
          <coordinates>
            17.13778,48.160798,0
          </coordinates>
        </Point>
      </Placemark>
      <Placemark>
        <name>Driving</name>
        <description><![CDATA[description: Driving from 2019-12-29T07:44:55.524Z to 2019-12-29T08:16:12.000Z. Distance 35279m<br>Email: syugen.zhou@gmail.com<br>Category: Driving<br>Distance: 35279]]></description>
        <styleUrl>#line-0097A7-5000</styleUrl>
        <ExtendedData>
          <Data name="description">
            <value>Driving from 2019-12-29T07:44:55.524Z to 2019-12-29T08:16:12.000Z. Distance 35279m</value>
          </Data>
          <Data name="Email">
            <value>syugen.zhou@gmail.com</value>
          </Data>
          <Data name="Category">
            <value>Driving</value>
          </Data>
          <Data name="Distance">
            <value>35279</value>
          </Data>
        </ExtendedData>
        <LineString>
          <tessellate>1</tessellate>
          <coordinates>
            17.13823,48.160866,0
            17.137437,48.161647,0
            17.137007,48.161767,0
            17.137286,48.162171,0
            17.139184,48.16292,0
            17.14434,48.157262,0
            17.149775,48.148574,0
            17.151488,48.144097,0
            17.151286,48.1429,0
            17.151038,48.14262,0
            17.150659,48.142401,0
            17.149039,48.141833,0
            17.138414,48.133569,0
            17.135448,48.131999,0
            17.134658,48.13174,0
            17.133241,48.131571,0
            17.129153,48.131616,0
            17.128648,48.131396,0
            17.128467,48.131136,0
            17.128461,48.130903,0
            17.129552,48.130176,0
            17.129758,48.129907,0
            17.129833,48.127997,0
            17.130304,48.126688,0
            17.134341,48.121323,0
            17.134644,48.120672,0
            17.134675,48.118925,0
            17.133859,48.117454,0
            17.129842,48.113561,0
            17.126601,48.109833,0
            17.126595,48.109746,0
            17.122357,48.10533,0
            17.121636,48.104144,0
            17.120842,48.095465,0
            17.121703,48.093395,0
            17.121722,48.093026,0
            17.121616,48.092923,0
            17.121362,48.092848,0
            17.121195,48.092691,0
            17.121161,48.092567,0
            17.121248,48.092379,0
            17.121674,48.091979,0
            17.124307,48.086055,0
            17.124587,48.084691,0
            17.125874,48.081927,0
            17.127293,48.080174,0
            17.131164,48.077467,0
            17.132602,48.075846,0
            17.133838,48.074815,0
            17.13502,48.074191,0
            17.138061,48.073048,0
            17.139194,48.072363,0
            17.139687,48.071908,0
            17.141819,48.068887,0
            17.142528,48.068228,0
            17.145948,48.066359,0
            17.146522,48.065876,0
            17.147065,48.064919,0
            17.147124,48.064307,0
            17.146026,48.061799,0
            17.14626,48.05828,0
            17.145208,48.055982,0
            17.145346,48.055405,0
            17.150257,48.051089,0
            17.152046,48.047978,0
            17.152284,48.047027,0
            17.153042,48.045834,0
            17.163548,48.035746,0
            17.180501,48.012491,0
            17.180651,48.012392,0
            17.185043,48.005971,0
            17.185671,48.006088,0
            17.186103,48.006054,0
            17.186776,48.005816,0
            17.187109,48.005581,0
            17.187412,48.005051,0
            17.187348,48.004676,0
            17.187136,48.004391,0
            17.186699,48.004126,0
            17.184797,48.00344,0
            17.184542,48.00358,0
            17.184268,48.003544,0
            17.184131,48.003426,0
            17.184135,48.003257,0
            17.181659,48.002404,0
            17.181233,48.002337,0
            17.181007,48.002371,0
            17.180873,48.002302,0
            17.180849,48.002179,0
            17.18091,48.002109,0
            17.181034,48.002066,0
            17.181635,48.000749,0
            17.183146,47.999953,0
            17.184132,47.999241,0
            17.185256,47.997012,0
            17.185841,47.994916,0
            17.186281,47.990506,0
            17.185774,47.986709,0
            17.184866,47.983866,0
            17.183308,47.980728,0
            17.169016,47.958052,0
            17.167198,47.95378,0
            17.165905,47.947751,0
            17.16625,47.941627,0
            17.168362,47.935024,0
            17.180604,47.913621,0
            17.18192,47.910643,0
            17.182957,47.906606,0
            17.183077,47.903584,0
            17.180736,47.890749,0
            17.181003,47.889698,0
            17.181453,47.889112,0
            17.181931,47.88874,0
            17.183102,47.888195,0
            17.185311,47.887701,0
            17.186948,47.887056,0
            17.188023,47.886376,0
            17.188184,47.886343,0
            17.196615,47.881341,0
            17.213342,47.872663,0
            17.213887,47.872224,0
            17.213935,47.872028,0
            17.214573,47.871751,0
            17.214728,47.871545,0
          </coordinates>
        </LineString>
      </Placemark>
      <Placemark>
        <name>Mol Vigneta Pt Austri</name>
        <description><![CDATA[description: Gas station from 2019-12-29T08:16:12.000Z to 2019-12-29T08:22:11.000Z. Distance 0m<br>Email: syugen.zhou@gmail.com<br>Category: Gas station<br>Distance: 0]]></description>
        <styleUrl>#icon-1739-0288D1</styleUrl>
        <ExtendedData>
          <Data name="description">
            <value>Gas station from 2019-12-29T08:16:12.000Z to 2019-12-29T08:22:11.000Z. Distance 0m</value>
          </Data>
          <Data name="Email">
            <value>syugen.zhou@gmail.com</value>
          </Data>
          <Data name="Category">
            <value>Gas station</value>
          </Data>
          <Data name="Distance">
            <value>0</value>
          </Data>
        </ExtendedData>
        <Point>
          <coordinates>
            17.21456,47.871488,0
          </coordinates>
        </Point>
      </Placemark>
      <Placemark>
        <name>Driving</name>
        <description><![CDATA[description: Driving from 2019-12-29T08:22:11.000Z to 2019-12-29T09:51:35.000Z. Distance 161152m<br>Email: syugen.zhou@gmail.com<br>Category: Driving<br>Distance: 161152]]></description>
        <styleUrl>#line-0097A7-5000</styleUrl>
        <ExtendedData>
          <Data name="description">
            <value>Driving from 2019-12-29T08:22:11.000Z to 2019-12-29T09:51:35.000Z. Distance 161152m</value>
          </Data>
          <Data name="Email">
            <value>syugen.zhou@gmail.com</value>
          </Data>
          <Data name="Category">
            <value>Driving</value>
          </Data>
          <Data name="Distance">
            <value>161152</value>
          </Data>
        </ExtendedData>
        <LineString>
          <tessellate>1</tessellate>
          <coordinates>
            17.214728,47.871545,0
            17.214904,47.871313,0
            17.214486,47.871132,0
            17.214596,47.871034,0
            17.214702,47.871023,0
            17.214774,47.870901,0
            17.215275,47.870894,0
            17.215324,47.870854,0
            17.215687,47.870322,0
            17.217293,47.870349,0
            17.217721,47.870303,0
            17.218179,47.870154,0
            17.222018,47.868224,0
            17.222252,47.868168,0
            17.226729,47.865866,0
            17.232001,47.862924,0
            17.236292,47.860271,0
            17.240772,47.857278,0
            17.270551,47.835404,0
            17.274244,47.832299,0
            17.278249,47.828498,0
            17.293927,47.81226,0
            17.297448,47.808881,0
            17.301188,47.805672,0
            17.306069,47.801943,0
            17.310255,47.799109,0
            17.314682,47.796388,0
            17.321557,47.792683,0
            17.326594,47.79028,0
            17.397216,47.760851,0
            17.401838,47.758734,0
            17.407125,47.756012,0
            17.412068,47.753176,0
            17.417724,47.749634,0
            17.447617,47.729173,0
            17.45428,47.725167,0
            17.503275,47.698354,0
            17.50655,47.696726,0
            17.509886,47.69523,0
            17.515645,47.693039,0
            17.520905,47.691365,0
            17.529729,47.688943,0
            17.532049,47.68822,0
            17.53342,47.687668,0
            17.535533,47.686609,0
            17.537344,47.685431,0
            17.542412,47.681078,0
            17.544982,47.679168,0
            17.547673,47.677696,0
            17.575201,47.665276,0
            17.618289,47.644271,0
            17.619743,47.643628,0
            17.621959,47.642875,0
            17.623716,47.642413,0
            17.662509,47.633597,0
            17.666325,47.633046,0
            17.668565,47.632852,0
            17.669184,47.632836,0
            17.671027,47.632919,0
            17.673294,47.63318,0
            17.6758,47.633678,0
            17.678266,47.634427,0
            17.720172,47.652409,0
            17.72442,47.65409,0
            17.732978,47.657231,0
            17.738613,47.659064,0
            17.771428,47.668743,0
            17.77329,47.669394,0
            17.775899,47.670468,0
            17.777638,47.671288,0
            17.779828,47.672466,0
            17.783061,47.674552,0
            17.784599,47.675713,0
            17.789948,47.680269,0
            17.792052,47.681755,0
            17.793101,47.68238,0
            17.794787,47.683258,0
            17.796392,47.68396,0
            17.798038,47.68458,0
            17.801716,47.685652,0
            17.803292,47.68596,0
            17.805286,47.686254,0
            17.806915,47.686417,0
            17.810452,47.686541,0
            17.812924,47.686444,0
            17.814862,47.686273,0
            17.824962,47.685043,0
            17.829052,47.684687,0
            17.836693,47.684315,0
            17.842827,47.684237,0
            17.869971,47.684517,0
            17.877147,47.684315,0
            17.881963,47.684009,0
            17.889816,47.68324,0
            17.911191,47.680658,0
            17.917986,47.679954,0
            17.928175,47.679257,0
            17.93569,47.679011,0
            17.943184,47.679006,0
            17.948596,47.679157,0
            17.955806,47.679519,0
            17.965645,47.680203,0
            17.9922,47.682548,0
            17.999788,47.682999,0
            18.007171,47.683134,0
            18.015062,47.682891,0
            18.017892,47.682696,0
            18.023226,47.682163,0
            18.027408,47.681611,0
            18.033211,47.680632,0
            18.056691,47.675765,0
            18.064295,47.6747,0
            18.069705,47.674233,0
            18.074124,47.674041,0
            18.079151,47.674038,0
            18.091858,47.674656,0
            18.095825,47.674729,0
            18.100754,47.674639,0
            18.104625,47.674419,0
            18.109281,47.673979,0
            18.112392,47.673577,0
            18.118018,47.672632,0
            18.123314,47.671464,0
            18.138741,47.667205,0
            18.144204,47.665841,0
            18.149538,47.6647,0
            18.157625,47.66327,0
            18.163081,47.662513,0
            18.173027,47.661375,0
            18.176251,47.660912,0
            18.178325,47.660515,0
            18.180812,47.659921,0
            18.184308,47.658869,0
            18.187358,47.657719,0
            18.19096,47.656052,0
            18.205158,47.648176,0
            18.212629,47.644461,0
            18.216564,47.642723,0
            18.22202,47.640617,0
            18.228072,47.638685,0
            18.240656,47.635287,0
            18.257362,47.629789,0
            18.264299,47.627704,0
            18.266975,47.627032,0
            18.271465,47.626146,0
            18.275082,47.62568,0
            18.279059,47.625406,0
            18.281764,47.625354,0
            18.299069,47.625629,0
            18.305484,47.625435,0
            18.309587,47.625109,0
            18.313473,47.624667,0
            18.320091,47.623592,0
            18.324343,47.622685,0
            18.331058,47.620844,0
            18.336414,47.619074,0
            18.38075,47.602488,0
            18.383637,47.601251,0
            18.386526,47.599853,0
            18.39331,47.596222,0
            18.395908,47.594635,0
            18.397104,47.593774,0
            18.398597,47.59251,0
            18.409357,47.581422,0
            18.41041,47.580465,0
            18.411252,47.579857,0
            18.412635,47.579069,0
            18.413673,47.578623,0
            18.414885,47.578207,0
            18.416039,47.577919,0
            18.417371,47.577682,0
            18.443672,47.574773,0
            18.445838,47.574679,0
            18.446955,47.574716,0
            18.449739,47.575067,0
            18.455719,47.576088,0
            18.456568,47.576177,0
            18.458678,47.576265,0
            18.460157,47.576245,0
            18.462114,47.576116,0
            18.46337,47.57594,0
            18.465422,47.575555,0
            18.468265,47.574725,0
            18.469952,47.574077,0
            18.47168,47.573229,0
            18.473302,47.572187,0
            18.474607,47.571158,0
            18.475362,47.570471,0
            18.476443,47.569306,0
            18.477555,47.56768,0
            18.479604,47.56358,0
            18.48045,47.56215,0
            18.481292,47.561026,0
            18.482277,47.55992,0
            18.483442,47.5588,0
            18.48957,47.554065,0
            18.490968,47.552817,0
            18.493355,47.550396,0
            18.495025,47.548373,0
            18.496053,47.546942,0
            18.497616,47.544383,0
            18.499058,47.541182,0
            18.49974,47.53905,0
            18.501119,47.53246,0
            18.501701,47.53075,0
            18.502342,47.529418,0
            18.503403,47.527955,0
            18.504657,47.526768,0
            18.505887,47.52587,0
            18.507559,47.524945,0
            18.50908,47.524325,0
            18.52473,47.519194,0
            18.526244,47.518611,0
            18.527823,47.517877,0
            18.530244,47.516507,0
            18.533236,47.514448,0
            18.534204,47.513673,0
            18.540131,47.508423,0
            18.542246,47.506804,0
            18.543921,47.505767,0
            18.545744,47.504809,0
            18.568401,47.494496,0
            18.569658,47.494017,0
            18.571666,47.493426,0
            18.572711,47.493231,0
            18.574541,47.493004,0
            18.57561,47.492934,0
            18.576696,47.492925,0
            18.577677,47.49297,0
            18.579064,47.49311,0
            18.581338,47.493523,0
            18.582842,47.493946,0
            18.58465,47.494662,0
            18.585903,47.495262,0
            18.602962,47.505197,0
            18.604282,47.505865,0
            18.606527,47.50684,0
            18.609971,47.507954,0
            18.611478,47.508317,0
            18.61428,47.508829,0
            18.617126,47.509181,0
            18.643896,47.510936,0
            18.646813,47.511032,0
            18.650559,47.510958,0
            18.654122,47.510722,0
            18.679243,47.507916,0
            18.683307,47.507567,0
            18.685545,47.507481,0
            18.688968,47.507483,0
            18.692048,47.507626,0
            18.694668,47.507836,0
            18.720487,47.510643,0
            18.725446,47.510924,0
            18.728082,47.510992,0
            18.735087,47.510924,0
            18.739275,47.510658,0
            18.746148,47.509884,0
            18.752171,47.508846,0
            18.78355,47.501553,0
            18.790729,47.500145,0
            18.811682,47.496533,0
            18.814553,47.495887,0
            18.817656,47.495017,0
            18.820638,47.493985,0
            18.824256,47.492458,0
            18.827571,47.490746,0
            18.829511,47.489595,0
            18.842186,47.480712,0
            18.844604,47.47917,0
            18.850122,47.475969,0
            18.866952,47.467461,0
            18.869172,47.466469,0
            18.871477,47.46558,0
            18.904042,47.454524,0
            18.90705,47.453639,0
            18.909116,47.453133,0
            18.912324,47.45252,0
            18.915793,47.452125,0
            18.91876,47.451959,0
            18.922389,47.451887,0
            18.956809,47.452189,0
            18.959795,47.452287,0
            18.962727,47.452517,0
            18.964757,47.452757,0
            18.968094,47.453315,0
            18.971185,47.454033,0
            18.975655,47.455243,0
            18.984428,47.457986,0
            18.987749,47.458726,0
            19.004137,47.461497,0
            19.004313,47.46156,0
            19.008013,47.462466,0
            19.011221,47.463522,0
            19.01345,47.464518,0
            19.015193,47.465449,0
            19.016118,47.466108,0
            19.01687,47.466779,0
            19.017819,47.46788,0
            19.018337,47.468653,0
            19.020348,47.470992,0
            19.021387,47.471973,0
            19.021888,47.472637,0
            19.02285,47.474223,0
            19.022947,47.474315,0
            19.023042,47.474362,0
            19.023227,47.47439,0
            19.023335,47.474388,0
            19.024014,47.474245,0
            19.024055,47.474142,0
            19.024269,47.473949,0
            19.024488,47.473867,0
            19.024559,47.473859,0
            19.027551,47.473046,0
            19.027578,47.473028,0
            19.027608,47.472981,0
            19.033977,47.47366,0
            19.0299,47.482734,0
            19.029873,47.482922,0
            19.029997,47.483069,0
            19.030017,47.483121,0
            19.031483,47.48485,0
            19.031561,47.485017,0
            19.031688,47.485524,0
            19.03168,47.486716,0
            19.031716,47.486877,0
            19.032954,47.488423,0
            19.032932,47.488501,0
            19.032949,47.488602,0
            19.032885,47.48877,0
            19.032503,47.488738,0
            19.031915,47.489552,0
            19.030697,47.489494,0
            19.030501,47.489948,0
            19.030348,47.491775,0
            19.030244,47.492042,0
            19.028778,47.494542,0
            19.028639,47.494872,0
            19.028699,47.49493,0
            19.028736,47.494947,0
            19.029804,47.495837,0
            19.029894,47.495963,0
            19.030195,47.496145,0
            19.030939,47.496472,0
            19.031514,47.496573,0
            19.031621,47.496618,0
            19.031905,47.496687,0
            19.031958,47.496681,0
            19.039718,47.498219,0
            19.040075,47.498224,0
            19.040193,47.498246,0
            19.040244,47.49823,0
            19.040337,47.498232,0
            19.040406,47.498265,0
            19.040431,47.498303,0
            19.040428,47.498345,0
            19.040404,47.498384,0
          </coordinates>
        </LineString>
      </Placemark>
      <Placemark>
        <name>Driving</name>
        <description><![CDATA[description: Driving from 2019-12-29T09:52:51.000Z to 2019-12-29T10:43:49.000Z. Distance 1707m<br>Email: syugen.zhou@gmail.com<br>Category: Driving<br>Distance: 1707]]></description>
        <styleUrl>#line-0097A7-5000</styleUrl>
        <ExtendedData>
          <Data name="description">
            <value>Driving from 2019-12-29T09:52:51.000Z to 2019-12-29T10:43:49.000Z. Distance 1707m</value>
          </Data>
          <Data name="Email">
            <value>syugen.zhou@gmail.com</value>
          </Data>
          <Data name="Category">
            <value>Driving</value>
          </Data>
          <Data name="Distance">
            <value>1707</value>
          </Data>
        </ExtendedData>
        <LineString>
          <tessellate>1</tessellate>
          <coordinates>
            19.046414,47.499512,0
            19.046635,47.499487,0
            19.046698,47.499478,0
            19.046744,47.499469,0
            19.046776,47.499459,0
            19.046813,47.499443,0
            19.046822,47.499439,0
            19.046868,47.499407,0
            19.046897,47.499389,0
            19.046946,47.499354,0
            19.047008,47.499283,0
            19.047203,47.498782,0
            19.047311,47.498686,0
            19.04736,47.498654,0
            19.047427,47.498613,0
            19.047493,47.498579,0
            19.047559,47.498551,0
            19.047644,47.498537,0
            19.047738,47.498538,0
            19.047815,47.498561,0
            19.048199,47.498581,0
            19.048343,47.498578,0
            19.0485,47.498676,0
            19.049726,47.498801,0
            19.050339,47.498867,0
            19.050849,47.498919,0
            19.051042,47.498948,0
            19.051116,47.498962,0
            19.051388,47.498997,0
            19.051517,47.498993,0
            19.051547,47.498994,0
            19.051591,47.498997,0
            19.051732,47.49901,0
            19.052418,47.499076,0
            19.052478,47.499079,0
            19.052505,47.499079,0
            19.052695,47.499095,0
            19.053396,47.49915,0
            19.053563,47.499156,0
            19.053848,47.499175,0
            19.054004,47.499193,0
            19.054111,47.499211,0
            19.054166,47.499223,0
            19.054248,47.499246,0
            19.054347,47.499279,0
            19.054506,47.499358,0
            19.054815,47.499552,0
            19.05482,47.499871,0
            19.054824,47.500368,0
            19.054828,47.500492,0
            19.05483,47.501079,0
            19.05485,47.501377,0
            19.054856,47.501487,0
            19.054904,47.502314,0
            19.054918,47.502643,0
            19.054916,47.502833,0
            19.054917,47.502884,0
            19.054964,47.503541,0
            19.054949,47.503811,0
            19.055005,47.50476,0
            19.054996,47.504803,0
            19.055018,47.505861,0
            19.055006,47.505894,0
            19.055032,47.506444,0
            19.055028,47.506683,0
            19.055022,47.506898,0
            19.055024,47.506906,0
            19.055031,47.506978,0
            19.055015,47.507112,0
            19.055015,47.507197,0
            19.055019,47.507304,0
            19.055025,47.507873,0
            19.055038,47.508043,0
            19.055058,47.508642,0
            19.055069,47.508837,0
            19.05508,47.509291,0
            19.055098,47.509528,0
            19.055119,47.509628,0
            19.055146,47.509725,0
            19.055188,47.509831,0
            19.055198,47.509852,0
            19.055284,47.510001,0
            19.055446,47.51023,0
            19.055545,47.510353,0
            19.05555,47.510359,0
            19.055637,47.510468,0
            19.055638,47.510468,0
            19.055711,47.510561,0
            19.055711,47.510562,0
            19.055774,47.510642,0
            19.055824,47.510702,0
            19.05629,47.511321,0
            19.056617,47.511745,0
            19.056909,47.512131,0
            19.056961,47.512198,0
            19.057208,47.512521,0
            19.057831,47.513343,0
            19.057916,47.513454,0
            19.057991,47.513542,0
            19.058162,47.513767,0
          </coordinates>
        </LineString>
      </Placemark>
      <Placemark>
        <name>Walking</name>
        <description><![CDATA[description: Walking from 2019-12-29T10:43:49.123Z to 2019-12-29T11:20:28.000Z. Distance 2120m<br>Email: syugen.zhou@gmail.com<br>Category: Walking<br>Distance: 2120]]></description>
        <styleUrl>#line-0097A7-5000</styleUrl>
        <ExtendedData>
          <Data name="description">
            <value>Walking from 2019-12-29T10:43:49.123Z to 2019-12-29T11:20:28.000Z. Distance 2120m</value>
          </Data>
          <Data name="Email">
            <value>syugen.zhou@gmail.com</value>
          </Data>
          <Data name="Category">
            <value>Walking</value>
          </Data>
          <Data name="Distance">
            <value>2120</value>
          </Data>
        </ExtendedData>
        <LineString>
          <tessellate>1</tessellate>
          <coordinates>
            19.058301,47.513693,0
            19.058792,47.51434,0
            19.058879,47.514377,0
            19.058972,47.514451,0
            19.058981,47.514448,0
            19.059073,47.514571,0
            19.058991,47.51459,0
            19.059055,47.514658,0
            19.058729,47.514739,0
            19.058703,47.514748,0
            19.058663,47.51468,0
            19.057376,47.5151,0
            19.057235,47.515153,0
            19.05436,47.516081,0
            19.054234,47.516116,0
            19.052003,47.516836,0
            19.05201,47.516847,0
            19.051885,47.516892,0
            19.051876,47.516879,0
            19.050898,47.517201,0
            19.050907,47.517212,0
            19.050725,47.517271,0
            19.050708,47.517247,0
            19.050181,47.517417,0
            19.049779,47.516844,0
            19.049714,47.516804,0
            19.049644,47.516808,0
            19.049613,47.516816,0
            19.049214,47.516945,0
            19.049129,47.516968,0
            19.049009,47.516992,0
            19.048933,47.517018,0
            19.048858,47.517035,0
            19.048884,47.517082,0
            19.048946,47.517143,0
            19.049323,47.517644,0
            19.049223,47.517677,0
            19.049178,47.517616,0
            19.049173,47.517614,0
            19.049164,47.517611,0
            19.049156,47.517611,0
            19.049138,47.517613,0
            19.049184,47.517597,0
            19.049132,47.517529,0
            19.048639,47.516821,0
            19.048519,47.516749,0
            19.048294,47.516826,0
            19.047857,47.516194,0
            19.0478,47.516077,0
            19.047269,47.515247,0
            19.047225,47.515118,0
            19.047209,47.51505,0
            19.046389,47.513753,0
            19.046242,47.513416,0
            19.046171,47.513226,0
            19.046094,47.512899,0
            19.046003,47.512325,0
            19.046044,47.512212,0
            19.045774,47.511035,0
            19.045775,47.511,0
            19.045768,47.510953,0
            19.045754,47.510914,0
            19.045872,47.510907,0
            19.045747,47.510391,0
            19.045719,47.510324,0
            19.045765,47.510304,0
            19.045801,47.510271,0
            19.045788,47.510234,0
            19.045805,47.51015,0
            19.04577,47.510147,0
            19.045741,47.510139,0
            19.045712,47.510128,0
            19.045694,47.510109,0
            19.045662,47.510023,0
            19.045629,47.509852,0
            19.04562,47.50983,0
            19.045514,47.509346,0
            19.045471,47.509208,0
            19.045461,47.509199,0
            19.04551,47.509163,0
            19.045504,47.509045,0
            19.045486,47.508977,0
            19.045511,47.508943,0
            19.045484,47.508881,0
            19.045478,47.508853,0
            19.045577,47.508843,0
            19.045564,47.508722,0
            19.046591,47.508657,0
            19.046655,47.50867,0
            19.046673,47.508641,0
            19.046726,47.508606,0
            19.046772,47.508589,0
            19.046856,47.50857,0
            19.046924,47.508558,0
            19.047803,47.508529,0
            19.047856,47.50849,0
            19.047863,47.507378,0
            19.047782,47.507378,0
            19.046904,47.507439,0
            19.046827,47.506998,0
          </coordinates>
        </LineString>
      </Placemark>
      <Placemark>
        <name>Kossuth Lajos Square</name>
        <description><![CDATA[description: Plaza from 2019-12-29T11:20:28.000Z to 2019-12-29T11:37:58.000Z. Distance 0m<br>Email: syugen.zhou@gmail.com<br>Category: Plaza<br>Distance: 0]]></description>
        <styleUrl>#icon-1535-0288D1</styleUrl>
        <ExtendedData>
          <Data name="description">
            <value>Plaza from 2019-12-29T11:20:28.000Z to 2019-12-29T11:37:58.000Z. Distance 0m</value>
          </Data>
          <Data name="Email">
            <value>syugen.zhou@gmail.com</value>
          </Data>
          <Data name="Category">
            <value>Plaza</value>
          </Data>
          <Data name="Distance">
            <value>0</value>
          </Data>
        </ExtendedData>
        <Point>
          <coordinates>
            19.04736,47.507017,0
          </coordinates>
        </Point>
      </Placemark>
      <Placemark>
        <name>Hiking</name>
        <description><![CDATA[description: Hiking from 2019-12-29T11:38:00.000Z to 2019-12-29T15:14:05.000Z. Distance 4084m<br>Email: syugen.zhou@gmail.com<br>Category: Hiking<br>Distance: 4084]]></description>
        <styleUrl>#line-0097A7-5000</styleUrl>
        <ExtendedData>
          <Data name="description">
            <value>Hiking from 2019-12-29T11:38:00.000Z to 2019-12-29T15:14:05.000Z. Distance 4084m</value>
          </Data>
          <Data name="Email">
            <value>syugen.zhou@gmail.com</value>
          </Data>
          <Data name="Category">
            <value>Hiking</value>
          </Data>
          <Data name="Distance">
            <value>4084</value>
          </Data>
        </ExtendedData>
        <LineString>
          <tessellate>1</tessellate>
          <coordinates>
            19.0469,47.506976,0
            19.044962,47.505431,0
            19.045012,47.503237,0
            19.04517,47.50279,0
            19.045542,47.501357,0
            19.046012,47.499686,0
            19.042354,47.498942,0
            19.040214,47.498417,0
            19.040289,47.497497,0
            19.039225,47.497054,0
            19.039967,47.496335,0
            19.038936,47.496249,0
            19.039884,47.496404,0
            19.038926,47.496431,0
            19.038877,47.497139,0
            19.039341,47.496419,0
            19.039802,47.495729,0
            19.040857,47.495839,0
            19.039139,47.496214,0
            19.040363,47.495601,0
            19.039602,47.496388,0
            19.038821,47.497286,0
            19.036179,47.497853,0
            19.035539,47.499563,0
            19.034405,47.50173,0
            19.034489,47.502891,0
            19.035492,47.502915,0
            19.034803,47.504656,0
            19.036609,47.505233,0
            19.03807,47.505702,0
            19.039036,47.506336,0
          </coordinates>
        </LineString>
      </Placemark>
      <Placemark>
        <name>On the subway</name>
        <description><![CDATA[description: On the subway from 2019-12-29T15:14:05.000Z to 2019-12-29T16:06:13.000Z. Distance 6972m<br>Email: syugen.zhou@gmail.com<br>Category: On the subway<br>Distance: 6972]]></description>
        <styleUrl>#line-0097A7-5000</styleUrl>
        <ExtendedData>
          <Data name="description">
            <value>On the subway from 2019-12-29T15:14:05.000Z to 2019-12-29T16:06:13.000Z. Distance 6972m</value>
          </Data>
          <Data name="Email">
            <value>syugen.zhou@gmail.com</value>
          </Data>
          <Data name="Category">
            <value>On the subway</value>
          </Data>
          <Data name="Distance">
            <value>6972</value>
          </Data>
        </ExtendedData>
        <LineString>
          <tessellate>1</tessellate>
          <coordinates>
            19.039036,47.506336,0
            19.054021,47.497071,0
            19.070434,47.497563,0
            19.070175,47.498672,0
            19.069795,47.49908,0
            19.066866,47.502171,0
            19.063463,47.50503,0
            19.065857,47.506897,0
            19.054856,47.499763,0
            19.054636,47.498369,0
            19.046878,47.506198,0
            19.038973,47.506326,0
          </coordinates>
        </LineString>
      </Placemark>
      <Placemark>
        <name>Batthyány tér</name>
        <description><![CDATA[description: Subway station from 2019-12-29T16:06:13.000Z to 2019-12-29T16:20:26.000Z. Distance 0m<br>Email: syugen.zhou@gmail.com<br>Category: Subway station<br>Distance: 0]]></description>
        <styleUrl>#icon-1739-0288D1</styleUrl>
        <ExtendedData>
          <Data name="description">
            <value>Subway station from 2019-12-29T16:06:13.000Z to 2019-12-29T16:20:26.000Z. Distance 0m</value>
          </Data>
          <Data name="Email">
            <value>syugen.zhou@gmail.com</value>
          </Data>
          <Data name="Category">
            <value>Subway station</value>
          </Data>
          <Data name="Distance">
            <value>0</value>
          </Data>
        </ExtendedData>
        <Point>
          <coordinates>
            19.038973,47.506326,0
          </coordinates>
        </Point>
      </Placemark>
      <Placemark>
        <name>In a cable car</name>
        <description><![CDATA[description: In a cable car from 2019-12-29T16:20:26.000Z to 2019-12-29T16:49:49.000Z. Distance 3036m<br>Email: syugen.zhou@gmail.com<br>Category: In a cable car<br>Distance: 3036]]></description>
        <styleUrl>#line-0097A7-5000</styleUrl>
        <ExtendedData>
          <Data name="description">
            <value>In a cable car from 2019-12-29T16:20:26.000Z to 2019-12-29T16:49:49.000Z. Distance 3036m</value>
          </Data>
          <Data name="Email">
            <value>syugen.zhou@gmail.com</value>
          </Data>
          <Data name="Category">
            <value>In a cable car</value>
          </Data>
          <Data name="Distance">
            <value>3036</value>
          </Data>
        </ExtendedData>
        <LineString>
          <tessellate>1</tessellate>
          <coordinates>
            19.038973,47.506326,0
            19.039444,47.505879,0
            19.039486,47.504176,0
            19.041556,47.49744,0
            19.045889,47.49137,0
            19.044722,47.49282,0
            19.040595,47.500432,0
            19.039018,47.501737,0
          </coordinates>
        </LineString>
      </Placemark>
      <Placemark>
        <name>Walking</name>
        <description><![CDATA[description: Walking from 2019-12-29T16:49:49.000Z to 2019-12-29T16:59:27.000Z. Distance 337m<br>Email: syugen.zhou@gmail.com<br>Category: Walking<br>Distance: 337]]></description>
        <styleUrl>#line-0097A7-5000</styleUrl>
        <ExtendedData>
          <Data name="description">
            <value>Walking from 2019-12-29T16:49:49.000Z to 2019-12-29T16:59:27.000Z. Distance 337m</value>
          </Data>
          <Data name="Email">
            <value>syugen.zhou@gmail.com</value>
          </Data>
          <Data name="Category">
            <value>Walking</value>
          </Data>
          <Data name="Distance">
            <value>337</value>
          </Data>
        </ExtendedData>
        <LineString>
          <tessellate>1</tessellate>
          <coordinates>
            19.039018,47.501737,0
            19.036162,47.501244,0
            19.034972,47.501906,0
          </coordinates>
        </LineString>
      </Placemark>
      <Placemark>
        <name>On a bus</name>
        <description><![CDATA[description: On a bus from 2019-12-29T16:59:27.000Z to 2019-12-29T17:30:51.000Z. Distance 3500m<br>Email: syugen.zhou@gmail.com<br>Category: On a bus<br>Distance: 3500]]></description>
        <styleUrl>#line-0097A7-5000</styleUrl>
        <ExtendedData>
          <Data name="description">
            <value>On a bus from 2019-12-29T16:59:27.000Z to 2019-12-29T17:30:51.000Z. Distance 3500m</value>
          </Data>
          <Data name="Email">
            <value>syugen.zhou@gmail.com</value>
          </Data>
          <Data name="Category">
            <value>On a bus</value>
          </Data>
          <Data name="Distance">
            <value>3500</value>
          </Data>
        </ExtendedData>
        <LineString>
          <tessellate>1</tessellate>
          <coordinates>
            19.034972,47.501906,0
            19.033874,47.501506,0
            19.034962,47.498636,0
            19.038363,47.494622,0
            19.033156,47.496514,0
            19.039779,47.49828,0
            19.046066,47.499288,0
            19.04712,47.49802,0
            19.048037,47.495995,0
            19.051367,47.49117,0
            19.050528,47.491976,0
          </coordinates>
        </LineString>
      </Placemark>
      <Placemark>
        <name>Dock #11 Szatta</name>
        <description><![CDATA[description: Ferry service from 2019-12-29T17:30:51.000Z to 2019-12-29T17:54:26.000Z. Distance 0m<br>Email: syugen.zhou@gmail.com<br>Category: Ferry service<br>Distance: 0]]></description>
        <styleUrl>#icon-1739-0288D1</styleUrl>
        <ExtendedData>
          <Data name="description">
            <value>Ferry service from 2019-12-29T17:30:51.000Z to 2019-12-29T17:54:26.000Z. Distance 0m</value>
          </Data>
          <Data name="Email">
            <value>syugen.zhou@gmail.com</value>
          </Data>
          <Data name="Category">
            <value>Ferry service</value>
          </Data>
          <Data name="Distance">
            <value>0</value>
          </Data>
        </ExtendedData>
        <Point>
          <coordinates>
            19.050528,47.491976,0
          </coordinates>
        </Point>
      </Placemark>
      <Placemark>
        <name>On a ferry</name>
        <description><![CDATA[description: On a ferry from 2019-12-29T17:54:26.438Z to 2019-12-29T19:45:15.000Z. Distance 9455m<br>Email: syugen.zhou@gmail.com<br>Category: On a ferry<br>Distance: 9455]]></description>
        <styleUrl>#line-0097A7-5000</styleUrl>
        <ExtendedData>
          <Data name="description">
            <value>On a ferry from 2019-12-29T17:54:26.438Z to 2019-12-29T19:45:15.000Z. Distance 9455m</value>
          </Data>
          <Data name="Email">
            <value>syugen.zhou@gmail.com</value>
          </Data>
          <Data name="Category">
            <value>On a ferry</value>
          </Data>
          <Data name="Distance">
            <value>9455</value>
          </Data>
        </ExtendedData>
        <LineString>
          <tessellate>1</tessellate>
          <coordinates>
            19.050528,47.491976,0
            19.050389,47.492248,0
            19.046307,47.496018,0
            19.04604,47.499367,0
            19.043456,47.502156,0
            19.044077,47.506452,0
            19.043295,47.508623,0
            19.04026,47.511085,0
            19.043078,47.49866,0
            19.047089,47.491416,0
            19.068052,47.474838,0
            19.066734,47.479758,0
            19.055061,47.48696,0
            19.051939,47.490175,0
            19.050528,47.491976,0
          </coordinates>
        </LineString>
      </Placemark>
      <Placemark>
        <name>Dock #11 Szatta</name>
        <description><![CDATA[description: Ferry service from 2019-12-29T19:45:15.000Z to 2019-12-29T19:58:20.000Z. Distance 0m<br>Email: syugen.zhou@gmail.com<br>Category: Ferry service<br>Distance: 0]]></description>
        <styleUrl>#icon-1739-0288D1</styleUrl>
        <ExtendedData>
          <Data name="description">
            <value>Ferry service from 2019-12-29T19:45:15.000Z to 2019-12-29T19:58:20.000Z. Distance 0m</value>
          </Data>
          <Data name="Email">
            <value>syugen.zhou@gmail.com</value>
          </Data>
          <Data name="Category">
            <value>Ferry service</value>
          </Data>
          <Data name="Distance">
            <value>0</value>
          </Data>
        </ExtendedData>
        <Point>
          <coordinates>
            19.050528,47.491976,0
          </coordinates>
        </Point>
      </Placemark>
      <Placemark>
        <name>On a ferry</name>
        <description><![CDATA[description: On a ferry from 2019-12-29T19:58:20.999Z to 2019-12-29T21:15:38.000Z. Distance 10456m<br>Email: syugen.zhou@gmail.com<br>Category: On a ferry<br>Distance: 10456]]></description>
        <styleUrl>#line-0097A7-5000</styleUrl>
        <ExtendedData>
          <Data name="description">
            <value>On a ferry from 2019-12-29T19:58:20.999Z to 2019-12-29T21:15:38.000Z. Distance 10456m</value>
          </Data>
          <Data name="Email">
            <value>syugen.zhou@gmail.com</value>
          </Data>
          <Data name="Category">
            <value>On a ferry</value>
          </Data>
          <Data name="Distance">
            <value>10456</value>
          </Data>
        </ExtendedData>
        <LineString>
          <tessellate>1</tessellate>
          <coordinates>
            19.050528,47.491976,0
            19.050082,47.492032,0
            19.047994,47.494717,0
            19.045746,47.496644,0
            19.0441,47.500287,0
            19.039372,47.503491,0
            19.042995,47.506022,0
            19.042706,47.512489,0
            19.041444,47.51314,0
            19.03973,47.508211,0
            19.047133,47.492317,0
            19.057689,47.482816,0
            19.062269,47.479293,0
            19.066344,47.472987,0
            19.068226,47.474367,0
            19.068029,47.476384,0
            19.064699,47.47975,0
            19.061428,47.482187,0
            19.05545,47.486726,0
            19.050818,47.490674,0
            19.050528,47.491976,0
          </coordinates>
        </LineString>
      </Placemark>
      <Placemark>
        <name>Dock #11 Szatta</name>
        <description><![CDATA[description: Ferry service from 2019-12-29T21:15:38.000Z to 2019-12-29T21:22:04.000Z. Distance 0m<br>Email: syugen.zhou@gmail.com<br>Category: Ferry service<br>Distance: 0]]></description>
        <styleUrl>#icon-1739-0288D1</styleUrl>
        <ExtendedData>
          <Data name="description">
            <value>Ferry service from 2019-12-29T21:15:38.000Z to 2019-12-29T21:22:04.000Z. Distance 0m</value>
          </Data>
          <Data name="Email">
            <value>syugen.zhou@gmail.com</value>
          </Data>
          <Data name="Category">
            <value>Ferry service</value>
          </Data>
          <Data name="Distance">
            <value>0</value>
          </Data>
        </ExtendedData>
        <Point>
          <coordinates>
            19.050528,47.491976,0
          </coordinates>
        </Point>
      </Placemark>
      <Placemark>
        <name>On the subway</name>
        <description><![CDATA[description: On the subway from 2019-12-29T21:22:04.647Z to 2019-12-29T21:46:11.929Z. Distance 2908m<br>Email: syugen.zhou@gmail.com<br>Category: On the subway<br>Distance: 2908]]></description>
        <styleUrl>#line-0097A7-5000</styleUrl>
        <ExtendedData>
          <Data name="description">
            <value>On the subway from 2019-12-29T21:22:04.647Z to 2019-12-29T21:46:11.929Z. Distance 2908m</value>
          </Data>
          <Data name="Email">
            <value>syugen.zhou@gmail.com</value>
          </Data>
          <Data name="Category">
            <value>On the subway</value>
          </Data>
          <Data name="Distance">
            <value>2908</value>
          </Data>
        </ExtendedData>
        <LineString>
          <tessellate>1</tessellate>
          <coordinates>
            19.050528,47.491976,0
            19.049998,47.492814,0
            19.05332,47.492872,0
            19.05554,47.49299,0
            19.054594,47.503388,0
            19.058196,47.513186,0
            19.059258,47.513854,0
          </coordinates>
        </LineString>
      </Placemark>
      <Placemark>
        <name>Westend Shopping Center</name>
        <description><![CDATA[description: Shopping mall from 2019-12-29T21:46:11.929Z to 2019-12-30T07:01:11.313Z. Distance 0m<br>Email: syugen.zhou@gmail.com<br>Category: Shopping mall<br>Distance: 0]]></description>
        <styleUrl>#icon-1602-0288D1</styleUrl>
        <ExtendedData>
          <Data name="description">
            <value>Shopping mall from 2019-12-29T21:46:11.929Z to 2019-12-30T07:01:11.313Z. Distance 0m</value>
          </Data>
          <Data name="Email">
            <value>syugen.zhou@gmail.com</value>
          </Data>
          <Data name="Category">
            <value>Shopping mall</value>
          </Data>
          <Data name="Distance">
            <value>0</value>
          </Data>
        </ExtendedData>
        <Point>
          <coordinates>
            19.059258,47.513854,0
          </coordinates>
        </Point>
      </Placemark>
    </Folder>
    <Folder>
      <name>2019-12-28</name>
      <Placemark>
        <name>Hilton Vienna Danube Waterfront</name>
        <description><![CDATA[description: Hotel from 2019-12-27T19:19:57.000Z to 2019-12-28T08:39:11.000Z. Distance 0m<br>Email: syugen.zhou@gmail.com<br>Category: Hotel<br>Distance: 0]]></description>
        <styleUrl>#icon-1602-0288D1</styleUrl>
        <ExtendedData>
          <Data name="description">
            <value>Hotel from 2019-12-27T19:19:57.000Z to 2019-12-28T08:39:11.000Z. Distance 0m</value>
          </Data>
          <Data name="Email">
            <value>syugen.zhou@gmail.com</value>
          </Data>
          <Data name="Category">
            <value>Hotel</value>
          </Data>
          <Data name="Distance">
            <value>0</value>
          </Data>
        </ExtendedData>
        <Point>
          <coordinates>
            16.421554,48.214045,0
          </coordinates>
        </Point>
      </Placemark>
      <Placemark>
        <name>Driving</name>
        <description><![CDATA[description: Driving from 2019-12-28T08:39:11.047Z to 2019-12-28T09:29:01.274Z. Distance 72374m<br>Email: syugen.zhou@gmail.com<br>Category: Driving<br>Distance: 72374]]></description>
        <styleUrl>#line-7CB342-5000</styleUrl>
        <ExtendedData>
          <Data name="description">
            <value>Driving from 2019-12-28T08:39:11.047Z to 2019-12-28T09:29:01.274Z. Distance 72374m</value>
          </Data>
          <Data name="Email">
            <value>syugen.zhou@gmail.com</value>
          </Data>
          <Data name="Category">
            <value>Driving</value>
          </Data>
          <Data name="Distance">
            <value>72374</value>
          </Data>
        </ExtendedData>
        <LineString>
          <tessellate>1</tessellate>
          <coordinates>
            16.420337,48.213821,0
            16.42031,48.213921,0
            16.420546,48.214154,0
            16.43196,48.206048,0
            16.43066,48.205192,0
            16.430349,48.204821,0
            16.430583,48.203394,0
            16.430257,48.202753,0
            16.428106,48.201197,0
            16.428068,48.201111,0
            16.418999,48.195027,0
            16.418215,48.194846,0
            16.415295,48.194692,0
            16.414322,48.194293,0
            16.41399,48.194,0
            16.413956,48.19371,0
            16.414117,48.193473,0
            16.422418,48.188912,0
            16.426405,48.187336,0
            16.450127,48.180372,0
            16.451298,48.179804,0
            16.452436,48.178913,0
            16.454211,48.175939,0
            16.455448,48.17159,0
            16.456145,48.170345,0
            16.457067,48.169302,0
            16.458214,48.168397,0
            16.460273,48.167308,0
            16.46183,48.166775,0
            16.472237,48.164429,0
            16.473777,48.16387,0
            16.475502,48.162792,0
            16.476731,48.161358,0
            16.478418,48.156128,0
            16.479147,48.154856,0
            16.480398,48.153656,0
            16.481511,48.152985,0
            16.483123,48.152358,0
            16.488855,48.150861,0
            16.502029,48.146703,0
            16.514931,48.143357,0
            16.51776,48.142337,0
            16.523023,48.139686,0
            16.528327,48.136182,0
            16.532692,48.134092,0
            16.542763,48.131015,0
            16.551413,48.129486,0
            16.556874,48.128961,0
            16.577785,48.128048,0
            16.588519,48.126862,0
            16.617594,48.121126,0
            16.62277,48.119428,0
            16.625833,48.1181,0
            16.629496,48.116117,0
            16.635567,48.111985,0
            16.647827,48.101943,0
            16.659975,48.09497,0
            16.665342,48.091306,0
            16.669707,48.08771,0
            16.681512,48.075176,0
            16.687074,48.070536,0
            16.693675,48.066084,0
            16.702793,48.06114,0
            16.708728,48.058688,0
            16.743212,48.047124,0
            16.75302,48.044849,0
            16.760139,48.043879,0
            16.782353,48.04257,0
            16.788347,48.041777,0
            16.797445,48.039945,0
            16.825607,48.03236,0
            16.827551,48.031591,0
            16.830251,48.030177,0
            16.832894,48.028217,0
            16.835215,48.025645,0
            16.836405,48.023219,0
            16.836387,48.022384,0
            16.836092,48.022014,0
            16.835164,48.021517,0
            16.834876,48.021251,0
            16.834775,48.020994,0
            16.834937,48.020542,0
            16.835248,48.020325,0
            16.835838,48.020187,0
            16.838741,48.020506,0
            16.841254,48.021367,0
            16.850052,48.026149,0
            16.854465,48.027734,0
            16.858242,48.02843,0
            16.859914,48.028575,0
            16.866738,48.028609,0
            16.8734,48.029303,0
            16.878059,48.030333,0
            16.883187,48.032086,0
            16.896088,48.038917,0
            16.898264,48.039631,0
            16.900863,48.04001,0
            16.902514,48.040025,0
            16.904218,48.039853,0
            16.906029,48.039447,0
            16.90737,48.038985,0
            16.908918,48.03821,0
            16.919467,48.031005,0
            16.922614,48.029264,0
            16.925508,48.028024,0
            16.929207,48.026834,0
            16.93584,48.025611,0
            16.940564,48.025346,0
            16.943902,48.025469,0
            16.949335,48.026186,0
            16.952341,48.026884,0
            16.956909,48.028437,0
            16.962558,48.031066,0
            16.967403,48.032617,0
            16.979379,48.034469,0
            16.981893,48.035133,0
            16.984577,48.03615,0
            16.986577,48.037183,0
            16.989877,48.039659,0
            16.99133,48.041294,0
            16.992533,48.043275,0
            16.995117,48.049798,0
            16.996545,48.052451,0
            16.998197,48.054758,0
            17.00067,48.057442,0
            17.008535,48.06419,0
            17.010322,48.066114,0
            17.014031,48.071588,0
            17.016794,48.074243,0
            17.022289,48.078178,0
            17.024693,48.079508,0
            17.027163,48.080522,0
            17.029224,48.081146,0
            17.032989,48.081845,0
            17.036473,48.082043,0
            17.038691,48.081956,0
            17.042378,48.081428,0
            17.045328,48.080635,0
            17.064298,48.073333,0
            17.070613,48.071397,0
            17.08148,48.06885,0
            17.083189,48.068731,0
            17.085446,48.068797,0
            17.089468,48.069583,0
            17.100248,48.073292,0
            17.101169,48.073752,0
            17.101749,48.074209,0
            17.102198,48.074874,0
            17.102353,48.075438,0
            17.102144,48.076498,0
            17.101511,48.077593,0
            17.099398,48.08542,0
            17.098955,48.093917,0
            17.098211,48.097523,0
            17.096886,48.100058,0
            17.095403,48.101935,0
            17.092994,48.104097,0
            17.087233,48.108275,0
            17.084566,48.11106,0
            17.079588,48.11776,0
            17.078122,48.120346,0
            17.076529,48.124372,0
            17.076483,48.124947,0
            17.076735,48.125703,0
            17.077527,48.126505,0
            17.078236,48.126857,0
            17.083245,48.128177,0
            17.089094,48.13051,0
            17.089275,48.130517,0
            17.091242,48.131159,0
            17.092955,48.13151,0
            17.095617,48.1318,0
            17.105709,48.13148,0
            17.106129,48.131319,0
            17.106207,48.130901,0
            17.105846,48.130539,0
            17.105396,48.130467,0
            17.10516,48.130557,0
            17.104985,48.130904,0
            17.104443,48.141579,0
            17.103889,48.145003,0
            17.103996,48.145502,0
            17.104594,48.146222,0
            17.110591,48.149799,0
            17.11119,48.149849,0
            17.113525,48.149064,0
            17.11503,48.149725,0
            17.11721,48.149573,0
            17.116306,48.14822,0
            17.114671,48.146764,0
            17.11546,48.14639,0
            17.115846,48.146025,0
            17.116499,48.144913,0
            17.117549,48.145241,0
            17.118155,48.144539,0
            17.116612,48.144209,0
          </coordinates>
        </LineString>
      </Placemark>
      <Placemark>
        <name>Walking</name>
        <description><![CDATA[description: Walking from 2019-12-28T09:42:39.000Z to 2019-12-28T10:03:00.000Z. Distance 714m<br>Email: syugen.zhou@gmail.com<br>Category: Walking<br>Distance: 714]]></description>
        <styleUrl>#line-7CB342-5000</styleUrl>
        <ExtendedData>
          <Data name="description">
            <value>Walking from 2019-12-28T09:42:39.000Z to 2019-12-28T10:03:00.000Z. Distance 714m</value>
          </Data>
          <Data name="Email">
            <value>syugen.zhou@gmail.com</value>
          </Data>
          <Data name="Category">
            <value>Walking</value>
          </Data>
          <Data name="Distance">
            <value>714</value>
          </Data>
        </ExtendedData>
        <LineString>
          <tessellate>1</tessellate>
          <coordinates>
            17.116872,48.144057,0
            17.11681,48.144223,0
            17.116408,48.144195,0
            17.116045,48.144158,0
            17.11573,48.144132,0
            17.115454,48.144084,0
            17.115193,48.144028,0
            17.114926,48.143952,0
            17.114568,48.143793,0
            17.114016,48.143484,0
            17.113446,48.143209,0
            17.113405,48.143169,0
            17.11312,48.143388,0
            17.11308,48.143443,0
            17.11304,48.143486,0
            17.11296,48.143644,0
            17.112907,48.143809,0
            17.112834,48.144109,0
            17.112691,48.144085,0
            17.112445,48.144129,0
            17.112227,48.144179,0
            17.112174,48.144184,0
            17.112118,48.144175,0
            17.112048,48.144149,0
            17.11134,48.143836,0
            17.110745,48.143562,0
            17.11038,48.143891,0
            17.10998,48.144126,0
            17.109424,48.143962,0
            17.109385,48.143953,0
            17.10936,48.143951,0
            17.109335,48.143955,0
            17.109304,48.143967,0
            17.109227,48.144081,0
            17.10972,48.144301,0
            17.10965,48.144357,0
            17.109595,48.1444,0
            17.109458,48.144528,0
            17.109353,48.144647,0
            17.109244,48.144834,0
            17.10919,48.144926,0
          </coordinates>
        </LineString>
      </Placemark>
      <Placemark>
        <name>Bezbariérová verejná toaleta</name>
        <description><![CDATA[description: Public wheelchair-accessible bathroom from 2019-12-28T10:03:00.000Z to 2019-12-28T10:05:35.000Z. Distance 0m<br>Email: syugen.zhou@gmail.com<br>Category: Public wheelchair-accessible bathroom<br>Distance: 0]]></description>
        <styleUrl>#icon-1739-0288D1</styleUrl>
        <ExtendedData>
          <Data name="description">
            <value>Public wheelchair-accessible bathroom from 2019-12-28T10:03:00.000Z to 2019-12-28T10:05:35.000Z. Distance 0m</value>
          </Data>
          <Data name="Email">
            <value>syugen.zhou@gmail.com</value>
          </Data>
          <Data name="Category">
            <value>Public wheelchair-accessible bathroom</value>
          </Data>
          <Data name="Distance">
            <value>0</value>
          </Data>
        </ExtendedData>
        <Point>
          <coordinates>
            17.109027,48.144679,0
          </coordinates>
        </Point>
      </Placemark>
      <Placemark>
        <name>Walking</name>
        <description><![CDATA[description: Walking from 2019-12-28T10:05:35.000Z to 2019-12-28T10:15:58.000Z. Distance 340m<br>Email: syugen.zhou@gmail.com<br>Category: Walking<br>Distance: 340]]></description>
        <styleUrl>#line-7CB342-5000</styleUrl>
        <ExtendedData>
          <Data name="description">
            <value>Walking from 2019-12-28T10:05:35.000Z to 2019-12-28T10:15:58.000Z. Distance 340m</value>
          </Data>
          <Data name="Email">
            <value>syugen.zhou@gmail.com</value>
          </Data>
          <Data name="Category">
            <value>Walking</value>
          </Data>
          <Data name="Distance">
            <value>340</value>
          </Data>
        </ExtendedData>
        <LineString>
          <tessellate>1</tessellate>
          <coordinates>
            17.109294,48.144748,0
            17.109353,48.144647,0
            17.109458,48.144528,0
            17.109595,48.1444,0
            17.10965,48.144357,0
            17.10972,48.144301,0
            17.109902,48.144176,0
            17.10998,48.144126,0
            17.109424,48.143962,0
            17.109385,48.143953,0
            17.10936,48.143951,0
            17.109335,48.143955,0
            17.109304,48.143967,0
            17.109227,48.144081,0
            17.109121,48.14405,0
            17.108961,48.143999,0
            17.108844,48.143942,0
            17.108696,48.143872,0
            17.108579,48.143806,0
            17.107787,48.143375,0
            17.107714,48.143407,0
            17.107007,48.143682,0
          </coordinates>
        </LineString>
      </Placemark>
      <Placemark>
        <name>Cukráreň Konditorei Kormuth</name>
        <description><![CDATA[description: Cake shop from 2019-12-28T10:16:00.000Z to 2019-12-28T11:20:00.000Z. Distance 0m<br>Email: syugen.zhou@gmail.com<br>Category: Cake shop<br>Distance: 0]]></description>
        <styleUrl>#icon-1739-0288D1</styleUrl>
        <ExtendedData>
          <Data name="description">
            <value>Cake shop from 2019-12-28T10:16:00.000Z to 2019-12-28T11:20:00.000Z. Distance 0m</value>
          </Data>
          <Data name="Email">
            <value>syugen.zhou@gmail.com</value>
          </Data>
          <Data name="Category">
            <value>Cake shop</value>
          </Data>
          <Data name="Distance">
            <value>0</value>
          </Data>
        </ExtendedData>
        <Point>
          <coordinates>
            17.107355,48.143508,0
          </coordinates>
        </Point>
      </Placemark>
      <Placemark>
        <name>Walking</name>
        <description><![CDATA[description: Walking from 2019-12-28T11:20:00.000Z to 2019-12-28T11:28:00.000Z. Distance 198m<br>Email: syugen.zhou@gmail.com<br>Category: Walking<br>Distance: 198]]></description>
        <styleUrl>#line-7CB342-5000</styleUrl>
        <ExtendedData>
          <Data name="description">
            <value>Walking from 2019-12-28T11:20:00.000Z to 2019-12-28T11:28:00.000Z. Distance 198m</value>
          </Data>
          <Data name="Email">
            <value>syugen.zhou@gmail.com</value>
          </Data>
          <Data name="Category">
            <value>Walking</value>
          </Data>
          <Data name="Distance">
            <value>198</value>
          </Data>
        </ExtendedData>
        <LineString>
          <tessellate>1</tessellate>
          <coordinates>
            17.10738,48.143537,0
            17.106577,48.143849,0
            17.106659,48.144199,0
            17.106786,48.145044,0
            17.106745,48.145143,0
          </coordinates>
        </LineString>
      </Placemark>
      <Placemark>
        <name><![CDATA[Michael's Gate]]></name>
        <description><![CDATA[description: Historical landmark from 2019-12-28T11:28:00.000Z to 2019-12-28T11:33:00.000Z. Distance 0m<br>Email: syugen.zhou@gmail.com<br>Category: Historical landmark<br>Distance: 0]]></description>
        <styleUrl>#icon-1535-0288D1</styleUrl>
        <ExtendedData>
          <Data name="description">
            <value>Historical landmark from 2019-12-28T11:28:00.000Z to 2019-12-28T11:33:00.000Z. Distance 0m</value>
          </Data>
          <Data name="Email">
            <value>syugen.zhou@gmail.com</value>
          </Data>
          <Data name="Category">
            <value>Historical landmark</value>
          </Data>
          <Data name="Distance">
            <value>0</value>
          </Data>
        </ExtendedData>
        <Point>
          <coordinates>
            17.106735,48.145167,0
          </coordinates>
        </Point>
      </Placemark>
      <Placemark>
        <name>Walking</name>
        <description><![CDATA[description: Walking from 2019-12-28T11:33:00.000Z to 2019-12-28T12:30:00.000Z. Distance 1359m<br>Email: syugen.zhou@gmail.com<br>Category: Walking<br>Distance: 1359]]></description>
        <styleUrl>#line-7CB342-5000</styleUrl>
        <ExtendedData>
          <Data name="description">
            <value>Walking from 2019-12-28T11:33:00.000Z to 2019-12-28T12:30:00.000Z. Distance 1359m</value>
          </Data>
          <Data name="Email">
            <value>syugen.zhou@gmail.com</value>
          </Data>
          <Data name="Category">
            <value>Walking</value>
          </Data>
          <Data name="Distance">
            <value>1359</value>
          </Data>
        </ExtendedData>
        <LineString>
          <tessellate>1</tessellate>
          <coordinates>
            17.106736,48.145167,0
            17.106786,48.145044,0
            17.106659,48.144199,0
            17.106577,48.143849,0
            17.108465,48.1431,0
            17.10894,48.142873,0
            17.108403,48.142711,0
            17.106807,48.142144,0
            17.106546,48.142027,0
            17.106487,48.142171,0
            17.106473,48.142259,0
            17.106485,48.142855,0
            17.106535,48.14331,0
            17.10518,48.143085,0
            17.105165,48.142296,0
            17.105152,48.142234,0
            17.104613,48.142199,0
            17.104479,48.14202,0
            17.10448,48.141991,0
            17.10456,48.141839,0
            17.104718,48.141424,0
            17.10417,48.141396,0
            17.104191,48.141606,0
            17.104207,48.141651,0
            17.103988,48.141707,0
            17.103876,48.141701,0
            17.10372,48.141641,0
            17.103602,48.141567,0
            17.10342,48.14154,0
            17.103249,48.141558,0
            17.10297,48.141415,0
            17.102828,48.141363,0
            17.102658,48.141341,0
            17.102213,48.14122,0
            17.101994,48.141207,0
            17.101173,48.141262,0
            17.100671,48.141322,0
            17.100632,48.141338,0
            17.100591,48.141369,0
            17.100571,48.141429,0
            17.100526,48.141508,0
            17.100532,48.141514,0
            17.10054,48.141517,0
            17.100589,48.141518,0
            17.100599,48.14152,0
            17.100603,48.141524,0
            17.100603,48.14153,0
            17.100602,48.141534,0
            17.100598,48.141536,0
            17.100592,48.141538,0
            17.10054,48.141541,0
            17.10053,48.141546,0
            17.100528,48.141553,0
            17.10053,48.141558,0
            17.100534,48.141561,0
            17.100601,48.141563,0
            17.100604,48.141564,0
            17.10061,48.14157,0
            17.10061,48.141573,0
            17.100609,48.141577,0
            17.100601,48.141582,0
            17.100518,48.141588,0
            17.100513,48.14159,0
            17.10051,48.141593,0
            17.100509,48.141596,0
            17.100512,48.141603,0
            17.100517,48.141606,0
            17.100523,48.141607,0
            17.100604,48.141607,0
            17.100614,48.141611,0
            17.100616,48.141613,0
            17.100616,48.141615,0
            17.100613,48.14162,0
            17.100608,48.141624,0
            17.100604,48.141625,0
            17.100278,48.141649,0
            17.100026,48.141609,0
            17.09988,48.141618,0
            17.099676,48.141615,0
            17.099447,48.141635,0
            17.099231,48.141668,0
            17.099007,48.141745,0
            17.098907,48.141795,0
            17.099026,48.141906,0
            17.099081,48.141976,0
            17.099095,48.142002,0
            17.099159,48.142011,0
            17.099188,48.142032,0
            17.09927,48.142003,0
            17.099299,48.14198,0
            17.099375,48.141865,0
            17.099225,48.141843,0
            17.098946,48.141775,0
            17.099007,48.141745,0
            17.099231,48.141668,0
            17.099447,48.141635,0
            17.099676,48.141615,0
            17.09988,48.141618,0
            17.100026,48.141609,0
            17.100051,48.141925,0
          </coordinates>
        </LineString>
      </Placemark>
      <Placemark>
        <name>Bratislava Castle</name>
        <description><![CDATA[description: Castle from 2019-12-28T12:30:00.000Z to 2019-12-28T13:36:00.000Z. Distance 0m<br>Email: syugen.zhou@gmail.com<br>Category: Castle<br>Distance: 0]]></description>
        <styleUrl>#icon-1535-0288D1</styleUrl>
        <ExtendedData>
          <Data name="description">
            <value>Castle from 2019-12-28T12:30:00.000Z to 2019-12-28T13:36:00.000Z. Distance 0m</value>
          </Data>
          <Data name="Email">
            <value>syugen.zhou@gmail.com</value>
          </Data>
          <Data name="Category">
            <value>Castle</value>
          </Data>
          <Data name="Distance">
            <value>0</value>
          </Data>
        </ExtendedData>
        <Point>
          <coordinates>
            17.100235,48.142109,0
          </coordinates>
        </Point>
      </Placemark>
      <Placemark>
        <name>Walking</name>
        <description><![CDATA[description: Walking from 2019-12-28T13:36:00.000Z to 2019-12-28T14:04:44.000Z. Distance 1229m<br>Email: syugen.zhou@gmail.com<br>Category: Walking<br>Distance: 1229]]></description>
        <styleUrl>#line-7CB342-5000</styleUrl>
        <ExtendedData>
          <Data name="description">
            <value>Walking from 2019-12-28T13:36:00.000Z to 2019-12-28T14:04:44.000Z. Distance 1229m</value>
          </Data>
          <Data name="Email">
            <value>syugen.zhou@gmail.com</value>
          </Data>
          <Data name="Category">
            <value>Walking</value>
          </Data>
          <Data name="Distance">
            <value>1229</value>
          </Data>
        </ExtendedData>
        <LineString>
          <tessellate>1</tessellate>
          <coordinates>
            17.100551,48.141964,0
            17.100744,48.141948,0
            17.100817,48.142034,0
            17.100898,48.142147,0
            17.100961,48.142255,0
            17.101019,48.142369,0
            17.101045,48.142425,0
            17.101091,48.142566,0
            17.101254,48.142555,0
            17.1012,48.142705,0
            17.101127,48.143148,0
            17.101626,48.143251,0
            17.101695,48.143271,0
            17.101729,48.143296,0
            17.101762,48.1433,0
            17.101862,48.143313,0
            17.101854,48.143338,0
            17.102069,48.143376,0
            17.102123,48.143383,0
            17.10226,48.143399,0
            17.102271,48.143416,0
            17.102344,48.143465,0
            17.102487,48.143039,0
            17.102933,48.143098,0
            17.102977,48.142922,0
            17.103069,48.142933,0
            17.103267,48.142943,0
            17.103347,48.142911,0
            17.103377,48.142899,0
            17.103582,48.142824,0
            17.103725,48.143227,0
            17.10373,48.143316,0
            17.103716,48.143461,0
            17.103669,48.143694,0
            17.103678,48.143733,0
            17.103691,48.143758,0
            17.103737,48.143792,0
            17.103667,48.144042,0
            17.103631,48.144109,0
            17.103561,48.144218,0
            17.10341,48.144398,0
            17.103305,48.144506,0
            17.103437,48.144511,0
            17.103543,48.144517,0
            17.10361,48.144518,0
            17.10385,48.144542,0
            17.103875,48.144547,0
            17.104131,48.144604,0
            17.104243,48.144628,0
            17.104473,48.14469,0
            17.104544,48.144712,0
            17.104603,48.144731,0
            17.104672,48.144755,0
            17.104748,48.144775,0
            17.104818,48.144804,0
            17.104867,48.144825,0
            17.10495,48.144727,0
            17.105083,48.144571,0
            17.105175,48.144465,0
            17.105918,48.143958,0
            17.105931,48.143909,0
            17.106565,48.1438,0
            17.106577,48.143849,0
            17.107714,48.143407,0
            17.107787,48.143375,0
            17.108332,48.143155,0
            17.108465,48.1431,0
            17.10894,48.142873,0
            17.108403,48.142711,0
            17.107889,48.142528,0
            17.107482,48.142387,0
            17.106807,48.142143,0
            17.106546,48.142027,0
            17.105713,48.141591,0
            17.105455,48.141472,0
            17.10523,48.141372,0
            17.105185,48.141413,0
            17.105147,48.141432,0
            17.105114,48.141443,0
            17.105085,48.141449,0
            17.105034,48.141455,0
            17.104718,48.141424,0
            17.104169,48.141396,0
            17.104191,48.141606,0
            17.104207,48.141651,0
            17.103988,48.141707,0
            17.103876,48.141701,0
            17.103735,48.141647,0
            17.10372,48.141641,0
            17.103602,48.141567,0
            17.103514,48.141554,0
            17.10342,48.14154,0
            17.103249,48.141558,0
            17.103362,48.14165,0
          </coordinates>
        </LineString>
      </Placemark>
      <Placemark>
        <name>Modrá Hviezda</name>
        <description><![CDATA[description: Restaurant from 2019-12-28T14:04:44.000Z to 2019-12-28T15:09:35.000Z. Distance 0m<br>Email: syugen.zhou@gmail.com<br>Category: Restaurant<br>Distance: 0]]></description>
        <styleUrl>#icon-1739-0288D1</styleUrl>
        <ExtendedData>
          <Data name="description">
            <value>Restaurant from 2019-12-28T14:04:44.000Z to 2019-12-28T15:09:35.000Z. Distance 0m</value>
          </Data>
          <Data name="Email">
            <value>syugen.zhou@gmail.com</value>
          </Data>
          <Data name="Category">
            <value>Restaurant</value>
          </Data>
          <Data name="Distance">
            <value>0</value>
          </Data>
        </ExtendedData>
        <Point>
          <coordinates>
            17.103339,48.141663,0
          </coordinates>
        </Point>
      </Placemark>
      <Placemark>
        <name>Walking</name>
        <description><![CDATA[description: Walking from 2019-12-28T15:09:35.000Z to 2019-12-28T15:21:57.000Z. Distance 1062m<br>Email: syugen.zhou@gmail.com<br>Category: Walking<br>Distance: 1062]]></description>
        <styleUrl>#line-7CB342-5000</styleUrl>
        <ExtendedData>
          <Data name="description">
            <value>Walking from 2019-12-28T15:09:35.000Z to 2019-12-28T15:21:57.000Z. Distance 1062m</value>
          </Data>
          <Data name="Email">
            <value>syugen.zhou@gmail.com</value>
          </Data>
          <Data name="Category">
            <value>Walking</value>
          </Data>
          <Data name="Distance">
            <value>1062</value>
          </Data>
        </ExtendedData>
        <LineString>
          <tessellate>1</tessellate>
          <coordinates>
            17.103362,48.14165,0
            17.103249,48.141558,0
            17.10342,48.14154,0
            17.103514,48.141554,0
            17.103602,48.141567,0
            17.10372,48.141641,0
            17.103735,48.141647,0
            17.103876,48.141701,0
            17.103988,48.141707,0
            17.104207,48.141651,0
            17.104191,48.141606,0
            17.104169,48.141396,0
            17.104718,48.141424,0
            17.105034,48.141455,0
            17.105085,48.141449,0
            17.105114,48.141443,0
            17.105147,48.141432,0
            17.105185,48.141413,0
            17.10523,48.141372,0
            17.105455,48.141472,0
            17.105713,48.141591,0
            17.106546,48.142027,0
            17.106807,48.142143,0
            17.107482,48.142387,0
            17.10789,48.142528,0
            17.108403,48.142711,0
            17.10894,48.142873,0
            17.109524,48.143054,0
            17.109633,48.143097,0
            17.110652,48.143516,0
            17.110745,48.143562,0
            17.11134,48.143836,0
            17.112048,48.144149,0
            17.112118,48.144175,0
            17.112174,48.144184,0
            17.112227,48.144179,0
            17.112445,48.144129,0
            17.112691,48.144084,0
            17.112834,48.144109,0
            17.112907,48.143809,0
            17.11296,48.143644,0
            17.11304,48.143486,0
            17.11308,48.143443,0
            17.11312,48.143387,0
            17.113405,48.143169,0
            17.113446,48.143209,0
            17.114016,48.143484,0
            17.114568,48.143793,0
            17.114926,48.143952,0
            17.115193,48.144028,0
            17.115454,48.144084,0
            17.11573,48.144132,0
            17.116045,48.144158,0
            17.116408,48.144195,0
            17.116681,48.144214,0
          </coordinates>
        </LineString>
      </Placemark>
      <Placemark>
        <name>Driving</name>
        <description><![CDATA[description: Driving from 2019-12-28T15:21:57.000Z to 2019-12-28T15:34:50.000Z. Distance 5591m<br>Email: syugen.zhou@gmail.com<br>Category: Driving<br>Distance: 5591]]></description>
        <styleUrl>#line-7CB342-5000</styleUrl>
        <ExtendedData>
          <Data name="description">
            <value>Driving from 2019-12-28T15:21:57.000Z to 2019-12-28T15:34:50.000Z. Distance 5591m</value>
          </Data>
          <Data name="Email">
            <value>syugen.zhou@gmail.com</value>
          </Data>
          <Data name="Category">
            <value>Driving</value>
          </Data>
          <Data name="Distance">
            <value>5591</value>
          </Data>
        </ExtendedData>
        <LineString>
          <tessellate>1</tessellate>
          <coordinates>
            17.116319,48.144186,0
            17.11573,48.144132,0
            17.115454,48.144084,0
            17.115193,48.144028,0
            17.114926,48.143952,0
            17.114568,48.143793,0
            17.114016,48.143484,0
            17.113446,48.143209,0
            17.113302,48.143336,0
            17.113215,48.143425,0
            17.113164,48.143495,0
            17.113124,48.143564,0
            17.112954,48.144158,0
            17.112926,48.144379,0
            17.112926,48.144447,0
            17.112935,48.144501,0
            17.113015,48.144712,0
            17.113112,48.144868,0
            17.113198,48.144985,0
            17.113348,48.145157,0
            17.113664,48.145574,0
            17.113981,48.145938,0
            17.114177,48.146136,0
            17.114795,48.146697,0
            17.114986,48.146851,0
            17.116346,48.14807,0
            17.116437,48.148166,0
            17.116494,48.148239,0
            17.116739,48.14864,0
            17.117052,48.14909,0
            17.117317,48.149558,0
            17.117478,48.149893,0
            17.117596,48.150222,0
            17.117749,48.150532,0
            17.117837,48.150637,0
            17.118288,48.150849,0
            17.118745,48.151039,0
            17.11901,48.151166,0
            17.119476,48.151426,0
            17.119864,48.151757,0
            17.119945,48.151808,0
            17.120639,48.152301,0
            17.121857,48.153257,0
            17.122085,48.153457,0
            17.123541,48.154507,0
            17.12458,48.155345,0
            17.124944,48.155611,0
            17.125043,48.155724,0
            17.12525,48.155887,0
            17.125505,48.156066,0
            17.127016,48.157225,0
            17.127523,48.157649,0
            17.127955,48.157989,0
            17.128119,48.158103,0
            17.128613,48.158562,0
            17.129086,48.159098,0
            17.129609,48.159621,0
            17.129715,48.159747,0
            17.130926,48.161024,0
            17.131375,48.161532,0
            17.131897,48.162055,0
            17.133543,48.163789,0
            17.135374,48.165655,0
            17.135452,48.165749,0
            17.136717,48.167004,0
            17.137487,48.167832,0
            17.139126,48.169529,0
            17.13999,48.17039,0
            17.140332,48.170768,0
            17.141293,48.171715,0
            17.141537,48.171988,0
            17.141614,48.172024,0
            17.141668,48.172038,0
            17.141722,48.172044,0
            17.142006,48.172046,0
            17.143493,48.171379,0
            17.147223,48.16977,0
            17.147647,48.169556,0
            17.147843,48.169424,0
            17.148037,48.169273,0
            17.148251,48.169087,0
            17.148521,48.168809,0
            17.148778,48.168416,0
            17.148958,48.168097,0
            17.149334,48.167368,0
            17.150172,48.165848,0
            17.15007,48.165406,0
            17.150046,48.165351,0
            17.149976,48.165242,0
            17.149931,48.165189,0
            17.146402,48.163745,0
            17.145903,48.163563,0
            17.144031,48.162819,0
            17.143462,48.162574,0
            17.140814,48.161512,0
            17.139057,48.160759,0
            17.138636,48.160608,0
            17.13837,48.160709,0
            17.137789,48.161338,0
            17.137184,48.16109,0
          </coordinates>
        </LineString>
      </Placemark>
      <Placemark>
        <name>DoubleTree by Hilton Bratislava</name>
        <description><![CDATA[description: Hotel from 2019-12-28T15:34:50.000Z to 2019-12-28T15:39:01.000Z. Distance 0m<br>Email: syugen.zhou@gmail.com<br>Category: Hotel<br>Distance: 0]]></description>
        <styleUrl>#icon-1602-0288D1</styleUrl>
        <ExtendedData>
          <Data name="description">
            <value>Hotel from 2019-12-28T15:34:50.000Z to 2019-12-28T15:39:01.000Z. Distance 0m</value>
          </Data>
          <Data name="Email">
            <value>syugen.zhou@gmail.com</value>
          </Data>
          <Data name="Category">
            <value>Hotel</value>
          </Data>
          <Data name="Distance">
            <value>0</value>
          </Data>
        </ExtendedData>
        <Point>
          <coordinates>
            17.13778,48.160798,0
          </coordinates>
        </Point>
      </Placemark>
      <Placemark>
        <name>Driving</name>
        <description><![CDATA[description: Driving from 2019-12-28T15:39:01.000Z to 2019-12-28T16:44:31.000Z. Distance 81045m<br>Email: syugen.zhou@gmail.com<br>Category: Driving<br>Distance: 81045]]></description>
        <styleUrl>#line-7CB342-5000</styleUrl>
        <ExtendedData>
          <Data name="description">
            <value>Driving from 2019-12-28T15:39:01.000Z to 2019-12-28T16:44:31.000Z. Distance 81045m</value>
          </Data>
          <Data name="Email">
            <value>syugen.zhou@gmail.com</value>
          </Data>
          <Data name="Category">
            <value>Driving</value>
          </Data>
          <Data name="Distance">
            <value>81045</value>
          </Data>
        </ExtendedData>
        <LineString>
          <tessellate>1</tessellate>
          <coordinates>
            17.137858,48.161265,0
            17.13837,48.160709,0
            17.138365,48.160492,0
            17.135387,48.159295,0
            17.135404,48.159094,0
            17.14093,48.161387,0
            17.138129,48.164439,0
            17.138044,48.164883,0
            17.1378,48.165001,0
            17.137481,48.16501,0
            17.137154,48.165162,0
            17.137009,48.16513,0
            17.135452,48.16575,0
            17.135342,48.165835,0
            17.131916,48.162313,0
            17.133756,48.161411,0
            17.134323,48.160831,0
            17.136498,48.161718,0
            17.136891,48.161781,0
            17.13721,48.161738,0
            17.137437,48.161647,0
            17.13837,48.160709,0
            17.138365,48.160492,0
            17.135387,48.159295,0
            17.135404,48.159094,0
            17.140268,48.161113,0
            17.140788,48.161135,0
            17.14434,48.157262,0
            17.149775,48.148574,0
            17.151488,48.144097,0
            17.151421,48.143228,0
            17.151286,48.1429,0
            17.151038,48.14262,0
            17.150659,48.142401,0
            17.149039,48.141834,0
            17.146662,48.139913,0
            17.146545,48.139748,0
            17.138414,48.133569,0
            17.13548,48.131945,0
            17.133795,48.131419,0
            17.130415,48.13101,0
            17.128317,48.130948,0
            17.095228,48.13204,0
            17.092417,48.131678,0
            17.089901,48.13097,0
            17.082844,48.12824,0
            17.077155,48.126845,0
            17.076208,48.126267,0
            17.075698,48.125544,0
            17.075628,48.124622,0
            17.077443,48.120903,0
            17.081276,48.114951,0
            17.084758,48.110579,0
            17.086454,48.10882,0
            17.093864,48.103201,0
            17.096523,48.100284,0
            17.097967,48.097678,0
            17.098561,48.095693,0
            17.098957,48.087157,0
            17.100949,48.07847,0
            17.101176,48.076208,0
            17.100751,48.07489,0
            17.100112,48.074066,0
            17.099395,48.073436,0
            17.098469,48.072876,0
            17.088812,48.069519,0
            17.085776,48.068977,0
            17.084196,48.068838,0
            17.082824,48.068851,0
            17.079624,48.069262,0
            17.070058,48.071926,0
            17.06748,48.072478,0
            17.058104,48.075665,0
            17.046272,48.080425,0
            17.043152,48.081373,0
            17.040525,48.081868,0
            17.038246,48.082097,0
            17.033843,48.082048,0
            17.031496,48.081751,0
            17.028276,48.081009,0
            17.026198,48.08028,0
            17.023983,48.079284,0
            17.02261,48.078505,0
            17.016731,48.074365,0
            17.014859,48.072691,0
            17.012856,48.07032,0
            17.010688,48.066834,0
            17.007915,48.063814,0
            17.000394,48.05737,0
            16.998231,48.055031,0
            16.996167,48.052131,0
            16.995098,48.050138,0
            16.992,48.042589,0
            16.991122,48.041269,0
            16.988505,48.038627,0
            16.98543,48.036702,0
            16.983784,48.035945,0
            16.981454,48.035119,0
            16.979374,48.034588,0
            16.969433,48.033168,0
            16.966433,48.032492,0
            16.963777,48.031656,0
            16.956787,48.028517,0
            16.953981,48.027496,0
            16.950218,48.026483,0
            16.946185,48.025779,0
            16.942664,48.025507,0
            16.939418,48.02548,0
            16.934605,48.025873,0
            16.93122,48.026467,0
            16.928408,48.027182,0
            16.925486,48.028158,0
            16.923335,48.029062,0
            16.920607,48.030467,0
            16.908094,48.038796,0
            16.905955,48.039592,0
            16.903154,48.040094,0
            16.901219,48.040142,0
            16.898873,48.039878,0
            16.896838,48.039334,0
            16.895581,48.038821,0
            16.885304,48.033177,0
            16.882002,48.031741,0
            16.87878,48.030658,0
            16.876265,48.03,0
            16.870824,48.029041,0
            16.867045,48.028737,0
            16.85951,48.028663,0
            16.856167,48.028232,0
            16.854076,48.027751,0
            16.851697,48.026978,0
            16.849639,48.02609,0
            16.841239,48.0215,0
            16.840037,48.020996,0
            16.839485,48.02086,0
            16.838867,48.020818,0
            16.838253,48.020928,0
            16.83781,48.021127,0
            16.837506,48.02137,0
            16.835904,48.024902,0
            16.834258,48.027063,0
            16.832443,48.028756,0
            16.830262,48.030296,0
            16.828288,48.031362,0
            16.825693,48.032428,0
            16.813626,48.035915,0
            16.793353,48.040929,0
            16.785856,48.042228,0
            16.781814,48.042688,0
            16.762132,48.043784,0
            16.752976,48.044952,0
            16.744048,48.046978,0
            16.706708,48.059559,0
            16.70227,48.061471,0
            16.697659,48.063881,0
            16.690322,48.068359,0
            16.684234,48.072904,0
            16.680454,48.076366,0
            16.672799,48.084872,0
            16.669365,48.08816,0
            16.66317,48.093017,0
            16.660437,48.094803,0
            16.650214,48.100512,0
            16.646465,48.103041,0
            16.634229,48.113155,0
            16.628232,48.117029,0
            16.624165,48.119001,0
            16.61843,48.121013,0
            16.615988,48.121649,0
            16.590696,48.126633,0
            16.583703,48.127619,0
            16.575219,48.128316,0
            16.557669,48.129045,0
            16.552204,48.129518,0
            16.545554,48.130563,0
            16.540423,48.13175,0
            16.533615,48.133911,0
            16.52893,48.136002,0
            16.522232,48.140328,0
            16.518157,48.142306,0
            16.513359,48.143965,0
            16.501666,48.146939,0
            16.488656,48.151037,0
            16.482832,48.152574,0
            16.481573,48.153087,0
            16.48076,48.153555,0
            16.479744,48.154382,0
            16.47896,48.155389,0
            16.477081,48.161025,0
            16.476344,48.162173,0
            16.475598,48.162897,0
            16.474354,48.163727,0
            16.473428,48.164154,0
            16.471647,48.164714,0
            16.46208,48.16683,0
            16.460474,48.167359,0
            16.458389,48.168443,0
            16.457053,48.169519,0
            16.45627,48.170448,0
            16.455519,48.171892,0
            16.454524,48.175568,0
            16.453658,48.177427,0
            16.452184,48.179637,0
            16.44993,48.182187,0
            16.44873,48.183122,0
            16.447932,48.183506,0
            16.447039,48.183785,0
            16.445651,48.184007,0
            16.442325,48.184186,0
            16.440193,48.184498,0
            16.426205,48.188525,0
            16.422471,48.19006,0
            16.419032,48.192126,0
            16.418587,48.192683,0
            16.418172,48.192921,0
            16.417012,48.193276,0
            16.41618,48.193841,0
            16.415994,48.194215,0
            16.416158,48.194528,0
            16.416415,48.194659,0
            16.416827,48.194692,0
            16.417202,48.194566,0
            16.417385,48.19438,0
            16.417408,48.194074,0
            16.417149,48.19369,0
            16.415559,48.192551,0
            16.415439,48.192395,0
            16.405642,48.185688,0
            16.404631,48.184434,0
            16.403725,48.182164,0
            16.403661,48.182148,0
            16.403106,48.181453,0
            16.402503,48.181081,0
            16.402077,48.180963,0
            16.401397,48.180919,0
            16.400798,48.181021,0
            16.40032,48.181222,0
            16.400077,48.181409,0
            16.398357,48.183788,0
            16.397257,48.184733,0
            16.396063,48.186097,0
            16.394973,48.186909,0
            16.393836,48.187554,0
            16.39231,48.188016,0
            16.391477,48.188133,0
            16.383957,48.188507,0
            16.383773,48.188466,0
            16.381572,48.188446,0
            16.381282,48.188381,0
            16.381186,48.188543,0
            16.381088,48.18858,0
            16.378511,48.192911,0
            16.377125,48.194543,0
            16.375195,48.197735,0
            16.375378,48.198849,0
            16.375696,48.199295,0
            16.375688,48.199545,0
            16.375227,48.200345,0
            16.374822,48.20024,0
            16.37515,48.199665,0
          </coordinates>
        </LineString>
      </Placemark>
      <Placemark>
        <name>Walking</name>
        <description><![CDATA[description: Walking from 2019-12-28T16:53:07.000Z to 2019-12-28T17:58:47.939Z. Distance 2870m<br>Email: syugen.zhou@gmail.com<br>Category: Walking<br>Distance: 2870]]></description>
        <styleUrl>#line-7CB342-5000</styleUrl>
        <ExtendedData>
          <Data name="description">
            <value>Walking from 2019-12-28T16:53:07.000Z to 2019-12-28T17:58:47.939Z. Distance 2870m</value>
          </Data>
          <Data name="Email">
            <value>syugen.zhou@gmail.com</value>
          </Data>
          <Data name="Category">
            <value>Walking</value>
          </Data>
          <Data name="Distance">
            <value>2870</value>
          </Data>
        </ExtendedData>
        <LineString>
          <tessellate>1</tessellate>
          <coordinates>
            16.375061,48.199584,0
            16.374918,48.199832,0
            16.374893,48.199826,0
            16.374808,48.199986,0
            16.374812,48.199987,0
            16.374713,48.200164,0
            16.374709,48.200163,0
            16.374613,48.200322,0
            16.374665,48.200335,0
            16.374104,48.201349,0
            16.374052,48.201335,0
            16.374009,48.201393,0
            16.374132,48.201426,0
            16.373611,48.201283,0
            16.372858,48.201462,0
            16.372876,48.201498,0
            16.372784,48.20152,0
            16.372765,48.201479,0
            16.371473,48.201762,0
            16.371532,48.201876,0
            16.371568,48.201868,0
            16.371605,48.201939,0
            16.371568,48.201947,0
            16.371621,48.20205,0
            16.371647,48.202044,0
            16.371677,48.202111,0
            16.3716,48.202132,0
            16.37184,48.202597,0
            16.371032,48.202778,0
            16.370921,48.202858,0
            16.370162,48.203038,0
            16.370389,48.20354,0
            16.370386,48.203534,0
            16.370429,48.203635,0
            16.370364,48.203648,0
            16.370345,48.203689,0
            16.370533,48.204235,0
            16.371409,48.205982,0
            16.371813,48.207944,0
            16.371639,48.207991,0
            16.372055,48.208348,0
            16.373174,48.208029,0
            16.373835,48.208094,0
            16.373878,48.208116,0
            16.374113,48.208423,0
            16.374579,48.208267,0
            16.374702,48.208416,0
            16.374303,48.208545,0
            16.374325,48.208577,0
            16.373715,48.208739,0
            16.372948,48.209114,0
            16.373519,48.209599,0
            16.373535,48.209591,0
            16.373593,48.209628,0
            16.373559,48.209645,0
            16.374316,48.21014,0
            16.374434,48.210082,0
            16.374525,48.209913,0
            16.374764,48.209791,0
            16.37493,48.209936,0
            16.374719,48.210043,0
            16.374434,48.210082,0
            16.374237,48.210206,0
            16.374187,48.210181,0
            16.373456,48.210565,0
            16.373536,48.210648,0
            16.373192,48.210803,0
            16.373105,48.210739,0
            16.37352,48.210526,0
            16.373424,48.21044,0
            16.373676,48.210314,0
            16.373742,48.2103,0
            16.37409,48.210128,0
            16.373407,48.209666,0
            16.372868,48.209207,0
            16.372855,48.209104,0
            16.371639,48.207991,0
            16.371813,48.207944,0
            16.371409,48.205982,0
            16.370533,48.204235,0
            16.370345,48.203689,0
            16.370364,48.203648,0
            16.370429,48.203635,0
            16.370162,48.203038,0
            16.370921,48.202858,0
            16.371032,48.202778,0
            16.37184,48.202597,0
            16.3716,48.202132,0
            16.371677,48.202111,0
            16.371647,48.202044,0
            16.371621,48.20205,0
            16.371568,48.201947,0
            16.371605,48.201939,0
            16.371568,48.201868,0
            16.371532,48.201876,0
            16.371226,48.201261,0
            16.372468,48.20095,0
            16.372427,48.200867,0
            16.3725,48.200851,0
            16.372335,48.200531,0
          </coordinates>
        </LineString>
      </Placemark>
      <Placemark>
        <name>Vienna Music Society</name>
        <description><![CDATA[description: Concert hall from 2019-12-28T17:58:47.939Z to 2019-12-28T20:49:02.250Z. Distance 0m<br>Email: syugen.zhou@gmail.com<br>Category: Concert hall<br>Distance: 0]]></description>
        <styleUrl>#icon-1535-0288D1</styleUrl>
        <ExtendedData>
          <Data name="description">
            <value>Concert hall from 2019-12-28T17:58:47.939Z to 2019-12-28T20:49:02.250Z. Distance 0m</value>
          </Data>
          <Data name="Email">
            <value>syugen.zhou@gmail.com</value>
          </Data>
          <Data name="Category">
            <value>Concert hall</value>
          </Data>
          <Data name="Distance">
            <value>0</value>
          </Data>
        </ExtendedData>
        <Point>
          <coordinates>
            16.372363,48.200544,0
          </coordinates>
        </Point>
      </Placemark>
      <Placemark>
        <name>Driving</name>
        <description><![CDATA[description: Driving from 2019-12-28T20:49:02.250Z to 2019-12-28T21:59:18.548Z. Distance 79810m<br>Email: syugen.zhou@gmail.com<br>Category: Driving<br>Distance: 79810]]></description>
        <styleUrl>#line-7CB342-5000</styleUrl>
        <ExtendedData>
          <Data name="description">
            <value>Driving from 2019-12-28T20:49:02.250Z to 2019-12-28T21:59:18.548Z. Distance 79810m</value>
          </Data>
          <Data name="Email">
            <value>syugen.zhou@gmail.com</value>
          </Data>
          <Data name="Category">
            <value>Driving</value>
          </Data>
          <Data name="Distance">
            <value>79810</value>
          </Data>
        </ExtendedData>
        <LineString>
          <tessellate>1</tessellate>
          <coordinates>
            16.375142,48.199679,0
            16.375297,48.199409,0
            16.375474,48.199275,0
            16.375941,48.199134,0
            16.378161,48.200348,0
            16.379886,48.201606,0
            16.380744,48.202447,0
            16.382994,48.204109,0
            16.383211,48.204394,0
            16.383289,48.204889,0
            16.383097,48.2052,0
            16.382656,48.20558,0
            16.382513,48.2058,0
            16.382497,48.20597,0
            16.383541,48.207603,0
            16.383725,48.20769,0
            16.384453,48.208667,0
            16.385217,48.211111,0
            16.385573,48.211475,0
            16.38618,48.211691,0
            16.386461,48.211932,0
            16.386678,48.212272,0
            16.386932,48.212516,0
            16.387111,48.2126,0
            16.388566,48.212939,0
            16.389785,48.213036,0
            16.390919,48.21292,0
            16.392332,48.212648,0
            16.393032,48.212339,0
            16.393493,48.211945,0
            16.395017,48.209941,0
            16.3959,48.208211,0
            16.396622,48.20482,0
            16.396917,48.204254,0
            16.39783,48.20331,0
            16.398459,48.202899,0
            16.39961,48.202399,0
            16.404945,48.201301,0
            16.405605,48.201091,0
            16.406261,48.200779,0
            16.406929,48.200286,0
            16.410262,48.196447,0
            16.412062,48.195022,0
            16.422418,48.188912,0
            16.424072,48.188165,0
            16.426405,48.187336,0
            16.450127,48.180372,0
            16.451298,48.179804,0
            16.452436,48.178913,0
            16.452914,48.178329,0
            16.454211,48.175939,0
            16.455448,48.17159,0
            16.456145,48.170346,0
            16.457067,48.169302,0
            16.458214,48.168397,0
            16.460273,48.167308,0
            16.46183,48.166775,0
            16.472237,48.164429,0
            16.473777,48.16387,0
            16.474478,48.163507,0
            16.475502,48.162792,0
            16.476052,48.162272,0
            16.476731,48.161358,0
            16.478418,48.156128,0
            16.479147,48.154856,0
            16.480398,48.153656,0
            16.481512,48.152985,0
            16.483123,48.152358,0
            16.488856,48.150861,0
            16.502029,48.146703,0
            16.514931,48.143357,0
            16.51776,48.142338,0
            16.520871,48.140892,0
            16.523023,48.139686,0
            16.528327,48.136182,0
            16.530387,48.135094,0
            16.532692,48.134092,0
            16.54003,48.131712,0
            16.542763,48.131015,0
            16.551413,48.129486,0
            16.556874,48.128961,0
            16.577785,48.128048,0
            16.58852,48.126862,0
            16.609898,48.122845,0
            16.617594,48.121126,0
            16.62277,48.119428,0
            16.625833,48.1181,0
            16.629496,48.116117,0
            16.635567,48.111985,0
            16.644481,48.104464,0
            16.647827,48.101943,0
            16.650406,48.100279,0
            16.659975,48.09497,0
            16.665342,48.091306,0
            16.669707,48.08771,0
            16.673416,48.084047,0
            16.681512,48.075176,0
            16.687074,48.070536,0
            16.693675,48.066084,0
            16.697861,48.063659,0
            16.702793,48.06114,0
            16.708728,48.058688,0
            16.743212,48.047124,0
            16.749194,48.045606,0
            16.75302,48.044849,0
            16.760139,48.043879,0
            16.782353,48.04257,0
            16.788347,48.041777,0
            16.797445,48.039945,0
            16.8172,48.03484,0
            16.825607,48.03236,0
            16.827551,48.031591,0
            16.830251,48.030177,0
            16.832894,48.028217,0
            16.834234,48.026872,0
            16.835215,48.025645,0
            16.836405,48.023219,0
            16.836467,48.022749,0
            16.836387,48.022384,0
            16.836092,48.022014,0
            16.835164,48.021517,0
            16.834876,48.021251,0
            16.834775,48.020994,0
            16.834806,48.020764,0
            16.834937,48.020542,0
            16.835248,48.020326,0
            16.835457,48.020249,0
            16.835838,48.020187,0
            16.837583,48.0203,0
            16.838741,48.020506,0
            16.840276,48.020966,0
            16.841254,48.021367,0
            16.850052,48.02615,0
            16.85173,48.026863,0
            16.854465,48.027734,0
            16.858242,48.02843,0
            16.859914,48.028575,0
            16.866738,48.028609,0
            16.869603,48.028804,0
            16.8734,48.029304,0
            16.878059,48.030333,0
            16.880674,48.031136,0
            16.883187,48.032086,0
            16.88655,48.033673,0
            16.896088,48.038917,0
            16.898264,48.039631,0
            16.899666,48.039894,0
            16.900863,48.04001,0
            16.902514,48.040025,0
            16.904218,48.039853,0
            16.906029,48.039448,0
            16.90737,48.038985,0
            16.908918,48.03821,0
            16.919467,48.031005,0
            16.922614,48.029264,0
            16.925508,48.028024,0
            16.929207,48.026834,0
            16.933215,48.025977,0
            16.93584,48.025611,0
            16.940564,48.025346,0
            16.943902,48.025469,0
            16.94666,48.025744,0
            16.949335,48.026186,0
            16.952341,48.026884,0
            16.956909,48.028437,0
            16.962558,48.031066,0
            16.964005,48.031611,0
            16.967403,48.032617,0
            16.970452,48.033211,0
            16.979379,48.034469,0
            16.981893,48.035133,0
            16.984577,48.03615,0
            16.986577,48.037183,0
            16.988432,48.038422,0
            16.989877,48.039659,0
            16.99133,48.041294,0
            16.992533,48.043275,0
            16.995117,48.049798,0
            16.996545,48.052451,0
            16.998197,48.054758,0
            17.00067,48.057442,0
            17.008535,48.06419,0
            17.010322,48.066114,0
            17.014031,48.071588,0
            17.016794,48.074243,0
            17.022289,48.078178,0
            17.024972,48.079638,0
            17.025137,48.07966,0
            17.026824,48.080348,0
            17.027829,48.080633,0
            17.030241,48.081062,0
            17.031005,48.081315,0
            17.031281,48.081291,0
            17.031491,48.08134,0
            17.031666,48.081458,0
            17.031733,48.081568,0
            17.031724,48.081745,0
            17.031574,48.081911,0
            17.031386,48.081987,0
            17.031239,48.082006,0
            17.030989,48.082251,0
            17.031003,48.082511,0
            17.031206,48.082803,0
            17.031492,48.082977,0
            17.033259,48.083271,0
            17.035742,48.083939,0
            17.044877,48.085666,0
            17.053183,48.088735,0
            17.058075,48.092125,0
            17.058857,48.092848,0
            17.058857,48.092913,0
            17.058755,48.092986,0
            17.05821,48.093021,0
            17.057625,48.093282,0
            17.056635,48.094046,0
            17.056141,48.094255,0
            17.053587,48.094969,0
            17.050398,48.096988,0
            17.046176,48.100211,0
            17.045142,48.101273,0
            17.043778,48.103598,0
            17.043827,48.105112,0
            17.043332,48.106264,0
            17.04038,48.109577,0
            17.039315,48.110515,0
            17.035126,48.115691,0
            17.030329,48.126298,0
            17.030266,48.126656,0
            17.030331,48.126688,0
            17.030568,48.126671,0
            17.045576,48.121887,0
            17.047437,48.121526,0
            17.048706,48.121478,0
            17.061456,48.121926,0
            17.078276,48.124079,0
            17.078733,48.122445,0
            17.078686,48.12229,0
            17.078522,48.12214,0
            17.078094,48.122044,0
            17.077922,48.122042,0
            17.077589,48.122135,0
            17.077309,48.122423,0
            17.076529,48.124372,0
            17.076483,48.124947,0
            17.076735,48.125703,0
            17.07712,48.126181,0
            17.077527,48.126505,0
            17.078236,48.126857,0
            17.083245,48.128177,0
            17.090723,48.131125,0
            17.091954,48.131458,0
            17.093999,48.131826,0
            17.096088,48.131963,0
            17.128375,48.130819,0
            17.130914,48.130938,0
            17.133587,48.131245,0
            17.134865,48.131577,0
            17.13668,48.132372,0
            17.138861,48.133734,0
            17.146115,48.139192,0
            17.146254,48.139225,0
            17.147602,48.139904,0
            17.14908,48.140293,0
            17.152434,48.140547,0
            17.152801,48.140635,0
            17.153136,48.140784,0
            17.153858,48.141326,0
            17.153974,48.141721,0
            17.153842,48.142163,0
            17.153557,48.142481,0
            17.15297,48.142817,0
            17.152345,48.143369,0
            17.15166,48.144258,0
            17.149601,48.149222,0
            17.144658,48.157274,0
            17.140813,48.161512,0
            17.138636,48.160608,0
            17.13837,48.160709,0
            17.137789,48.161338,0
            17.137695,48.161299,0
          </coordinates>
        </LineString>
      </Placemark>
      <Placemark>
        <name>DoubleTree by Hilton Bratislava</name>
        <description><![CDATA[description: Hotel from 2019-12-28T21:59:18.548Z to 2019-12-29T07:44:55.524Z. Distance 0m<br>Email: syugen.zhou@gmail.com<br>Category: Hotel<br>Distance: 0]]></description>
        <styleUrl>#icon-1602-0288D1</styleUrl>
        <ExtendedData>
          <Data name="description">
            <value>Hotel from 2019-12-28T21:59:18.548Z to 2019-12-29T07:44:55.524Z. Distance 0m</value>
          </Data>
          <Data name="Email">
            <value>syugen.zhou@gmail.com</value>
          </Data>
          <Data name="Category">
            <value>Hotel</value>
          </Data>
          <Data name="Distance">
            <value>0</value>
          </Data>
        </ExtendedData>
        <Point>
          <coordinates>
            17.13778,48.160798,0
          </coordinates>
        </Point>
      </Placemark>
      <Placemark>
        <name>Innere Stadt</name>
        <description><![CDATA[description: from 2019-12-28T16:44:31.782Z to 2019-12-28T16:53:07.000Z. Distance 0m<br>Email: syugen.zhou@gmail.com<br>Category: <br>Distance: 0]]></description>
        <styleUrl>#icon-1739-0288D1</styleUrl>
        <ExtendedData>
          <Data name="description">
            <value>from 2019-12-28T16:44:31.782Z to 2019-12-28T16:53:07.000Z. Distance 0m</value>
          </Data>
          <Data name="Email">
            <value>syugen.zhou@gmail.com</value>
          </Data>
          <Data name="Category">
            <value/>
          </Data>
          <Data name="Distance">
            <value>0</value>
          </Data>
        </ExtendedData>
        <Point>
          <coordinates>
            16.369743,48.208877,0
          </coordinates>
        </Point>
      </Placemark>
    </Folder>
    <Folder>
      <name>2019-12-27</name>
      <Placemark>
        <name>Hilton Munich Park</name>
        <description><![CDATA[description: Hotel from 2019-12-26T20:43:56.968Z to 2019-12-27T08:49:10.179Z. Distance 0m<br>Email: syugen.zhou@gmail.com<br>Category: Hotel<br>Distance: 0]]></description>
        <styleUrl>#icon-1602-0288D1</styleUrl>
        <ExtendedData>
          <Data name="description">
            <value>Hotel from 2019-12-26T20:43:56.968Z to 2019-12-27T08:49:10.179Z. Distance 0m</value>
          </Data>
          <Data name="Email">
            <value>syugen.zhou@gmail.com</value>
          </Data>
          <Data name="Category">
            <value>Hotel</value>
          </Data>
          <Data name="Distance">
            <value>0</value>
          </Data>
        </ExtendedData>
        <Point>
          <coordinates>
            11.598338,48.152371,0
          </coordinates>
        </Point>
      </Placemark>
      <Placemark>
        <name>Walking</name>
        <description><![CDATA[description: Walking from 2019-12-27T08:49:10.179Z to 2019-12-27T09:13:13.051Z. Distance 1377m<br>Email: syugen.zhou@gmail.com<br>Category: Walking<br>Distance: 1377]]></description>
        <styleUrl>#line-FFEA00-5000</styleUrl>
        <ExtendedData>
          <Data name="description">
            <value>Walking from 2019-12-27T08:49:10.179Z to 2019-12-27T09:13:13.051Z. Distance 1377m</value>
          </Data>
          <Data name="Email">
            <value>syugen.zhou@gmail.com</value>
          </Data>
          <Data name="Category">
            <value>Walking</value>
          </Data>
          <Data name="Distance">
            <value>1377</value>
          </Data>
        </ExtendedData>
        <LineString>
          <tessellate>1</tessellate>
          <coordinates>
            11.598271,48.152224,0
            11.598214,48.152231,0
            11.59815,48.152249,0
            11.59797,48.15232,0
            11.597909,48.15225,0
            11.596487,48.152834,0
            11.596437,48.152846,0
            11.596281,48.152845,0
            11.596218,48.152817,0
            11.59618,48.152823,0
            11.595955,48.152894,0
            11.595861,48.15266,0
            11.595454,48.152085,0
            11.595364,48.15192,0
            11.595171,48.151792,0
            11.594995,48.151711,0
            11.594794,48.15166,0
            11.594664,48.151643,0
            11.594612,48.151621,0
            11.594507,48.151592,0
            11.594305,48.151574,0
            11.594207,48.151529,0
            11.594022,48.151757,0
            11.593926,48.151618,0
            11.593849,48.151457,0
            11.593682,48.151182,0
            11.59356,48.151033,0
            11.593359,48.150905,0
            11.593163,48.150883,0
            11.593096,48.150729,0
            11.593062,48.150679,0
            11.593015,48.150644,0
            11.592955,48.150618,0
            11.59289,48.150603,0
            11.592788,48.150594,0
            11.592659,48.150597,0
            11.592519,48.150611,0
            11.592388,48.150634,0
            11.591976,48.15075,0
            11.591871,48.150627,0
            11.591728,48.150526,0
            11.591539,48.150024,0
            11.591447,48.149957,0
            11.591168,48.149799,0
            11.591112,48.149922,0
            11.591084,48.149947,0
            11.591045,48.149957,0
            11.590994,48.14996,0
            11.591045,48.149957,0
            11.591084,48.149947,0
            11.591112,48.149922,0
            11.591168,48.149799,0
            11.591447,48.149957,0
            11.591539,48.150024,0
            11.591728,48.150526,0
            11.591871,48.150627,0
            11.591976,48.15075,0
            11.592388,48.150634,0
            11.592519,48.150611,0
            11.592659,48.150597,0
            11.592788,48.150594,0
            11.59289,48.150603,0
            11.592955,48.150618,0
            11.593015,48.150644,0
            11.593062,48.150679,0
            11.593096,48.150729,0
            11.593163,48.150883,0
            11.593156,48.151139,0
            11.5931,48.151394,0
            11.593106,48.151473,0
            11.593189,48.151567,0
            11.593391,48.151655,0
            11.593685,48.151733,0
            11.593757,48.151765,0
            11.593823,48.151773,0
            11.593923,48.151805,0
            11.594034,48.151806,0
            11.594197,48.151605,0
            11.594255,48.15155,0
            11.594305,48.151574,0
            11.594507,48.151592,0
            11.594612,48.151621,0
            11.594664,48.151643,0
            11.594794,48.15166,0
            11.594995,48.151711,0
            11.595171,48.151792,0
            11.595364,48.15192,0
            11.595454,48.152085,0
            11.595861,48.15266,0
            11.595955,48.152894,0
            11.59618,48.152823,0
            11.596218,48.152817,0
            11.596281,48.152845,0
            11.596437,48.152846,0
            11.596487,48.152834,0
            11.597909,48.15225,0
            11.59797,48.15232,0
            11.59815,48.152249,0
            11.598214,48.152231,0
            11.598288,48.152223,0
          </coordinates>
        </LineString>
      </Placemark>
      <Placemark>
        <name>Hilton Munich Park</name>
        <description><![CDATA[description: Hotel from 2019-12-27T09:13:13.051Z to 2019-12-27T09:40:19.000Z. Distance 0m<br>Email: syugen.zhou@gmail.com<br>Category: Hotel<br>Distance: 0]]></description>
        <styleUrl>#icon-1602-0288D1</styleUrl>
        <ExtendedData>
          <Data name="description">
            <value>Hotel from 2019-12-27T09:13:13.051Z to 2019-12-27T09:40:19.000Z. Distance 0m</value>
          </Data>
          <Data name="Email">
            <value>syugen.zhou@gmail.com</value>
          </Data>
          <Data name="Category">
            <value>Hotel</value>
          </Data>
          <Data name="Distance">
            <value>0</value>
          </Data>
        </ExtendedData>
        <Point>
          <coordinates>
            11.598338,48.152371,0
          </coordinates>
        </Point>
      </Placemark>
      <Placemark>
        <name>Driving</name>
        <description><![CDATA[description: Driving from 2019-12-27T09:40:19.000Z to 2019-12-27T09:48:00.000Z. Distance 2633m<br>Email: syugen.zhou@gmail.com<br>Category: Driving<br>Distance: 2633]]></description>
        <styleUrl>#line-FFEA00-5000</styleUrl>
        <ExtendedData>
          <Data name="description">
            <value>Driving from 2019-12-27T09:40:19.000Z to 2019-12-27T09:48:00.000Z. Distance 2633m</value>
          </Data>
          <Data name="Email">
            <value>syugen.zhou@gmail.com</value>
          </Data>
          <Data name="Category">
            <value>Driving</value>
          </Data>
          <Data name="Distance">
            <value>2633</value>
          </Data>
        </ExtendedData>
        <LineString>
          <tessellate>1</tessellate>
          <coordinates>
            11.599185,48.153296,0
            11.599314,48.153339,0
            11.599353,48.153348,0
            11.599384,48.15335,0
            11.599413,48.153348,0
            11.599438,48.153342,0
            11.59947,48.153331,0
            11.599598,48.153296,0
            11.599753,48.153475,0
            11.59988,48.153603,0
            11.599945,48.153645,0
            11.599978,48.153662,0
            11.600073,48.153691,0
            11.600243,48.1537,0
            11.600329,48.153695,0
            11.600422,48.153682,0
            11.600514,48.153662,0
            11.600795,48.153569,0
            11.600717,48.153472,0
            11.600654,48.153384,0
            11.599843,48.152353,0
            11.599528,48.151966,0
            11.599331,48.151735,0
            11.59931,48.151695,0
            11.59928,48.151647,0
            11.599024,48.151341,0
            11.597676,48.149822,0
            11.596298,48.148277,0
            11.596228,48.148204,0
            11.596176,48.148154,0
            11.596004,48.148005,0
            11.595752,48.147807,0
            11.595533,48.147646,0
            11.595504,48.14762,0
            11.595412,48.147526,0
            11.595312,48.147434,0
            11.594975,48.147036,0
            11.594811,48.146861,0
            11.594703,48.146738,0
            11.594651,48.146673,0
            11.594639,48.146655,0
            11.59453,48.14653,0
            11.594464,48.146405,0
            11.594437,48.146364,0
            11.594255,48.146146,0
            11.593823,48.145651,0
            11.5937,48.145488,0
            11.593665,48.145435,0
            11.593577,48.14527,0
            11.593496,48.145076,0
            11.59343,48.144883,0
            11.593389,48.144723,0
            11.593289,48.144275,0
            11.593265,48.144183,0
            11.593249,48.144136,0
            11.593231,48.144096,0
            11.593171,48.14399,0
            11.59245,48.142777,0
            11.592421,48.142722,0
            11.591351,48.140961,0
            11.591314,48.140893,0
            11.591267,48.140791,0
            11.590922,48.139639,0
            11.590905,48.139592,0
            11.590872,48.139518,0
            11.590803,48.139376,0
            11.590752,48.139301,0
            11.590643,48.139119,0
            11.590525,48.138972,0
            11.590427,48.138862,0
            11.5903,48.138737,0
            11.590238,48.138669,0
            11.589714,48.138156,0
            11.589596,48.138052,0
            11.589391,48.137856,0
            11.58936,48.137816,0
            11.589339,48.137782,0
            11.589323,48.137747,0
            11.58929,48.137657,0
            11.589109,48.13725,0
            11.58909,48.137221,0
            11.589015,48.137062,0
            11.588865,48.136666,0
            11.588859,48.136646,0
            11.588867,48.136558,0
            11.588627,48.136123,0
            11.588525,48.135952,0
            11.588455,48.135844,0
            11.588346,48.13569,0
            11.588121,48.135401,0
            11.587951,48.1352,0
            11.587476,48.13468,0
            11.58703,48.134216,0
            11.586681,48.133881,0
            11.585838,48.133112,0
            11.585742,48.133031,0
            11.585678,48.132973,0
            11.585155,48.132532,0
            11.584952,48.132375,0
            11.58486,48.132295,0
          </coordinates>
        </LineString>
      </Placemark>
      <Placemark>
        <name>Driving</name>
        <description><![CDATA[description: Driving from 2019-12-27T09:49:00.000Z to 2019-12-27T09:50:11.000Z. Distance 396m<br>Email: syugen.zhou@gmail.com<br>Category: Driving<br>Distance: 396]]></description>
        <styleUrl>#line-FFEA00-5000</styleUrl>
        <ExtendedData>
          <Data name="description">
            <value>Driving from 2019-12-27T09:49:00.000Z to 2019-12-27T09:50:11.000Z. Distance 396m</value>
          </Data>
          <Data name="Email">
            <value>syugen.zhou@gmail.com</value>
          </Data>
          <Data name="Category">
            <value>Driving</value>
          </Data>
          <Data name="Distance">
            <value>396</value>
          </Data>
        </ExtendedData>
        <LineString>
          <tessellate>1</tessellate>
          <coordinates>
            11.58486,48.132295,0
            11.584999,48.132238,0
            11.585032,48.132223,0
            11.585476,48.132024,0
            11.585696,48.131936,0
            11.585822,48.131875,0
            11.585948,48.131824,0
            11.58603,48.131799,0
            11.586117,48.131774,0
            11.586268,48.131739,0
            11.586688,48.131656,0
            11.586835,48.131626,0
            11.586891,48.131614,0
            11.587159,48.131566,0
            11.587506,48.131502,0
            11.587534,48.131499,0
            11.58756,48.131494,0
            11.58769,48.131488,0
            11.587688,48.131468,0
            11.587679,48.131439,0
            11.587608,48.131283,0
            11.587394,48.131098,0
            11.587225,48.130967,0
            11.586997,48.130806,0
            11.586834,48.13068,0
            11.586658,48.130543,0
            11.586482,48.130407,0
            11.586179,48.130172,0
            11.585429,48.129507,0
            11.585324,48.129414,0
            11.58522,48.12932,0
            11.584555,48.128721,0
          </coordinates>
        </LineString>
      </Placemark>
      <Placemark>
        <name>Walking</name>
        <description><![CDATA[description: Walking from 2019-12-27T09:50:11.000Z to 2019-12-27T10:06:05.207Z. Distance 380m<br>Email: syugen.zhou@gmail.com<br>Category: Walking<br>Distance: 380]]></description>
        <styleUrl>#line-FFEA00-5000</styleUrl>
        <ExtendedData>
          <Data name="description">
            <value>Walking from 2019-12-27T09:50:11.000Z to 2019-12-27T10:06:05.207Z. Distance 380m</value>
          </Data>
          <Data name="Email">
            <value>syugen.zhou@gmail.com</value>
          </Data>
          <Data name="Category">
            <value>Walking</value>
          </Data>
          <Data name="Distance">
            <value>380</value>
          </Data>
        </ExtendedData>
        <LineString>
          <tessellate>1</tessellate>
          <coordinates>
            11.584523,48.128737,0
            11.583022,48.130811,0
            11.583634,48.130042,0
            11.583416,48.129837,0
          </coordinates>
        </LineString>
      </Placemark>
      <Placemark>
        <name>Deutsches Museum</name>
        <description><![CDATA[description: Technology museum from 2019-12-27T10:06:05.207Z to 2019-12-27T12:14:27.000Z. Distance 0m<br>Email: syugen.zhou@gmail.com<br>Category: Technology museum<br>Distance: 0]]></description>
        <styleUrl>#icon-1535-0288D1</styleUrl>
        <ExtendedData>
          <Data name="description">
            <value>Technology museum from 2019-12-27T10:06:05.207Z to 2019-12-27T12:14:27.000Z. Distance 0m</value>
          </Data>
          <Data name="Email">
            <value>syugen.zhou@gmail.com</value>
          </Data>
          <Data name="Category">
            <value>Technology museum</value>
          </Data>
          <Data name="Distance">
            <value>0</value>
          </Data>
        </ExtendedData>
        <Point>
          <coordinates>
            11.583452,48.129871,0
          </coordinates>
        </Point>
      </Placemark>
      <Placemark>
        <name>Driving</name>
        <description><![CDATA[description: Driving from 2019-12-27T12:14:27.000Z to 2019-12-27T14:36:29.000Z. Distance 140061m<br>Email: syugen.zhou@gmail.com<br>Category: Driving<br>Distance: 140061]]></description>
        <styleUrl>#line-FFEA00-5000</styleUrl>
        <ExtendedData>
          <Data name="description">
            <value>Driving from 2019-12-27T12:14:27.000Z to 2019-12-27T14:36:29.000Z. Distance 140061m</value>
          </Data>
          <Data name="Email">
            <value>syugen.zhou@gmail.com</value>
          </Data>
          <Data name="Category">
            <value>Driving</value>
          </Data>
          <Data name="Distance">
            <value>140061</value>
          </Data>
        </ExtendedData>
        <LineString>
          <tessellate>1</tessellate>
          <coordinates>
            11.584558,48.128724,0
            11.58435,48.128537,0
            11.584975,48.128141,0
            11.585102,48.128248,0
            11.586228,48.128967,0
            11.586541,48.129232,0
            11.587136,48.130106,0
            11.58749,48.130474,0
            11.587645,48.130773,0
            11.587827,48.131427,0
            11.587808,48.131491,0
            11.589163,48.131616,0
            11.589427,48.131603,0
            11.589707,48.131526,0
            11.589888,48.131362,0
            11.589942,48.131294,0
            11.591458,48.130199,0
            11.593184,48.129078,0
            11.593824,48.128573,0
            11.594401,48.128222,0
            11.594707,48.128109,0
            11.599278,48.125372,0
            11.599457,48.125227,0
            11.601676,48.124037,0
            11.60364,48.122834,0
            11.603916,48.122598,0
            11.604525,48.121968,0
            11.606157,48.12054,0
            11.607256,48.119907,0
            11.609565,48.11837,0
            11.61236,48.116346,0
            11.612904,48.115829,0
            11.612985,48.115725,0
            11.613116,48.115354,0
            11.613495,48.113486,0
            11.613727,48.112805,0
            11.614325,48.111594,0
            11.614712,48.111121,0
            11.614943,48.110687,0
            11.615,48.110467,0
            11.614988,48.110076,0
            11.614675,48.108739,0
            11.614665,48.108605,0
            11.613639,48.104333,0
            11.613395,48.102566,0
            11.613399,48.10112,0
            11.613626,48.099454,0
            11.617575,48.084079,0
            11.618004,48.082878,0
            11.618528,48.081716,0
            11.619092,48.080696,0
            11.619819,48.079619,0
            11.620939,48.078251,0
            11.642343,48.056007,0
            11.642985,48.055267,0
            11.644287,48.053363,0
            11.64603,48.050183,0
            11.655452,48.031119,0
            11.655557,48.031007,0
            11.660779,48.020595,0
            11.662149,48.018317,0
            11.668259,48.009399,0
            11.668278,48.009286,0
            11.678705,47.994019,0
            11.679545,47.992653,0
            11.680326,47.991144,0
            11.680858,47.989897,0
            11.681302,47.988634,0
            11.688365,47.963765,0
            11.689128,47.961526,0
            11.68979,47.959941,0
            11.690801,47.957845,0
            11.69233,47.955202,0
            11.708437,47.930297,0
            11.709307,47.928681,0
            11.720327,47.901205,0
            11.720892,47.899991,0
            11.721858,47.898436,0
            11.722878,47.897143,0
            11.72441,47.895561,0
            11.72546,47.894649,0
            11.726519,47.893837,0
            11.728738,47.892394,0
            11.730326,47.891548,0
            11.731707,47.890915,0
            11.792531,47.866385,0
            11.793552,47.866058,0
            11.794647,47.865759,0
            11.796442,47.865342,0
            11.798342,47.865004,0
            11.799989,47.86479,0
            11.801186,47.864682,0
            11.802921,47.864585,0
            11.805412,47.864581,0
            11.807244,47.864678,0
            11.814706,47.865459,0
            11.81618,47.865549,0
            11.81886,47.865574,0
            11.821005,47.86546,0
            11.8226,47.865299,0
            11.828053,47.864569,0
            11.830904,47.864058,0
            11.838534,47.862214,0
            11.839607,47.862053,0
            11.843495,47.861741,0
            11.844635,47.861578,0
            11.845534,47.861385,0
            11.846335,47.861159,0
            11.847168,47.860865,0
            11.856303,47.857035,0
            11.857369,47.856511,0
            11.858834,47.85562,0
            11.859535,47.855104,0
            11.862801,47.852197,0
            11.863656,47.851358,0
            11.864093,47.850843,0
            11.864496,47.850215,0
            11.86497,47.849716,0
            11.865806,47.848673,0
            11.866374,47.847584,0
            11.867411,47.845038,0
            11.868026,47.843803,0
            11.86889,47.842574,0
            11.86928,47.842131,0
            11.872491,47.838904,0
            11.873097,47.838426,0
            11.874175,47.837741,0
            11.889653,47.829345,0
            11.890885,47.828745,0
            11.891632,47.828463,0
            11.892291,47.828265,0
            11.893018,47.828102,0
            11.893745,47.827986,0
            11.894281,47.827931,0
            11.895229,47.827888,0
            11.89583,47.827907,0
            11.896857,47.828012,0
            11.897735,47.828163,0
            11.898638,47.828392,0
            11.90326,47.829909,0
            11.904109,47.830129,0
            11.905025,47.830296,0
            11.90655,47.830459,0
            11.907857,47.83048,0
            11.909204,47.830388,0
            11.910541,47.83017,0
            11.911106,47.830045,0
            11.912235,47.82971,0
            11.912939,47.829445,0
            11.913749,47.829082,0
            11.924422,47.823382,0
            11.925123,47.823057,0
            11.926205,47.822658,0
            11.927655,47.822275,0
            11.928915,47.822069,0
            11.929813,47.821989,0
            11.930486,47.821963,0
            11.931449,47.821972,0
            11.932308,47.822028,0
            11.932994,47.822106,0
            11.933795,47.82224,0
            11.935126,47.822568,0
            11.936447,47.823037,0
            11.937386,47.823472,0
            11.941269,47.825772,0
            11.941922,47.826073,0
            11.942725,47.826389,0
            11.943735,47.8267,0
            11.94433,47.826847,0
            11.945144,47.827,0
            11.946015,47.827115,0
            11.947475,47.827202,0
            11.948702,47.827166,0
            11.958305,47.825929,0
            11.958922,47.825803,0
            11.959784,47.825579,0
            11.960366,47.825393,0
            11.961384,47.824998,0
            11.965859,47.823014,0
            11.966962,47.822631,0
            11.967766,47.822396,0
            11.968969,47.822111,0
            11.970459,47.821857,0
            11.971992,47.821698,0
            11.973075,47.821644,0
            11.988349,47.82188,0
            11.990585,47.821851,0
            12.015642,47.820238,0
            12.018103,47.819955,0
            12.019448,47.819731,0
            12.027241,47.818152,0
            12.028659,47.817928,0
            12.03104,47.817675,0
            12.04417,47.817004,0
            12.047649,47.816679,0
            12.064161,47.814642,0
            12.099752,47.809438,0
            12.103603,47.809011,0
            12.144533,47.805362,0
            12.155148,47.804676,0
            12.156303,47.804548,0
            12.16932,47.802722,0
            12.171466,47.802529,0
            12.172843,47.802465,0
            12.184469,47.802239,0
            12.18543,47.802175,0
            12.186785,47.801987,0
            12.187955,47.801737,0
            12.188392,47.801616,0
            12.189478,47.801242,0
            12.19027,47.800906,0
            12.191405,47.800311,0
            12.194889,47.798083,0
            12.195372,47.797814,0
            12.196513,47.797272,0
            12.197895,47.796766,0
            12.198803,47.796503,0
            12.200357,47.796176,0
            12.201804,47.795997,0
            12.202971,47.79593,0
            12.204658,47.795954,0
            12.206044,47.796076,0
            12.21023,47.796689,0
            12.210914,47.796744,0
            12.211985,47.796774,0
            12.212524,47.79676,0
            12.216925,47.79638,0
            12.218127,47.796347,0
            12.219568,47.796425,0
            12.227859,47.797652,0
            12.229827,47.797877,0
            12.232037,47.79805,0
            12.233718,47.798126,0
            12.235886,47.798148,0
            12.244889,47.797953,0
            12.249206,47.798061,0
            12.251236,47.79819,0
            12.253918,47.798447,0
            12.256116,47.798731,0
            12.258683,47.799139,0
            12.260563,47.799495,0
            12.263424,47.800138,0
            12.266955,47.801099,0
            12.273707,47.803255,0
            12.275459,47.803688,0
            12.276188,47.803824,0
            12.278036,47.804063,0
            12.279434,47.804142,0
            12.292406,47.804115,0
            12.294943,47.804006,0
            12.301283,47.803453,0
            12.302292,47.803319,0
            12.302918,47.803202,0
            12.307182,47.802189,0
            12.308118,47.802045,0
            12.308939,47.801959,0
            12.310023,47.801903,0
            12.311323,47.801928,0
            12.312534,47.802035,0
            12.313358,47.802149,0
            12.331861,47.806095,0
            12.333109,47.806422,0
            12.333865,47.806659,0
            12.338437,47.808433,0
            12.339956,47.808961,0
            12.341273,47.809357,0
            12.344843,47.810274,0
            12.350475,47.811492,0
            12.353197,47.812148,0
            12.354089,47.812424,0
            12.35462,47.812622,0
            12.358132,47.814174,0
            12.359197,47.814541,0
            12.360565,47.814874,0
            12.366046,47.815685,0
            12.367376,47.815952,0
            12.36944,47.816485,0
            12.370735,47.81691,0
            12.37166,47.817258,0
            12.372404,47.817583,0
            12.377898,47.820448,0
            12.379011,47.821141,0
            12.380075,47.821958,0
            12.38096,47.822758,0
            12.382279,47.824161,0
            12.383338,47.825543,0
            12.386019,47.82962,0
            12.38637,47.830071,0
            12.387226,47.830944,0
            12.38829,47.831765,0
            12.389328,47.832389,0
            12.39053,47.832949,0
            12.391843,47.833413,0
            12.392543,47.833607,0
            12.393704,47.833854,0
            12.394654,47.833995,0
            12.395522,47.834077,0
            12.396689,47.834118,0
            12.397633,47.834095,0
            12.406549,47.833425,0
            12.407454,47.833389,0
            12.408942,47.833389,0
            12.417774,47.833956,0
            12.433969,47.833731,0
            12.435751,47.833768,0
            12.437547,47.833884,0
            12.439352,47.834085,0
            12.441922,47.834528,0
            12.443751,47.834954,0
            12.44486,47.835264,0
            12.449512,47.836757,0
            12.450797,47.837066,0
            12.451732,47.837243,0
            12.453172,47.837435,0
            12.479699,47.83878,0
            12.481874,47.838791,0
            12.483544,47.838721,0
            12.48485,47.838615,0
            12.486361,47.838437,0
            12.487843,47.838202,0
            12.489533,47.83786,0
            12.516947,47.831113,0
            12.517865,47.830931,0
            12.529549,47.829091,0
            12.53189,47.828846,0
            12.540861,47.828202,0
            12.547395,47.827463,0
            12.552274,47.827314,0
            12.553042,47.827242,0
            12.558721,47.82643,0
            12.559868,47.826321,0
            12.561829,47.826233,0
            12.563694,47.82626,0
            12.565139,47.826355,0
            12.572698,47.82731,0
            12.582765,47.828308,0
            12.584353,47.828398,0
            12.585442,47.828389,0
            12.590083,47.828106,0
            12.59727,47.827899,0
            12.598327,47.827936,0
            12.607021,47.828623,0
            12.608603,47.828697,0
            12.610693,47.828665,0
            12.61222,47.828559,0
            12.613837,47.828339,0
            12.617051,47.82775,0
            12.617989,47.827622,0
            12.619008,47.82755,0
            12.619899,47.827541,0
            12.621095,47.827607,0
            12.622047,47.827725,0
            12.628583,47.828868,0
            12.630469,47.829107,0
            12.631928,47.829205,0
            12.633524,47.829232,0
            12.635559,47.829138,0
            12.640856,47.82865,0
            12.642516,47.828409,0
            12.644013,47.828078,0
            12.651185,47.825945,0
            12.652132,47.825699,0
            12.653935,47.825356,0
            12.654882,47.825234,0
            12.65624,47.825127,0
            12.658119,47.825108,0
            12.667053,47.825472,0
            12.668104,47.825475,0
            12.66905,47.825424,0
            12.670146,47.825298,0
            12.67439,47.824499,0
            12.675331,47.824388,0
            12.676327,47.824328,0
            12.677238,47.824329,0
            12.677825,47.824359,0
            12.678979,47.82448,0
            12.680174,47.8247,0
            12.681222,47.824979,0
            12.68807,47.827307,0
            12.688753,47.827474,0
            12.689695,47.827653,0
            12.700132,47.828905,0
            12.701249,47.828985,0
            12.710349,47.829238,0
            12.712832,47.829253,0
            12.720507,47.82908,0
            12.722905,47.829182,0
            12.72525,47.829424,0
            12.734649,47.830919,0
            12.735678,47.83105,0
            12.737325,47.831161,0
            12.738279,47.831171,0
            12.739456,47.831135,0
            12.740468,47.831056,0
            12.741769,47.830887,0
            12.742697,47.830718,0
            12.743924,47.830432,0
            12.744787,47.830185,0
            12.745934,47.829788,0
            12.74715,47.829276,0
            12.750425,47.827663,0
            12.751325,47.827279,0
            12.752521,47.826885,0
            12.753418,47.82667,0
            12.754135,47.826537,0
            12.755304,47.826396,0
            12.756202,47.826346,0
            12.757441,47.826361,0
            12.768328,47.827113,0
            12.770544,47.827149,0
            12.771991,47.827089,0
            12.777108,47.826614,0
            12.778552,47.826539,0
            12.779735,47.826529,0
            12.781903,47.82662,0
            12.783548,47.826793,0
            12.785096,47.827035,0
            12.795758,47.829035,0
            12.796895,47.829157,0
            12.797839,47.82921,0
            12.808507,47.829082,0
            12.809982,47.828991,0
            12.811434,47.828792,0
            12.812499,47.828571,0
            12.813632,47.82826,0
            12.819023,47.82623,0
            12.819776,47.825899,0
            12.821023,47.825238,0
            12.821621,47.824862,0
            12.822269,47.824398,0
            12.827801,47.819933,0
            12.828605,47.819125,0
            12.834394,47.812536,0
            12.835516,47.811548,0
            12.836417,47.810897,0
            12.860337,47.796467,0
            12.861363,47.795781,0
            12.86247,47.794964,0
            12.863496,47.794088,0
            12.874236,47.783518,0
            12.875392,47.78252,0
            12.876668,47.781564,0
            12.895242,47.76958,0
            12.895877,47.769232,0
            12.896755,47.768821,0
            12.89781,47.768408,0
            12.898687,47.76813,0
            12.906216,47.766227,0
            12.907603,47.766024,0
            12.908317,47.765974,0
            12.909275,47.765961,0
            12.910027,47.765992,0
            12.933023,47.768028,0
            12.966772,47.768957,0
            12.967301,47.768992,0
            12.968849,47.769185,0
            12.970611,47.769542,0
            12.971803,47.769882,0
            12.973371,47.770465,0
            12.974627,47.771044,0
            12.975319,47.771437,0
            12.976119,47.771955,0
            12.976714,47.772398,0
            12.977353,47.772949,0
            12.978221,47.773827,0
            12.978879,47.774648,0
            12.979456,47.77562,0
            12.979915,47.776712,0
            12.980111,47.777446,0
            12.98089,47.782088,0
            12.980882,47.782231,0
            12.981988,47.788886,0
            12.982249,47.790061,0
            12.982733,47.791415,0
            12.983352,47.792712,0
            12.984116,47.793897,0
            12.99711,47.810807,0
            12.999222,47.81314,0
            13.004452,47.818444,0
            13.004633,47.818587,0
            13.006866,47.820897,0
            13.007573,47.821507,0
            13.008767,47.822367,0
            13.009131,47.822572,0
            13.009736,47.822841,0
            13.009842,47.822928,0
            13.010057,47.82304,0
            13.010741,47.823312,0
            13.01308,47.82402,0
            13.033212,47.828643,0
            13.033482,47.828605,0
            13.033614,47.828604,0
            13.035877,47.828849,0
            13.036002,47.828827,0
            13.036062,47.828794,0
            13.036115,47.82878,0
            13.036184,47.828775,0
            13.036433,47.828636,0
            13.037372,47.827463,0
            13.037546,47.827063,0
            13.037648,47.826439,0
            13.037785,47.826028,0
            13.037916,47.825799,0
            13.038016,47.8254,0
            13.038117,47.825152,0
            13.038153,47.825118,0
            13.038547,47.824354,0
            13.038452,47.824314,0
            13.038404,47.824271,0
            13.038402,47.824206,0
            13.038422,47.824162,0
            13.038448,47.824135,0
            13.038492,47.82411,0
            13.038555,47.824092,0
            13.038616,47.824086,0
            13.038679,47.824095,0
            13.038715,47.824109,0
            13.038768,47.824155,0
            13.039947,47.824148,0
            13.040747,47.824222,0
            13.040868,47.824269,0
            13.041128,47.824229,0
            13.041828,47.824042,0
            13.043347,47.823429,0
            13.043615,47.823297,0
            13.04421,47.822653,0
            13.044492,47.822066,0
            13.044434,47.821583,0
            13.044364,47.82141,0
            13.044283,47.820705,0
            13.044471,47.818171,0
            13.044449,47.817896,0
            13.04429,47.81719,0
            13.04307,47.81594,0
            13.042541,47.815311,0
            13.04202,47.814185,0
            13.041969,47.81394,0
            13.041975,47.812396,0
            13.041812,47.811836,0
            13.041764,47.810294,0
            13.041802,47.809882,0
            13.041831,47.809783,0
            13.041682,47.809661,0
            13.041548,47.80946,0
            13.041448,47.808403,0
            13.041411,47.808381,0
            13.041399,47.808357,0
            13.041381,47.808198,0
            13.041328,47.808182,0
            13.041304,47.808166,0
            13.041281,47.808128,0
            13.04129,47.80808,0
            13.0401,47.807676,0
            13.038975,47.807395,0
            13.038737,47.807304,0
            13.038819,47.80718,0
            13.03948,47.80541,0
            13.03991,47.804702,0
            13.040421,47.804138,0
            13.040958,47.803758,0
            13.043055,47.802578,0
            13.043254,47.802692,0
            13.043403,47.802815,0
            13.043607,47.802719,0
            13.044538,47.802985,0
            13.043885,47.80441,0
            13.044578,47.804597,0
            13.047013,47.805398,0
          </coordinates>
        </LineString>
      </Placemark>
      <Placemark>
        <name>Walking</name>
        <description><![CDATA[description: Walking from 2019-12-27T14:36:29.000Z to 2019-12-27T14:42:17.000Z. Distance 276m<br>Email: syugen.zhou@gmail.com<br>Category: Walking<br>Distance: 276]]></description>
        <styleUrl>#line-FFEA00-5000</styleUrl>
        <ExtendedData>
          <Data name="description">
            <value>Walking from 2019-12-27T14:36:29.000Z to 2019-12-27T14:42:17.000Z. Distance 276m</value>
          </Data>
          <Data name="Email">
            <value>syugen.zhou@gmail.com</value>
          </Data>
          <Data name="Category">
            <value>Walking</value>
          </Data>
          <Data name="Distance">
            <value>276</value>
          </Data>
        </ExtendedData>
        <LineString>
          <tessellate>1</tessellate>
          <coordinates>
            13.046983,47.805387,0
            13.046307,47.805147,0
            13.045311,47.80483,0
            13.044578,47.804597,0
            13.044423,47.804554,0
            13.044095,47.804464,0
            13.043885,47.80441,0
            13.044166,47.803851,0
            13.044212,47.803753,0
            13.044239,47.80368,0
            13.044445,47.803199,0
            13.044538,47.802985,0
            13.044159,47.802869,0
            13.043784,47.802768,0
          </coordinates>
        </LineString>
      </Placemark>
      <Placemark>
        <name>Mozart Residence</name>
        <description><![CDATA[description: Museum from 2019-12-27T14:42:17.000Z to 2019-12-27T16:11:34.000Z. Distance 0m<br>Email: syugen.zhou@gmail.com<br>Category: Museum<br>Distance: 0]]></description>
        <styleUrl>#icon-1535-0288D1</styleUrl>
        <ExtendedData>
          <Data name="description">
            <value>Museum from 2019-12-27T14:42:17.000Z to 2019-12-27T16:11:34.000Z. Distance 0m</value>
          </Data>
          <Data name="Email">
            <value>syugen.zhou@gmail.com</value>
          </Data>
          <Data name="Category">
            <value>Museum</value>
          </Data>
          <Data name="Distance">
            <value>0</value>
          </Data>
        </ExtendedData>
        <Point>
          <coordinates>
            13.043868,47.802628,0
          </coordinates>
        </Point>
      </Placemark>
      <Placemark>
        <name>Walking</name>
        <description><![CDATA[description: Walking from 2019-12-27T16:11:34.000Z to 2019-12-27T16:15:39.000Z. Distance 424m<br>Email: syugen.zhou@gmail.com<br>Category: Walking<br>Distance: 424]]></description>
        <styleUrl>#line-FFEA00-5000</styleUrl>
        <ExtendedData>
          <Data name="description">
            <value>Walking from 2019-12-27T16:11:34.000Z to 2019-12-27T16:15:39.000Z. Distance 424m</value>
          </Data>
          <Data name="Email">
            <value>syugen.zhou@gmail.com</value>
          </Data>
          <Data name="Category">
            <value>Walking</value>
          </Data>
          <Data name="Distance">
            <value>424</value>
          </Data>
        </ExtendedData>
        <LineString>
          <tessellate>1</tessellate>
          <coordinates>
            13.043784,47.802767,0
            13.044159,47.802869,0
            13.044538,47.802985,0
            13.044445,47.803199,0
            13.044239,47.80368,0
            13.044212,47.803753,0
            13.044166,47.803851,0
            13.043885,47.80441,0
            13.044096,47.804463,0
            13.044423,47.804554,0
            13.044578,47.804597,0
            13.045311,47.80483,0
            13.046307,47.805147,0
            13.047168,47.805453,0
          </coordinates>
        </LineString>
      </Placemark>
      <Placemark>
        <name>Driving</name>
        <description><![CDATA[description: Driving from 2019-12-27T16:15:39.000Z to 2019-12-27T19:19:57.000Z. Distance 298368m<br>Email: syugen.zhou@gmail.com<br>Category: Driving<br>Distance: 298368]]></description>
        <styleUrl>#line-FFEA00-5000</styleUrl>
        <ExtendedData>
          <Data name="description">
            <value>Driving from 2019-12-27T16:15:39.000Z to 2019-12-27T19:19:57.000Z. Distance 298368m</value>
          </Data>
          <Data name="Email">
            <value>syugen.zhou@gmail.com</value>
          </Data>
          <Data name="Category">
            <value>Driving</value>
          </Data>
          <Data name="Distance">
            <value>298368</value>
          </Data>
        </ExtendedData>
        <LineString>
          <tessellate>1</tessellate>
          <coordinates>
            13.047158,47.805449,0
            13.049992,47.806482,0
            13.049855,47.806658,0
            13.05236,47.80724,0
            13.055318,47.808149,0
            13.05413,47.812887,0
            13.053092,47.819602,0
            13.053729,47.823436,0
            13.05454,47.824825,0
            13.054626,47.825133,0
            13.054587,47.825411,0
            13.054213,47.826243,0
            13.054183,47.826759,0
            13.054481,47.827201,0
            13.056396,47.828592,0
            13.056638,47.828858,0
            13.056849,47.829303,0
            13.056871,47.829648,0
            13.057026,47.829893,0
            13.057203,47.830009,0
            13.057336,47.830048,0
            13.058258,47.830077,0
            13.058533,47.830202,0
            13.059003,47.830605,0
            13.059497,47.830709,0
            13.064708,47.830192,0
            13.066188,47.830214,0
            13.067223,47.830334,0
            13.068514,47.830649,0
            13.070366,47.831488,0
            13.07142,47.83226,0
            13.072001,47.832881,0
            13.074998,47.837923,0
            13.075819,47.838828,0
            13.077744,47.840336,0
            13.078692,47.841589,0
            13.078985,47.842594,0
            13.079084,47.845752,0
            13.079412,47.846762,0
            13.079951,47.847627,0
            13.080488,47.848201,0
            13.081708,47.84905,0
            13.082545,47.849451,0
            13.084082,47.84995,0
            13.091186,47.851092,0
            13.099099,47.851337,0
            13.111968,47.853307,0
            13.124422,47.855798,0
            13.128475,47.856231,0
            13.134009,47.856222,0
            13.161292,47.853625,0
            13.180483,47.850389,0
            13.182002,47.850284,0
            13.183891,47.850332,0
            13.18547,47.850508,0
            13.187328,47.850899,0
            13.190229,47.85195,0
            13.196397,47.854753,0
            13.197941,47.855304,0
            13.200323,47.855797,0
            13.203625,47.855962,0
            13.216515,47.855251,0
            13.219,47.854945,0
            13.222373,47.854083,0
            13.233165,47.84973,0
            13.235981,47.848925,0
            13.245451,47.847191,0
            13.251347,47.846689,0
            13.262458,47.844717,0
            13.268801,47.84328,0
            13.27097,47.843066,0
            13.276025,47.843175,0
            13.282313,47.842889,0
            13.28792,47.843511,0
            13.306418,47.844495,0
            13.310236,47.84491,0
            13.312587,47.845359,0
            13.317035,47.846727,0
            13.327841,47.852094,0
            13.329272,47.853101,0
            13.330579,47.854252,0
            13.334555,47.860038,0
            13.336188,47.861532,0
            13.337431,47.862269,0
            13.338999,47.862884,0
            13.340139,47.86318,0
            13.342052,47.863433,0
            13.343343,47.863452,0
            13.344993,47.863277,0
            13.3468,47.86287,0
            13.347718,47.862533,0
            13.349272,47.861748,0
            13.352165,47.859645,0
            13.357394,47.855283,0
            13.365622,47.850281,0
            13.367657,47.849345,0
            13.372223,47.8477,0
            13.376799,47.845189,0
            13.383884,47.842314,0
            13.385389,47.841456,0
            13.38815,47.839448,0
            13.389886,47.83845,0
            13.391458,47.837869,0
            13.393046,47.837511,0
            13.395095,47.837329,0
            13.397066,47.837442,0
            13.400746,47.837929,0
            13.402763,47.838011,0
            13.404245,47.837946,0
            13.413332,47.836259,0
            13.416148,47.836077,0
            13.418621,47.836234,0
            13.422301,47.836867,0
            13.431938,47.839435,0
            13.435276,47.840647,0
            13.436853,47.841414,0
            13.438619,47.842588,0
            13.440395,47.844385,0
            13.441461,47.846352,0
            13.441762,47.847464,0
            13.44178,47.849414,0
            13.441366,47.851098,0
            13.439269,47.856378,0
            13.436897,47.868665,0
            13.433544,47.878405,0
            13.433055,47.880934,0
            13.433164,47.884333,0
            13.434185,47.887482,0
            13.435804,47.890173,0
            13.436971,47.89159,0
            13.442719,47.89698,0
            13.444298,47.898794,0
            13.445994,47.901259,0
            13.44956,47.90751,0
            13.450727,47.908992,0
            13.453269,47.911297,0
            13.455148,47.912572,0
            13.461955,47.91621,0
            13.463999,47.917088,0
            13.466755,47.917817,0
            13.468528,47.918083,0
            13.472264,47.91827,0
            13.488016,47.917525,0
            13.490515,47.917656,0
            13.493518,47.918161,0
            13.496115,47.918936,0
            13.497517,47.919523,0
            13.499828,47.920812,0
            13.510724,47.930096,0
            13.512607,47.932074,0
            13.513807,47.933649,0
            13.514852,47.935486,0
            13.51787,47.943685,0
            13.518908,47.945317,0
            13.521192,47.947868,0
            13.524589,47.950431,0
            13.528432,47.952374,0
            13.531931,47.953576,0
            13.535255,47.954325,0
            13.549738,47.955968,0
            13.562731,47.957927,0
            13.566584,47.958335,0
            13.570232,47.958455,0
            13.576259,47.958074,0
            13.584103,47.956811,0
            13.61138,47.951,0
            13.613169,47.950851,0
            13.616119,47.950838,0
            13.618997,47.951127,0
            13.643549,47.956403,0
            13.645805,47.956743,0
            13.648139,47.956909,0
            13.650853,47.956784,0
            13.652208,47.956586,0
            13.654609,47.955994,0
            13.656653,47.95525,0
            13.668351,47.949982,0
            13.671302,47.949132,0
            13.674525,47.948497,0
            13.679485,47.948149,0
            13.683386,47.948371,0
            13.686354,47.948797,0
            13.696394,47.950949,0
            13.697664,47.951084,0
            13.699869,47.951136,0
            13.702012,47.950941,0
            13.706574,47.950185,0
            13.708998,47.950057,0
            13.710577,47.950125,0
            13.712563,47.950436,0
            13.716443,47.951356,0
            13.718021,47.951612,0
            13.722298,47.951973,0
            13.725681,47.952714,0
            13.72878,47.953898,0
            13.735011,47.957493,0
            13.736506,47.958119,0
            13.75911,47.965123,0
            13.762221,47.966683,0
            13.763829,47.967793,0
            13.765196,47.968981,0
            13.766726,47.970746,0
            13.777889,47.986502,0
            13.779328,47.988029,0
            13.781731,47.990065,0
            13.785068,47.992264,0
            13.787456,47.993531,0
            13.800008,47.999025,0
            13.803598,48.000365,0
            13.806397,48.001116,0
            13.809833,48.001716,0
            13.835714,48.004523,0
            13.84356,48.00477,0
            13.886105,48.00287,0
            13.892345,48.003101,0
            13.896424,48.00346,0
            13.904146,48.004634,0
            13.909181,48.00576,0
            13.931552,48.012388,0
            13.960568,48.022317,0
            13.965852,48.024669,0
            13.996194,48.043602,0
            13.99815,48.044492,0
            14.000977,48.045516,0
            14.011739,48.048471,0
            14.026848,48.054004,0
            14.028995,48.055022,0
            14.031849,48.056965,0
            14.048749,48.072806,0
            14.071513,48.092026,0
            14.091389,48.105129,0
            14.122012,48.130872,0
            14.126079,48.133311,0
            14.137307,48.138576,0
            14.140129,48.140102,0
            14.142756,48.141787,0
            14.158944,48.155748,0
            14.171086,48.170003,0
            14.174015,48.172735,0
            14.177465,48.175223,0
            14.180649,48.177017,0
            14.19862,48.185421,0
            14.201869,48.18666,0
            14.204936,48.187569,0
            14.209382,48.188528,0
            14.213009,48.189076,0
            14.227057,48.190551,0
            14.231632,48.191414,0
            14.23631,48.192725,0
            14.242412,48.195208,0
            14.254506,48.201124,0
            14.276992,48.211057,0
            14.277188,48.211083,0
            14.279363,48.212027,0
            14.281034,48.212373,0
            14.281138,48.212331,0
            14.281649,48.212306,0
            14.281793,48.212334,0
            14.282074,48.212286,0
            14.282304,48.212327,0
            14.282914,48.212575,0
            14.283034,48.212586,0
            14.283595,48.212016,0
            14.283585,48.211992,0
            14.283654,48.211917,0
            14.28363,48.211875,0
            14.283658,48.21182,0
            14.283726,48.211799,0
            14.283788,48.211808,0
            14.283825,48.211887,0
            14.284558,48.212135,0
            14.284981,48.212386,0
            14.285241,48.212797,0
            14.285194,48.214202,0
            14.285353,48.214511,0
            14.285568,48.214716,0
            14.324019,48.233072,0
            14.326419,48.233817,0
            14.329257,48.234404,0
            14.34351,48.236353,0
            14.347221,48.236616,0
            14.350544,48.236663,0
            14.354848,48.236448,0
            14.371203,48.234387,0
            14.376695,48.232942,0
            14.379883,48.231717,0
            14.382853,48.230266,0
            14.393095,48.224237,0
            14.398264,48.221564,0
            14.402128,48.219979,0
            14.432924,48.208864,0
            14.43561,48.208057,0
            14.44087,48.207102,0
            14.455844,48.205511,0
            14.458306,48.205114,0
            14.466638,48.203274,0
            14.513713,48.198299,0
            14.515864,48.197837,0
            14.519195,48.196738,0
            14.52083,48.195962,0
            14.538985,48.183763,0
            14.542058,48.181419,0
            14.544188,48.179312,0
            14.545412,48.177738,0
            14.547023,48.174865,0
            14.54979,48.168647,0
            14.551784,48.16508,0
            14.555288,48.160178,0
            14.559595,48.153204,0
            14.561448,48.151181,0
            14.562642,48.150157,0
            14.565486,48.148223,0
            14.575169,48.142995,0
            14.58048,48.139108,0
            14.584052,48.136011,0
            14.586396,48.134435,0
            14.589384,48.13297,0
            14.592406,48.131972,0
            14.60284,48.129805,0
            14.604818,48.129166,0
            14.60731,48.128081,0
            14.608816,48.127227,0
            14.622494,48.117565,0
            14.624539,48.116534,0
            14.626145,48.115984,0
            14.62855,48.115522,0
            14.631382,48.115476,0
            14.633225,48.11571,0
            14.642152,48.118165,0
            14.644764,48.118525,0
            14.646697,48.118567,0
            14.64844,48.118433,0
            14.651564,48.117825,0
            14.666244,48.113957,0
            14.671428,48.112943,0
            14.675524,48.112371,0
            14.680623,48.111986,0
            14.684552,48.111941,0
            14.691956,48.11245,0
            14.707288,48.115183,0
            14.710958,48.115631,0
            14.715897,48.115954,0
            14.72709,48.116128,0
            14.730025,48.116372,0
            14.73383,48.116941,0
            14.748331,48.120388,0
            14.752382,48.120946,0
            14.757965,48.121241,0
            14.76346,48.120901,0
            14.776925,48.118795,0
            14.779337,48.118696,0
            14.79271,48.119779,0
            14.805097,48.120031,0
            14.807847,48.120499,0
            14.809388,48.120952,0
            14.822221,48.126113,0
            14.824208,48.127234,0
            14.830422,48.132691,0
            14.831868,48.133652,0
            14.833307,48.134406,0
            14.842647,48.137965,0
            14.845554,48.139368,0
            14.852586,48.143375,0
            14.854592,48.144159,0
            14.857953,48.144949,0
            14.866523,48.145706,0
            14.901885,48.147053,0
            14.90653,48.146917,0
            14.908854,48.146598,0
            14.910772,48.146178,0
            14.913081,48.145457,0
            14.915746,48.144293,0
            14.922352,48.140779,0
            14.925676,48.139485,0
            14.92832,48.138803,0
            14.932387,48.138267,0
            14.935563,48.138225,0
            14.946713,48.138919,0
            14.950791,48.138963,0
            14.956035,48.138715,0
            14.977151,48.136463,0
            14.981077,48.135869,0
            14.985736,48.134872,0
            15.001704,48.130093,0
            15.004245,48.129478,0
            15.007646,48.12895,0
            15.011646,48.128716,0
            15.014519,48.128838,0
            15.050231,48.133974,0
            15.054821,48.135101,0
            15.057658,48.136026,0
            15.107648,48.157631,0
            15.110891,48.158646,0
            15.114641,48.159417,0
            15.148739,48.161898,0
            15.152666,48.162446,0
            15.15905,48.163934,0
            15.161993,48.164913,0
            15.181029,48.172334,0
            15.183976,48.174128,0
            15.18539,48.175472,0
            15.186184,48.176626,0
            15.188871,48.182676,0
            15.191023,48.185391,0
            15.192499,48.186721,0
            15.194329,48.188039,0
            15.196077,48.189067,0
            15.198183,48.190068,0
            15.201359,48.191209,0
            15.229021,48.197661,0
            15.232569,48.198191,0
            15.235464,48.198234,0
            15.24467,48.19738,0
            15.248601,48.197285,0
            15.251725,48.197609,0
            15.253269,48.197934,0
            15.255721,48.198691,0
            15.258845,48.200094,0
            15.278153,48.210483,0
            15.284417,48.213265,0
            15.287526,48.214258,0
            15.290644,48.214953,0
            15.294591,48.215324,0
            15.297696,48.215198,0
            15.306691,48.213567,0
            15.309644,48.213515,0
            15.312355,48.213853,0
            15.314025,48.214266,0
            15.321081,48.216807,0
            15.322698,48.217261,0
            15.324971,48.217647,0
            15.326679,48.21776,0
            15.348667,48.216361,0
            15.352545,48.215837,0
            15.355293,48.215009,0
            15.357514,48.21384,0
            15.358411,48.213171,0
            15.35999,48.21153,0
            15.365712,48.202859,0
            15.367002,48.20149,0
            15.369986,48.199265,0
            15.371903,48.198281,0
            15.391851,48.190837,0
            15.396163,48.189535,0
            15.398746,48.188988,0
            15.40206,48.188509,0
            15.425709,48.186835,0
            15.429032,48.186422,0
            15.432928,48.185666,0
            15.450947,48.180791,0
            15.455791,48.179065,0
            15.474146,48.171658,0
            15.476744,48.170772,0
            15.479988,48.170007,0
            15.492366,48.16818,0
            15.49647,48.168014,0
            15.499311,48.168124,0
            15.502893,48.16857,0
            15.541768,48.177032,0
            15.546234,48.177672,0
            15.551537,48.177973,0
            15.554106,48.177948,0
            15.569153,48.177021,0
            15.590886,48.177815,0
            15.642181,48.175904,0
            15.646689,48.176085,0
            15.649766,48.176433,0
            15.653713,48.177157,0
            15.656808,48.177984,0
            15.678044,48.184817,0
            15.681108,48.185427,0
            15.683104,48.185673,0
            15.686075,48.18583,0
            15.698916,48.185033,0
            15.702504,48.185034,0
            15.716857,48.186105,0
            15.745638,48.186362,0
            15.774724,48.184056,0
            15.777471,48.184091,0
            15.790448,48.185254,0
            15.794549,48.185309,0
            15.806507,48.18471,0
            15.808272,48.184508,0
            15.81096,48.183967,0
            15.812606,48.18348,0
            15.824199,48.178971,0
            15.826542,48.178293,0
            15.835402,48.176467,0
            15.843614,48.174148,0
            15.845835,48.173711,0
            15.854482,48.172646,0
            15.856613,48.172649,0
            15.862915,48.173562,0
            15.865359,48.173702,0
            15.86713,48.173665,0
            15.869617,48.173387,0
            15.87348,48.172475,0
            15.878546,48.170714,0
            15.879708,48.170156,0
            15.881867,48.16869,0
            15.882968,48.167606,0
            15.889349,48.158987,0
            15.890419,48.15792,0
            15.892579,48.15635,0
            15.894927,48.155195,0
            15.896409,48.154657,0
            15.898645,48.154085,0
            15.900664,48.153768,0
            15.903992,48.153624,0
            15.92995,48.155222,0
            15.941412,48.156752,0
            15.94811,48.158032,0
            15.952077,48.158341,0
            15.955584,48.158148,0
            15.958549,48.157619,0
            15.962134,48.156565,0
            15.966575,48.154534,0
            15.970111,48.152552,0
            15.972355,48.1515,0
            15.978798,48.149392,0
            15.979984,48.148894,0
            15.981223,48.148201,0
            15.982573,48.147022,0
            15.983186,48.146109,0
            15.98354,48.145173,0
            15.983582,48.143736,0
            15.983215,48.142664,0
            15.982654,48.141824,0
            15.981345,48.140597,0
            15.976568,48.137247,0
            15.974693,48.135572,0
            15.972591,48.132939,0
            15.971235,48.129633,0
            15.970555,48.125826,0
            15.970654,48.120187,0
            15.971028,48.11848,0
            15.972084,48.116137,0
            15.973151,48.114527,0
            15.978794,48.108717,0
            15.979661,48.10762,0
            15.980217,48.106441,0
            15.980351,48.105663,0
            15.980007,48.102438,0
            15.980058,48.10152,0
            15.980382,48.100537,0
            15.980722,48.099959,0
            15.981674,48.098904,0
            15.982262,48.098443,0
            15.983579,48.097692,0
            15.984862,48.097217,0
            15.990386,48.096129,0
            15.992219,48.095404,0
            15.998921,48.091524,0
            16.002296,48.089986,0
            16.004936,48.089125,0
            16.012398,48.087309,0
            16.020039,48.086432,0
            16.04066,48.081794,0
            16.041841,48.08162,0
            16.045655,48.081416,0
            16.047477,48.081092,0
            16.048976,48.080572,0
            16.05042,48.07973,0
            16.051237,48.078978,0
            16.052534,48.077028,0
            16.053884,48.075704,0
            16.055111,48.074963,0
            16.063123,48.071168,0
            16.065269,48.069598,0
            16.069242,48.065203,0
            16.070408,48.064205,0
            16.072668,48.062778,0
            16.074977,48.061919,0
            16.077085,48.061598,0
            16.091193,48.060875,0
            16.093171,48.0605,0
            16.095719,48.05946,0
            16.099415,48.057346,0
            16.100615,48.056871,0
            16.102858,48.056402,0
            16.104204,48.056336,0
            16.105556,48.056392,0
            16.106988,48.056625,0
            16.108679,48.057091,0
            16.109558,48.057454,0
            16.111702,48.058882,0
            16.115151,48.062462,0
            16.116713,48.063539,0
            16.118017,48.064083,0
            16.119963,48.064628,0
            16.121043,48.064782,0
            16.122703,48.06482,0
            16.124611,48.064595,0
            16.146793,48.057504,0
            16.149186,48.057081,0
            16.152229,48.05695,0
            16.155405,48.057323,0
            16.158388,48.058214,0
            16.160074,48.058995,0
            16.162302,48.060567,0
            16.163608,48.061904,0
            16.170185,48.070199,0
            16.171931,48.071766,0
            16.172668,48.072185,0
            16.174291,48.072862,0
            16.17585,48.073262,0
            16.177285,48.073454,0
            16.178463,48.0735,0
            16.180443,48.073365,0
            16.193025,48.071651,0
            16.197305,48.071574,0
            16.199107,48.071735,0
            16.200798,48.072036,0
            16.20316,48.072671,0
            16.204772,48.073262,0
            16.207666,48.074859,0
            16.209167,48.076042,0
            16.211843,48.079238,0
            16.213269,48.080563,0
            16.214483,48.081344,0
            16.216235,48.082147,0
            16.217798,48.082605,0
            16.228115,48.084753,0
            16.229385,48.085194,0
            16.23073,48.085841,0
            16.232442,48.086965,0
            16.233407,48.087898,0
            16.23428,48.089036,0
            16.236968,48.094076,0
            16.238408,48.095654,0
            16.239833,48.096753,0
            16.241122,48.097426,0
            16.255227,48.103441,0
            16.257013,48.104601,0
            16.259686,48.107295,0
            16.261431,48.108488,0
            16.26375,48.109446,0
            16.265249,48.109811,0
            16.271375,48.110542,0
            16.273098,48.111006,0
            16.274861,48.111756,0
            16.279233,48.114199,0
            16.280795,48.114863,0
            16.283124,48.115452,0
            16.291939,48.116148,0
            16.29608,48.116881,0
            16.297592,48.117303,0
            16.306767,48.120662,0
            16.309829,48.121335,0
            16.312503,48.121509,0
            16.315259,48.12136,0
            16.318267,48.121,0
            16.31912,48.120815,0
            16.323665,48.119162,0
            16.32501,48.119044,0
            16.326016,48.119131,0
            16.326919,48.119369,0
            16.327342,48.119609,0
            16.327629,48.119879,0
            16.327872,48.120464,0
            16.327704,48.121045,0
            16.326339,48.122032,0
            16.326193,48.122229,0
            16.326085,48.12262,0
            16.3265,48.124073,0
            16.326448,48.124199,0
            16.334101,48.141787,0
            16.334806,48.142829,0
            16.33574,48.143776,0
            16.343936,48.149944,0
            16.345988,48.151184,0
            16.347815,48.151928,0
            16.349173,48.152278,0
            16.350291,48.152452,0
            16.353433,48.152594,0
            16.357148,48.152471,0
            16.361122,48.15204,0
            16.369238,48.15057,0
            16.371107,48.150435,0
            16.372196,48.150583,0
            16.372881,48.150791,0
            16.373801,48.151266,0
            16.374672,48.152148,0
            16.374995,48.153137,0
            16.37505,48.155773,0
            16.375374,48.156622,0
            16.376144,48.157729,0
            16.376864,48.158388,0
            16.377759,48.158978,0
            16.379191,48.159625,0
            16.382762,48.160523,0
            16.383464,48.160808,0
            16.38422,48.161255,0
            16.384916,48.161843,0
            16.385495,48.162703,0
            16.386028,48.164333,0
            16.386761,48.165428,0
            16.391633,48.169274,0
            16.392573,48.169855,0
            16.39374,48.170254,0
            16.396408,48.170727,0
            16.397516,48.171081,0
            16.398067,48.171383,0
            16.398632,48.171892,0
            16.399042,48.17263,0
            16.400242,48.177921,0
            16.400687,48.178781,0
            16.4017,48.179828,0
            16.403195,48.180829,0
            16.403569,48.181178,0
            16.403943,48.181801,0
            16.404278,48.183059,0
            16.405508,48.185219,0
            16.406051,48.185753,0
            16.427769,48.200711,0
            16.427919,48.200737,0
            16.430346,48.202306,0
            16.430996,48.202575,0
            16.431387,48.202641,0
            16.432629,48.202643,0
            16.433127,48.202721,0
            16.433419,48.202829,0
            16.435182,48.203898,0
            16.420546,48.214154,0
            16.42031,48.213921,0
            16.420355,48.2138,0
            16.420867,48.21344,0
            16.42098,48.213411,0
            16.421076,48.21342,0
            16.421661,48.213759,0
            16.422269,48.213312,0
            16.422385,48.213293,0
            16.422442,48.213341,0
            16.422401,48.213427,0
            16.422195,48.213481,0
            16.421445,48.21401,0
          </coordinates>
        </LineString>
      </Placemark>
      <Placemark>
        <name>Hilton Vienna Danube Waterfront</name>
        <description><![CDATA[description: Hotel from 2019-12-27T19:19:57.000Z to 2019-12-28T08:39:11.000Z. Distance 0m<br>Email: syugen.zhou@gmail.com<br>Category: Hotel<br>Distance: 0]]></description>
        <styleUrl>#icon-1602-0288D1</styleUrl>
        <ExtendedData>
          <Data name="description">
            <value>Hotel from 2019-12-27T19:19:57.000Z to 2019-12-28T08:39:11.000Z. Distance 0m</value>
          </Data>
          <Data name="Email">
            <value>syugen.zhou@gmail.com</value>
          </Data>
          <Data name="Category">
            <value>Hotel</value>
          </Data>
          <Data name="Distance">
            <value>0</value>
          </Data>
        </ExtendedData>
        <Point>
          <coordinates>
            16.421554,48.214045,0
          </coordinates>
        </Point>
      </Placemark>
    </Folder>
    <Folder>
      <name>2019-12-26</name>
      <Placemark>
        <name>Hilton Munich Park</name>
        <description><![CDATA[description: Hotel from 2019-12-25T19:42:32.000Z to 2019-12-26T08:28:48.093Z. Distance 0m<br>Email: syugen.zhou@gmail.com<br>Category: Hotel<br>Distance: 0]]></description>
        <styleUrl>#icon-1602-0288D1</styleUrl>
        <ExtendedData>
          <Data name="description">
            <value>Hotel from 2019-12-25T19:42:32.000Z to 2019-12-26T08:28:48.093Z. Distance 0m</value>
          </Data>
          <Data name="Email">
            <value>syugen.zhou@gmail.com</value>
          </Data>
          <Data name="Category">
            <value>Hotel</value>
          </Data>
          <Data name="Distance">
            <value>0</value>
          </Data>
        </ExtendedData>
        <Point>
          <coordinates>
            11.598338,48.152371,0
          </coordinates>
        </Point>
      </Placemark>
      <Placemark>
        <name>Driving</name>
        <description><![CDATA[description: Driving from 2019-12-26T08:28:48.093Z to 2019-12-26T10:10:23.999Z. Distance 120446m<br>Email: syugen.zhou@gmail.com<br>Category: Driving<br>Distance: 120446]]></description>
        <styleUrl>#line-F9A825-5000</styleUrl>
        <ExtendedData>
          <Data name="description">
            <value>Driving from 2019-12-26T08:28:48.093Z to 2019-12-26T10:10:23.999Z. Distance 120446m</value>
          </Data>
          <Data name="Email">
            <value>syugen.zhou@gmail.com</value>
          </Data>
          <Data name="Category">
            <value>Driving</value>
          </Data>
          <Data name="Distance">
            <value>120446</value>
          </Data>
        </ExtendedData>
        <LineString>
          <tessellate>1</tessellate>
          <coordinates>
            11.599425,48.153096,0
            11.59988,48.153603,0
            11.600074,48.153691,0
            11.600422,48.153682,0
            11.60092,48.153541,0
            11.60406,48.157638,0
            11.604217,48.158343,0
            11.604032,48.158861,0
            11.603755,48.159123,0
            11.603338,48.159332,0
            11.601886,48.159477,0
            11.600371,48.160796,0
            11.597044,48.162737,0
            11.596441,48.163327,0
            11.596127,48.163993,0
            11.596082,48.164759,0
            11.596328,48.165458,0
            11.599996,48.170876,0
            11.600119,48.171359,0
            11.600033,48.17175,0
            11.599687,48.172205,0
            11.594083,48.175094,0
            11.588553,48.177292,0
            11.587155,48.177559,0
            11.581383,48.177563,0
            11.574566,48.178106,0
            11.572845,48.178067,0
            11.565417,48.176111,0
            11.564701,48.176037,0
            11.54183,48.176591,0
            11.540859,48.176426,0
            11.540255,48.176191,0
            11.539503,48.175637,0
            11.539189,48.175207,0
            11.538156,48.16955,0
            11.536461,48.147265,0
            11.534984,48.14509,0
            11.534325,48.14052,0
            11.534203,48.135971,0
            11.533617,48.133758,0
            11.532734,48.132788,0
            11.524083,48.127805,0
            11.521955,48.126248,0
            11.521311,48.125598,0
            11.520658,48.124564,0
            11.520578,48.124541,0
            11.52032,48.124277,0
            11.519991,48.124144,0
            11.519494,48.124116,0
            11.513785,48.124655,0
            11.513598,48.124623,0
            11.502878,48.125896,0
            11.500247,48.125817,0
            11.498203,48.125529,0
            11.492746,48.124309,0
            11.489813,48.123926,0
            11.474843,48.123703,0
            11.459,48.124428,0
            11.453382,48.12502,0
            11.451684,48.125402,0
            11.445844,48.127558,0
            11.444334,48.127916,0
            11.441795,48.128111,0
            11.440582,48.128036,0
            11.43722,48.127392,0
            11.435257,48.127227,0
            11.432578,48.127543,0
            11.42447,48.130116,0
            11.422334,48.130405,0
            11.419575,48.130479,0
            11.414027,48.129978,0
            11.410109,48.129105,0
            11.406482,48.127824,0
            11.404207,48.126462,0
            11.402875,48.12526,0
            11.400231,48.122167,0
            11.398273,48.120709,0
            11.396849,48.119956,0
            11.39447,48.119052,0
            11.39186,48.118375,0
            11.386001,48.117446,0
            11.381301,48.117149,0
            11.373199,48.117127,0
            11.370004,48.116716,0
            11.352032,48.111499,0
            11.346121,48.109292,0
            11.343869,48.107954,0
            11.337188,48.102331,0
            11.333685,48.100172,0
            11.331154,48.099027,0
            11.326205,48.097467,0
            11.320085,48.096558,0
            11.310306,48.096441,0
            11.307385,48.096181,0
            11.299298,48.094237,0
            11.291464,48.093212,0
            11.286,48.093026,0
            11.276424,48.094256,0
            11.273578,48.094041,0
            11.267168,48.092097,0
            11.264326,48.091873,0
            11.259823,48.092207,0
            11.253509,48.092039,0
            11.246548,48.093129,0
            11.243537,48.093007,0
            11.238343,48.091788,0
            11.22859,48.087913,0
            11.225936,48.087207,0
            11.224191,48.08693,0
            11.215367,48.086646,0
            11.202736,48.084885,0
            11.197701,48.084572,0
            11.186841,48.084643,0
            11.181504,48.084393,0
            11.170529,48.082854,0
            11.168654,48.082759,0
            11.165363,48.082979,0
            11.158088,48.084735,0
            11.156156,48.084941,0
            11.154079,48.084958,0
            11.151355,48.084711,0
            11.147998,48.084014,0
            11.139016,48.080212,0
            11.135568,48.079253,0
            11.132915,48.07893,0
            11.122727,48.078367,0
            11.115859,48.077625,0
            11.108347,48.075954,0
            11.105264,48.075574,0
            11.099264,48.075368,0
            11.0885,48.073661,0
            11.080187,48.072918,0
            11.071879,48.071413,0
            11.067004,48.071005,0
            11.061768,48.071157,0
            11.058707,48.07166,0
            11.050696,48.07374,0
            11.04789,48.074185,0
            11.043559,48.07436,0
            11.040451,48.074111,0
            11.03698,48.073441,0
            11.033328,48.072221,0
            11.023891,48.067475,0
            11.020702,48.066314,0
            11.018646,48.065886,0
            11.014889,48.065635,0
            11.006289,48.066136,0
            11.00194,48.065929,0
            10.99927,48.065563,0
            10.993547,48.064238,0
            10.980525,48.060175,0
            10.976567,48.059423,0
            10.953572,48.057661,0
            10.942686,48.055694,0
            10.940018,48.055415,0
            10.938054,48.055448,0
            10.931002,48.056182,0
            10.920809,48.056228,0
            10.914407,48.05754,0
            10.91128,48.057714,0
            10.904482,48.057128,0
            10.898001,48.057117,0
            10.893937,48.05751,0
            10.889764,48.058304,0
            10.884127,48.060112,0
            10.877172,48.063576,0
            10.874082,48.0648,0
            10.870425,48.065697,0
            10.867926,48.066009,0
            10.865112,48.066111,0
            10.862518,48.065972,0
            10.858342,48.065321,0
            10.85505,48.064473,0
            10.852998,48.063713,0
            10.85076,48.062494,0
            10.849735,48.061721,0
            10.847883,48.059811,0
            10.84403,48.053624,0
            10.842601,48.051888,0
            10.840893,48.050453,0
            10.839014,48.049412,0
            10.838654,48.049352,0
            10.838082,48.049434,0
            10.837178,48.049352,0
            10.836425,48.049063,0
            10.835919,48.04857,0
            10.835732,48.047999,0
            10.836035,48.047288,0
            10.836393,48.046945,0
            10.83706,48.046649,0
            10.837937,48.046445,0
            10.838503,48.045565,0
            10.840732,48.043829,0
            10.842795,48.041095,0
            10.845154,48.039144,0
            10.849862,48.03685,0
            10.851575,48.035797,0
            10.852371,48.03509,0
            10.853371,48.033764,0
            10.854527,48.030945,0
            10.855303,48.029887,0
            10.856424,48.028892,0
            10.860994,48.025831,0
            10.86186,48.024769,0
            10.862274,48.023566,0
            10.862055,48.021963,0
            10.860977,48.019895,0
            10.853758,47.982388,0
            10.853676,47.982288,0
            10.852982,47.978763,0
            10.853224,47.977294,0
            10.861561,47.961143,0
            10.861839,47.960019,0
            10.861906,47.95762,0
            10.86218,47.9564,0
            10.86421,47.952963,0
            10.864514,47.950505,0
            10.865707,47.946472,0
            10.865701,47.945669,0
            10.864274,47.940461,0
            10.864378,47.939132,0
            10.866738,47.935237,0
            10.868218,47.93153,0
            10.869225,47.925817,0
            10.873707,47.918265,0
            10.875297,47.912471,0
            10.876813,47.910059,0
            10.881824,47.904296,0
            10.885427,47.897541,0
            10.886788,47.893268,0
            10.886755,47.893092,0
            10.889292,47.884729,0
            10.892057,47.880153,0
            10.89427,47.874488,0
            10.89458,47.873082,0
            10.89387,47.868059,0
            10.893924,47.866822,0
            10.894812,47.864202,0
            10.894325,47.861281,0
            10.894394,47.860776,0
            10.896512,47.855587,0
            10.897684,47.849596,0
            10.897579,47.848648,0
            10.898333,47.845101,0
            10.899065,47.844031,0
            10.90084,47.842193,0
            10.901474,47.841188,0
            10.901766,47.839666,0
            10.901659,47.838931,0
            10.901171,47.837787,0
            10.900075,47.836563,0
            10.898423,47.835589,0
            10.897298,47.835176,0
            10.892946,47.834402,0
            10.8902,47.833534,0
            10.888476,47.832531,0
            10.887264,47.831436,0
            10.886128,47.829628,0
            10.884056,47.822792,0
            10.881136,47.818364,0
            10.86704,47.804479,0
            10.866066,47.802491,0
            10.865854,47.800636,0
            10.866155,47.799139,0
            10.866558,47.798241,0
            10.867954,47.796434,0
            10.869253,47.795365,0
            10.871367,47.7942,0
            10.896882,47.784683,0
            10.909679,47.781745,0
            10.909936,47.781528,0
            10.909936,47.781242,0
            10.909713,47.780907,0
            10.90942,47.780737,0
            10.909214,47.78069,0
            10.908744,47.780708,0
            10.908233,47.780908,0
            10.905836,47.775395,0
            10.904876,47.774268,0
            10.904824,47.773899,0
            10.905204,47.772246,0
            10.905008,47.771297,0
            10.902723,47.767202,0
            10.902345,47.766102,0
            10.902337,47.762948,0
            10.898959,47.754923,0
            10.897869,47.75364,0
            10.894982,47.751782,0
            10.894014,47.750943,0
            10.889388,47.745149,0
            10.886507,47.743121,0
            10.885008,47.741322,0
            10.884372,47.73975,0
            10.884339,47.738537,0
            10.88566,47.734835,0
            10.88566,47.733584,0
            10.885025,47.731155,0
            10.88512,47.730924,0
            10.885396,47.730679,0
            10.885775,47.73054,0
            10.887774,47.730314,0
            10.888443,47.730037,0
            10.889143,47.729395,0
            10.889383,47.728588,0
            10.889659,47.728221,0
            10.89078,47.727308,0
            10.891117,47.726724,0
            10.891176,47.726155,0
            10.890759,47.724214,0
            10.889209,47.720482,0
            10.8887,47.719708,0
            10.888354,47.718292,0
            10.888028,47.717995,0
            10.887487,47.717764,0
            10.884872,47.717149,0
            10.884619,47.71695,0
            10.884058,47.716037,0
            10.883479,47.715555,0
            10.882181,47.713647,0
            10.882129,47.712846,0
            10.880558,47.711369,0
            10.879091,47.710602,0
            10.876465,47.709936,0
            10.875494,47.709393,0
            10.875158,47.709092,0
            10.874485,47.708077,0
            10.873142,47.707622,0
            10.870516,47.707449,0
            10.869439,47.707192,0
            10.868097,47.706408,0
            10.865997,47.705705,0
            10.862744,47.704268,0
            10.862261,47.703939,0
            10.860516,47.702146,0
            10.860013,47.701237,0
            10.859978,47.700587,0
            10.860875,47.69891,0
            10.860972,47.695417,0
            10.861472,47.693378,0
            10.861401,47.692951,0
            10.860593,47.691644,0
            10.860517,47.690774,0
            10.861015,47.689158,0
            10.85811,47.680774,0
            10.857887,47.678922,0
            10.856372,47.677135,0
            10.855783,47.675302,0
            10.854581,47.673895,0
            10.852831,47.670647,0
            10.852598,47.668945,0
            10.852187,47.668275,0
            10.850256,47.666771,0
            10.84738,47.663491,0
            10.845292,47.662188,0
            10.844546,47.661402,0
            10.843529,47.659771,0
            10.842924,47.659222,0
            10.840471,47.657615,0
            10.83986,47.656901,0
            10.839585,47.655931,0
            10.839655,47.654606,0
            10.839042,47.65355,0
            10.838506,47.653111,0
            10.831871,47.649788,0
            10.830322,47.648343,0
            10.828152,47.6444,0
            10.827529,47.640734,0
            10.821263,47.632732,0
            10.820958,47.632056,0
            10.820715,47.628532,0
            10.820327,47.627655,0
            10.819881,47.627148,0
            10.810838,47.621935,0
            10.809456,47.620801,0
            10.806988,47.616151,0
            10.803984,47.613459,0
            10.803897,47.613438,0
            10.799146,47.608736,0
            10.797815,47.606163,0
            10.79678,47.605193,0
            10.794683,47.604008,0
            10.793123,47.602397,0
            10.791198,47.60123,0
            10.79022,47.599632,0
            10.789736,47.599164,0
            10.788917,47.598673,0
            10.786845,47.598032,0
            10.786256,47.597655,0
            10.785482,47.596459,0
            10.784944,47.596043,0
            10.783705,47.595421,0
            10.781774,47.593807,0
            10.780591,47.593284,0
            10.771633,47.591299,0
            10.768574,47.590181,0
            10.767278,47.589438,0
            10.76363,47.586207,0
            10.761777,47.585317,0
            10.751937,47.582053,0
            10.752014,47.581924,0
            10.751997,47.581719,0
            10.747646,47.576358,0
            10.742713,47.564362,0
            10.741224,47.558362,0
          </coordinates>
        </LineString>
      </Placemark>
      <Placemark>
        <name>Walking</name>
        <description><![CDATA[description: Walking from 2019-12-26T10:10:23.999Z to 2019-12-26T10:29:56.000Z. Distance 626m<br>Email: syugen.zhou@gmail.com<br>Category: Walking<br>Distance: 626]]></description>
        <styleUrl>#line-F9A825-5000</styleUrl>
        <ExtendedData>
          <Data name="description">
            <value>Walking from 2019-12-26T10:10:23.999Z to 2019-12-26T10:29:56.000Z. Distance 626m</value>
          </Data>
          <Data name="Email">
            <value>syugen.zhou@gmail.com</value>
          </Data>
          <Data name="Category">
            <value>Walking</value>
          </Data>
          <Data name="Distance">
            <value>626</value>
          </Data>
        </ExtendedData>
        <LineString>
          <tessellate>1</tessellate>
          <coordinates>
            10.741251,47.558469,0
            10.741088,47.557813,0
            10.741061,47.557703,0
            10.740946,47.557132,0
            10.740939,47.5571,0
            10.740937,47.557087,0
            10.740932,47.557064,0
            10.740902,47.556909,0
            10.740867,47.55673,0
            10.740847,47.556617,0
            10.740836,47.556476,0
            10.740819,47.556354,0
            10.740811,47.556319,0
            10.740797,47.55626,0
            10.740749,47.556171,0
            10.740697,47.556092,0
            10.740624,47.555998,0
            10.740607,47.555982,0
            10.740566,47.555941,0
            10.740534,47.555909,0
            10.740418,47.555816,0
            10.740344,47.555771,0
            10.740273,47.555726,0
            10.740098,47.555591,0
            10.740058,47.55556,0
            10.739597,47.555208,0
          </coordinates>
        </LineString>
      </Placemark>
      <Placemark>
        <name>Ticket-Center Hohenschwangau</name>
        <description><![CDATA[description: Event ticket seller from 2019-12-26T10:29:56.000Z to 2019-12-26T11:22:49.000Z. Distance 0m<br>Email: syugen.zhou@gmail.com<br>Category: Event ticket seller<br>Distance: 0]]></description>
        <styleUrl>#icon-1739-0288D1</styleUrl>
        <ExtendedData>
          <Data name="description">
            <value>Event ticket seller from 2019-12-26T10:29:56.000Z to 2019-12-26T11:22:49.000Z. Distance 0m</value>
          </Data>
          <Data name="Email">
            <value>syugen.zhou@gmail.com</value>
          </Data>
          <Data name="Category">
            <value>Event ticket seller</value>
          </Data>
          <Data name="Distance">
            <value>0</value>
          </Data>
        </ExtendedData>
        <Point>
          <coordinates>
            10.73929,47.555413,0
          </coordinates>
        </Point>
      </Placemark>
      <Placemark>
        <name>Walking</name>
        <description><![CDATA[description: Walking from 2019-12-26T11:22:49.413Z to 2019-12-26T11:33:33.000Z. Distance 356m<br>Email: syugen.zhou@gmail.com<br>Category: Walking<br>Distance: 356]]></description>
        <styleUrl>#line-F9A825-5000</styleUrl>
        <ExtendedData>
          <Data name="description">
            <value>Walking from 2019-12-26T11:22:49.413Z to 2019-12-26T11:33:33.000Z. Distance 356m</value>
          </Data>
          <Data name="Email">
            <value>syugen.zhou@gmail.com</value>
          </Data>
          <Data name="Category">
            <value>Walking</value>
          </Data>
          <Data name="Distance">
            <value>356</value>
          </Data>
        </ExtendedData>
        <LineString>
          <tessellate>1</tessellate>
          <coordinates>
            10.739629,47.555233,0
            10.739528,47.555156,0
            10.739345,47.555015,0
            10.739155,47.554935,0
            10.738956,47.554877,0
            10.738625,47.554804,0
            10.73854,47.554791,0
            10.738334,47.554774,0
            10.738227,47.554769,0
            10.737851,47.55474,0
            10.73759,47.554689,0
            10.7374,47.554624,0
            10.737315,47.55459,0
            10.73726,47.554567,0
            10.737128,47.554508,0
            10.736953,47.554393,0
            10.736868,47.554335,0
            10.736728,47.554216,0
            10.736655,47.554174,0
            10.736536,47.554105,0
            10.736276,47.553975,0
            10.735907,47.553806,0
            10.735908,47.553716,0
            10.735886,47.553634,0
            10.735847,47.553551,0
            10.735791,47.553475,0
            10.735705,47.553389,0
            10.73558,47.553309,0
            10.73554,47.553263,0
            10.735507,47.553205,0
            10.735308,47.553045,0
            10.73516,47.552898,0
            10.735074,47.552756,0
            10.735049,47.552716,0
            10.73501,47.552625,0
            10.735026,47.552571,0
            10.735108,47.552527,0
            10.735189,47.552531,0
            10.735262,47.552612,0
            10.735413,47.552929,0
            10.735488,47.55297,0
            10.735514,47.553093,0
            10.735507,47.553205,0
            10.73554,47.553263,0
            10.73558,47.553309,0
            10.735705,47.553389,0
            10.735791,47.553476,0
            10.735847,47.553551,0
            10.735886,47.553634,0
            10.735908,47.553716,0
            10.735907,47.553806,0
            10.735935,47.553819,0
          </coordinates>
        </LineString>
      </Placemark>
      <Placemark>
        <name>Museum of the Bavarian kings</name>
        <description><![CDATA[description: History museum from 2019-12-26T11:33:33.000Z to 2019-12-26T13:06:29.000Z. Distance 0m<br>Email: syugen.zhou@gmail.com<br>Category: History museum<br>Distance: 0]]></description>
        <styleUrl>#icon-1535-0288D1</styleUrl>
        <ExtendedData>
          <Data name="description">
            <value>History museum from 2019-12-26T11:33:33.000Z to 2019-12-26T13:06:29.000Z. Distance 0m</value>
          </Data>
          <Data name="Email">
            <value>syugen.zhou@gmail.com</value>
          </Data>
          <Data name="Category">
            <value>History museum</value>
          </Data>
          <Data name="Distance">
            <value>0</value>
          </Data>
        </ExtendedData>
        <Point>
          <coordinates>
            10.736148,47.553581,0
          </coordinates>
        </Point>
      </Placemark>
      <Placemark>
        <name>Walking</name>
        <description><![CDATA[description: Walking from 2019-12-26T13:06:29.000Z to 2019-12-26T13:20:37.000Z. Distance 300m<br>Email: syugen.zhou@gmail.com<br>Category: Walking<br>Distance: 300]]></description>
        <styleUrl>#line-F9A825-5000</styleUrl>
        <ExtendedData>
          <Data name="description">
            <value>Walking from 2019-12-26T13:06:29.000Z to 2019-12-26T13:20:37.000Z. Distance 300m</value>
          </Data>
          <Data name="Email">
            <value>syugen.zhou@gmail.com</value>
          </Data>
          <Data name="Category">
            <value>Walking</value>
          </Data>
          <Data name="Distance">
            <value>300</value>
          </Data>
        </ExtendedData>
        <LineString>
          <tessellate>1</tessellate>
          <coordinates>
            10.737579,47.554686,0
            10.73759,47.554689,0
            10.737851,47.55474,0
            10.738227,47.554769,0
            10.738141,47.554922,0
            10.738124,47.554982,0
            10.738152,47.555038,0
            10.738216,47.5551,0
            10.73822,47.555104,0
            10.73825,47.555132,0
            10.738233,47.555205,0
            10.738216,47.555254,0
            10.738299,47.555313,0
            10.738334,47.555337,0
            10.738344,47.555349,0
            10.738269,47.55536,0
            10.738072,47.555389,0
            10.738013,47.555408,0
            10.737896,47.555446,0
            10.737859,47.555468,0
            10.737744,47.555536,0
            10.737847,47.555666,0
            10.73757,47.55577,0
            10.737364,47.555723,0
            10.737196,47.555685,0
            10.737166,47.555628,0
            10.737116,47.555533,0
            10.737004,47.55551,0
            10.736972,47.555503,0
            10.736899,47.555506,0
            10.736816,47.555547,0
            10.73676,47.555554,0
            10.736722,47.555558,0
            10.736587,47.555486,0
            10.736475,47.555482,0
            10.736587,47.555486,0
            10.736722,47.555558,0
            10.73676,47.555554,0
            10.736816,47.555547,0
            10.736899,47.555506,0
            10.736972,47.555503,0
            10.737004,47.55551,0
            10.737116,47.555533,0
            10.737166,47.555628,0
            10.737196,47.555685,0
            10.737364,47.555723,0
            10.73757,47.55577,0
            10.737847,47.555666,0
            10.737744,47.555536,0
            10.737859,47.555468,0
            10.737896,47.555446,0
            10.738013,47.555408,0
            10.738072,47.555389,0
            10.738269,47.55536,0
            10.738344,47.555349,0
            10.738334,47.555337,0
            10.738299,47.555313,0
            10.738216,47.555254,0
            10.738233,47.555205,0
            10.73825,47.555132,0
            10.73822,47.555104,0
            10.738216,47.5551,0
            10.738152,47.555038,0
            10.738124,47.554982,0
            10.738141,47.554922,0
            10.738227,47.554769,0
            10.737851,47.55474,0
            10.73759,47.554689,0
            10.7374,47.554624,0
            10.737315,47.55459,0
            10.73726,47.554568,0
            10.737128,47.554508,0
            10.736953,47.554393,0
            10.736868,47.554335,0
            10.736728,47.554216,0
            10.736655,47.554174,0
            10.736536,47.554105,0
            10.736276,47.553975,0
            10.735907,47.553806,0
          </coordinates>
        </LineString>
      </Placemark>
      <Placemark>
        <name>Hohenschwangau Castle</name>
        <description><![CDATA[description: Castle from 2019-12-26T13:21:05.000Z to 2019-12-26T13:31:37.000Z. Distance 0m<br>Email: syugen.zhou@gmail.com<br>Category: Castle<br>Distance: 0]]></description>
        <styleUrl>#icon-1535-0288D1</styleUrl>
        <ExtendedData>
          <Data name="description">
            <value>Castle from 2019-12-26T13:21:05.000Z to 2019-12-26T13:31:37.000Z. Distance 0m</value>
          </Data>
          <Data name="Email">
            <value>syugen.zhou@gmail.com</value>
          </Data>
          <Data name="Category">
            <value>Castle</value>
          </Data>
          <Data name="Distance">
            <value>0</value>
          </Data>
        </ExtendedData>
        <Point>
          <coordinates>
            10.73638,47.555674,0
          </coordinates>
        </Point>
      </Placemark>
      <Placemark>
        <name>Walking</name>
        <description><![CDATA[description: Walking from 2019-12-26T13:31:37.000Z to 2019-12-26T14:20:26.000Z. Distance 2056m<br>Email: syugen.zhou@gmail.com<br>Category: Walking<br>Distance: 2056]]></description>
        <styleUrl>#line-F9A825-5000</styleUrl>
        <ExtendedData>
          <Data name="description">
            <value>Walking from 2019-12-26T13:31:37.000Z to 2019-12-26T14:20:26.000Z. Distance 2056m</value>
          </Data>
          <Data name="Email">
            <value>syugen.zhou@gmail.com</value>
          </Data>
          <Data name="Category">
            <value>Walking</value>
          </Data>
          <Data name="Distance">
            <value>2056</value>
          </Data>
        </ExtendedData>
        <LineString>
          <tessellate>1</tessellate>
          <coordinates>
            10.736423,47.555527,0
            10.736501,47.555483,0
            10.736587,47.555486,0
            10.736722,47.555558,0
            10.736816,47.555547,0
            10.736899,47.555506,0
            10.736972,47.555503,0
            10.737116,47.555533,0
            10.737196,47.555685,0
            10.73757,47.55577,0
            10.737847,47.555666,0
            10.737744,47.555536,0
            10.737896,47.555446,0
            10.738072,47.555389,0
            10.738344,47.555349,0
            10.738334,47.555337,0
            10.738216,47.555254,0
            10.73825,47.555132,0
            10.738152,47.555038,0
            10.738124,47.554982,0
            10.738141,47.554922,0
            10.738227,47.554769,0
            10.73854,47.554791,0
            10.738625,47.554804,0
            10.738639,47.554723,0
            10.738663,47.554666,0
            10.738703,47.554621,0
            10.738732,47.554599,0
            10.738818,47.554567,0
            10.738867,47.554556,0
            10.738942,47.554555,0
            10.73944,47.554607,0
            10.740152,47.554647,0
            10.740226,47.554639,0
            10.740279,47.55462,0
            10.740306,47.554601,0
            10.740321,47.554581,0
            10.740345,47.554528,0
            10.740345,47.554516,0
            10.740327,47.554482,0
            10.740293,47.554447,0
            10.740164,47.55436,0
            10.739755,47.554151,0
            10.739313,47.553899,0
            10.739588,47.553865,0
            10.739844,47.553844,0
            10.740459,47.553768,0
            10.740767,47.553657,0
            10.741126,47.553635,0
            10.741421,47.553633,0
            10.741657,47.55366,0
            10.741938,47.553715,0
            10.742306,47.553814,0
            10.742594,47.553914,0
            10.742737,47.553981,0
            10.742798,47.554033,0
            10.742931,47.554178,0
            10.743617,47.554772,0
            10.743906,47.554972,0
            10.744512,47.555224,0
            10.744963,47.555343,0
            10.745246,47.555466,0
            10.745362,47.555582,0
            10.745653,47.55592,0
            10.745863,47.556124,0
            10.746081,47.556262,0
            10.746428,47.556358,0
            10.746732,47.556516,0
            10.746819,47.556653,0
            10.747099,47.557234,0
            10.747242,47.557421,0
            10.747404,47.557552,0
            10.747564,47.55765,0
            10.74771,47.557716,0
            10.74788,47.55777,0
            10.748301,47.557853,0
            10.748761,47.558008,0
            10.74881,47.558096,0
            10.748818,47.558183,0
            10.74878,47.558309,0
            10.748736,47.5584,0
            10.748668,47.558468,0
            10.748654,47.558549,0
            10.748727,47.55862,0
            10.748921,47.558681,0
            10.749276,47.558729,0
            10.749492,47.55872,0
            10.749804,47.558682,0
            10.750006,47.558646,0
            10.750157,47.558588,0
            10.750226,47.55851,0
            10.750244,47.558435,0
            10.75021,47.558345,0
            10.750123,47.558278,0
            10.749844,47.55822,0
            10.749764,47.558173,0
            10.74973,47.558131,0
            10.749736,47.558043,0
            10.749765,47.557958,0
            10.749849,47.557902,0
          </coordinates>
        </LineString>
      </Placemark>
      <Placemark>
        <name>Neuschwanstein Castle</name>
        <description><![CDATA[description: Castle from 2019-12-26T14:20:26.000Z to 2019-12-26T15:55:22.000Z. Distance 0m<br>Email: syugen.zhou@gmail.com<br>Category: Castle<br>Distance: 0]]></description>
        <styleUrl>#icon-1535-0288D1</styleUrl>
        <ExtendedData>
          <Data name="description">
            <value>Castle from 2019-12-26T14:20:26.000Z to 2019-12-26T15:55:22.000Z. Distance 0m</value>
          </Data>
          <Data name="Email">
            <value>syugen.zhou@gmail.com</value>
          </Data>
          <Data name="Category">
            <value>Castle</value>
          </Data>
          <Data name="Distance">
            <value>0</value>
          </Data>
        </ExtendedData>
        <Point>
          <coordinates>
            10.7498,47.557574,0
          </coordinates>
        </Point>
      </Placemark>
      <Placemark>
        <name>Walking</name>
        <description><![CDATA[description: Walking from 2019-12-26T15:55:22.000Z to 2019-12-26T16:09:36.000Z. Distance 1401m<br>Email: syugen.zhou@gmail.com<br>Category: Walking<br>Distance: 1401]]></description>
        <styleUrl>#line-F9A825-5000</styleUrl>
        <ExtendedData>
          <Data name="description">
            <value>Walking from 2019-12-26T15:55:22.000Z to 2019-12-26T16:09:36.000Z. Distance 1401m</value>
          </Data>
          <Data name="Email">
            <value>syugen.zhou@gmail.com</value>
          </Data>
          <Data name="Category">
            <value>Walking</value>
          </Data>
          <Data name="Distance">
            <value>1401</value>
          </Data>
        </ExtendedData>
        <LineString>
          <tessellate>1</tessellate>
          <coordinates>
            10.749849,47.557902,0
            10.749765,47.557958,0
            10.749736,47.558043,0
            10.74973,47.558131,0
            10.749764,47.558173,0
            10.749844,47.55822,0
            10.750123,47.558278,0
            10.75021,47.558345,0
            10.750244,47.558435,0
            10.750226,47.55851,0
            10.750157,47.558588,0
            10.750006,47.558646,0
            10.749804,47.558682,0
            10.749492,47.55872,0
            10.749276,47.558729,0
            10.748921,47.558681,0
            10.748727,47.55862,0
            10.748654,47.558549,0
            10.748668,47.558468,0
            10.748736,47.5584,0
            10.74878,47.558309,0
            10.748818,47.558183,0
            10.74881,47.558096,0
            10.748761,47.558008,0
            10.748301,47.557853,0
            10.748059,47.55781,0
            10.74788,47.55777,0
            10.74771,47.557716,0
            10.747564,47.55765,0
            10.747404,47.557552,0
            10.747242,47.557421,0
            10.747099,47.557234,0
            10.746916,47.556871,0
            10.746819,47.556653,0
            10.746732,47.556516,0
            10.746428,47.556358,0
            10.74608,47.556262,0
            10.745863,47.556124,0
            10.745652,47.55592,0
            10.745362,47.555582,0
            10.745246,47.555466,0
            10.744963,47.555344,0
            10.744512,47.555224,0
            10.744208,47.555103,0
            10.743906,47.554972,0
            10.743617,47.554772,0
            10.743352,47.55455,0
            10.743079,47.554297,0
            10.742931,47.554178,0
            10.742798,47.554033,0
            10.742737,47.553981,0
            10.742594,47.553914,0
            10.742306,47.553814,0
            10.741938,47.553715,0
            10.741657,47.55366,0
            10.741421,47.553633,0
            10.741126,47.553635,0
            10.740767,47.553657,0
            10.740459,47.553768,0
            10.739844,47.553844,0
            10.739588,47.553865,0
            10.739313,47.553899,0
            10.739755,47.554151,0
            10.740164,47.55436,0
            10.740293,47.554447,0
            10.740327,47.554482,0
            10.740339,47.5545,0
            10.740345,47.554516,0
            10.740345,47.554528,0
            10.74034,47.554545,0
            10.740321,47.554581,0
            10.740306,47.554601,0
            10.740279,47.55462,0
            10.740255,47.554631,0
            10.740226,47.554639,0
            10.740151,47.554647,0
            10.73944,47.554607,0
            10.738942,47.554555,0
            10.738867,47.554556,0
            10.738818,47.554567,0
            10.738767,47.554583,0
            10.738732,47.554599,0
            10.738703,47.554621,0
            10.738663,47.554666,0
            10.738639,47.554723,0
            10.738625,47.554804,0
            10.738955,47.554877,0
            10.739155,47.554935,0
            10.739345,47.555016,0
            10.740273,47.555726,0
            10.740418,47.555816,0
            10.740534,47.555909,0
            10.740624,47.555998,0
            10.740697,47.556092,0
            10.740749,47.556171,0
            10.740797,47.55626,0
            10.740819,47.556354,0
            10.740847,47.556617,0
            10.741061,47.557703,0
            10.74128,47.558586,0
          </coordinates>
        </LineString>
      </Placemark>
      <Placemark>
        <name>Parkplatz P2 Königsschlösser</name>
        <description><![CDATA[description: Parking lot from 2019-12-26T16:09:36.000Z to 2019-12-26T16:26:11.000Z. Distance 0m<br>Email: syugen.zhou@gmail.com<br>Category: Parking lot<br>Distance: 0]]></description>
        <styleUrl>#icon-1739-0288D1</styleUrl>
        <ExtendedData>
          <Data name="description">
            <value>Parking lot from 2019-12-26T16:09:36.000Z to 2019-12-26T16:26:11.000Z. Distance 0m</value>
          </Data>
          <Data name="Email">
            <value>syugen.zhou@gmail.com</value>
          </Data>
          <Data name="Category">
            <value>Parking lot</value>
          </Data>
          <Data name="Distance">
            <value>0</value>
          </Data>
        </ExtendedData>
        <Point>
          <coordinates>
            10.740444,47.558492,0
          </coordinates>
        </Point>
      </Placemark>
      <Placemark>
        <name>Driving</name>
        <description><![CDATA[description: Driving from 2019-12-26T16:26:11.213Z to 2019-12-26T18:39:00.516Z. Distance 127247m<br>Email: syugen.zhou@gmail.com<br>Category: Driving<br>Distance: 127247]]></description>
        <styleUrl>#line-F9A825-5000</styleUrl>
        <ExtendedData>
          <Data name="description">
            <value>Driving from 2019-12-26T16:26:11.213Z to 2019-12-26T18:39:00.516Z. Distance 127247m</value>
          </Data>
          <Data name="Email">
            <value>syugen.zhou@gmail.com</value>
          </Data>
          <Data name="Category">
            <value>Driving</value>
          </Data>
          <Data name="Distance">
            <value>127247</value>
          </Data>
        </ExtendedData>
        <LineString>
          <tessellate>1</tessellate>
          <coordinates>
            10.739671,47.558609,0
            10.738625,47.561556,0
            10.737682,47.567984,0
            10.737732,47.569667,0
            10.737317,47.570392,0
            10.737065,47.572337,0
            10.736868,47.572894,0
            10.736812,47.575794,0
            10.737086,47.576717,0
            10.736998,47.576796,0
            10.738312,47.577859,0
            10.739237,47.578378,0
            10.753982,47.582673,0
            10.762732,47.585716,0
            10.76363,47.586207,0
            10.764769,47.58705,0
            10.767278,47.589438,0
            10.768574,47.590181,0
            10.771508,47.591238,0
            10.774362,47.592008,0
            10.780591,47.593284,0
            10.781774,47.593807,0
            10.783705,47.595421,0
            10.784944,47.596043,0
            10.785482,47.596459,0
            10.786256,47.597655,0
            10.786845,47.598032,0
            10.788917,47.598673,0
            10.789736,47.599164,0
            10.79022,47.599632,0
            10.791198,47.60123,0
            10.79162,47.60156,0
            10.793123,47.602397,0
            10.794683,47.604008,0
            10.79678,47.605193,0
            10.797424,47.60571,0
            10.797815,47.606163,0
            10.799146,47.608736,0
            10.803983,47.613405,0
            10.803984,47.613459,0
            10.806988,47.616151,0
            10.809529,47.620853,0
            10.810068,47.621391,0
            10.810838,47.621935,0
            10.818928,47.626467,0
            10.819881,47.627148,0
            10.820327,47.627655,0
            10.820715,47.628532,0
            10.820876,47.630335,0
            10.820796,47.63116,0
            10.820958,47.632056,0
            10.821263,47.632732,0
            10.827243,47.640186,0
            10.827529,47.640734,0
            10.827761,47.642887,0
            10.828152,47.6444,0
            10.829767,47.647477,0
            10.830731,47.6487,0
            10.831437,47.649364,0
            10.833035,47.650469,0
            10.838506,47.653111,0
            10.839042,47.65355,0
            10.839515,47.654209,0
            10.83971,47.65473,0
            10.839641,47.656208,0
            10.83986,47.656901,0
            10.840471,47.657615,0
            10.842924,47.659222,0
            10.843529,47.659771,0
            10.844546,47.661402,0
            10.845292,47.662188,0
            10.84738,47.663491,0
            10.848067,47.664099,0
            10.850256,47.666771,0
            10.852187,47.668275,0
            10.852598,47.668945,0
            10.852831,47.670647,0
            10.853038,47.671196,0
            10.853812,47.672329,0
            10.854581,47.673895,0
            10.855783,47.675302,0
            10.856372,47.677135,0
            10.857536,47.678386,0
            10.857887,47.678922,0
            10.858042,47.679381,0
            10.85811,47.680774,0
            10.8609,47.688407,0
            10.861015,47.689158,0
            10.860929,47.689722,0
            10.860517,47.690774,0
            10.860593,47.691644,0
            10.861401,47.692951,0
            10.861472,47.693378,0
            10.861348,47.694318,0
            10.860972,47.695417,0
            10.860988,47.696614,0
            10.860799,47.697549,0
            10.860875,47.69891,0
            10.859978,47.700587,0
            10.860013,47.701237,0
            10.860516,47.702146,0
            10.862261,47.703939,0
            10.862744,47.704268,0
            10.865997,47.705705,0
            10.868097,47.706408,0
            10.869439,47.707192,0
            10.870516,47.707449,0
            10.873142,47.707621,0
            10.873865,47.707803,0
            10.874485,47.708077,0
            10.875158,47.709092,0
            10.875494,47.709393,0
            10.876465,47.709935,0
            10.879091,47.710601,0
            10.880558,47.711369,0
            10.881215,47.712032,0
            10.881879,47.712509,0
            10.882129,47.712846,0
            10.882181,47.713647,0
            10.883479,47.715555,0
            10.884058,47.716037,0
            10.884619,47.71695,0
            10.884872,47.717149,0
            10.885865,47.717459,0
            10.887487,47.717764,0
            10.888028,47.717995,0
            10.888354,47.718292,0
            10.8887,47.719708,0
            10.889209,47.720482,0
            10.890759,47.724214,0
            10.891176,47.726155,0
            10.891117,47.726724,0
            10.89078,47.727308,0
            10.889659,47.728221,0
            10.889383,47.728588,0
            10.889143,47.729395,0
            10.888443,47.730037,0
            10.887774,47.730314,0
            10.886656,47.730505,0
            10.885775,47.73054,0
            10.885396,47.730679,0
            10.88512,47.730924,0
            10.885025,47.731155,0
            10.88566,47.733584,0
            10.88566,47.734835,0
            10.884339,47.738537,0
            10.884372,47.73975,0
            10.885008,47.741322,0
            10.885892,47.742521,0
            10.886507,47.743121,0
            10.889388,47.745149,0
            10.894014,47.750943,0
            10.894982,47.751782,0
            10.897869,47.75364,0
            10.898959,47.754923,0
            10.902337,47.762948,0
            10.902447,47.763688,0
            10.902345,47.766102,0
            10.902723,47.767202,0
            10.905008,47.771297,0
            10.905204,47.772246,0
            10.904824,47.773899,0
            10.904876,47.774268,0
            10.905092,47.774628,0
            10.905836,47.775395,0
            10.90638,47.776438,0
            10.907107,47.778782,0
            10.90945,47.783236,0
            10.908698,47.783365,0
            10.908192,47.783301,0
            10.907838,47.783087,0
            10.907459,47.782501,0
            10.90728,47.782393,0
            10.906928,47.782351,0
            10.896882,47.784683,0
            10.871367,47.7942,0
            10.869253,47.795365,0
            10.867954,47.796434,0
            10.866558,47.798241,0
            10.866155,47.799139,0
            10.865854,47.800636,0
            10.866066,47.802491,0
            10.866461,47.803516,0
            10.86704,47.804479,0
            10.868191,47.805809,0
            10.881136,47.818364,0
            10.883019,47.820911,0
            10.884056,47.822792,0
            10.885313,47.826036,0
            10.886128,47.829628,0
            10.886641,47.830613,0
            10.887264,47.831436,0
            10.888476,47.832531,0
            10.8902,47.833534,0
            10.891402,47.833992,0
            10.892946,47.834402,0
            10.897298,47.835176,0
            10.898423,47.835589,0
            10.900075,47.836563,0
            10.901171,47.837787,0
            10.901659,47.838931,0
            10.9018,47.840213,0
            10.901474,47.841188,0
            10.90084,47.842193,0
            10.899065,47.844031,0
            10.898417,47.845013,0
            10.897784,47.847165,0
            10.897634,47.850276,0
            10.896511,47.855587,0
            10.895617,47.858263,0
            10.894394,47.860776,0
            10.894325,47.861281,0
            10.894797,47.863417,0
            10.894812,47.864202,0
            10.893924,47.866822,0
            10.89387,47.868059,0
            10.894563,47.871865,0
            10.89458,47.873082,0
            10.89427,47.874488,0
            10.89213,47.880184,0
            10.889292,47.884729,0
            10.888313,47.887275,0
            10.887189,47.891511,0
            10.887215,47.891696,0
            10.885427,47.897541,0
            10.8825,47.903453,0
            10.881981,47.904189,0
            10.881824,47.904296,0
            10.876813,47.910059,0
            10.875297,47.912471,0
            10.873707,47.918265,0
            10.873065,47.919538,0
            10.870286,47.923649,0
            10.869224,47.925816,0
            10.868218,47.93153,0
            10.866738,47.935237,0
            10.864378,47.939132,0
            10.864243,47.939638,0
            10.864274,47.940461,0
            10.865701,47.945669,0
            10.865693,47.947245,0
            10.86508,47.948998,0
            10.865017,47.949061,0
            10.864514,47.950505,0
            10.86421,47.952963,0
            10.864014,47.953475,0
            10.86218,47.9564,0
            10.86194,47.957529,0
            10.861988,47.95967,0
            10.861693,47.960888,0
            10.859993,47.964743,0
            10.853224,47.977294,0
            10.852982,47.978763,0
            10.853186,47.979937,0
            10.853243,47.980007,0
            10.853791,47.982295,0
            10.853757,47.982388,0
            10.859355,48.010672,0
            10.859328,48.010749,0
            10.860977,48.019895,0
            10.862055,48.021963,0
            10.862294,48.022964,0
            10.862274,48.023566,0
            10.86186,48.024769,0
            10.860994,48.02583,0
            10.856424,48.028892,0
            10.855303,48.029887,0
            10.854527,48.030945,0
            10.853371,48.033764,0
            10.852371,48.035089,0
            10.851575,48.035796,0
            10.849862,48.03685,0
            10.846969,48.038121,0
            10.845154,48.039144,0
            10.842794,48.041094,0
            10.840732,48.043829,0
            10.838503,48.045565,0
            10.838172,48.046202,0
            10.838214,48.046367,0
            10.838314,48.046466,0
            10.839144,48.046779,0
            10.839743,48.047177,0
            10.840067,48.047698,0
            10.840041,48.048353,0
            10.839728,48.048973,0
            10.839775,48.049116,0
            10.843419,48.052526,0
            10.846998,48.058353,0
            10.848779,48.060645,0
            10.850246,48.06198,0
            10.8527,48.063457,0
            10.855488,48.064493,0
            10.857702,48.065067,0
            10.862216,48.065837,0
            10.864554,48.065995,0
            10.868219,48.065874,0
            10.870898,48.065504,0
            10.873822,48.064771,0
            10.877066,48.0635,0
            10.882002,48.060928,0
            10.886297,48.059195,0
            10.890328,48.058062,0
            10.893906,48.057408,0
            10.897525,48.057039,0
            10.90376,48.05699,0
            10.911587,48.057616,0
            10.913589,48.057526,0
            10.915196,48.057308,0
            10.91982,48.056259,0
            10.921741,48.056048,0
            10.930848,48.056088,0
            10.937886,48.055354,0
            10.940588,48.055337,0
            10.943096,48.055655,0
            10.95159,48.057295,0
            10.956441,48.057847,0
            10.975148,48.059122,0
            10.979564,48.059865,0
            10.982521,48.060586,0
            10.991865,48.063635,0
            10.996798,48.064966,0
            11.000027,48.065585,0
            11.002923,48.065921,0
            11.007475,48.066012,0
            11.015159,48.065538,0
            11.017682,48.065664,0
            11.020059,48.066059,0
            11.023281,48.067089,0
            11.032391,48.071687,0
            11.036031,48.073077,0
            11.04019,48.073977,0
            11.043456,48.074259,0
            11.045711,48.074249,0
            11.049199,48.073914,0
            11.050726,48.073634,0
            11.059225,48.071452,0
            11.062035,48.071033,0
            11.067389,48.070922,0
            11.070975,48.071198,0
            11.081781,48.073025,0
            11.088819,48.073604,0
            11.097241,48.075072,0
            11.106334,48.075569,0
            11.109574,48.076108,0
            11.113274,48.07703,0
            11.117224,48.077723,0
            11.123091,48.078286,0
            11.133838,48.078883,0
            11.136566,48.079324,0
            11.139235,48.080142,0
            11.147023,48.083578,0
            11.148515,48.084048,0
            11.151652,48.08465,0
            11.15406,48.084861,0
            11.157128,48.08477,0
            11.159046,48.08446,0
            11.163529,48.083232,0
            11.167051,48.082708,0
            11.169317,48.082679,0
            11.171052,48.08281,0
            11.181471,48.084292,0
            11.186115,48.084539,0
            11.197601,48.084478,0
            11.201523,48.084671,0
            11.213212,48.086351,0
            11.224013,48.086808,0
            11.226893,48.087313,0
            11.228174,48.087667,0
            11.238511,48.091728,0
            11.243019,48.092827,0
            11.245114,48.093034,0
            11.246991,48.093003,0
            11.248677,48.092805,0
            11.25215,48.092094,0
            11.254795,48.091887,0
            11.259576,48.092109,0
            11.264157,48.091782,0
            11.265558,48.091798,0
            11.267668,48.092094,0
            11.27246,48.093653,0
            11.273888,48.093964,0
            11.275963,48.094135,0
            11.277839,48.094023,0
            11.284609,48.093014,0
            11.2892,48.092941,0
            11.295075,48.093419,0
            11.30002,48.094245,0
            11.305968,48.095768,0
            11.308391,48.096162,0
            11.321455,48.096524,0
            11.325668,48.097186,0
            11.328395,48.097882,0
            11.331998,48.099202,0
            11.333913,48.10007,0
            11.337946,48.102639,0
            11.343608,48.107561,0
            11.344818,48.108325,0
            11.344877,48.108406,0
            11.346328,48.109214,0
            11.349417,48.110471,0
            11.369362,48.116414,0
            11.371777,48.116867,0
            11.373065,48.116975,0
            11.383267,48.117072,0
            11.387782,48.117509,0
            11.393411,48.118579,0
            11.395899,48.119377,0
            11.39781,48.120217,0
            11.399215,48.121082,0
            11.400577,48.122217,0
            11.401521,48.123283,0
            11.401553,48.123405,0
            11.402984,48.125187,0
            11.4043,48.126355,0
            11.406032,48.127448,0
            11.407638,48.128189,0
            11.411367,48.129299,0
            11.414961,48.129978,0
            11.417445,48.130243,0
            11.420968,48.130327,0
            11.424256,48.130002,0
            11.42632,48.129491,0
            11.431919,48.127552,0
            11.433933,48.127153,0
            11.4356,48.127086,0
            11.436519,48.127145,0
            11.440406,48.127861,0
            11.442529,48.127953,0
            11.443906,48.127827,0
            11.445642,48.127452,0
            11.450602,48.12557,0
            11.452602,48.125017,0
            11.454227,48.124741,0
            11.466697,48.123781,0
            11.476065,48.123546,0
            11.489086,48.123727,0
            11.491065,48.123901,0
            11.499767,48.125615,0
            11.501833,48.12575,0
            11.505755,48.125531,0
            11.513703,48.124439,0
            11.513889,48.124451,0
            11.521165,48.123489,0
            11.521131,48.123486,0
            11.521638,48.123504,0
            11.522035,48.123599,0
            11.522227,48.123699,0
            11.522425,48.123891,0
            11.522516,48.124204,0
            11.522463,48.124364,0
            11.522258,48.124588,0
            11.521719,48.124924,0
            11.52152,48.125167,0
            11.521524,48.125626,0
            11.522037,48.126151,0
            11.524044,48.127624,0
            11.533152,48.132922,0
            11.53342,48.13318,0
            11.533942,48.134039,0
            11.534552,48.137424,0
            11.534469,48.140032,0
            11.535103,48.144936,0
            11.535307,48.145444,0
            11.536566,48.147095,0
            11.536738,48.147774,0
            11.538181,48.168645,0
            11.538663,48.171455,0
            11.539184,48.172911,0
            11.539985,48.173957,0
            11.540718,48.174602,0
            11.542957,48.175943,0
            11.543584,48.176111,0
            11.544809,48.17619,0
            11.564604,48.175953,0
            11.565844,48.176104,0
            11.572032,48.177841,0
            11.573038,48.178005,0
            11.574465,48.177999,0
            11.580883,48.177485,0
            11.58617,48.177536,0
            11.587455,48.177428,0
            11.588539,48.177203,0
            11.594653,48.174734,0
            11.59962,48.172139,0
            11.599944,48.171689,0
            11.599958,48.171074,0
            11.596164,48.165499,0
            11.595903,48.16457,0
            11.596017,48.163885,0
            11.596564,48.163032,0
            11.597209,48.162511,0
            11.600693,48.160435,0
            11.60325,48.157513,0
            11.603362,48.157201,0
            11.603341,48.156935,0
            11.600795,48.153569,0
            11.600422,48.153682,0
            11.600073,48.153691,0
            11.59988,48.153603,0
            11.598622,48.152184,0
            11.598385,48.152101,0
            11.598227,48.152106,0
            11.597919,48.152201,0
            11.598075,48.152369,0
            11.598169,48.152389,0
            11.598649,48.152213,0
            11.59988,48.153603,0
            11.600073,48.153691,0
            11.600422,48.153682,0
            11.60092,48.153541,0
            11.60406,48.157638,0
            11.604217,48.158343,0
            11.604032,48.158861,0
            11.603755,48.159123,0
            11.603338,48.159332,0
            11.603067,48.159391,0
            11.602127,48.159415,0
            11.601886,48.159477,0
            11.600371,48.160796,0
            11.597276,48.162577,0
            11.597274,48.162639,0
            11.596422,48.16375,0
            11.596082,48.163997,0
            11.594635,48.164561,0
            11.59329,48.163479,0
            11.592928,48.162945,0
            11.589953,48.163596,0
            11.590105,48.164055,0
          </coordinates>
        </LineString>
      </Placemark>
      <Placemark>
        <name>Cevicheria Pez</name>
        <description><![CDATA[description: Peruvian from 2019-12-26T18:39:00.516Z to 2019-12-26T20:29:54.573Z. Distance 0m<br>Email: syugen.zhou@gmail.com<br>Category: Peruvian<br>Distance: 0]]></description>
        <styleUrl>#icon-1739-0288D1</styleUrl>
        <ExtendedData>
          <Data name="description">
            <value>Peruvian from 2019-12-26T18:39:00.516Z to 2019-12-26T20:29:54.573Z. Distance 0m</value>
          </Data>
          <Data name="Email">
            <value>syugen.zhou@gmail.com</value>
          </Data>
          <Data name="Category">
            <value>Peruvian</value>
          </Data>
          <Data name="Distance">
            <value>0</value>
          </Data>
        </ExtendedData>
        <Point>
          <coordinates>
            11.590634,48.163144,0
          </coordinates>
        </Point>
      </Placemark>
      <Placemark>
        <name>Driving</name>
        <description><![CDATA[description: Driving from 2019-12-26T20:29:54.573Z to 2019-12-26T20:43:56.968Z. Distance 2069m<br>Email: syugen.zhou@gmail.com<br>Category: Driving<br>Distance: 2069]]></description>
        <styleUrl>#line-F9A825-5000</styleUrl>
        <ExtendedData>
          <Data name="description">
            <value>Driving from 2019-12-26T20:29:54.573Z to 2019-12-26T20:43:56.968Z. Distance 2069m</value>
          </Data>
          <Data name="Email">
            <value>syugen.zhou@gmail.com</value>
          </Data>
          <Data name="Category">
            <value>Driving</value>
          </Data>
          <Data name="Distance">
            <value>2069</value>
          </Data>
        </ExtendedData>
        <LineString>
          <tessellate>1</tessellate>
          <coordinates>
            11.590587,48.16327,0
            11.590702,48.163443,0
            11.589953,48.163596,0
            11.590106,48.164055,0
            11.590196,48.164286,0
            11.590259,48.164423,0
            11.59033,48.164553,0
            11.590404,48.164639,0
            11.590605,48.16485,0
            11.591117,48.165335,0
            11.591159,48.165383,0
            11.591719,48.165921,0
            11.59255,48.16553,0
            11.593105,48.165284,0
            11.593126,48.165269,0
            11.593844,48.164925,0
            11.593913,48.1649,0
            11.594334,48.164671,0
            11.594418,48.16463,0
            11.594554,48.164458,0
            11.595056,48.164125,0
            11.595438,48.163852,0
            11.595716,48.163617,0
            11.595989,48.163402,0
            11.596089,48.163307,0
            11.596516,48.162954,0
            11.596839,48.162705,0
            11.596904,48.162662,0
            11.596918,48.162656,0
            11.59702,48.162644,0
            11.597209,48.162511,0
            11.597626,48.162269,0
            11.59943,48.161272,0
            11.599966,48.160955,0
            11.600246,48.160771,0
            11.600398,48.160663,0
            11.600694,48.160435,0
            11.600906,48.160252,0
            11.601083,48.160084,0
            11.601297,48.15986,0
            11.601518,48.159594,0
            11.602055,48.158875,0
            11.602334,48.158525,0
            11.60246,48.158386,0
            11.602577,48.158269,0
            11.602733,48.158124,0
            11.602913,48.157968,0
            11.602976,48.157848,0
            11.603053,48.157752,0
            11.60311,48.157692,0
            11.603206,48.157577,0
            11.60325,48.157513,0
            11.603302,48.157417,0
            11.603325,48.15736,0
            11.603353,48.157258,0
            11.603362,48.157201,0
            11.603367,48.157116,0
            11.603365,48.157077,0
            11.603341,48.156935,0
            11.603308,48.156847,0
            11.603263,48.15676,0
            11.603195,48.156644,0
            11.603058,48.156455,0
            11.60138,48.15429,0
            11.600875,48.153659,0
            11.600795,48.153569,0
            11.600514,48.153662,0
            11.600422,48.153682,0
            11.600329,48.153695,0
            11.600243,48.1537,0
            11.600074,48.153691,0
            11.599978,48.153662,0
            11.599945,48.153645,0
            11.59988,48.153603,0
            11.599753,48.153475,0
            11.59888,48.152466,0
            11.598622,48.152184,0
            11.598482,48.152122,0
            11.598448,48.152112,0
            11.598385,48.152102,0
            11.59831,48.152101,0
            11.598227,48.152106,0
            11.598163,48.15212,0
            11.59805,48.152154,0
            11.597919,48.152201,0
            11.598024,48.152322,0
            11.598064,48.15236,0
            11.598075,48.152369,0
            11.598098,48.152382,0
            11.598121,48.152388,0
            11.598149,48.15239,0
            11.598169,48.152389,0
            11.598182,48.152386,0
            11.59828,48.152352,0
            11.598483,48.152275,0
            11.598438,48.152242,0
            11.59841,48.152229,0
            11.598395,48.152225,0
            11.598364,48.152222,0
            11.598279,48.152224,0
          </coordinates>
        </LineString>
      </Placemark>
      <Placemark>
        <name>Hilton Munich Park</name>
        <description><![CDATA[description: Hotel from 2019-12-26T20:43:56.968Z to 2019-12-27T08:49:10.179Z. Distance 0m<br>Email: syugen.zhou@gmail.com<br>Category: Hotel<br>Distance: 0]]></description>
        <styleUrl>#icon-1602-0288D1</styleUrl>
        <ExtendedData>
          <Data name="description">
            <value>Hotel from 2019-12-26T20:43:56.968Z to 2019-12-27T08:49:10.179Z. Distance 0m</value>
          </Data>
          <Data name="Email">
            <value>syugen.zhou@gmail.com</value>
          </Data>
          <Data name="Category">
            <value>Hotel</value>
          </Data>
          <Data name="Distance">
            <value>0</value>
          </Data>
        </ExtendedData>
        <Point>
          <coordinates>
            11.598338,48.152371,0
          </coordinates>
        </Point>
      </Placemark>
    </Folder>
    <Folder>
      <name>2019-12-25</name>
      <Placemark>
        <name>Hôtel Arok</name>
        <description><![CDATA[description: Hotel from 2019-12-24T21:03:50.706Z to 2019-12-25T08:58:42.000Z. Distance 0m<br>Email: syugen.zhou@gmail.com<br>Category: Hotel<br>Distance: 0]]></description>
        <styleUrl>#icon-1602-0288D1</styleUrl>
        <ExtendedData>
          <Data name="description">
            <value>Hotel from 2019-12-24T21:03:50.706Z to 2019-12-25T08:58:42.000Z. Distance 0m</value>
          </Data>
          <Data name="Email">
            <value>syugen.zhou@gmail.com</value>
          </Data>
          <Data name="Category">
            <value>Hotel</value>
          </Data>
          <Data name="Distance">
            <value>0</value>
          </Data>
        </ExtendedData>
        <Point>
          <coordinates>
            7.736075,48.583879,0
          </coordinates>
        </Point>
      </Placemark>
      <Placemark>
        <name>In a taxi</name>
        <description><![CDATA[description: In a taxi from 2019-12-25T09:07:07.000Z to 2019-12-25T09:28:33.000Z. Distance 15260m<br>Email: syugen.zhou@gmail.com<br>Category: In a taxi<br>Distance: 15260]]></description>
        <styleUrl>#line-A52714-5000</styleUrl>
        <ExtendedData>
          <Data name="description">
            <value>In a taxi from 2019-12-25T09:07:07.000Z to 2019-12-25T09:28:33.000Z. Distance 15260m</value>
          </Data>
          <Data name="Email">
            <value>syugen.zhou@gmail.com</value>
          </Data>
          <Data name="Category">
            <value>In a taxi</value>
          </Data>
          <Data name="Distance">
            <value>15260</value>
          </Data>
        </ExtendedData>
        <LineString>
          <tessellate>1</tessellate>
          <coordinates>
            7.734716,48.58414,0
            7.734572,48.584116,0
            7.734466,48.584054,0
            7.73454,48.583924,0
            7.735683,48.583994,0
            7.736318,48.584573,0
            7.736417,48.585477,0
            7.738674,48.587517,0
            7.737745,48.587972,0
            7.737685,48.588038,0
            7.736269,48.588765,0
            7.736014,48.588984,0
            7.735739,48.589466,0
            7.735803,48.589514,0
            7.734231,48.591291,0
            7.734105,48.591586,0
            7.734241,48.592112,0
            7.735019,48.592564,0
            7.735483,48.592632,0
            7.735732,48.592607,0
            7.735862,48.592554,0
            7.736032,48.592363,0
            7.735959,48.592111,0
            7.735781,48.591961,0
            7.734537,48.591369,0
            7.734431,48.591273,0
            7.733413,48.590819,0
            7.733302,48.590688,0
            7.731916,48.589997,0
            7.725724,48.585979,0
            7.72486,48.585015,0
            7.724231,48.583991,0
            7.723812,48.582618,0
            7.723785,48.581313,0
            7.724132,48.580092,0
            7.724611,48.579209,0
            7.726478,48.577196,0
            7.726594,48.577142,0
            7.729484,48.574319,0
            7.730104,48.573293,0
            7.733127,48.564067,0
            7.733338,48.561805,0
            7.732102,48.552615,0
            7.73135,48.550635,0
            7.729899,48.54845,0
            7.728544,48.547031,0
            7.718269,48.538649,0
            7.717148,48.537995,0
            7.715214,48.537157,0
            7.713362,48.536616,0
            7.711889,48.536329,0
            7.706077,48.535964,0
            7.703052,48.535426,0
            7.700759,48.534653,0
            7.699253,48.533929,0
            7.692405,48.529511,0
            7.689835,48.528343,0
            7.688155,48.527842,0
            7.68576,48.527413,0
            7.677151,48.526741,0
            7.667625,48.525426,0
            7.667054,48.525505,0
            7.665326,48.526177,0
            7.664929,48.52648,0
            7.661324,48.533676,0
            7.659704,48.536152,0
            7.650733,48.54562,0
            7.650397,48.546191,0
            7.650172,48.547104,0
            7.650296,48.548063,0
            7.651089,48.549263,0
            7.651374,48.549529,0
            7.651816,48.549729,0
            7.65291,48.55003,0
            7.653291,48.550343,0
            7.653428,48.550648,0
            7.653332,48.55111,0
            7.653174,48.551302,0
            7.652435,48.551752,0
            7.65183,48.551941,0
            7.650922,48.552002,0
            7.64665,48.551305,0
            7.633616,48.548113,0
            7.630829,48.547262,0
            7.630354,48.547291,0
            7.630219,48.547211,0
            7.630193,48.547083,0
            7.630235,48.547022,0
            7.630183,48.54692,0
            7.630099,48.546869,0
            7.629954,48.546853,0
            7.629711,48.5469,0
            7.629286,48.546893,0
            7.626113,48.546099,0
            7.626009,48.545984,0
            7.626316,48.544632,0
            7.626376,48.54457,0
            7.626724,48.544437,0
            7.626828,48.544441,0
            7.628153,48.545206,0
          </coordinates>
        </LineString>
      </Placemark>
      <Placemark>
        <name>Strasbourg Airport</name>
        <description><![CDATA[description: International airport from 2019-12-25T09:28:33.191Z to 2019-12-25T10:04:57.000Z. Distance 0m<br>Email: syugen.zhou@gmail.com<br>Category: International airport<br>Distance: 0]]></description>
        <styleUrl>#icon-1739-0288D1</styleUrl>
        <ExtendedData>
          <Data name="description">
            <value>International airport from 2019-12-25T09:28:33.191Z to 2019-12-25T10:04:57.000Z. Distance 0m</value>
          </Data>
          <Data name="Email">
            <value>syugen.zhou@gmail.com</value>
          </Data>
          <Data name="Category">
            <value>International airport</value>
          </Data>
          <Data name="Distance">
            <value>0</value>
          </Data>
        </ExtendedData>
        <Point>
          <coordinates>
            7.624884,48.538993,0
          </coordinates>
        </Point>
      </Placemark>
      <Placemark>
        <name>Driving</name>
        <description><![CDATA[description: Driving from 2019-12-25T10:04:57.000Z to 2019-12-25T10:30:24.000Z. Distance 25459m<br>Email: syugen.zhou@gmail.com<br>Category: Driving<br>Distance: 25459]]></description>
        <styleUrl>#line-A52714-5000</styleUrl>
        <ExtendedData>
          <Data name="description">
            <value>Driving from 2019-12-25T10:04:57.000Z to 2019-12-25T10:30:24.000Z. Distance 25459m</value>
          </Data>
          <Data name="Email">
            <value>syugen.zhou@gmail.com</value>
          </Data>
          <Data name="Category">
            <value>Driving</value>
          </Data>
          <Data name="Distance">
            <value>25459</value>
          </Data>
        </ExtendedData>
        <LineString>
          <tessellate>1</tessellate>
          <coordinates>
            7.628782,48.546586,0
            7.629033,48.546666,0
            7.629316,48.546652,0
            7.629725,48.546375,0
            7.630038,48.546351,0
            7.631209,48.54696,0
            7.631441,48.5473,0
            7.63163,48.547407,0
            7.650061,48.551828,0
            7.650921,48.551859,0
            7.651512,48.551689,0
            7.651822,48.551402,0
            7.651873,48.55095,0
            7.650064,48.54792,0
            7.650082,48.546764,0
            7.650435,48.545849,0
            7.659906,48.535678,0
            7.664749,48.526196,0
            7.664646,48.526088,0
            7.664728,48.525917,0
            7.664865,48.525877,0
            7.666053,48.522724,0
            7.666046,48.522424,0
            7.66597,48.522366,0
            7.665375,48.522309,0
            7.664854,48.52247,0
            7.66444,48.522745,0
            7.663895,48.523648,0
            7.663929,48.5237,0
            7.663786,48.524136,0
            7.664023,48.5245,0
            7.664491,48.52469,0
            7.66748,48.525092,0
            7.66763,48.525165,0
            7.674914,48.526378,0
            7.687686,48.52762,0
            7.691699,48.528801,0
            7.693571,48.528653,0
            7.69412,48.528016,0
            7.699014,48.517949,0
            7.699088,48.517283,0
            7.698711,48.516104,0
            7.697562,48.514635,0
            7.696991,48.513392,0
            7.696062,48.507612,0
            7.695915,48.507436,0
            7.695561,48.507303,0
            7.695275,48.507302,0
            7.694917,48.507432,0
            7.694796,48.507557,0
            7.69475,48.507818,0
            7.694888,48.508022,0
            7.695313,48.508193,0
            7.699782,48.507851,0
            7.70397,48.506841,0
            7.708777,48.504758,0
            7.710549,48.504231,0
            7.734192,48.500289,0
            7.742102,48.497861,0
            7.756831,48.495346,0
            7.760095,48.494122,0
            7.762641,48.492652,0
            7.764388,48.492035,0
            7.765719,48.49176,0
            7.773458,48.491068,0
            7.774315,48.49119,0
            7.775348,48.491542,0
            7.778008,48.493432,0
            7.781268,48.494709,0
            7.783428,48.49498,0
            7.784939,48.494797,0
            7.787897,48.493949,0
            7.788789,48.493878,0
            7.81002,48.495823,0
            7.81322,48.49566,0
            7.821115,48.494625,0
            7.821202,48.494547,0
            7.821392,48.494508,0
            7.822177,48.494611,0
            7.828814,48.494308,0
            7.828922,48.494225,0
            7.829154,48.494215,0
            7.829285,48.494302,0
            7.838825,48.49443,0
            7.842065,48.494025,0
            7.843683,48.493583,0
            7.850043,48.490794,0
            7.855085,48.489155,0
            7.864033,48.485275,0
            7.892688,48.476442,0
            7.897941,48.473649,0
            7.903241,48.471637,0
            7.904593,48.471496,0
            7.907326,48.471664,0
            7.918999,48.470347,0
            7.92235,48.469632,0
            7.924747,48.468785,0
            7.928419,48.467027,0
            7.929466,48.466039,0
            7.930851,48.460337,0
          </coordinates>
        </LineString>
      </Placemark>
      <Placemark>
        <name>Driving</name>
        <description><![CDATA[description: Driving from 2019-12-25T10:31:47.000Z to 2019-12-25T11:15:06.000Z. Distance 43365m<br>Email: syugen.zhou@gmail.com<br>Category: Driving<br>Distance: 43365]]></description>
        <styleUrl>#line-A52714-5000</styleUrl>
        <ExtendedData>
          <Data name="description">
            <value>Driving from 2019-12-25T10:31:47.000Z to 2019-12-25T11:15:06.000Z. Distance 43365m</value>
          </Data>
          <Data name="Email">
            <value>syugen.zhou@gmail.com</value>
          </Data>
          <Data name="Category">
            <value>Driving</value>
          </Data>
          <Data name="Distance">
            <value>43365</value>
          </Data>
        </ExtendedData>
        <LineString>
          <tessellate>1</tessellate>
          <coordinates>
            7.931627,48.454564,0
            7.932174,48.452094,0
            7.931893,48.450135,0
            7.932284,48.449152,0
            7.932989,48.448537,0
            7.934171,48.448082,0
            7.945522,48.447008,0
            7.949214,48.446288,0
            7.9492,48.44629,0
            7.95203,48.44527,0
            7.954166,48.44402,0
            7.956535,48.441512,0
            7.958964,48.436419,0
            7.960789,48.434035,0
            7.964078,48.431223,0
            7.97078,48.427849,0
            7.985954,48.416562,0
            7.99177,48.412965,0
            8.000578,48.406356,0
            8.004406,48.402075,0
            8.00583,48.400937,0
            8.020108,48.392337,0
            8.024692,48.388205,0
            8.024671,48.388169,0
            8.02736,48.384429,0
            8.028718,48.381126,0
            8.028658,48.379153,0
            8.028031,48.3775,0
            8.025113,48.373694,0
            8.024238,48.37195,0
            8.023847,48.370411,0
            8.023812,48.365046,0
            8.022528,48.361927,0
            8.018606,48.357952,0
            8.017372,48.355964,0
            8.017048,48.354357,0
            8.017228,48.352861,0
            8.020199,48.345322,0
            8.020566,48.342177,0
            8.019812,48.339118,0
            8.019982,48.337485,0
            8.020596,48.336322,0
            8.02657,48.331286,0
            8.032965,48.323734,0
            8.046843,48.31119,0
            8.04806,48.310483,0
            8.049781,48.309834,0
            8.055259,48.308669,0
            8.057089,48.307969,0
            8.058412,48.3072,0
            8.060387,48.305366,0
            8.062012,48.303248,0
            8.062632,48.301743,0
            8.062429,48.298719,0
            8.062714,48.296469,0
            8.063213,48.295223,0
            8.064324,48.293554,0
            8.068569,48.289768,0
            8.072827,48.287171,0
            8.073384,48.287112,0
            8.074984,48.287536,0
            8.075751,48.287338,0
            8.07406,48.284338,0
            8.074422,48.283601,0
            8.074765,48.28332,0
            8.076184,48.282685,0
            8.079403,48.282058,0
            8.080047,48.281674,0
            8.08032,48.280977,0
            8.080722,48.280501,0
            8.081707,48.280137,0
            8.08545,48.280026,0
            8.093745,48.27892,0
            8.094316,48.2787,0
            8.095212,48.278041,0
            8.095641,48.277881,0
            8.096156,48.277826,0
            8.104709,48.27857,0
            8.106616,48.279202,0
            8.114419,48.280229,0
            8.116352,48.280127,0
            8.121238,48.279344,0
            8.124206,48.279505,0
            8.145332,48.284118,0
            8.148745,48.284342,0
            8.152154,48.283824,0
            8.15308,48.283939,0
            8.154284,48.284389,0
            8.156453,48.286398,0
            8.157471,48.287028,0
            8.159098,48.287549,0
            8.162849,48.288015,0
            8.167386,48.289451,0
            8.169527,48.289789,0
            8.17718,48.289804,0
            8.18398,48.289365,0
            8.186683,48.288758,0
            8.18847,48.287879,0
            8.18939,48.287184,0
            8.191242,48.284674,0
            8.192577,48.283793,0
            8.194236,48.283315,0
            8.195403,48.282743,0
            8.196412,48.281994,0
            8.197629,48.280576,0
            8.197775,48.279966,0
            8.197207,48.278094,0
            8.197493,48.27619,0
            8.198488,48.273518,0
            8.204261,48.266889,0
            8.204768,48.265712,0
            8.205579,48.26475,0
            8.207246,48.261124,0
            8.208875,48.258652,0
            8.208834,48.257269,0
            8.209013,48.256744,0
            8.209624,48.255947,0
            8.209369,48.254414,0
            8.209528,48.25338,0
            8.210118,48.252089,0
            8.210255,48.250482,0
            8.211111,48.248999,0
            8.212797,48.243894,0
            8.214072,48.242052,0
            8.214348,48.24071,0
            8.213618,48.237051,0
            8.213838,48.235831,0
            8.214549,48.234564,0
            8.215586,48.233369,0
            8.21593,48.232296,0
            8.216816,48.231385,0
            8.217037,48.230826,0
            8.221303,48.226781,0
            8.222511,48.224789,0
            8.222044,48.223892,0
            8.222038,48.22336,0
            8.222855,48.221362,0
            8.223294,48.221421,0
            8.223539,48.221297,0
            8.223589,48.220573,0
            8.22479,48.218632,0
            8.2259,48.217638,0
            8.226636,48.214969,0
            8.227108,48.214271,0
            8.228985,48.212648,0
            8.229724,48.2123,0
            8.230488,48.213326,0
            8.230889,48.213622,0
            8.236578,48.215365,0
            8.23854,48.215474,0
            8.240678,48.215869,0
            8.240979,48.216042,0
            8.241436,48.216831,0
            8.243236,48.217401,0
            8.244213,48.217897,0
            8.245703,48.219093,0
            8.247196,48.21981,0
            8.247778,48.219866,0
            8.248971,48.219687,0
            8.252118,48.218341,0
            8.256505,48.218245,0
            8.256668,48.218402,0
            8.25956,48.218763,0
            8.261506,48.218242,0
            8.263812,48.216422,0
            8.264668,48.216159,0
            8.26676,48.215841,0
            8.269659,48.215845,0
            8.272468,48.215127,0
            8.272677,48.215198,0
            8.273234,48.215138,0
            8.273554,48.214957,0
          </coordinates>
        </LineString>
      </Placemark>
      <Placemark>
        <name>Driving</name>
        <description><![CDATA[description: Driving from 2019-12-25T11:17:54.000Z to 2019-12-25T12:46:38.000Z. Distance 110881m<br>Email: syugen.zhou@gmail.com<br>Category: Driving<br>Distance: 110881]]></description>
        <styleUrl>#line-A52714-5000</styleUrl>
        <ExtendedData>
          <Data name="description">
            <value>Driving from 2019-12-25T11:17:54.000Z to 2019-12-25T12:46:38.000Z. Distance 110881m</value>
          </Data>
          <Data name="Email">
            <value>syugen.zhou@gmail.com</value>
          </Data>
          <Data name="Category">
            <value>Driving</value>
          </Data>
          <Data name="Distance">
            <value>110881</value>
          </Data>
        </ExtendedData>
        <LineString>
          <tessellate>1</tessellate>
          <coordinates>
            8.297052,48.201414,0
            8.299981,48.200139,0
            8.300706,48.199536,0
            8.301315,48.198283,0
            8.30149,48.197355,0
            8.300933,48.192549,0
            8.298808,48.188585,0
            8.299275,48.181661,0
            8.300649,48.176674,0
            8.301024,48.173489,0
            8.301706,48.172497,0
            8.309133,48.167632,0
            8.309807,48.166455,0
            8.312273,48.16433,0
            8.317165,48.161831,0
            8.320646,48.160922,0
            8.32148,48.160558,0
            8.325393,48.15788,0
            8.325881,48.156806,0
            8.326215,48.156477,0
            8.32715,48.156158,0
            8.327233,48.155479,0
            8.32854,48.153963,0
            8.328822,48.154073,0
            8.328772,48.154632,0
            8.328923,48.154843,0
            8.33057,48.155835,0
            8.331428,48.156035,0
            8.335679,48.155925,0
            8.33717,48.156111,0
            8.3392,48.155769,0
            8.343564,48.153027,0
            8.343937,48.152902,0
            8.357507,48.152805,0
            8.360912,48.152044,0
            8.36488,48.149593,0
            8.365656,48.148801,0
            8.367146,48.145753,0
            8.3676,48.143568,0
            8.368829,48.141506,0
            8.369264,48.139467,0
            8.371312,48.135566,0
            8.373413,48.133695,0
            8.374333,48.132466,0
            8.376668,48.131696,0
            8.37697,48.131265,0
            8.376814,48.130664,0
            8.376465,48.130243,0
            8.378096,48.129839,0
            8.380084,48.128959,0
            8.383048,48.126748,0
            8.393623,48.1208,0
            8.395399,48.119384,0
            8.397358,48.116767,0
            8.398557,48.116071,0
            8.401864,48.11541,0
            8.404505,48.114578,0
            8.409936,48.111926,0
            8.412874,48.109613,0
            8.415202,48.106543,0
            8.41732,48.101371,0
            8.419185,48.099188,0
            8.42324,48.095487,0
            8.433481,48.088348,0
            8.438185,48.086158,0
            8.442089,48.083459,0
            8.446746,48.077979,0
            8.448602,48.076618,0
            8.45492,48.072977,0
            8.456098,48.072513,0
            8.459717,48.072068,0
            8.460913,48.071624,0
            8.461576,48.071169,0
            8.463024,48.069392,0
            8.466499,48.067202,0
            8.467416,48.066398,0
            8.468993,48.064333,0
            8.470145,48.061809,0
            8.470874,48.057098,0
            8.471997,48.055131,0
            8.472203,48.052235,0
            8.472554,48.051331,0
            8.473588,48.049975,0
            8.475325,48.04877,0
            8.477158,48.04808,0
            8.481548,48.047101,0
            8.483893,48.046207,0
            8.485216,48.045481,0
            8.487174,48.043972,0
            8.490177,48.040475,0
            8.491593,48.039309,0
            8.495077,48.037456,0
            8.502869,48.034901,0
            8.505325,48.033774,0
            8.508902,48.030952,0
            8.510379,48.030146,0
            8.512895,48.029353,0
            8.514922,48.029059,0
            8.519837,48.029098,0
            8.520551,48.028977,0
            8.521282,48.028633,0
            8.521534,48.028366,0
            8.522035,48.028594,0
            8.529922,48.035102,0
            8.532942,48.038263,0
            8.534819,48.039742,0
            8.538954,48.04599,0
            8.540508,48.047383,0
            8.540825,48.047473,0
            8.541125,48.047428,0
            8.541626,48.047009,0
            8.541643,48.046665,0
            8.540791,48.045548,0
            8.544445,48.044705,0
            8.547285,48.044388,0
            8.549789,48.044535,0
            8.555592,48.045528,0
            8.55907,48.0455,0
            8.563691,48.044709,0
            8.570607,48.04423,0
            8.577773,48.0432,0
            8.585951,48.041071,0
            8.588404,48.039869,0
            8.592348,48.037027,0
            8.594588,48.035844,0
            8.596512,48.035198,0
            8.599865,48.034575,0
            8.609343,48.034283,0
            8.612968,48.033907,0
            8.616527,48.03317,0
            8.616902,48.03293,0
            8.616966,48.032764,0
            8.616375,48.031724,0
            8.616456,48.03146,0
            8.617109,48.03087,0
            8.617182,48.030525,0
            8.608909,48.018291,0
            8.60678,48.013722,0
            8.605467,48.009088,0
            8.605054,48.00183,0
            8.606161,47.995893,0
            8.607546,47.992207,0
            8.609602,47.988359,0
            8.616618,47.978745,0
            8.61883,47.97475,0
            8.620909,47.967719,0
            8.621141,47.963475,0
            8.618754,47.950098,0
            8.619276,47.945708,0
            8.621526,47.940501,0
            8.62463,47.936697,0
            8.628096,47.933748,0
            8.63062,47.932097,0
            8.634685,47.930006,0
            8.639279,47.928319,0
            8.644176,47.92715,0
            8.658732,47.925509,0
            8.666717,47.923622,0
            8.672032,47.921579,0
            8.674837,47.919988,0
            8.677512,47.917725,0
            8.67993,47.914894,0
            8.681639,47.9134,0
            8.683792,47.912105,0
            8.691564,47.908996,0
            8.695534,47.906525,0
            8.698352,47.904284,0
            8.700466,47.902122,0
            8.702997,47.898121,0
            8.704696,47.896283,0
            8.706281,47.895094,0
            8.708397,47.893942,0
            8.711207,47.892907,0
            8.715451,47.892147,0
            8.721422,47.89204,0
            8.724461,47.891644,0
            8.727775,47.8907,0
            8.732043,47.888873,0
            8.736375,47.887811,0
            8.739423,47.887577,0
            8.741895,47.887683,0
            8.745035,47.8882,0
            8.747334,47.888887,0
            8.753628,47.891424,0
            8.756299,47.892022,0
            8.758339,47.892258,0
            8.761835,47.892247,0
            8.765488,47.891664,0
            8.76796,47.89088,0
            8.771155,47.889253,0
            8.773766,47.886997,0
            8.775314,47.884578,0
            8.775865,47.882659,0
            8.775808,47.876546,0
            8.776747,47.873149,0
            8.777795,47.871237,0
            8.779751,47.868705,0
            8.784177,47.864228,0
            8.789397,47.860121,0
            8.804203,47.851246,0
            8.808041,47.848347,0
            8.811794,47.844752,0
            8.821848,47.833207,0
            8.82731,47.828796,0
            8.848817,47.815688,0
            8.850109,47.81459,0
            8.85223,47.811743,0
            8.853998,47.810251,0
            8.856057,47.809284,0
            8.857718,47.808845,0
            8.859621,47.808619,0
            8.862095,47.808771,0
            8.864229,47.809376,0
            8.868,47.811599,0
            8.889875,47.821671,0
            8.895122,47.823596,0
            8.901302,47.824943,0
            8.913571,47.825636,0
            8.922297,47.82763,0
            8.927381,47.828283,0
            8.941278,47.827797,0
            8.94704,47.828213,0
            8.987717,47.8376,0
            8.993638,47.838496,0
            9.01189,47.83925,0
            9.0165,47.839878,0
            9.026451,47.841927,0
            9.030303,47.842278,0
            9.032915,47.842222,0
            9.036645,47.841773,0
            9.04005,47.840865,0
            9.044369,47.839031,0
            9.058392,47.831784,0
            9.065843,47.828693,0
            9.082255,47.823232,0
            9.082361,47.823238,0
            9.109059,47.814849,0
            9.111921,47.813689,0
            9.115834,47.811458,0
            9.122362,47.806032,0
            9.12443,47.804768,0
            9.137063,47.798831,0
            9.143491,47.794323,0
            9.144656,47.793782,0
            9.147333,47.793011,0
            9.155616,47.792528,0
            9.158712,47.791657,0
            9.162718,47.789626,0
            9.167518,47.787982,0
            9.169335,47.787016,0
            9.174327,47.783435,0
            9.17553,47.782805,0
            9.178571,47.781688,0
            9.179896,47.780711,0
            9.181103,47.779186,0
            9.184126,47.776934,0
            9.185415,47.77546,0
            9.186729,47.771176,0
            9.187562,47.7696,0
            9.192978,47.764337,0
            9.193657,47.762939,0
            9.193815,47.760998,0
            9.194206,47.760152,0
            9.195205,47.759163,0
            9.204139,47.75348,0
            9.206714,47.751374,0
            9.208735,47.750659,0
            9.21084,47.750418,0
            9.213591,47.750467,0
            9.215028,47.750287,0
            9.216222,47.749893,0
            9.219869,47.747394,0
            9.222257,47.7465,0
            9.224679,47.745099,0
            9.225418,47.744899,0
            9.228971,47.744896,0
            9.230486,47.744615,0
            9.231497,47.744202,0
            9.239098,47.738826,0
            9.23978,47.73785,0
            9.239909,47.737128,0
            9.238468,47.729608,0
            9.237198,47.726623,0
            9.237044,47.725459,0
            9.237257,47.724293,0
            9.238241,47.722704,0
            9.239232,47.721825,0
            9.240852,47.720911,0
            9.250034,47.717243,0
            9.254387,47.71487,0
            9.257232,47.712451,0
            9.260918,47.707936,0
            9.262321,47.706648,0
            9.264275,47.705366,0
            9.266983,47.70401,0
            9.270466,47.702688,0
            9.275406,47.701435,0
            9.280962,47.698932,0
            9.282828,47.69779,0
            9.284019,47.696652,0
            9.284424,47.696019,0
            9.285182,47.693409,0
            9.285793,47.692565,0
            9.287576,47.691168,0
            9.28919,47.690308,0
            9.291463,47.689543,0
            9.296028,47.689228,0
            9.297421,47.688977,0
            9.29903,47.688384,0
            9.304173,47.684816,0
            9.308332,47.682912,0
            9.31131,47.680842,0
            9.312733,47.678859,0
            9.313702,47.678,0
            9.314929,47.677342,0
            9.319972,47.676265,0
            9.322609,47.675434,0
            9.327019,47.673534,0
            9.32998,47.671397,0
            9.334251,47.669529,0
            9.345791,47.666241,0
            9.348072,47.665797,0
            9.354276,47.665154,0
            9.357655,47.665404,0
            9.359907,47.66618,0
            9.361459,47.667079,0
            9.364192,47.669637,0
            9.365665,47.670381,0
            9.368062,47.670899,0
            9.369873,47.670871,0
            9.37163,47.67051,0
            9.375728,47.668338,0
            9.377329,47.66771,0
            9.378768,47.667407,0
            9.380111,47.667322,0
            9.381695,47.667458,0
            9.383691,47.668019,0
            9.387079,47.669951,0
            9.392592,47.671671,0
            9.393199,47.672028,0
            9.393818,47.672886,0
            9.394093,47.673062,0
            9.394625,47.673139,0
            9.396631,47.671861,0
            9.39903,47.670907,0
            9.403184,47.669743,0
            9.404471,47.669783,0
            9.406263,47.670211,0
            9.410568,47.670056,0
            9.41056,47.669761,0
            9.41007,47.669218,0
            9.41005,47.668898,0
          </coordinates>
        </LineString>
      </Placemark>
      <Placemark>
        <name>Fischbach</name>
        <description><![CDATA[description: from 2019-12-25T12:46:38.012Z to 2019-12-25T14:02:05.272Z. Distance 0m<br>Email: syugen.zhou@gmail.com<br>Category: <br>Distance: 0]]></description>
        <styleUrl>#icon-1739-0288D1</styleUrl>
        <ExtendedData>
          <Data name="description">
            <value>from 2019-12-25T12:46:38.012Z to 2019-12-25T14:02:05.272Z. Distance 0m</value>
          </Data>
          <Data name="Email">
            <value>syugen.zhou@gmail.com</value>
          </Data>
          <Data name="Category">
            <value/>
          </Data>
          <Data name="Distance">
            <value>0</value>
          </Data>
        </ExtendedData>
        <Point>
          <coordinates>
            9.422068,47.668242,0
          </coordinates>
        </Point>
      </Placemark>
      <Placemark>
        <name>Driving</name>
        <description><![CDATA[description: Driving from 2019-12-25T14:02:05.272Z to 2019-12-25T15:33:21.000Z. Distance 82356m<br>Email: syugen.zhou@gmail.com<br>Category: Driving<br>Distance: 82356]]></description>
        <styleUrl>#line-A52714-5000</styleUrl>
        <ExtendedData>
          <Data name="description">
            <value>Driving from 2019-12-25T14:02:05.272Z to 2019-12-25T15:33:21.000Z. Distance 82356m</value>
          </Data>
          <Data name="Email">
            <value>syugen.zhou@gmail.com</value>
          </Data>
          <Data name="Category">
            <value>Driving</value>
          </Data>
          <Data name="Distance">
            <value>82356</value>
          </Data>
        </ExtendedData>
        <LineString>
          <tessellate>1</tessellate>
          <coordinates>
            9.410104,47.668772,0
            9.410033,47.669097,0
            9.41007,47.669218,0
            9.41056,47.669761,0
            9.410568,47.670056,0
            9.411887,47.670377,0
            9.412253,47.6704,0
            9.412846,47.670312,0
            9.414728,47.669719,0
            9.417659,47.669161,0
            9.417719,47.669113,0
            9.420817,47.668561,0
            9.422012,47.668183,0
            9.423734,47.667349,0
            9.425663,47.665795,0
            9.426891,47.66512,0
            9.427658,47.664824,0
            9.430168,47.664209,0
            9.43123,47.663821,0
            9.432506,47.663015,0
            9.434785,47.660696,0
            9.435764,47.660006,0
            9.437542,47.659291,0
            9.439511,47.658949,0
            9.445713,47.658789,0
            9.448278,47.658331,0
            9.451761,47.657385,0
            9.453226,47.657559,0
            9.454118,47.657518,0
            9.460906,47.656262,0
            9.461762,47.656251,0
            9.465746,47.656787,0
            9.471555,47.656482,0
            9.471746,47.656536,0
            9.4732,47.657542,0
            9.473443,47.657797,0
            9.47361,47.65811,0
            9.47362,47.659314,0
            9.474734,47.663447,0
            9.475584,47.664947,0
            9.474092,47.664958,0
            9.473906,47.665012,0
            9.473848,47.665063,0
            9.473728,47.665096,0
            9.47307,47.665017,0
            9.472274,47.66521,0
            9.47218,47.665354,0
            9.472239,47.665452,0
            9.472415,47.665536,0
            9.472534,47.665542,0
            9.473609,47.665299,0
            9.476874,47.664948,0
            9.478891,47.664926,0
            9.480599,47.665177,0
            9.484307,47.666362,0
            9.486321,47.666674,0
            9.488318,47.666633,0
            9.489541,47.666437,0
            9.491189,47.665906,0
            9.492794,47.665149,0
            9.493673,47.664571,0
            9.495003,47.663346,0
            9.496526,47.661472,0
            9.498353,47.658615,0
            9.498356,47.658552,0
            9.500918,47.655096,0
            9.502943,47.653236,0
            9.508022,47.649511,0
            9.509148,47.648337,0
            9.512453,47.643422,0
            9.513758,47.642088,0
            9.523678,47.634872,0
            9.525593,47.633887,0
            9.526737,47.633496,0
            9.530505,47.632595,0
            9.530548,47.632602,0
            9.539016,47.630602,0
            9.541735,47.629676,0
            9.560257,47.620841,0
            9.564459,47.618143,0
            9.573043,47.611144,0
            9.575573,47.609645,0
            9.577542,47.608846,0
            9.579188,47.608414,0
            9.581822,47.608054,0
            9.583487,47.608044,0
            9.589212,47.60859,0
            9.589251,47.608611,0
            9.591111,47.608643,0
            9.593539,47.608421,0
            9.595333,47.60805,0
            9.596801,47.607598,0
            9.602009,47.605464,0
            9.603605,47.604994,0
            9.605236,47.604671,0
            9.60687,47.604501,0
            9.608352,47.604474,0
            9.613373,47.604812,0
            9.615897,47.604815,0
            9.619427,47.604478,0
            9.622713,47.603764,0
            9.625461,47.602781,0
            9.62734,47.601723,0
            9.628477,47.600815,0
            9.631259,47.597527,0
            9.632021,47.596878,0
            9.633223,47.596126,0
            9.634348,47.595621,0
            9.639327,47.594039,0
            9.652714,47.587443,0
            9.66052,47.584454,0
            9.663789,47.583437,0
            9.671248,47.58209,0
            9.679486,47.579656,0
            9.683591,47.578826,0
            9.684795,47.578444,0
            9.688464,47.57657,0
            9.68986,47.576009,0
            9.691,47.575681,0
            9.693126,47.575328,0
            9.69599,47.575325,0
            9.704361,47.576429,0
            9.706885,47.576407,0
            9.718656,47.574363,0
            9.721621,47.574115,0
            9.723676,47.574258,0
            9.724951,47.574486,0
            9.726097,47.574816,0
            9.727697,47.575555,0
            9.730542,47.577546,0
            9.731366,47.577979,0
            9.733026,47.578627,0
            9.733093,47.578561,0
            9.733158,47.578545,0
            9.733546,47.578621,0
            9.733859,47.578595,0
            9.734366,47.578373,0
            9.734582,47.578136,0
            9.73474,47.574894,0
            9.735187,47.572154,0
            9.737432,47.565201,0
            9.737527,47.563747,0
            9.737344,47.561975,0
            9.736862,47.560344,0
            9.734068,47.554949,0
            9.733666,47.55366,0
            9.733519,47.552332,0
            9.733826,47.550435,0
            9.734464,47.549008,0
            9.735758,47.547337,0
            9.737813,47.545543,0
            9.739571,47.544593,0
            9.739655,47.544467,0
            9.739618,47.544267,0
            9.739411,47.544123,0
            9.739057,47.544104,0
            9.738868,47.544194,0
            9.738812,47.54428,0
            9.738872,47.544842,0
            9.738234,47.545177,0
            9.737956,47.545097,0
            9.737812,47.545167,0
            9.737644,47.545031,0
            9.737244,47.545221,0
            9.737449,47.545399,0
            9.737109,47.545634,0
            9.736712,47.545631,0
            9.736575,47.545594,0
            9.736465,47.545439,0
            9.738905,47.544073,0
            9.739276,47.544014,0
            9.740054,47.544216,0
            9.740673,47.544259,0
            9.744046,47.543202,0
            9.744264,47.543184,0
            9.755762,47.539574,0
            9.759628,47.538101,0
            9.761972,47.536739,0
            9.764092,47.535235,0
            9.76625,47.533076,0
            9.767688,47.530796,0
            9.768439,47.528588,0
            9.768641,47.526237,0
            9.767039,47.504503,0
            9.766528,47.502527,0
            9.76592,47.501151,0
            9.7645,47.498892,0
            9.760968,47.495853,0
            9.759415,47.494949,0
            9.750146,47.491013,0
            9.747873,47.489722,0
            9.74569,47.488048,0
            9.744212,47.486644,0
            9.741999,47.483671,0
            9.741224,47.482164,0
            9.740688,47.480446,0
            9.73943,47.472854,0
            9.738808,47.470849,0
            9.738155,47.469518,0
            9.737233,47.468155,0
            9.735269,47.466152,0
            9.734303,47.465431,0
            9.732028,47.464222,0
            9.726232,47.461945,0
            9.725174,47.461294,0
            9.72337,47.459715,0
            9.722133,47.458074,0
            9.721365,47.456109,0
            9.721243,47.454178,0
            9.722819,47.447508,0
            9.723117,47.443952,0
            9.722646,47.439794,0
            9.720445,47.432231,0
            9.71825,47.428259,0
            9.712348,47.421113,0
            9.71039,47.418123,0
            9.707271,47.412316,0
            9.704722,47.408553,0
            9.702455,47.405943,0
            9.699429,47.403078,0
            9.694995,47.399743,0
            9.684599,47.393452,0
            9.682101,47.391454,0
            9.679714,47.388932,0
            9.678121,47.386455,0
            9.676035,47.381611,0
            9.674714,47.379459,0
            9.672082,47.376529,0
            9.666842,47.372491,0
            9.657488,47.366467,0
            9.648818,47.361657,0
            9.643459,47.357921,0
            9.640881,47.355467,0
            9.638183,47.35198,0
            9.635078,47.345001,0
            9.631734,47.338896,0
            9.628724,47.33435,0
            9.628234,47.333323,0
            9.627804,47.33162,0
            9.627821,47.328597,0
            9.627443,47.326951,0
            9.626879,47.325755,0
            9.625031,47.322956,0
            9.621765,47.315148,0
            9.620783,47.311291,0
            9.620198,47.311431,0
            9.620127,47.311483,0
            9.620002,47.311496,0
            9.619925,47.311469,0
            9.619868,47.311404,0
            9.61987,47.311348,0
            9.619932,47.311285,0
            9.620639,47.301906,0
            9.620566,47.301871,0
            9.620534,47.301821,0
            9.62056,47.301744,0
            9.620665,47.3017,0
            9.621531,47.298833,0
            9.621529,47.298419,0
            9.620705,47.296746,0
            9.620652,47.296229,0
            9.621141,47.294332,0
            9.621107,47.292433,0
            9.61951,47.285483,0
            9.618016,47.280771,0
            9.617894,47.280721,0
            9.617864,47.280648,0
            9.617938,47.280559,0
            9.617936,47.280246,0
            9.615535,47.272503,0
            9.615424,47.271577,0
            9.615374,47.271545,0
            9.615346,47.271455,0
            9.615386,47.2714,0
            9.614988,47.262763,0
            9.615226,47.260351,0
            9.61443,47.258015,0
            9.614957,47.254122,0
            9.614821,47.253375,0
            9.61165,47.249006,0
            9.608507,47.245877,0
            9.598521,47.239199,0
            9.59796,47.238961,0
            9.597507,47.239013,0
            9.596204,47.238371,0
            9.594299,47.238026,0
            9.59409,47.237902,0
            9.593238,47.237033,0
            9.590045,47.234625,0
            9.58962,47.234091,0
            9.588389,47.233189,0
            9.587311,47.232153,0
            9.586331,47.230369,0
            9.582888,47.226207,0
            9.581304,47.224834,0
            9.574838,47.221152,0
            9.572081,47.218967,0
            9.567936,47.217114,0
            9.566858,47.216423,0
            9.56441,47.214131,0
            9.562418,47.211565,0
            9.561609,47.210848,0
            9.561262,47.210641,0
            9.558048,47.209489,0
            9.553207,47.208663,0
            9.551476,47.208193,0
            9.550111,47.207478,0
            9.547056,47.204695,0
            9.546268,47.203637,0
            9.544956,47.200635,0
            9.541874,47.197221,0
            9.540218,47.194758,0
            9.539925,47.193856,0
            9.539814,47.192847,0
            9.540066,47.19073,0
            9.539985,47.189843,0
            9.539759,47.189263,0
            9.53913,47.188472,0
            9.535977,47.186175,0
            9.53429,47.185415,0
            9.52803,47.183679,0
            9.526061,47.182762,0
            9.524528,47.181629,0
            9.523273,47.180136,0
            9.522432,47.178751,0
            9.522053,47.17858,0
            9.522004,47.178519,0
            9.522008,47.17845,0
            9.522087,47.17839,0
            9.52219,47.178167,0
            9.519754,47.172809,0
            9.51825,47.17149,0
            9.517337,47.17087,0
            9.51557,47.170127,0
            9.514198,47.169191,0
            9.51066,47.167597,0
            9.510491,47.16761,0
            9.50958,47.168031,0
            9.509173,47.168066,0
            9.509063,47.168024,0
            9.509021,47.167974,0
            9.50882,47.166871,0
            9.507952,47.165346,0
            9.507823,47.163839,0
            9.50861,47.163812,0
            9.508533,47.163266,0
            9.508945,47.160449,0
            9.509599,47.158107,0
            9.509629,47.156971,0
            9.509749,47.15652,0
            9.510355,47.15535,0
            9.511314,47.151001,0
            9.512677,47.147859,0
            9.513391,47.146729,0
            9.514576,47.145489,0
            9.518658,47.143029,0
            9.520922,47.141215,0
            9.520953,47.14114,0
            9.520857,47.141121,0
            9.520795,47.141048,0
            9.520809,47.140995,0
            9.520909,47.14094,0
            9.520915,47.140839,0
            9.521101,47.140548,0
          </coordinates>
        </LineString>
      </Placemark>
      <Placemark>
        <name>Walking</name>
        <description><![CDATA[description: Walking from 2019-12-25T15:33:21.000Z to 2019-12-25T16:48:29.000Z. Distance 1121m<br>Email: syugen.zhou@gmail.com<br>Category: Walking<br>Distance: 1121]]></description>
        <styleUrl>#line-A52714-5000</styleUrl>
        <ExtendedData>
          <Data name="description">
            <value>Walking from 2019-12-25T15:33:21.000Z to 2019-12-25T16:48:29.000Z. Distance 1121m</value>
          </Data>
          <Data name="Email">
            <value>syugen.zhou@gmail.com</value>
          </Data>
          <Data name="Category">
            <value>Walking</value>
          </Data>
          <Data name="Distance">
            <value>1121</value>
          </Data>
        </ExtendedData>
        <LineString>
          <tessellate>1</tessellate>
          <coordinates>
            9.521101,47.140548,0
            9.521146,47.140495,0
            9.521228,47.140401,0
            9.521288,47.140343,0
            9.521333,47.140297,0
            9.521386,47.140229,0
            9.521426,47.140166,0
            9.521462,47.140101,0
            9.521489,47.140042,0
            9.521516,47.139974,0
            9.521536,47.139901,0
            9.521554,47.13982,0
            9.521566,47.139732,0
            9.521572,47.13965,0
            9.521581,47.139541,0
            9.521583,47.139374,0
            9.521586,47.139318,0
            9.521587,47.139256,0
            9.521591,47.139179,0
            9.521599,47.139112,0
            9.521615,47.138978,0
            9.521618,47.138961,0
            9.52164,47.138825,0
            9.521676,47.138659,0
            9.521691,47.13858,0
            9.52171,47.138474,0
            9.521722,47.138426,0
            9.521794,47.138055,0
            9.521816,47.137952,0
            9.521841,47.13786,0
            9.521841,47.137857,0
            9.521894,47.137665,0
            9.521967,47.137554,0
            9.521998,47.137453,0
            9.522036,47.137326,0
            9.522069,47.137216,0
            9.522091,47.137146,0
            9.522114,47.137092,0
            9.522205,47.136925,0
            9.522244,47.136922,0
            9.522292,47.136906,0
            9.522319,47.136889,0
            9.522377,47.136915,0
            9.52237,47.136972,0
            9.52245,47.13742,0
            9.52246,47.13778,0
            9.52249,47.13822,0
            9.5225,47.138376,0
            9.52253,47.13882,0
            9.52259,47.13909,0
            9.52259,47.13942,0
            9.52261,47.13969,0
            9.52269,47.13993,0
            9.52275,47.14023,0
            9.52269,47.14038,0
            9.52257,47.14055,0
            9.522464,47.140639,0
            9.52233,47.140724,0
            9.522197,47.140805,0
            9.52213,47.140844,0
            9.522067,47.140873,0
            9.521947,47.140927,0
            9.521814,47.140969,0
            9.52183,47.14093,0
            9.521837,47.140904,0
            9.521835,47.140878,0
            9.521823,47.140847,0
            9.521806,47.140816,0
            9.521778,47.140782,0
            9.521741,47.140744,0
            9.521516,47.140532,0
            9.521448,47.140488,0
            9.521377,47.140449,0
            9.521347,47.140437,0
            9.521308,47.140423,0
            9.521228,47.140401,0
            9.521288,47.140343,0
            9.521333,47.140297,0
            9.521386,47.140229,0
            9.521426,47.140166,0
            9.521463,47.140101,0
            9.521489,47.140042,0
            9.521516,47.139974,0
            9.521536,47.139901,0
            9.521554,47.13982,0
            9.521566,47.139732,0
            9.521572,47.13965,0
            9.521581,47.139541,0
            9.521583,47.139374,0
            9.521586,47.139319,0
            9.521587,47.139256,0
            9.521591,47.139179,0
            9.521599,47.139112,0
            9.521615,47.138978,0
            9.521618,47.138961,0
            9.52164,47.138825,0
            9.522254,47.138842,0
            9.52253,47.13882,0
            9.5225,47.138376,0
            9.522126,47.138359,0
          </coordinates>
        </LineString>
      </Placemark>
      <Placemark>
        <name>Liechtenstein Center</name>
        <description><![CDATA[description: Tourist information center from 2019-12-25T16:48:29.000Z to 2019-12-25T16:58:15.000Z. Distance 0m<br>Email: syugen.zhou@gmail.com<br>Category: Tourist information center<br>Distance: 0]]></description>
        <styleUrl>#icon-1535-0288D1</styleUrl>
        <ExtendedData>
          <Data name="description">
            <value>Tourist information center from 2019-12-25T16:48:29.000Z to 2019-12-25T16:58:15.000Z. Distance 0m</value>
          </Data>
          <Data name="Email">
            <value>syugen.zhou@gmail.com</value>
          </Data>
          <Data name="Category">
            <value>Tourist information center</value>
          </Data>
          <Data name="Distance">
            <value>0</value>
          </Data>
        </ExtendedData>
        <Point>
          <coordinates>
            9.522588,47.138471,0
          </coordinates>
        </Point>
      </Placemark>
      <Placemark>
        <name>Driving</name>
        <description><![CDATA[description: Driving from 2019-12-25T16:58:15.281Z to 2019-12-25T17:03:06.000Z. Distance 2058m<br>Email: syugen.zhou@gmail.com<br>Category: Driving<br>Distance: 2058]]></description>
        <styleUrl>#line-A52714-5000</styleUrl>
        <ExtendedData>
          <Data name="description">
            <value>Driving from 2019-12-25T16:58:15.281Z to 2019-12-25T17:03:06.000Z. Distance 2058m</value>
          </Data>
          <Data name="Email">
            <value>syugen.zhou@gmail.com</value>
          </Data>
          <Data name="Category">
            <value>Driving</value>
          </Data>
          <Data name="Distance">
            <value>2058</value>
          </Data>
        </ExtendedData>
        <LineString>
          <tessellate>1</tessellate>
          <coordinates>
            9.52174,47.138335,0
            9.52164,47.138825,0
            9.521591,47.139179,0
            9.521554,47.13982,0
            9.521516,47.139974,0
            9.521462,47.140101,0
            9.521386,47.140229,0
            9.521319,47.140311,0
            9.521228,47.140401,0
            9.521013,47.140654,0
            9.520966,47.14073,0
            9.520915,47.14084,0
            9.520905,47.140906,0
            9.520909,47.14094,0
            9.520943,47.14094,0
            9.520993,47.140952,0
            9.521021,47.140965,0
            9.521047,47.140986,0
            9.521066,47.141015,0
            9.521071,47.141037,0
            9.52107,47.141056,0
            9.521061,47.141078,0
            9.521049,47.141094,0
            9.521019,47.141118,0
            9.520979,47.141135,0
            9.520953,47.14114,0
            9.520939,47.141187,0
            9.520922,47.141215,0
            9.520265,47.1418,0
            9.518658,47.143029,0
            9.517489,47.143712,0
            9.51707,47.143974,0
            9.515863,47.144618,0
            9.516078,47.144876,0
            9.516815,47.145596,0
            9.51698,47.14578,0
            9.51739,47.146144,0
            9.517821,47.146448,0
            9.518134,47.146231,0
            9.518323,47.146083,0
            9.518432,47.146011,0
            9.518684,47.145886,0
            9.518802,47.14584,0
            9.519989,47.145486,0
            9.520329,47.145365,0
            9.521546,47.145009,0
            9.521798,47.144968,0
            9.522038,47.14496,0
            9.522175,47.144966,0
            9.52291,47.145063,0
            9.523002,47.145069,0
            9.523091,47.145063,0
            9.523163,47.145045,0
            9.523234,47.14502,0
            9.523278,47.144992,0
            9.523348,47.14493,0
            9.523382,47.144886,0
            9.523407,47.144827,0
            9.523417,47.144755,0
            9.52341,47.144426,0
            9.523429,47.144298,0
            9.523486,47.144156,0
            9.523659,47.143856,0
            9.523978,47.143386,0
            9.524206,47.143125,0
            9.52428,47.143022,0
            9.52435,47.142854,0
            9.524401,47.142655,0
            9.524432,47.14246,0
            9.524432,47.141844,0
            9.52446,47.141425,0
            9.524516,47.141011,0
            9.524511,47.140885,0
            9.524488,47.140816,0
            9.524334,47.140552,0
            9.524324,47.140521,0
            9.524331,47.140464,0
            9.524346,47.14044,0
            9.524371,47.140417,0
            9.524409,47.1404,0
            9.524448,47.140392,0
            9.524485,47.140392,0
            9.52452,47.140397,0
            9.52456,47.14041,0
            9.524591,47.140429,0
            9.524632,47.140478,0
            9.524638,47.1405,0
            9.524646,47.140641,0
            9.524661,47.140688,0
            9.524676,47.140712,0
            9.524701,47.14074,0
            9.52474,47.140765,0
            9.52479,47.140779,0
            9.524839,47.14078,0
            9.524888,47.140765,0
            9.524932,47.140736,0
            9.524955,47.140696,0
            9.524956,47.140649,0
            9.524866,47.140304,0
            9.524808,47.139551,0
          </coordinates>
        </LineString>
      </Placemark>
      <Placemark>
        <name>Vaduz Castle</name>
        <description><![CDATA[description: Castle from 2019-12-25T17:03:06.000Z to 2019-12-25T17:06:28.000Z. Distance 0m<br>Email: syugen.zhou@gmail.com<br>Category: Castle<br>Distance: 0]]></description>
        <styleUrl>#icon-1535-0288D1</styleUrl>
        <ExtendedData>
          <Data name="description">
            <value>Castle from 2019-12-25T17:03:06.000Z to 2019-12-25T17:06:28.000Z. Distance 0m</value>
          </Data>
          <Data name="Email">
            <value>syugen.zhou@gmail.com</value>
          </Data>
          <Data name="Category">
            <value>Castle</value>
          </Data>
          <Data name="Distance">
            <value>0</value>
          </Data>
        </ExtendedData>
        <Point>
          <coordinates>
            9.524304,47.139588,0
          </coordinates>
        </Point>
      </Placemark>
      <Placemark>
        <name>Driving</name>
        <description><![CDATA[description: Driving from 2019-12-25T17:06:28.000Z to 2019-12-25T19:42:32.000Z. Distance 233425m<br>Email: syugen.zhou@gmail.com<br>Category: Driving<br>Distance: 233425]]></description>
        <styleUrl>#line-A52714-5000</styleUrl>
        <ExtendedData>
          <Data name="description">
            <value>Driving from 2019-12-25T17:06:28.000Z to 2019-12-25T19:42:32.000Z. Distance 233425m</value>
          </Data>
          <Data name="Email">
            <value>syugen.zhou@gmail.com</value>
          </Data>
          <Data name="Category">
            <value>Driving</value>
          </Data>
          <Data name="Distance">
            <value>233425</value>
          </Data>
        </ExtendedData>
        <LineString>
          <tessellate>1</tessellate>
          <coordinates>
            9.524808,47.139551,0
            9.524932,47.140736,0
            9.524839,47.14078,0
            9.52474,47.140765,0
            9.524661,47.140688,0
            9.524591,47.140429,0
            9.524448,47.140392,0
            9.524371,47.140417,0
            9.524324,47.140521,0
            9.524511,47.140885,0
            9.52428,47.143022,0
            9.523428,47.144298,0
            9.523407,47.144827,0
            9.523234,47.14502,0
            9.523002,47.145069,0
            9.522175,47.144966,0
            9.521546,47.145009,0
            9.518802,47.14584,0
            9.516543,47.14723,0
            9.515946,47.147872,0
            9.515071,47.149519,0
            9.514483,47.150172,0
            9.51227,47.151953,0
            9.511633,47.152221,0
            9.511042,47.152263,0
            9.510355,47.15535,0
            9.509629,47.156971,0
            9.509599,47.158107,0
            9.508533,47.163266,0
            9.508993,47.165658,0
            9.509742,47.166781,0
            9.510405,47.167405,0
            9.514198,47.169191,0
            9.51557,47.170127,0
            9.517337,47.17087,0
            9.519754,47.172809,0
            9.522362,47.1785,0
            9.522324,47.178585,0
            9.523273,47.180136,0
            9.524528,47.181629,0
            9.526061,47.182763,0
            9.52803,47.183679,0
            9.53429,47.185415,0
            9.535977,47.186175,0
            9.53913,47.188472,0
            9.539759,47.189263,0
            9.539985,47.189843,0
            9.540066,47.19073,0
            9.539814,47.192848,0
            9.540218,47.194759,0
            9.541874,47.197221,0
            9.544956,47.200635,0
            9.546268,47.203637,0
            9.547056,47.204695,0
            9.550111,47.207478,0
            9.551476,47.208193,0
            9.553207,47.208663,0
            9.558048,47.209489,0
            9.561262,47.210641,0
            9.562418,47.211565,0
            9.56441,47.214131,0
            9.566858,47.216423,0
            9.567936,47.217114,0
            9.572081,47.218967,0
            9.574838,47.221152,0
            9.581304,47.224834,0
            9.582888,47.226207,0
            9.586331,47.230369,0
            9.587311,47.232153,0
            9.588389,47.233189,0
            9.58962,47.234091,0
            9.590045,47.234625,0
            9.593238,47.237033,0
            9.59409,47.237902,0
            9.594299,47.238026,0
            9.596322,47.238374,0
            9.597531,47.238921,0
            9.597996,47.238888,0
            9.599232,47.237211,0
            9.599375,47.236507,0
            9.599128,47.235123,0
            9.599515,47.233507,0
            9.600646,47.231943,0
            9.601372,47.231431,0
            9.603268,47.230638,0
            9.603813,47.230235,0
            9.604024,47.229944,0
            9.604152,47.229537,0
            9.604142,47.228354,0
            9.604393,47.227619,0
            9.605015,47.226786,0
            9.606464,47.225649,0
            9.607667,47.225072,0
            9.608549,47.224859,0
            9.608683,47.22522,0
            9.609025,47.225429,0
            9.615379,47.22692,0
            9.619604,47.228281,0
            9.619818,47.228512,0
            9.619829,47.228831,0
            9.619542,47.229124,0
            9.616732,47.230419,0
            9.615705,47.231321,0
            9.614215,47.233198,0
            9.613222,47.235686,0
            9.613013,47.237323,0
            9.613379,47.239711,0
            9.613931,47.241032,0
            9.615214,47.24295,0
            9.620023,47.248293,0
            9.622223,47.251535,0
            9.623899,47.255279,0
            9.624572,47.257837,0
            9.62514,47.262052,0
            9.624971,47.264439,0
            9.622308,47.271411,0
            9.621976,47.273429,0
            9.622227,47.277017,0
            9.626081,47.28651,0
            9.626619,47.290737,0
            9.626201,47.293565,0
            9.621746,47.308033,0
            9.621309,47.311049,0
            9.621684,47.314092,0
            9.625201,47.322988,0
            9.627433,47.326521,0
            9.627863,47.327811,0
            9.628125,47.332454,0
            9.628752,47.334097,0
            9.633444,47.341496,0
            9.637857,47.351069,0
            9.639141,47.353155,0
            9.641784,47.356203,0
            9.644647,47.358728,0
            9.647329,47.360601,0
            9.664624,47.370789,0
            9.671086,47.375522,0
            9.672966,47.377186,0
            9.674856,47.37941,0
            9.67635,47.381934,0
            9.678083,47.386105,0
            9.67932,47.388168,0
            9.680499,47.389651,0
            9.683693,47.392616,0
            9.685581,47.393968,0
            9.694808,47.399466,0
            9.698697,47.402295,0
            9.703493,47.406865,0
            9.706117,47.410221,0
            9.711485,47.4196,0
            9.718378,47.428182,0
            9.719679,47.430269,0
            9.721176,47.433761,0
            9.722459,47.438302,0
            9.723258,47.443406,0
            9.723066,47.447047,0
            9.72169,47.452487,0
            9.721387,47.454886,0
            9.721896,47.457273,0
            9.722747,47.458757,0
            9.723725,47.459896,0
            9.724736,47.460771,0
            9.72661,47.461948,0
            9.731981,47.464034,0
            9.733868,47.464966,0
            9.735348,47.465992,0
            9.736847,47.46741,0
            9.738704,47.470136,0
            9.739396,47.471919,0
            9.741135,47.481295,0
            9.741773,47.482912,0
            9.743408,47.485472,0
            9.744643,47.486816,0
            9.746177,47.488104,0
            9.748045,47.489332,0
            9.751029,47.490766,0
            9.757992,47.493429,0
            9.761971,47.495493,0
            9.765134,47.498145,0
            9.76698,47.500625,0
            9.767957,47.503049,0
            9.768325,47.50468,0
            9.769945,47.525864,0
            9.769476,47.529842,0
            9.768856,47.531306,0
            9.767317,47.533521,0
            9.765548,47.535195,0
            9.763628,47.536529,0
            9.760799,47.538014,0
            9.739902,47.544717,0
            9.737976,47.545691,0
            9.73634,47.546972,0
            9.735051,47.548391,0
            9.734409,47.549424,0
            9.733859,47.550885,0
            9.733718,47.552974,0
            9.734118,47.554619,0
            9.736867,47.55995,0
            9.737654,47.562957,0
            9.737427,47.56606,0
            9.735247,47.572615,0
            9.734916,47.574778,0
            9.735055,47.57843,0
            9.736261,47.584311,0
            9.736179,47.588607,0
            9.735259,47.591907,0
            9.732666,47.598129,0
            9.732284,47.601016,0
            9.732364,47.602756,0
            9.733691,47.609555,0
            9.735448,47.615059,0
            9.739834,47.625356,0
            9.740238,47.627123,0
            9.740735,47.633021,0
            9.741855,47.636191,0
            9.743575,47.639029,0
            9.746007,47.64195,0
            9.749562,47.645128,0
            9.753666,47.647861,0
            9.767282,47.655558,0
            9.772944,47.659864,0
            9.777564,47.66443,0
            9.780317,47.667845,0
            9.782166,47.670664,0
            9.783156,47.672674,0
            9.784015,47.675367,0
            9.785164,47.682303,0
            9.786048,47.684998,0
            9.7873,47.687419,0
            9.792938,47.694931,0
            9.794928,47.698709,0
            9.797331,47.701887,0
            9.799786,47.70415,0
            9.801519,47.705418,0
            9.804992,47.707423,0
            9.808456,47.7089,0
            9.811703,47.709913,0
            9.816034,47.71081,0
            9.825893,47.712084,0
            9.831031,47.7134,0
            9.843334,47.718187,0
            9.845352,47.718712,0
            9.849313,47.719291,0
            9.855808,47.719535,0
            9.859649,47.720158,0
            9.863062,47.72116,0
            9.866173,47.722395,0
            9.869628,47.724222,0
            9.879029,47.731296,0
            9.890241,47.738103,0
            9.893087,47.740354,0
            9.898314,47.745487,0
            9.905255,47.751212,0
            9.911959,47.7584,0
            9.928931,47.770464,0
            9.935107,47.774022,0
            9.938608,47.775455,0
            9.948018,47.777683,0
            9.951465,47.778735,0
            9.956248,47.780755,0
            9.96007,47.783146,0
            9.962131,47.784937,0
            9.963799,47.786841,0
            9.966948,47.791956,0
            9.967977,47.793115,0
            9.970053,47.794818,0
            9.971947,47.795922,0
            9.978101,47.79836,0
            9.982275,47.800549,0
            9.984718,47.802343,0
            9.986327,47.803849,0
            9.988052,47.805949,0
            9.989205,47.807883,0
            9.990243,47.810718,0
            9.991499,47.820586,0
            9.991646,47.830199,0
            9.990625,47.843797,0
            9.990843,47.845903,0
            9.991622,47.847933,0
            9.992983,47.849831,0
            9.994417,47.851175,0
            9.99619,47.852389,0
            10.002491,47.855829,0
            10.004833,47.857699,0
            10.008719,47.861944,0
            10.010618,47.863414,0
            10.012384,47.864445,0
            10.017649,47.866833,0
            10.02223,47.869599,0
            10.028298,47.872174,0
            10.029726,47.873018,0
            10.033781,47.876225,0
            10.036133,47.878627,0
            10.046249,47.892581,0
            10.047782,47.893943,0
            10.05062,47.895721,0
            10.058988,47.899227,0
            10.06178,47.901086,0
            10.063334,47.902513,0
            10.064506,47.903945,0
            10.065696,47.906082,0
            10.067421,47.910963,0
            10.068503,47.912949,0
            10.070034,47.914964,0
            10.071537,47.91648,0
            10.073993,47.918413,0
            10.093548,47.931173,0
            10.095185,47.932641,0
            10.097022,47.934782,0
            10.098627,47.937541,0
            10.100078,47.941197,0
            10.103944,47.947522,0
            10.107587,47.956733,0
            10.109334,47.959681,0
            10.123112,47.978214,0
            10.128099,47.983395,0
            10.135114,47.98887,0
            10.138561,47.990939,0
            10.142286,47.992818,0
            10.149962,47.995734,0
            10.154171,47.99692,0
            10.159179,47.997965,0
            10.167474,47.998951,0
            10.172982,47.999106,0
            10.201004,47.998432,0
            10.20704,47.998616,0
            10.214012,47.998112,0
            10.218135,47.998263,0
            10.221408,47.998827,0
            10.223642,47.999454,0
            10.233203,48.003181,0
            10.2479,48.009819,0
            10.250275,48.011414,0
            10.254296,48.014858,0
            10.256491,48.016335,0
            10.25851,48.017302,0
            10.259984,48.017829,0
            10.262788,48.018525,0
            10.282915,48.021935,0
            10.289163,48.023908,0
            10.292449,48.024407,0
            10.303222,48.024419,0
            10.305431,48.024637,0
            10.335774,48.029516,0
            10.368204,48.036439,0
            10.373353,48.037225,0
            10.379131,48.037537,0
            10.38762,48.037283,0
            10.403193,48.03605,0
            10.410854,48.03449,0
            10.413634,48.03414,0
            10.453184,48.03193,0
            10.455944,48.031588,0
            10.459734,48.030796,0
            10.462039,48.030086,0
            10.47088,48.026388,0
            10.474555,48.025448,0
            10.477142,48.025073,0
            10.481145,48.02492,0
            10.483537,48.025073,0
            10.511982,48.029891,0
            10.519453,48.030784,0
            10.532097,48.031791,0
            10.53559,48.032375,0
            10.540451,48.03366,0
            10.549113,48.03693,0
            10.555251,48.038887,0
            10.563663,48.040914,0
            10.5728,48.042358,0
            10.575173,48.042574,0
            10.579942,48.042552,0
            10.594998,48.04111,0
            10.601681,48.040842,0
            10.62507,48.04099,0
            10.634909,48.040001,0
            10.640168,48.038791,0
            10.666068,48.03034,0
            10.694569,48.024185,0
            10.698611,48.023557,0
            10.701626,48.023437,0
            10.706106,48.023818,0
            10.713897,48.025712,0
            10.717146,48.026084,0
            10.724579,48.026175,0
            10.727259,48.026542,0
            10.730689,48.027436,0
            10.733897,48.028815,0
            10.741472,48.033692,0
            10.744662,48.035053,0
            10.747492,48.035901,0
            10.750578,48.036517,0
            10.758127,48.037139,0
            10.761637,48.037721,0
            10.767737,48.03928,0
            10.77067,48.039763,0
            10.773313,48.039916,0
            10.780331,48.039785,0
            10.781998,48.03988,0
            10.78575,48.040429,0
            10.792979,48.04208,0
            10.801818,48.042851,0
            10.804952,48.043597,0
            10.809673,48.045229,0
            10.811869,48.045772,0
            10.814613,48.046071,0
            10.817366,48.046016,0
            10.824337,48.045446,0
            10.827203,48.045504,0
            10.831124,48.046012,0
            10.833872,48.046705,0
            10.835953,48.04744,0
            10.83798,48.048371,0
            10.840753,48.050107,0
            10.842263,48.05138,0
            10.84396,48.053305,0
            10.846998,48.058353,0
            10.84878,48.060645,0
            10.850246,48.06198,0
            10.8527,48.063457,0
            10.855488,48.064493,0
            10.857702,48.065067,0
            10.862216,48.065837,0
            10.864554,48.065996,0
            10.868219,48.065874,0
            10.870898,48.065504,0
            10.873822,48.064771,0
            10.877066,48.0635,0
            10.882003,48.060928,0
            10.886297,48.059195,0
            10.890328,48.058063,0
            10.893906,48.057408,0
            10.897525,48.057039,0
            10.90376,48.05699,0
            10.911587,48.057616,0
            10.915196,48.057308,0
            10.91982,48.056259,0
            10.921741,48.056048,0
            10.930848,48.056088,0
            10.937887,48.055354,0
            10.940588,48.055337,0
            10.943096,48.055655,0
            10.95159,48.057296,0
            10.956441,48.057847,0
            10.975148,48.059122,0
            10.979564,48.059865,0
            10.982521,48.060586,0
            10.991865,48.063635,0
            10.996798,48.064966,0
            11.000028,48.065585,0
            11.002923,48.065921,0
            11.007475,48.066012,0
            11.015159,48.065538,0
            11.017682,48.065664,0
            11.020059,48.066059,0
            11.023281,48.067089,0
            11.032391,48.071687,0
            11.036031,48.073077,0
            11.04019,48.073977,0
            11.043456,48.074259,0
            11.045711,48.074249,0
            11.049199,48.073914,0
            11.059226,48.071452,0
            11.062035,48.071033,0
            11.067389,48.070922,0
            11.070975,48.071198,0
            11.081781,48.073025,0
            11.088819,48.073604,0
            11.097241,48.075072,0
            11.106334,48.075569,0
            11.109574,48.076108,0
            11.113274,48.07703,0
            11.117224,48.077723,0
            11.133838,48.078883,0
            11.136566,48.079324,0
            11.139235,48.080142,0
            11.147023,48.083578,0
            11.148515,48.084048,0
            11.151652,48.08465,0
            11.15406,48.084861,0
            11.157128,48.08477,0
            11.159046,48.08446,0
            11.163529,48.083232,0
            11.167051,48.082708,0
            11.169317,48.082679,0
            11.181471,48.084292,0
            11.186115,48.084539,0
            11.197601,48.084478,0
            11.201523,48.084671,0
            11.213212,48.086351,0
            11.224013,48.086808,0
            11.226893,48.087313,0
            11.228174,48.087667,0
            11.238511,48.091728,0
            11.243019,48.092827,0
            11.245114,48.093034,0
            11.246991,48.093003,0
            11.248677,48.092805,0
            11.25215,48.092094,0
            11.254795,48.091887,0
            11.259576,48.092109,0
            11.264157,48.091782,0
            11.265558,48.091798,0
            11.267668,48.092094,0
            11.27246,48.093653,0
            11.273888,48.093964,0
            11.275963,48.094135,0
            11.277839,48.094023,0
            11.284609,48.093015,0
            11.2892,48.092941,0
            11.295075,48.093419,0
            11.30002,48.094245,0
            11.305968,48.095768,0
            11.308391,48.096162,0
            11.321456,48.096524,0
            11.325668,48.097186,0
            11.328395,48.097882,0
            11.333913,48.10007,0
            11.337946,48.102639,0
            11.343608,48.107561,0
            11.346328,48.109214,0
            11.349417,48.110471,0
            11.369362,48.116414,0
            11.371777,48.116867,0
            11.383268,48.117073,0
            11.387782,48.117509,0
            11.393411,48.118579,0
            11.395899,48.119377,0
            11.39781,48.120217,0
            11.399215,48.121082,0
            11.400578,48.122217,0
            11.401521,48.123283,0
            11.401553,48.123405,0
            11.402984,48.125187,0
            11.4043,48.126355,0
            11.406032,48.127448,0
            11.407638,48.128189,0
            11.411367,48.129299,0
            11.414961,48.129978,0
            11.417445,48.130243,0
            11.420968,48.130327,0
            11.424256,48.130002,0
            11.42632,48.129491,0
            11.431919,48.127552,0
            11.433933,48.127153,0
            11.436519,48.127145,0
            11.440406,48.127861,0
            11.442529,48.127953,0
            11.443906,48.127827,0
            11.445642,48.127452,0
            11.450602,48.12557,0
            11.452602,48.125017,0
            11.454227,48.124741,0
            11.466697,48.123781,0
            11.476065,48.123546,0
            11.489086,48.123728,0
            11.491065,48.123901,0
            11.499767,48.125615,0
            11.501833,48.12575,0
            11.505755,48.125531,0
            11.513703,48.12444,0
            11.518987,48.123392,0
            11.519374,48.123046,0
            11.519413,48.122659,0
            11.518972,48.122072,0
            11.518776,48.121931,0
            11.518318,48.121138,0
            11.518308,48.120916,0
            11.516882,48.117411,0
            11.516822,48.113194,0
            11.517043,48.112304,0
            11.517367,48.111745,0
            11.518107,48.110929,0
            11.519101,48.110136,0
            11.519624,48.109927,0
            11.528642,48.109991,0
            11.534717,48.110556,0
            11.540568,48.110621,0
            11.541516,48.110743,0
            11.543569,48.111579,0
            11.54449,48.111794,0
            11.550866,48.112302,0
            11.557267,48.112252,0
            11.562691,48.112897,0
            11.56486,48.112965,0
            11.567053,48.112683,0
            11.568479,48.112325,0
            11.569258,48.111911,0
            11.569815,48.111446,0
            11.570992,48.11188,0
            11.573466,48.117071,0
            11.573916,48.11766,0
            11.573975,48.117683,0
            11.576175,48.120557,0
            11.577228,48.120742,0
            11.578221,48.12127,0
            11.579416,48.122438,0
            11.580086,48.123536,0
            11.583446,48.126539,0
            11.583559,48.126498,0
            11.585044,48.128205,0
            11.586541,48.129232,0
            11.58749,48.130474,0
            11.587827,48.131427,0
            11.587808,48.131491,0
            11.587714,48.131531,0
            11.587697,48.131635,0
            11.587491,48.131623,0
            11.585903,48.131941,0
            11.584952,48.132375,0
            11.58703,48.134216,0
            11.588455,48.135844,0
            11.588867,48.136558,0
            11.589324,48.136987,0
            11.59282,48.139171,0
            11.593909,48.140518,0
            11.594963,48.143001,0
            11.596134,48.147942,0
            11.60092,48.153541,0
            11.600422,48.153682,0
            11.600074,48.153691,0
            11.59988,48.153603,0
            11.599598,48.153296,0
            11.599353,48.153348,0
            11.599152,48.153285,0
          </coordinates>
        </LineString>
      </Placemark>
      <Placemark>
        <name>Hilton Munich Park</name>
        <description><![CDATA[description: Hotel from 2019-12-25T19:42:32.000Z to 2019-12-26T08:28:48.093Z. Distance 0m<br>Email: syugen.zhou@gmail.com<br>Category: Hotel<br>Distance: 0]]></description>
        <styleUrl>#icon-1602-0288D1</styleUrl>
        <ExtendedData>
          <Data name="description">
            <value>Hotel from 2019-12-25T19:42:32.000Z to 2019-12-26T08:28:48.093Z. Distance 0m</value>
          </Data>
          <Data name="Email">
            <value>syugen.zhou@gmail.com</value>
          </Data>
          <Data name="Category">
            <value>Hotel</value>
          </Data>
          <Data name="Distance">
            <value>0</value>
          </Data>
        </ExtendedData>
        <Point>
          <coordinates>
            11.598338,48.152371,0
          </coordinates>
        </Point>
      </Placemark>
    </Folder>
  </Document>
</kml>
