<?xml version="1.0" encoding="UTF-8"?>
<kml xmlns="http://www.opengis.net/kml/2.2">
  <Document>
    <name>38-co-nm</name>
    <description/>
    <Style id="icon-1504-0288D1-normal">
      <IconStyle>
        <color>ffd18802</color>
        <scale>1</scale>
        <Icon>
          <href>https://www.gstatic.com/mapspro/images/stock/503-wht-blank_maps.png</href>
        </Icon>
      </IconStyle>
      <LabelStyle>
        <scale>0</scale>
      </LabelStyle>
    </Style>
    <Style id="icon-1504-0288D1-highlight">
      <IconStyle>
        <color>ffd18802</color>
        <scale>1</scale>
        <Icon>
          <href>https://www.gstatic.com/mapspro/images/stock/503-wht-blank_maps.png</href>
        </Icon>
      </IconStyle>
      <LabelStyle>
        <scale>1</scale>
      </LabelStyle>
    </Style>
    <StyleMap id="icon-1504-0288D1">
      <Pair>
        <key>normal</key>
        <styleUrl>#icon-1504-0288D1-normal</styleUrl>
      </Pair>
      <Pair>
        <key>highlight</key>
        <styleUrl>#icon-1504-0288D1-highlight</styleUrl>
      </Pair>
    </StyleMap>
    <Style id="icon-1535-0288D1-normal">
      <IconStyle>
        <color>ffd18802</color>
        <scale>1</scale>
        <Icon>
          <href>https://www.gstatic.com/mapspro/images/stock/503-wht-blank_maps.png</href>
        </Icon>
      </IconStyle>
      <LabelStyle>
        <scale>0</scale>
      </LabelStyle>
    </Style>
    <Style id="icon-1535-0288D1-highlight">
      <IconStyle>
        <color>ffd18802</color>
        <scale>1</scale>
        <Icon>
          <href>https://www.gstatic.com/mapspro/images/stock/503-wht-blank_maps.png</href>
        </Icon>
      </IconStyle>
      <LabelStyle>
        <scale>1</scale>
      </LabelStyle>
    </Style>
    <StyleMap id="icon-1535-0288D1">
      <Pair>
        <key>normal</key>
        <styleUrl>#icon-1535-0288D1-normal</styleUrl>
      </Pair>
      <Pair>
        <key>highlight</key>
        <styleUrl>#icon-1535-0288D1-highlight</styleUrl>
      </Pair>
    </StyleMap>
    <Style id="icon-1602-0288D1-normal">
      <IconStyle>
        <color>ffd18802</color>
        <scale>1</scale>
        <Icon>
          <href>https://www.gstatic.com/mapspro/images/stock/503-wht-blank_maps.png</href>
        </Icon>
      </IconStyle>
      <LabelStyle>
        <scale>0</scale>
      </LabelStyle>
    </Style>
    <Style id="icon-1602-0288D1-highlight">
      <IconStyle>
        <color>ffd18802</color>
        <scale>1</scale>
        <Icon>
          <href>https://www.gstatic.com/mapspro/images/stock/503-wht-blank_maps.png</href>
        </Icon>
      </IconStyle>
      <LabelStyle>
        <scale>1</scale>
      </LabelStyle>
    </Style>
    <StyleMap id="icon-1602-0288D1">
      <Pair>
        <key>normal</key>
        <styleUrl>#icon-1602-0288D1-normal</styleUrl>
      </Pair>
      <Pair>
        <key>highlight</key>
        <styleUrl>#icon-1602-0288D1-highlight</styleUrl>
      </Pair>
    </StyleMap>
    <Style id="icon-1739-0288D1-normal">
      <IconStyle>
        <color>ffd18802</color>
        <scale>1</scale>
        <Icon>
          <href>https://www.gstatic.com/mapspro/images/stock/503-wht-blank_maps.png</href>
        </Icon>
      </IconStyle>
      <LabelStyle>
        <scale>0</scale>
      </LabelStyle>
    </Style>
    <Style id="icon-1739-0288D1-highlight">
      <IconStyle>
        <color>ffd18802</color>
        <scale>1</scale>
        <Icon>
          <href>https://www.gstatic.com/mapspro/images/stock/503-wht-blank_maps.png</href>
        </Icon>
      </IconStyle>
      <LabelStyle>
        <scale>1</scale>
      </LabelStyle>
    </Style>
    <StyleMap id="icon-1739-0288D1">
      <Pair>
        <key>normal</key>
        <styleUrl>#icon-1739-0288D1-normal</styleUrl>
      </Pair>
      <Pair>
        <key>highlight</key>
        <styleUrl>#icon-1739-0288D1-highlight</styleUrl>
      </Pair>
    </StyleMap>
    <Style id="line-A52714-5000-normal">
      <LineStyle>
        <color>ff1427a5</color>
        <width>5</width>
      </LineStyle>
    </Style>
    <Style id="line-A52714-5000-highlight">
      <LineStyle>
        <color>ff1427a5</color>
        <width>7.5</width>
      </LineStyle>
    </Style>
    <StyleMap id="line-A52714-5000">
      <Pair>
        <key>normal</key>
        <styleUrl>#line-A52714-5000-normal</styleUrl>
      </Pair>
      <Pair>
        <key>highlight</key>
        <styleUrl>#line-A52714-5000-highlight</styleUrl>
      </Pair>
    </StyleMap>
    <Style id="line-F9A825-5000-normal">
      <LineStyle>
        <color>ff25a8f9</color>
        <width>5</width>
      </LineStyle>
    </Style>
    <Style id="line-F9A825-5000-highlight">
      <LineStyle>
        <color>ff25a8f9</color>
        <width>7.5</width>
      </LineStyle>
    </Style>
    <StyleMap id="line-F9A825-5000">
      <Pair>
        <key>normal</key>
        <styleUrl>#line-F9A825-5000-normal</styleUrl>
      </Pair>
      <Pair>
        <key>highlight</key>
        <styleUrl>#line-F9A825-5000-highlight</styleUrl>
      </Pair>
    </StyleMap>
    <Style id="line-FFEA00-5000-normal">
      <LineStyle>
        <color>ff00eaff</color>
        <width>5</width>
      </LineStyle>
    </Style>
    <Style id="line-FFEA00-5000-highlight">
      <LineStyle>
        <color>ff00eaff</color>
        <width>7.5</width>
      </LineStyle>
    </Style>
    <StyleMap id="line-FFEA00-5000">
      <Pair>
        <key>normal</key>
        <styleUrl>#line-FFEA00-5000-normal</styleUrl>
      </Pair>
      <Pair>
        <key>highlight</key>
        <styleUrl>#line-FFEA00-5000-highlight</styleUrl>
      </Pair>
    </StyleMap>
    <Folder>
      <name>history-2018-11-12</name>
      <Placemark>
        <name>La Quinta Inn by Wyndham Farmington</name>
        <description><![CDATA[description: Hotel from 2018-11-12T00:00:00.000Z to 2018-11-12T14:15:24.000Z. Distance 0m<br>Email: syugen.zhou@gmail.com<br>Category: Hotel<br>Distance: 0]]></description>
        <styleUrl>#icon-1602-0288D1</styleUrl>
        <ExtendedData>
          <Data name="description">
            <value>Hotel from 2018-11-12T00:00:00.000Z to 2018-11-12T14:15:24.000Z. Distance 0m</value>
          </Data>
          <Data name="Email">
            <value>syugen.zhou@gmail.com</value>
          </Data>
          <Data name="Category">
            <value>Hotel</value>
          </Data>
          <Data name="Distance">
            <value>0</value>
          </Data>
        </ExtendedData>
        <Point>
          <coordinates>
            -108.191803,36.7299,0
          </coordinates>
        </Point>
      </Placemark>
      <Placemark>
        <name>Driving</name>
        <description><![CDATA[description: Driving from 2018-11-12T14:15:24.999Z to 2018-11-12T17:05:44.004Z. Distance 165501m<br>Email: syugen.zhou@gmail.com<br>Category: Driving<br>Distance: 165501]]></description>
        <styleUrl>#line-FFEA00-5000</styleUrl>
        <ExtendedData>
          <Data name="description">
            <value>Driving from 2018-11-12T14:15:24.999Z to 2018-11-12T17:05:44.004Z. Distance 165501m</value>
          </Data>
          <Data name="Email">
            <value>syugen.zhou@gmail.com</value>
          </Data>
          <Data name="Category">
            <value>Driving</value>
          </Data>
          <Data name="Distance">
            <value>165501</value>
          </Data>
        </ExtendedData>
        <LineString>
          <tessellate>1</tessellate>
          <coordinates>
            -108.191476,36.729337,0
            -108.192021,36.72861,0
            -108.192153,36.728591,0
            -108.192408,36.728471,0
            -108.193186,36.72842,0
            -108.193262,36.728379,0
            -108.195928,36.728404,0
            -108.196273,36.728471,0
            -108.1976,36.728452,0
            -108.199942,36.728273,0
            -108.200134,36.728204,0
            -108.204315,36.728148,0
            -108.20445,36.728197,0
            -108.209318,36.72814,0
            -108.20946,36.728092,0
            -108.217242,36.728031,0
            -108.217383,36.728079,0
            -108.220338,36.728155,0
            -108.221018,36.728326,0
            -108.221422,36.728496,0
            -108.22261,36.729252,0
            -108.224685,36.730166,0
            -108.224931,36.730181,0
            -108.22671,36.730905,0
            -108.227674,36.731203,0
            -108.22919,36.731498,0
            -108.233518,36.731665,0
            -108.237314,36.73213,0
            -108.240972,36.732302,0
            -108.242605,36.732629,0
            -108.243435,36.732904,0
            -108.244717,36.733447,0
            -108.244858,36.733597,0
            -108.2495,36.73677,0
            -108.250595,36.737377,0
            -108.2515,36.737742,0
            -108.251788,36.737967,0
            -108.251864,36.738107,0
            -108.251904,36.738314,0
            -108.251493,36.739399,0
            -108.251227,36.739877,0
            -108.250681,36.740573,0
            -108.250022,36.741181,0
            -108.248382,36.742442,0
            -108.247924,36.742889,0
            -108.247468,36.743463,0
            -108.245466,36.746529,0
            -108.245353,36.746878,0
            -108.24487,36.749476,0
            -108.24109,36.76152,0
            -108.240727,36.762413,0
            -108.24041,36.76297,0
            -108.225155,36.784177,0
            -108.224514,36.785207,0
            -108.222715,36.788852,0
            -108.220954,36.794336,0
            -108.219767,36.803873,0
            -108.219735,36.805457,0
            -108.220223,36.809766,0
            -108.220472,36.810769,0
            -108.222224,36.814788,0
            -108.22368,36.81755,0
            -108.225875,36.820712,0
            -108.227824,36.824611,0
            -108.228087,36.825384,0
            -108.22825,36.826369,0
            -108.22825,36.832198,0
            -108.227667,36.844995,0
            -108.227399,36.846088,0
            -108.227148,36.846652,0
            -108.22672,36.847328,0
            -108.224785,36.849551,0
            -108.22263,36.852738,0
            -108.222099,36.853265,0
            -108.221462,36.853715,0
            -108.218413,36.855453,0
            -108.217808,36.855862,0
            -108.217311,36.856327,0
            -108.21618,36.857644,0
            -108.213162,36.860519,0
            -108.208782,36.863576,0
            -108.205329,36.866404,0
            -108.202813,36.867747,0
            -108.201615,36.868614,0
            -108.200544,36.869624,0
            -108.198006,36.872397,0
            -108.19763,36.873079,0
            -108.196232,36.8778,0
            -108.196101,36.878563,0
            -108.196,36.88236,0
            -108.19586,36.883059,0
            -108.195594,36.883698,0
            -108.195141,36.884359,0
            -108.194851,36.884677,0
            -108.192544,36.886563,0
            -108.192161,36.886965,0
            -108.191829,36.887436,0
            -108.19147,36.888173,0
            -108.191307,36.88889,0
            -108.191223,36.892235,0
            -108.190578,36.900913,0
            -108.190438,36.901426,0
            -108.188066,36.906886,0
            -108.187655,36.909498,0
            -108.187648,36.910048,0
            -108.189252,36.919481,0
            -108.190952,36.925638,0
            -108.19101,36.926365,0
            -108.190845,36.928888,0
            -108.190927,36.940623,0
            -108.191038,36.941326,0
            -108.191409,36.94248,0
            -108.192914,36.945412,0
            -108.193206,36.946296,0
            -108.193458,36.947576,0
            -108.193768,36.951981,0
            -108.193626,36.953667,0
            -108.193802,36.955652,0
            -108.193542,36.957622,0
            -108.193583,36.95819,0
            -108.193838,36.959203,0
            -108.193885,36.959645,0
            -108.193824,36.960272,0
            -108.193354,36.961449,0
            -108.192704,36.964738,0
            -108.192446,36.965361,0
            -108.190278,36.969413,0
            -108.189771,36.970683,0
            -108.189514,36.971672,0
            -108.189366,36.972764,0
            -108.189334,36.9744,0
            -108.189169,36.974972,0
            -108.188848,36.975496,0
            -108.187022,36.977555,0
            -108.186803,36.977921,0
            -108.18625,36.979508,0
            -108.186178,36.979905,0
            -108.186561,36.984068,0
            -108.186017,36.988066,0
            -108.185918,36.990401,0
            -108.186109,36.991539,0
            -108.186241,36.996362,0
            -108.186305,36.996815,0
            -108.186834,36.998486,0
            -108.186878,36.998991,0
            -108.186741,36.999659,0
            -108.186558,37.000058,0
            -108.182617,37.006016,0
            -108.182249,37.006821,0
            -108.182056,37.007548,0
            -108.182016,37.015764,0
            -108.182116,37.016333,0
            -108.182867,37.018429,0
            -108.182932,37.018966,0
            -108.182892,37.019457,0
            -108.182266,37.021636,0
            -108.182151,37.022416,0
            -108.182125,37.040062,0
            -108.182699,37.043429,0
            -108.182701,37.044064,0
            -108.182516,37.045023,0
            -108.181281,37.048009,0
            -108.181126,37.048662,0
            -108.181107,37.049101,0
            -108.18136,37.052392,0
            -108.181272,37.053343,0
            -108.180987,37.054277,0
            -108.180384,37.055254,0
            -108.17811,37.05789,0
            -108.1752,37.061896,0
            -108.173777,37.065642,0
            -108.173651,37.066433,0
            -108.173741,37.082165,0
            -108.173583,37.083004,0
            -108.170342,37.090722,0
            -108.170161,37.091569,0
            -108.169979,37.097301,0
            -108.169863,37.097904,0
            -108.169688,37.098386,0
            -108.169182,37.099195,0
            -108.168697,37.099692,0
            -108.131935,37.131593,0
            -108.130749,37.132804,0
            -108.129779,37.134017,0
            -108.114345,37.15661,0
            -108.11267,37.158673,0
            -108.092939,37.178987,0
            -108.092304,37.179517,0
            -108.091294,37.180219,0
            -108.090077,37.180899,0
            -108.086002,37.182842,0
            -108.085467,37.183172,0
            -108.084401,37.183993,0
            -108.083459,37.184982,0
            -108.082853,37.185855,0
            -108.081996,37.187349,0
            -108.079198,37.191015,0
            -108.078755,37.191831,0
            -108.0785,37.1926,0
            -108.077821,37.195704,0
            -108.07771,37.196737,0
            -108.076999,37.196683,0
            -108.017556,37.196863,0
            -108.017055,37.196908,0
            -108.016401,37.197064,0
            -108.01596,37.197381,0
            -108.015321,37.198015,0
            -108.008865,37.207611,0
            -108.008512,37.208314,0
            -108.008342,37.208844,0
            -108.008308,37.20949,0
            -108.008218,37.209875,0
            -108.008037,37.210252,0
            -108.007806,37.210557,0
            -108.005637,37.212482,0
            -108.004392,37.213459,0
            -108.003441,37.213952,0
            -108.002657,37.214238,0
            -108.002206,37.214328,0
            -107.999897,37.21453,0
            -107.998745,37.214703,0
            -107.997784,37.214961,0
            -107.995526,37.215838,0
            -107.995126,37.216081,0
            -107.987978,37.221821,0
            -107.982807,37.226259,0
            -107.982554,37.226655,0
            -107.981835,37.228288,0
            -107.981388,37.228756,0
            -107.980992,37.229032,0
            -107.979256,37.22983,0
            -107.978985,37.230068,0
            -107.978578,37.230674,0
            -107.978436,37.231019,0
            -107.97838,37.232888,0
            -107.978286,37.233306,0
            -107.978091,37.233753,0
            -107.977801,37.234222,0
            -107.974975,37.236889,0
            -107.974627,37.237082,0
            -107.965648,37.238874,0
            -107.962194,37.239089,0
            -107.957957,37.238245,0
            -107.957629,37.238214,0
            -107.957267,37.238231,0
            -107.955825,37.238617,0
            -107.954727,37.238693,0
            -107.954426,37.238658,0
            -107.953479,37.238315,0
            -107.952932,37.238233,0
            -107.948927,37.238346,0
            -107.947871,37.238588,0
            -107.946377,37.238827,0
            -107.942614,37.239169,0
            -107.942452,37.239244,0
            -107.941846,37.239997,0
            -107.941134,37.240619,0
            -107.941056,37.240728,0
            -107.941028,37.240937,0
            -107.94132,37.242265,0
            -107.941327,37.243359,0
            -107.941247,37.243532,0
            -107.940972,37.243859,0
            -107.933835,37.24872,0
            -107.933392,37.249079,0
            -107.933272,37.249303,0
            -107.93319,37.250271,0
            -107.932328,37.252528,0
            -107.932135,37.252877,0
            -107.931486,37.253733,0
            -107.931301,37.254057,0
            -107.930928,37.254473,0
            -107.930144,37.255009,0
            -107.928585,37.255802,0
            -107.928273,37.256025,0
            -107.92769,37.256608,0
            -107.927262,37.257286,0
            -107.927055,37.257508,0
            -107.925794,37.258353,0
            -107.925518,37.258629,0
            -107.924617,37.260112,0
            -107.923928,37.260946,0
            -107.923853,37.261097,0
            -107.923707,37.262412,0
            -107.923595,37.262685,0
            -107.922449,37.264213,0
            -107.922218,37.26442,0
            -107.921749,37.264679,0
            -107.920578,37.265681,0
            -107.920133,37.265934,0
            -107.919554,37.266155,0
            -107.919312,37.266294,0
            -107.913618,37.268692,0
            -107.909745,37.269762,0
            -107.908889,37.269913,0
            -107.903717,37.27024,0
            -107.902633,37.270198,0
            -107.900132,37.2699,0
            -107.8984,37.269879,0
            -107.89686,37.270046,0
            -107.892494,37.270876,0
            -107.891894,37.270924,0
            -107.891135,37.270831,0
            -107.890772,37.270717,0
            -107.890359,37.270526,0
            -107.889965,37.270265,0
            -107.88858,37.269026,0
            -107.888243,37.268835,0
            -107.888204,37.268772,0
            -107.887727,37.268591,0
            -107.88695,37.268445,0
            -107.886608,37.268426,0
            -107.885668,37.268488,0
            -107.885408,37.268384,0
            -107.885324,37.26831,0
            -107.884842,37.267623,0
            -107.88454,37.267369,0
            -107.884198,37.267183,0
            -107.88385,37.267065,0
            -107.88247,37.266795,0
            -107.882413,37.266817,0
            -107.881944,37.266678,0
            -107.881474,37.266448,0
            -107.881165,37.266211,0
            -107.88094,37.265952,0
            -107.880184,37.264437,0
            -107.879789,37.263852,0
            -107.877608,37.261674,0
            -107.877131,37.261051,0
            -107.876855,37.260482,0
            -107.876689,37.259944,0
            -107.876371,37.256213,0
            -107.876591,37.25325,0
            -107.876524,37.252553,0
            -107.876305,37.251746,0
            -107.870308,37.2374,0
            -107.86966,37.236456,0
            -107.863087,37.230454,0
            -107.862904,37.230379,0
            -107.861019,37.228452,0
            -107.858628,37.225609,0
            -107.85861,37.225492,0
            -107.854623,37.220729,0
            -107.854037,37.220233,0
            -107.85363,37.219976,0
            -107.853046,37.219707,0
            -107.852405,37.219517,0
            -107.851865,37.219432,0
            -107.851126,37.219415,0
            -107.850706,37.21945,0
            -107.85017,37.219557,0
            -107.849229,37.219906,0
            -107.846973,37.221359,0
            -107.846034,37.221872,0
            -107.845281,37.222472,0
            -107.844941,37.222876,0
            -107.843951,37.224963,0
            -107.843387,37.225637,0
            -107.843024,37.22597,0
            -107.842428,37.226402,0
            -107.841792,37.226754,0
            -107.840795,37.227125,0
            -107.835565,37.228305,0
            -107.835357,37.228408,0
            -107.833137,37.22885,0
            -107.831429,37.22904,0
            -107.830306,37.229069,0
            -107.828056,37.228904,0
            -107.826207,37.228522,0
            -107.823992,37.227853,0
            -107.823812,37.227734,0
            -107.820514,37.22714,0
            -107.819083,37.227008,0
            -107.818849,37.227049,0
            -107.8136,37.227053,0
            -107.811984,37.227182,0
            -107.800308,37.229205,0
            -107.800013,37.229196,0
            -107.796204,37.22961,0
            -107.768106,37.229791,0
            -107.745102,37.228892,0
            -107.744636,37.228916,0
            -107.725217,37.22817,0
            -107.724569,37.228097,0
            -107.720923,37.227358,0
            -107.707608,37.226537,0
            -107.706918,37.226407,0
            -107.704231,37.22556,0
            -107.703531,37.225393,0
            -107.702308,37.225244,0
            -107.701543,37.22525,0
            -107.700082,37.225469,0
            -107.696597,37.22652,0
            -107.695798,37.226659,0
            -107.694339,37.226697,0
            -107.690766,37.226371,0
            -107.689888,37.226416,0
            -107.687246,37.226871,0
            -107.686202,37.226859,0
            -107.685108,37.226652,0
            -107.684418,37.226403,0
            -107.678796,37.223805,0
            -107.678059,37.223594,0
            -107.677293,37.223481,0
            -107.676704,37.223467,0
            -107.675993,37.223529,0
            -107.665654,37.225627,0
            -107.664329,37.225785,0
            -107.660866,37.225809,0
            -107.660209,37.225753,0
            -107.659399,37.225597,0
            -107.658386,37.22521,0
            -107.657481,37.224652,0
            -107.650738,37.219298,0
            -107.649658,37.218656,0
            -107.648677,37.218237,0
            -107.647543,37.217888,0
            -107.646594,37.2177,0
            -107.645499,37.217586,0
            -107.644621,37.21758,0
            -107.643628,37.21765,0
            -107.642068,37.217907,0
            -107.624068,37.222063,0
            -107.623216,37.22241,0
            -107.62223,37.222983,0
            -107.617404,37.227343,0
            -107.61679,37.227775,0
            -107.616073,37.228163,0
            -107.614986,37.228562,0
            -107.613808,37.228806,0
            -107.605567,37.229886,0
            -107.605415,37.22988,0
            -107.60253,37.230245,0
            -107.60092,37.230537,0
            -107.594543,37.232296,0
            -107.594449,37.232363,0
            -107.585187,37.235018,0
            -107.583931,37.235508,0
            -107.577585,37.238579,0
            -107.576791,37.239108,0
            -107.57606,37.239792,0
            -107.575327,37.240802,0
            -107.572784,37.246373,0
            -107.572489,37.247579,0
            -107.572106,37.250769,0
            -107.57196,37.251372,0
            -107.57159,37.252243,0
            -107.571227,37.252816,0
            -107.565055,37.259855,0
            -107.564448,37.260694,0
            -107.563477,37.262344,0
            -107.561051,37.268019,0
            -107.560617,37.268797,0
            -107.559598,37.27006,0
            -107.555821,37.273363,0
            -107.554159,37.274531,0
            -107.546998,37.27885,0
            -107.546049,37.279582,0
            -107.543332,37.282339,0
            -107.542431,37.283053,0
            -107.540683,37.2841,0
            -107.539328,37.284666,0
            -107.537565,37.285159,0
            -107.536223,37.285376,0
            -107.53424,37.285459,0
            -107.530094,37.28519,0
            -107.528936,37.285288,0
            -107.528118,37.285493,0
            -107.527604,37.285689,0
            -107.524224,37.287424,0
            -107.52341,37.287719,0
            -107.522615,37.287893,0
            -107.52195,37.287955,0
            -107.515577,37.288052,0
            -107.51441,37.288168,0
            -107.513777,37.28832,0
            -107.510969,37.289383,0
            -107.51025,37.289549,0
            -107.509066,37.289645,0
            -107.508498,37.289615,0
            -107.50761,37.289464,0
            -107.506785,37.289205,0
            -107.505976,37.288815,0
            -107.505477,37.288484,0
            -107.504972,37.288047,0
            -107.502903,37.285916,0
            -107.502268,37.285506,0
            -107.501744,37.285243,0
            -107.50115,37.285023,0
            -107.500343,37.284849,0
            -107.499522,37.284769,0
            -107.488007,37.284814,0
            -107.487338,37.284906,0
            -107.48255,37.286073,0
            -107.48164,37.286204,0
            -107.480823,37.286237,0
            -107.480108,37.286198,0
            -107.479294,37.286083,0
            -107.477948,37.285683,0
            -107.477327,37.285404,0
            -107.471429,37.282146,0
            -107.47026,37.281356,0
            -107.466771,37.278379,0
            -107.465781,37.277688,0
            -107.464626,37.277085,0
            -107.461357,37.275698,0
            -107.460567,37.275208,0
            -107.460118,37.274856,0
            -107.459543,37.27426,0
            -107.45303,37.264954,0
            -107.452695,37.264576,0
            -107.451778,37.263783,0
            -107.450962,37.263303,0
            -107.449372,37.26254,0
            -107.44813,37.261809,0
            -107.447314,37.261093,0
            -107.446891,37.260562,0
            -107.446482,37.25991,0
            -107.440931,37.248711,0
            -107.436003,37.242671,0
            -107.434951,37.241641,0
            -107.433874,37.240865,0
            -107.432909,37.240334,0
            -107.426962,37.237588,0
            -107.412605,37.228459,0
            -107.411872,37.228092,0
            -107.411264,37.227889,0
            -107.410714,37.227782,0
            -107.409906,37.227744,0
            -107.40956,37.227766,0
            -107.408974,37.227879,0
            -107.408346,37.228083,0
            -107.404531,37.229833,0
            -107.403008,37.230357,0
            -107.396782,37.231977,0
            -107.395809,37.232078,0
            -107.394667,37.231993,0
            -107.393892,37.231808,0
            -107.38751,37.229654,0
            -107.385976,37.229243,0
            -107.384583,37.229058,0
            -107.379182,37.22875,0
            -107.362997,37.229186,0
            -107.36078,37.229147,0
            -107.356468,37.228692,0
            -107.348957,37.228519,0
            -107.34802,37.228414,0
            -107.347212,37.228111,0
            -107.346404,37.227623,0
            -107.341086,37.223546,0
            -107.340433,37.222831,0
            -107.340023,37.222208,0
            -107.339642,37.221306,0
            -107.339252,37.219553,0
            -107.339132,37.218361,0
            -107.339161,37.217727,0
            -107.339612,37.215014,0
            -107.339609,37.214104,0
            -107.3395,37.213611,0
            -107.339327,37.213155,0
            -107.3351,37.20571,0
            -107.334727,37.205228,0
            -107.334397,37.204905,0
            -107.333642,37.204458,0
            -107.333253,37.204314,0
            -107.33273,37.204192,0
            -107.331958,37.204162,0
            -107.330869,37.204335,0
            -107.324432,37.205852,0
            -107.319347,37.206692,0
            -107.318196,37.206775,0
            -107.310951,37.206514,0
            -107.309787,37.206604,0
            -107.308507,37.206845,0
            -107.299447,37.209601,0
            -107.298916,37.209854,0
            -107.298282,37.210262,0
            -107.295548,37.212379,0
            -107.295205,37.212587,0
            -107.29441,37.212897,0
            -107.29364,37.213092,0
            -107.292734,37.213204,0
            -107.29043,37.213116,0
            -107.283317,37.212449,0
            -107.282314,37.212429,0
            -107.279841,37.212535,0
            -107.275345,37.21314,0
            -107.274595,37.213177,0
            -107.273899,37.213142,0
            -107.272745,37.212972,0
            -107.271864,37.212717,0
            -107.269169,37.211581,0
            -107.266682,37.210903,0
            -107.259829,37.209749,0
            -107.259705,37.209761,0
            -107.247153,37.207674,0
            -107.246451,37.207645,0
            -107.245562,37.207688,0
            -107.244759,37.207808,0
            -107.244188,37.20795,0
            -107.24307,37.208365,0
            -107.241639,37.209176,0
            -107.24021,37.209846,0
            -107.233242,37.211832,0
            -107.232301,37.212218,0
            -107.231291,37.212762,0
            -107.222378,37.218677,0
            -107.220603,37.220047,0
            -107.215186,37.225481,0
            -107.214347,37.226124,0
            -107.213387,37.226695,0
            -107.212413,37.227153,0
            -107.209921,37.227886,0
            -107.202219,37.229644,0
            -107.201291,37.229742,0
            -107.199925,37.229766,0
            -107.199133,37.229716,0
            -107.194742,37.228905,0
            -107.194205,37.228896,0
            -107.193202,37.229009,0
            -107.192258,37.229309,0
            -107.184583,37.23248,0
            -107.183225,37.232962,0
            -107.181142,37.233457,0
            -107.179296,37.234138,0
            -107.178384,37.234614,0
            -107.175881,37.236195,0
            -107.175069,37.236506,0
            -107.174594,37.23657,0
            -107.170355,37.236737,0
            -107.169233,37.236886,0
            -107.165584,37.237863,0
            -107.161523,37.238161,0
            -107.160971,37.238278,0
            -107.159577,37.238787,0
            -107.158907,37.238956,0
            -107.157911,37.23904,0
            -107.156461,37.23895,0
            -107.155333,37.239005,0
            -107.154205,37.239209,0
            -107.152887,37.239548,0
            -107.150333,37.240515,0
            -107.148976,37.24089,0
            -107.147168,37.241105,0
            -107.14223,37.240972,0
            -107.141449,37.240839,0
            -107.141124,37.240728,0
            -107.140495,37.240418,0
            -107.13936,37.239617,0
            -107.138639,37.23925,0
            -107.137834,37.238965,0
            -107.136991,37.238811,0
            -107.130949,37.23819,0
            -107.130274,37.238062,0
            -107.129664,37.237861,0
            -107.12895,37.237431,0
            -107.128574,37.237074,0
            -107.128392,37.236835,0
            -107.125672,37.231299,0
            -107.12526,37.230815,0
            -107.124366,37.230122,0
            -107.120037,37.227947,0
            -107.119252,37.227641,0
            -107.117984,37.227374,0
            -107.117341,37.227351,0
            -107.116529,37.227422,0
            -107.116068,37.227507,0
            -107.112531,37.228488,0
            -107.111497,37.228677,0
            -107.110085,37.228812,0
            -107.109529,37.228917,0
            -107.109102,37.229049,0
            -107.108338,37.22945,0
            -107.107805,37.229934,0
            -107.10078,37.240122,0
            -107.099536,37.241492,0
            -107.0958,37.244209,0
            -107.073551,37.256581,0
            -107.073912,37.257161,0
            -107.074518,37.25688,0
          </coordinates>
        </LineString>
      </Placemark>
      <Placemark>
        <name>Pagosa Springs</name>
        <description><![CDATA[description: from 2018-11-12T17:05:44.004Z to 2018-11-12T17:23:44.000Z. Distance 0m<br>Email: syugen.zhou@gmail.com<br>Category: <br>Distance: 0]]></description>
        <styleUrl>#icon-1739-0288D1</styleUrl>
        <ExtendedData>
          <Data name="description">
            <value>from 2018-11-12T17:05:44.004Z to 2018-11-12T17:23:44.000Z. Distance 0m</value>
          </Data>
          <Data name="Email">
            <value>syugen.zhou@gmail.com</value>
          </Data>
          <Data name="Category">
            <value/>
          </Data>
          <Data name="Distance">
            <value>0</value>
          </Data>
        </ExtendedData>
        <Point>
          <coordinates>
            -107.009762,37.26945,0
          </coordinates>
        </Point>
      </Placemark>
      <Placemark>
        <name>Driving</name>
        <description><![CDATA[description: Driving from 2018-11-12T17:23:44.000Z to 2018-11-12T19:00:10.000Z. Distance 95608m<br>Email: syugen.zhou@gmail.com<br>Category: Driving<br>Distance: 95608]]></description>
        <styleUrl>#line-FFEA00-5000</styleUrl>
        <ExtendedData>
          <Data name="description">
            <value>Driving from 2018-11-12T17:23:44.000Z to 2018-11-12T19:00:10.000Z. Distance 95608m</value>
          </Data>
          <Data name="Email">
            <value>syugen.zhou@gmail.com</value>
          </Data>
          <Data name="Category">
            <value>Driving</value>
          </Data>
          <Data name="Distance">
            <value>95608</value>
          </Data>
        </ExtendedData>
        <LineString>
          <tessellate>1</tessellate>
          <coordinates>
            -107.074378,37.256946,0
            -107.075827,37.256205,0
            -107.076395,37.256075,0
            -107.077464,37.25554,0
            -107.07806,37.255361,0
            -107.078569,37.255005,0
            -107.077895,37.254214,0
            -107.057344,37.265564,0
            -107.057266,37.265572,0
            -107.054625,37.266949,0
            -107.053115,37.26754,0
            -107.046707,37.269364,0
            -107.046624,37.269416,0
            -107.042322,37.270567,0
            -107.041162,37.271005,0
            -107.037055,37.273014,0
            -107.036144,37.273273,0
            -107.03565,37.273324,0
            -107.034969,37.273286,0
            -107.034119,37.273074,0
            -107.033458,37.272742,0
            -107.032808,37.272215,0
            -107.028438,37.267758,0
            -107.027955,37.267419,0
            -107.027333,37.267119,0
            -107.026523,37.266885,0
            -107.025733,37.266808,0
            -107.021918,37.267155,0
            -107.017126,37.266657,0
            -107.015454,37.266344,0
            -107.011499,37.266353,0
            -107.011427,37.266383,0
            -107.008921,37.268606,0
            -107.008409,37.268725,0
            -107.002505,37.269061,0
            -106.998412,37.269497,0
            -106.994553,37.269404,0
            -106.993773,37.269548,0
            -106.9931,37.269786,0
            -106.992344,37.270186,0
            -106.99168,37.270678,0
            -106.983468,37.278247,0
            -106.98279,37.279003,0
            -106.974755,37.291054,0
            -106.967599,37.307634,0
            -106.96587,37.310145,0
            -106.965606,37.310922,0
            -106.965159,37.313576,0
            -106.962091,37.322766,0
            -106.961716,37.323545,0
            -106.960935,37.32454,0
            -106.951091,37.333638,0
            -106.949043,37.33514,0
            -106.946072,37.336747,0
            -106.927107,37.344203,0
            -106.923433,37.346133,0
            -106.922365,37.346866,0
            -106.920329,37.348715,0
            -106.91865,37.351117,0
            -106.916807,37.353098,0
            -106.909529,37.358789,0
            -106.906337,37.361957,0
            -106.902823,37.366098,0
            -106.901256,37.368795,0
            -106.900125,37.372253,0
            -106.8997,37.374246,0
            -106.897376,37.409482,0
            -106.896855,37.412711,0
            -106.895745,37.416624,0
            -106.894654,37.419369,0
            -106.890453,37.427543,0
            -106.889057,37.431543,0
            -106.888436,37.432872,0
            -106.887721,37.433911,0
            -106.886776,37.434921,0
            -106.885486,37.435934,0
            -106.880501,37.43887,0
            -106.880179,37.439147,0
            -106.878728,37.441132,0
            -106.877972,37.441715,0
            -106.87767,37.442163,0
            -106.877608,37.442483,0
            -106.877655,37.442809,0
            -106.877818,37.443116,0
            -106.878518,37.443861,0
            -106.878751,37.444362,0
            -106.8786,37.44726,0
            -106.878782,37.447691,0
            -106.879085,37.448036,0
            -106.882295,37.450378,0
            -106.882709,37.450878,0
            -106.882837,37.451251,0
            -106.882794,37.452027,0
            -106.883101,37.453535,0
            -106.883213,37.455717,0
            -106.882965,37.45666,0
            -106.882971,37.45699,0
            -106.883178,37.457298,0
            -106.883568,37.457528,0
            -106.883793,37.45758,0
            -106.884249,37.457562,0
            -106.88468,37.457357,0
            -106.884865,37.457176,0
            -106.886171,37.4552,0
            -106.886596,37.454162,0
            -106.887178,37.453402,0
            -106.887304,37.453061,0
            -106.887402,37.451803,0
            -106.88733,37.450782,0
            -106.887452,37.45056,0
            -106.887563,37.450461,0
            -106.887793,37.450363,0
            -106.888003,37.450345,0
            -106.888269,37.450403,0
            -106.888559,37.45059,0
            -106.888632,37.450753,0
            -106.88862,37.451039,0
            -106.888384,37.451708,0
            -106.88835,37.452034,0
            -106.888568,37.453014,0
            -106.88852,37.4535,0
            -106.887985,37.454357,0
            -106.887887,37.454756,0
            -106.888048,37.455785,0
            -106.887886,37.456212,0
            -106.887521,37.456681,0
            -106.887061,37.457699,0
            -106.885918,37.459129,0
            -106.885623,37.460195,0
            -106.885167,37.461012,0
            -106.884518,37.461647,0
            -106.880766,37.464323,0
            -106.876632,37.466687,0
            -106.876336,37.467001,0
            -106.875767,37.467902,0
            -106.875426,37.468224,0
            -106.874063,37.468964,0
            -106.87326,37.469518,0
            -106.872784,37.469966,0
            -106.872484,37.470606,0
            -106.872344,37.47156,0
            -106.872056,37.4723,0
            -106.871627,37.472786,0
            -106.869838,37.473808,0
            -106.868688,37.474772,0
            -106.868052,37.475108,0
            -106.866704,37.475546,0
            -106.86627,37.475591,0
            -106.865809,37.475559,0
            -106.864967,37.475366,0
            -106.86452,37.475333,0
            -106.86086,37.475702,0
            -106.860213,37.475841,0
            -106.859651,37.476113,0
            -106.859341,37.476367,0
            -106.858455,37.477653,0
            -106.857925,37.478199,0
            -106.857655,37.47839,0
            -106.85508,37.479587,0
            -106.854119,37.479875,0
            -106.850326,37.480626,0
            -106.846939,37.48178,0
            -106.845929,37.482325,0
            -106.844456,37.483555,0
            -106.84208,37.484792,0
            -106.841423,37.484976,0
            -106.839041,37.48521,0
            -106.837835,37.485535,0
            -106.835662,37.486496,0
            -106.834732,37.486717,0
            -106.833798,37.486783,0
            -106.832929,37.486709,0
            -106.83142,37.486425,0
            -106.830547,37.486393,0
            -106.82998,37.486464,0
            -106.825811,37.487484,0
            -106.823837,37.488309,0
            -106.823442,37.488411,0
            -106.822653,37.488444,0
            -106.820841,37.488085,0
            -106.820337,37.488098,0
            -106.818479,37.488422,0
            -106.817963,37.488451,0
            -106.817531,37.488389,0
            -106.81706,37.488232,0
            -106.814888,37.48696,0
            -106.813771,37.485924,0
            -106.812868,37.485442,0
            -106.81153,37.485067,0
            -106.808467,37.483614,0
            -106.807252,37.483282,0
            -106.805793,37.483123,0
            -106.801736,37.483166,0
            -106.800648,37.483061,0
            -106.796703,37.482177,0
            -106.795709,37.481707,0
            -106.795149,37.481333,0
            -106.792078,37.478721,0
            -106.79185,37.478451,0
            -106.791707,37.478136,0
            -106.791685,37.477844,0
            -106.791757,37.477537,0
            -106.79198,37.477204,0
            -106.793166,37.476341,0
            -106.793427,37.476003,0
            -106.793511,37.475791,0
            -106.793536,37.475422,0
            -106.79344,37.47513,0
            -106.793282,37.474908,0
            -106.792898,37.474592,0
            -106.792662,37.474482,0
            -106.792157,37.474375,0
            -106.791566,37.474422,0
            -106.782194,37.477305,0
            -106.781477,37.477689,0
            -106.781086,37.477987,0
            -106.780209,37.479146,0
            -106.77997,37.4793,0
            -106.77959,37.479412,0
            -106.778457,37.479467,0
            -106.776154,37.479045,0
            -106.775176,37.479117,0
            -106.772489,37.47989,0
            -106.772083,37.480092,0
            -106.771219,37.48077,0
            -106.76944,37.482715,0
            -106.769157,37.483135,0
            -106.768766,37.484001,0
            -106.768283,37.485923,0
            -106.765781,37.491155,0
            -106.765706,37.492057,0
            -106.76589,37.492738,0
            -106.767318,37.49479,0
            -106.767624,37.495466,0
            -106.768075,37.497349,0
            -106.768278,37.497739,0
            -106.768872,37.498505,0
            -106.770005,37.499614,0
            -106.771081,37.501708,0
            -106.77175,37.502632,0
            -106.77355,37.504545,0
            -106.77381,37.504928,0
            -106.773994,37.505385,0
            -106.774045,37.506347,0
            -106.773813,37.507143,0
            -106.773463,37.507839,0
            -106.773306,37.508385,0
            -106.7733,37.508927,0
            -106.773733,37.511201,0
            -106.773688,37.511954,0
            -106.773187,37.513348,0
            -106.772726,37.515297,0
            -106.771995,37.516809,0
            -106.771767,37.517624,0
            -106.771816,37.519996,0
            -106.77141,37.520927,0
            -106.770099,37.522552,0
            -106.769732,37.523355,0
            -106.769575,37.524469,0
            -106.769634,37.525052,0
            -106.770799,37.529464,0
            -106.771064,37.535129,0
            -106.77121,37.535589,0
            -106.772235,37.537509,0
            -106.772501,37.538374,0
            -106.772512,37.539207,0
            -106.772142,37.5418,0
            -106.772215,37.543585,0
            -106.772746,37.545674,0
            -106.773318,37.546578,0
            -106.773919,37.547043,0
            -106.774622,37.547771,0
            -106.775298,37.548828,0
            -106.776614,37.552777,0
            -106.776655,37.553446,0
            -106.776547,37.553968,0
            -106.7762,37.554703,0
            -106.775353,37.55581,0
            -106.774751,37.556313,0
            -106.774141,37.55666,0
            -106.772704,37.557189,0
            -106.771719,37.557852,0
            -106.771247,37.558406,0
            -106.77095,37.559023,0
            -106.770638,37.560226,0
            -106.770297,37.560905,0
            -106.767812,37.564184,0
            -106.766495,37.565337,0
            -106.766185,37.565479,0
            -106.764967,37.565728,0
            -106.764499,37.565892,0
            -106.762918,37.566916,0
            -106.760955,37.56871,0
            -106.75835,37.570352,0
            -106.755578,37.573339,0
            -106.749658,37.577438,0
            -106.747315,37.578422,0
            -106.741788,37.582596,0
            -106.74088,37.583046,0
            -106.739411,37.584157,0
            -106.73779,37.585006,0
            -106.734879,37.587007,0
            -106.733691,37.588014,0
            -106.731942,37.588963,0
            -106.731361,37.589452,0
            -106.730066,37.591466,0
            -106.730019,37.591979,0
            -106.730227,37.592763,0
            -106.730192,37.593185,0
            -106.729985,37.593605,0
            -106.728654,37.595129,0
            -106.727772,37.596585,0
            -106.727542,37.598351,0
            -106.726861,37.600149,0
            -106.726692,37.60182,0
            -106.725744,37.604043,0
            -106.725492,37.604347,0
            -106.723989,37.605381,0
            -106.720106,37.608494,0
            -106.718856,37.609107,0
            -106.717296,37.609469,0
            -106.712412,37.609654,0
            -106.71057,37.609887,0
            -106.705813,37.610941,0
            -106.704659,37.611303,0
            -106.700921,37.613092,0
            -106.698758,37.6145,0
            -106.697976,37.6148,0
            -106.6971,37.615007,0
            -106.69477,37.615252,0
            -106.693649,37.615521,0
            -106.693055,37.615763,0
            -106.692221,37.616255,0
            -106.691656,37.616722,0
            -106.691259,37.61717,0
            -106.690135,37.618968,0
            -106.689342,37.619854,0
            -106.685869,37.622778,0
            -106.683786,37.624163,0
            -106.682955,37.62495,0
            -106.681645,37.626956,0
            -106.681143,37.628201,0
            -106.68083,37.628717,0
            -106.680193,37.629377,0
            -106.676546,37.631456,0
            -106.675272,37.632423,0
            -106.674119,37.633576,0
            -106.672812,37.635257,0
            -106.672354,37.635708,0
            -106.668808,37.638138,0
            -106.665777,37.64108,0
            -106.663247,37.642877,0
            -106.6626,37.643624,0
            -106.661676,37.645643,0
            -106.661106,37.646407,0
            -106.659382,37.648141,0
            -106.656194,37.650697,0
            -106.652197,37.656021,0
            -106.649319,37.660802,0
            -106.647559,37.663052,0
            -106.642338,37.668305,0
            -106.641332,37.668887,0
            -106.64025,37.669285,0
            -106.626565,37.671273,0
            -106.62013,37.67276,0
            -106.620023,37.67275,0
            -106.600938,37.677264,0
            -106.599044,37.677489,0
            -106.597518,37.67746,0
            -106.589416,37.676335,0
            -106.572101,37.676117,0
            -106.569763,37.676317,0
            -106.548057,37.679327,0
            -106.522541,37.680648,0
            -106.519061,37.680601,0
            -106.515618,37.680335,0
            -106.496694,37.677384,0
            -106.432203,37.67658,0
            -106.413166,37.673106,0
            -106.411113,37.672934,0
            -106.407402,37.673066,0
            -106.367351,37.67952,0
            -106.364105,37.679634,0
            -106.351395,37.6786,0
          </coordinates>
        </LineString>
      </Placemark>
      <Placemark>
        <name>Conoco</name>
        <description><![CDATA[description: Gas station from 2018-11-12T19:00:10.000Z to 2018-11-12T19:19:59.000Z. Distance 0m<br>Email: syugen.zhou@gmail.com<br>Category: Gas station<br>Distance: 0]]></description>
        <styleUrl>#icon-1739-0288D1</styleUrl>
        <ExtendedData>
          <Data name="description">
            <value>Gas station from 2018-11-12T19:00:10.000Z to 2018-11-12T19:19:59.000Z. Distance 0m</value>
          </Data>
          <Data name="Email">
            <value>syugen.zhou@gmail.com</value>
          </Data>
          <Data name="Category">
            <value>Gas station</value>
          </Data>
          <Data name="Distance">
            <value>0</value>
          </Data>
        </ExtendedData>
        <Point>
          <coordinates>
            -106.351583,37.678439,0
          </coordinates>
        </Point>
      </Placemark>
      <Placemark>
        <name>Driving</name>
        <description><![CDATA[description: Driving from 2018-11-12T19:19:59.000Z to 2018-11-12T21:19:16.000Z. Distance 162947m<br>Email: syugen.zhou@gmail.com<br>Category: Driving<br>Distance: 162947]]></description>
        <styleUrl>#line-FFEA00-5000</styleUrl>
        <ExtendedData>
          <Data name="description">
            <value>Driving from 2018-11-12T19:19:59.000Z to 2018-11-12T21:19:16.000Z. Distance 162947m</value>
          </Data>
          <Data name="Email">
            <value>syugen.zhou@gmail.com</value>
          </Data>
          <Data name="Category">
            <value>Driving</value>
          </Data>
          <Data name="Distance">
            <value>162947</value>
          </Data>
        </ExtendedData>
        <LineString>
          <tessellate>1</tessellate>
          <coordinates>
            -106.351323,37.678593,0
            -106.346539,37.678195,0
            -106.341442,37.677872,0
            -106.340899,37.677808,0
            -106.340317,37.677702,0
            -106.330389,37.675491,0
            -106.329535,37.675239,0
            -106.329039,37.67505,0
            -106.288469,37.656747,0
            -106.274922,37.649543,0
            -106.273832,37.648856,0
            -106.264448,37.641384,0
            -106.249066,37.627249,0
            -106.24835,37.62664,0
            -106.242574,37.622113,0
            -106.242098,37.621693,0
            -106.23811,37.618623,0
            -106.237979,37.618548,0
            -106.227388,37.610281,0
            -106.227173,37.610133,0
            -106.20984,37.596619,0
            -106.209693,37.596473,0
            -106.207148,37.594446,0
            -106.205885,37.593504,0
            -106.205687,37.593378,0
            -106.199566,37.588573,0
            -106.198778,37.587839,0
            -106.198197,37.587234,0
            -106.195733,37.584319,0
            -106.195052,37.583648,0
            -106.194677,37.583363,0
            -106.194046,37.582962,0
            -106.19353,37.582705,0
            -106.192759,37.582402,0
            -106.19187,37.582174,0
            -106.191268,37.582073,0
            -106.190712,37.582026,0
            -106.168649,37.581944,0
            -106.167818,37.581882,0
            -106.166886,37.581742,0
            -106.166198,37.581593,0
            -106.16309,37.580807,0
            -106.1624,37.58068,0
            -106.161768,37.580597,0
            -106.161659,37.580567,0
            -106.160103,37.580491,0
            -106.158307,37.580507,0
            -106.15818,37.580527,0
            -106.14547,37.580517,0
            -106.14529,37.58048,0
            -106.143024,37.579515,0
            -106.142804,37.579437,0
            -106.142706,37.579363,0
            -106.142193,37.579327,0
            -106.141867,37.579347,0
            -106.1415,37.579406,0
            -106.141051,37.579424,0
            -106.140754,37.5794,0
            -106.140524,37.579352,0
            -106.140309,37.579283,0
            -106.139648,37.578991,0
            -106.139583,37.579015,0
            -106.132545,37.576033,0
            -106.131259,37.575338,0
            -106.098829,37.561634,0
            -106.098798,37.561604,0
            -106.088218,37.557127,0
            -106.08806,37.557083,0
            -106.065378,37.547492,0
            -106.06535,37.547465,0
            -106.065306,37.547439,0
            -106.034055,37.534253,0
            -106.033902,37.534248,0
            -106.023987,37.530061,0
            -106.023965,37.53001,0
            -106.023932,37.529981,0
            -106.023837,37.529928,0
            -106.015051,37.526202,0
            -106.014996,37.526197,0
            -105.989822,37.515532,0
            -105.989692,37.515457,0
            -105.97858,37.510746,0
            -105.97849,37.510724,0
            -105.970777,37.507456,0
            -105.970689,37.5074,0
            -105.959975,37.502858,0
            -105.959907,37.502845,0
            -105.935638,37.492559,0
            -105.935591,37.492518,0
            -105.92539,37.488192,0
            -105.925342,37.48819,0
            -105.916025,37.484243,0
            -105.915974,37.4842,0
            -105.902614,37.478507,0
            -105.902582,37.478501,0
            -105.90249,37.478509,0
            -105.900461,37.477644,0
            -105.900355,37.477537,0
            -105.892179,37.474057,0
            -105.891937,37.474015,0
            -105.879633,37.468784,0
            -105.879587,37.468709,0
            -105.879564,37.468693,0
            -105.876139,37.467249,0
            -105.875653,37.467126,0
            -105.875359,37.467107,0
            -105.862455,37.467103,0
            -105.862335,37.467143,0
            -105.86228,37.467173,0
            -105.862206,37.467234,0
            -105.862142,37.467308,0
            -105.862163,37.469264,0
            -105.862007,37.46947,0
            -105.861922,37.469538,0
            -105.861796,37.469616,0
            -105.860511,37.47025,0
            -105.86014,37.470481,0
            -105.859728,37.470809,0
            -105.857945,37.472547,0
            -105.857614,37.472803,0
            -105.857455,37.472874,0
            -105.857171,37.472966,0
            -105.856776,37.473062,0
            -105.856518,37.473087,0
            -105.838924,37.473454,0
            -105.820152,37.473557,0
            -105.812722,37.473353,0
            -105.79621,37.473442,0
            -105.712094,37.474587,0
            -105.672917,37.47471,0
            -105.639027,37.475013,0
            -105.59054,37.475022,0
            -105.589115,37.474987,0
            -105.587309,37.474815,0
            -105.585522,37.474517,0
            -105.583786,37.474086,0
            -105.582572,37.473701,0
            -105.581473,37.473286,0
            -105.580182,37.472707,0
            -105.57936,37.472282,0
            -105.578128,37.471555,0
            -105.578045,37.471522,0
            -105.520305,37.436705,0
            -105.519732,37.436429,0
            -105.519374,37.436283,0
            -105.518454,37.435978,0
            -105.517432,37.435773,0
            -105.454158,37.429634,0
            -105.448353,37.428981,0
            -105.430918,37.427236,0
            -105.430585,37.427174,0
            -105.430257,37.42709,0
            -105.429921,37.426971,0
            -105.428324,37.426314,0
            -105.427981,37.426219,0
            -105.42764,37.42615,0
            -105.427313,37.426109,0
            -105.426854,37.42609,0
            -105.426427,37.426109,0
            -105.414166,37.427628,0
            -105.412923,37.427829,0
            -105.399937,37.430621,0
            -105.398762,37.430958,0
            -105.398088,37.431224,0
            -105.397654,37.431423,0
            -105.389698,37.435695,0
            -105.388873,37.436176,0
            -105.38841,37.436484,0
            -105.387776,37.436965,0
            -105.356912,37.462085,0
            -105.356,37.462974,0
            -105.355272,37.463791,0
            -105.354522,37.464766,0
            -105.353893,37.465738,0
            -105.340084,37.491386,0
            -105.339601,37.492165,0
            -105.339227,37.492634,0
            -105.338918,37.49296,0
            -105.338538,37.493296,0
            -105.338026,37.493657,0
            -105.337279,37.494083,0
            -105.336666,37.494371,0
            -105.333643,37.495604,0
            -105.332996,37.495915,0
            -105.332507,37.496197,0
            -105.331904,37.496642,0
            -105.331549,37.496965,0
            -105.331215,37.497323,0
            -105.330838,37.497782,0
            -105.329419,37.499846,0
            -105.328691,37.500589,0
            -105.319892,37.507012,0
            -105.317714,37.508821,0
            -105.313262,37.512924,0
            -105.312778,37.513328,0
            -105.312103,37.513805,0
            -105.311458,37.51415,0
            -105.310974,37.514363,0
            -105.310384,37.514558,0
            -105.30988,37.514691,0
            -105.308723,37.514909,0
            -105.305308,37.515418,0
            -105.304295,37.515626,0
            -105.303297,37.515941,0
            -105.302628,37.516311,0
            -105.302262,37.516552,0
            -105.301849,37.516882,0
            -105.301532,37.517184,0
            -105.301259,37.517504,0
            -105.300938,37.517962,0
            -105.300528,37.518804,0
            -105.296892,37.528918,0
            -105.296513,37.52971,0
            -105.296189,37.530228,0
            -105.295931,37.53057,0
            -105.294264,37.532325,0
            -105.293814,37.532965,0
            -105.292573,37.535427,0
            -105.292171,37.536079,0
            -105.289737,37.53958,0
            -105.285357,37.545074,0
            -105.284926,37.545719,0
            -105.284663,37.546212,0
            -105.28446,37.546686,0
            -105.28424,37.547458,0
            -105.284157,37.547921,0
            -105.284113,37.548726,0
            -105.28414,37.549238,0
            -105.284205,37.549655,0
            -105.284321,37.550142,0
            -105.284823,37.551434,0
            -105.284982,37.551732,0
            -105.287808,37.558189,0
            -105.287953,37.558719,0
            -105.288016,37.559095,0
            -105.288028,37.559432,0
            -105.288015,37.559634,0
            -105.287902,37.560208,0
            -105.287728,37.56067,0
            -105.287433,37.561199,0
            -105.287194,37.561538,0
            -105.286691,37.5621,0
            -105.278152,37.570229,0
            -105.277822,37.570597,0
            -105.277439,37.571097,0
            -105.276324,37.572928,0
            -105.275615,37.573794,0
            -105.275065,37.574339,0
            -105.273211,37.575909,0
            -105.27289,37.576231,0
            -105.270874,37.578548,0
            -105.270665,37.578732,0
            -105.270255,37.579039,0
            -105.269963,37.57922,0
            -105.269223,37.579574,0
            -105.266716,37.580384,0
            -105.266067,37.580628,0
            -105.265749,37.580785,0
            -105.265143,37.581173,0
            -105.264688,37.581539,0
            -105.264242,37.582023,0
            -105.262883,37.583885,0
            -105.262459,37.584412,0
            -105.261994,37.584901,0
            -105.261758,37.585109,0
            -105.26132,37.585438,0
            -105.26086,37.58573,0
            -105.260229,37.586084,0
            -105.256002,37.588164,0
            -105.254673,37.588695,0
            -105.253935,37.588944,0
            -105.252001,37.589495,0
            -105.251019,37.58969,0
            -105.24889,37.590011,0
            -105.248341,37.590126,0
            -105.247562,37.590354,0
            -105.246853,37.590641,0
            -105.246224,37.590999,0
            -105.24576,37.591331,0
            -105.245248,37.591793,0
            -105.244584,37.592599,0
            -105.243985,37.5935,0
            -105.243484,37.594127,0
            -105.24325,37.594374,0
            -105.242769,37.59482,0
            -105.241677,37.595708,0
            -105.240942,37.596429,0
            -105.239772,37.597885,0
            -105.239461,37.598211,0
            -105.239036,37.598561,0
            -105.238768,37.598743,0
            -105.238237,37.599032,0
            -105.237785,37.599237,0
            -105.232789,37.600843,0
            -105.232412,37.600999,0
            -105.232011,37.601196,0
            -105.231584,37.601466,0
            -105.23116,37.601792,0
            -105.230849,37.602095,0
            -105.230216,37.602929,0
            -105.229724,37.603648,0
            -105.229404,37.604047,0
            -105.228817,37.604623,0
            -105.228611,37.60478,0
            -105.22831,37.604971,0
            -105.227995,37.605142,0
            -105.22733,37.605454,0
            -105.217373,37.609695,0
            -105.215508,37.6104,0
            -105.214386,37.610688,0
            -105.213228,37.610902,0
            -105.209069,37.61141,0
            -105.208356,37.611527,0
            -105.207302,37.611789,0
            -105.206825,37.611974,0
            -105.206156,37.612286,0
            -105.205479,37.61265,0
            -105.198513,37.617012,0
            -105.197892,37.617309,0
            -105.197573,37.617428,0
            -105.197096,37.617568,0
            -105.196502,37.617687,0
            -105.195742,37.617744,0
            -105.195054,37.617725,0
            -105.194422,37.617644,0
            -105.193954,37.617531,0
            -105.193547,37.617396,0
            -105.192889,37.617108,0
            -105.192452,37.616843,0
            -105.191899,37.616423,0
            -105.191613,37.616139,0
            -105.191021,37.615419,0
            -105.190224,37.614319,0
            -105.189638,37.613673,0
            -105.18897,37.613112,0
            -105.188588,37.61284,0
            -105.187981,37.612474,0
            -105.184857,37.61078,0
            -105.183993,37.610176,0
            -105.183722,37.609936,0
            -105.183398,37.609606,0
            -105.183207,37.609357,0
            -105.183013,37.609019,0
            -105.182757,37.608352,0
            -105.182572,37.607661,0
            -105.182525,37.607282,0
            -105.182556,37.606449,0
            -105.182865,37.605564,0
            -105.182942,37.6054,0
            -105.183384,37.60479,0
            -105.184453,37.603527,0
            -105.184867,37.602962,0
            -105.185132,37.602473,0
            -105.185295,37.602049,0
            -105.185359,37.601821,0
            -105.18542,37.60141,0
            -105.185412,37.600834,0
            -105.185343,37.600422,0
            -105.184963,37.598905,0
            -105.184915,37.598543,0
            -105.185147,37.595303,0
            -105.185131,37.594928,0
            -105.185058,37.594561,0
            -105.184891,37.594016,0
            -105.184735,37.593646,0
            -105.184508,37.593233,0
            -105.184315,37.592967,0
            -105.182443,37.590795,0
            -105.181951,37.590054,0
            -105.180891,37.588001,0
            -105.179929,37.58646,0
            -105.17899,37.585119,0
            -105.177475,37.583239,0
            -105.170944,37.57565,0
            -105.170451,37.575139,0
            -105.169431,37.574287,0
            -105.168658,37.573771,0
            -105.167262,37.573109,0
            -105.123841,37.554547,0
            -105.123086,37.554291,0
            -105.121571,37.553909,0
            -105.121055,37.553837,0
            -105.119971,37.553752,0
            -105.112451,37.553504,0
            -105.11126,37.553355,0
            -105.110465,37.553185,0
            -105.090982,37.547175,0
            -105.069494,37.541426,0
            -105.068701,37.54127,0
            -105.067702,37.541137,0
            -105.066967,37.541096,0
            -105.066402,37.541105,0
            -105.006899,37.544341,0
            -105.005791,37.544436,0
            -105.004457,37.544617,0
            -105.003624,37.544775,0
            -104.987006,37.548622,0
            -104.985892,37.548849,0
            -104.98505,37.548975,0
            -104.958617,37.551851,0
            -104.956639,37.552136,0
            -104.95557,37.552363,0
            -104.954939,37.552548,0
            -104.937645,37.55965,0
            -104.937069,37.559948,0
            -104.936523,37.560274,0
            -104.935922,37.560683,0
            -104.931909,37.563664,0
            -104.930779,37.564566,0
            -104.920538,37.574189,0
            -104.91985,37.574723,0
            -104.919319,37.575064,0
            -104.918843,37.575333,0
            -104.913093,37.577997,0
            -104.912984,37.578025,0
            -104.909077,37.57979,0
            -104.908882,37.579918,0
            -104.898512,37.58468,0
            -104.897962,37.584888,0
            -104.897109,37.585133,0
            -104.896274,37.585286,0
            -104.8956,37.585359,0
            -104.888392,37.585855,0
            -104.887038,37.58588,0
            -104.878774,37.585807,0
            -104.878226,37.585839,0
            -104.877948,37.585874,0
            -104.877246,37.586022,0
            -104.876612,37.586228,0
            -104.87384,37.587428,0
            -104.872586,37.588115,0
            -104.871483,37.588884,0
            -104.863417,37.59595,0
            -104.862629,37.596559,0
            -104.861867,37.59701,0
            -104.861248,37.597296,0
            -104.860652,37.597508,0
            -104.860337,37.597598,0
            -104.859714,37.59774,0
            -104.859057,37.59784,0
            -104.855649,37.598091,0
            -104.855572,37.598078,0
            -104.853078,37.598268,0
            -104.852976,37.598297,0
            -104.843024,37.59897,0
            -104.840614,37.599213,0
            -104.839096,37.59943,0
            -104.837669,37.599713,0
            -104.836453,37.600031,0
            -104.835382,37.600388,0
            -104.833202,37.601192,0
            -104.83157,37.601939,0
            -104.829786,37.602877,0
            -104.827572,37.60417,0
            -104.824895,37.605593,0
            -104.823725,37.606134,0
            -104.821168,37.607191,0
            -104.818006,37.608362,0
            -104.817867,37.608389,0
            -104.813689,37.609945,0
            -104.812894,37.610182,0
            -104.812482,37.61027,0
            -104.81208,37.610322,0
            -104.810127,37.610396,0
            -104.81004,37.610413,0
            -104.809795,37.610424,0
            -104.809344,37.610476,0
            -104.808594,37.610616,0
            -104.807857,37.610839,0
            -104.807634,37.610925,0
            -104.8009,37.614341,0
            -104.80033,37.614671,0
            -104.796329,37.617359,0
            -104.795931,37.617562,0
            -104.783578,37.62167,0
            -104.783468,37.621461,0
          </coordinates>
        </LineString>
      </Placemark>
      <Placemark>
        <name>7-Eleven</name>
        <description><![CDATA[description: Convenience store from 2018-11-12T21:19:16.000Z to 2018-11-12T21:28:22.000Z. Distance 0m<br>Email: syugen.zhou@gmail.com<br>Category: Convenience store<br>Distance: 0]]></description>
        <styleUrl>#icon-1739-0288D1</styleUrl>
        <ExtendedData>
          <Data name="description">
            <value>Convenience store from 2018-11-12T21:19:16.000Z to 2018-11-12T21:28:22.000Z. Distance 0m</value>
          </Data>
          <Data name="Email">
            <value>syugen.zhou@gmail.com</value>
          </Data>
          <Data name="Category">
            <value>Convenience store</value>
          </Data>
          <Data name="Distance">
            <value>0</value>
          </Data>
        </ExtendedData>
        <Point>
          <coordinates>
            -104.782975,37.621473,0
          </coordinates>
        </Point>
      </Placemark>
      <Placemark>
        <name>Driving</name>
        <description><![CDATA[description: Driving from 2018-11-12T21:28:22.000Z to 2018-11-12T22:38:34.004Z. Distance 131963m<br>Email: syugen.zhou@gmail.com<br>Category: Driving<br>Distance: 131963]]></description>
        <styleUrl>#line-FFEA00-5000</styleUrl>
        <ExtendedData>
          <Data name="description">
            <value>Driving from 2018-11-12T21:28:22.000Z to 2018-11-12T22:38:34.004Z. Distance 131963m</value>
          </Data>
          <Data name="Email">
            <value>syugen.zhou@gmail.com</value>
          </Data>
          <Data name="Category">
            <value>Driving</value>
          </Data>
          <Data name="Distance">
            <value>131963</value>
          </Data>
        </ExtendedData>
        <LineString>
          <tessellate>1</tessellate>
          <coordinates>
            -104.783474,37.621473,0
            -104.78438,37.623335,0
            -104.78507,37.624558,0
            -104.781911,37.625666,0
            -104.782999,37.627686,0
            -104.783134,37.627776,0
            -104.783532,37.627958,0
            -104.783625,37.62803,0
            -104.789081,37.634592,0
            -104.789334,37.635052,0
            -104.789444,37.635402,0
            -104.789531,37.635954,0
            -104.790126,37.647027,0
            -104.79037,37.648003,0
            -104.790822,37.649079,0
            -104.793779,37.655154,0
            -104.793869,37.655511,0
            -104.793868,37.656033,0
            -104.793805,37.656314,0
            -104.793132,37.657923,0
            -104.793078,37.658128,0
            -104.793067,37.658492,0
            -104.793126,37.658741,0
            -104.793393,37.659153,0
            -104.793748,37.65946,0
            -104.795244,37.660253,0
            -104.795808,37.660636,0
            -104.796188,37.660971,0
            -104.796644,37.661492,0
            -104.79672,37.661524,0
            -104.797343,37.66265,0
            -104.83518,37.751412,0
            -104.835454,37.752226,0
            -104.835603,37.75297,0
            -104.835654,37.75376,0
            -104.83491,37.768353,0
            -104.828538,37.802321,0
            -104.828491,37.802997,0
            -104.828865,37.908209,0
            -104.828648,37.91003,0
            -104.828351,37.911236,0
            -104.827862,37.912596,0
            -104.817112,37.935663,0
            -104.816805,37.93615,0
            -104.81634,37.936688,0
            -104.815979,37.937016,0
            -104.815538,37.937342,0
            -104.814795,37.937756,0
            -104.814433,37.937914,0
            -104.813618,37.938173,0
            -104.809495,37.938897,0
            -104.808698,37.939101,0
            -104.808321,37.939238,0
            -104.807775,37.939491,0
            -104.807065,37.939939,0
            -104.806768,37.94018,0
            -104.806341,37.940612,0
            -104.806046,37.940992,0
            -104.805809,37.941391,0
            -104.800219,37.956144,0
            -104.799689,37.957224,0
            -104.798783,37.958605,0
            -104.796808,37.960874,0
            -104.78095,37.97487,0
            -104.780108,37.975742,0
            -104.779005,37.977112,0
            -104.775336,37.982335,0
            -104.774464,37.98333,0
            -104.768834,37.988785,0
            -104.757226,37.998841,0
            -104.75654,37.999531,0
            -104.732759,38.027455,0
            -104.731964,38.028597,0
            -104.731292,38.02979,0
            -104.730664,38.031226,0
            -104.73012,38.033137,0
            -104.729945,38.034285,0
            -104.729661,38.03736,0
            -104.729407,38.038753,0
            -104.72916,38.039648,0
            -104.728712,38.04084,0
            -104.728334,38.041655,0
            -104.727719,38.042752,0
            -104.725433,38.045983,0
            -104.724745,38.047168,0
            -104.722341,38.053052,0
            -104.72147,38.054698,0
            -104.720501,38.056084,0
            -104.715499,38.061714,0
            -104.714802,38.062666,0
            -104.706158,38.078089,0
            -104.705582,38.078902,0
            -104.704765,38.079886,0
            -104.674254,38.112849,0
            -104.673134,38.114422,0
            -104.672618,38.115327,0
            -104.672141,38.116336,0
            -104.671778,38.11728,0
            -104.671331,38.118993,0
            -104.669875,38.127946,0
            -104.669504,38.129025,0
            -104.669155,38.129689,0
            -104.668804,38.130226,0
            -104.65522,38.147928,0
            -104.642664,38.16158,0
            -104.641336,38.163291,0
            -104.636085,38.17102,0
            -104.635629,38.171792,0
            -104.634981,38.173122,0
            -104.6346,38.174155,0
            -104.634265,38.175438,0
            -104.634053,38.176764,0
            -104.632354,38.196306,0
            -104.632067,38.197874,0
            -104.628217,38.209099,0
            -104.627763,38.210072,0
            -104.627384,38.210683,0
            -104.627017,38.211168,0
            -104.622471,38.215778,0
            -104.616188,38.220924,0
            -104.61575,38.221336,0
            -104.61536,38.221778,0
            -104.614752,38.222649,0
            -104.614485,38.223161,0
            -104.614207,38.223897,0
            -104.614105,38.224317,0
            -104.613971,38.225448,0
            -104.613847,38.231565,0
            -104.613734,38.232357,0
            -104.613572,38.232856,0
            -104.612152,38.235887,0
            -104.611998,38.236375,0
            -104.611832,38.23724,0
            -104.611781,38.237973,0
            -104.611813,38.239791,0
            -104.611964,38.240534,0
            -104.612328,38.241802,0
            -104.612337,38.242102,0
            -104.6123,38.242392,0
            -104.612002,38.243323,0
            -104.611883,38.243861,0
            -104.611856,38.247033,0
            -104.611808,38.247413,0
            -104.611705,38.247769,0
            -104.61155,38.248092,0
            -104.609912,38.250262,0
            -104.609739,38.250652,0
            -104.609629,38.251089,0
            -104.609562,38.2524,0
            -104.609525,38.252589,0
            -104.609335,38.253114,0
            -104.609036,38.253611,0
            -104.6057,38.2574,0
            -104.605521,38.257704,0
            -104.605279,38.258424,0
            -104.605244,38.261711,0
            -104.605024,38.262202,0
            -104.604634,38.265729,0
            -104.604657,38.266274,0
            -104.60515,38.268921,0
            -104.605191,38.269472,0
            -104.605105,38.270387,0
            -104.604795,38.271428,0
            -104.604074,38.272963,0
            -104.603889,38.273587,0
            -104.603859,38.27393,0
            -104.603945,38.276183,0
            -104.604013,38.2765,0
            -104.604266,38.27719,0
            -104.604828,38.278329,0
            -104.605066,38.279049,0
            -104.605176,38.279592,0
            -104.605223,38.280359,0
            -104.605156,38.282114,0
            -104.605243,38.284878,0
            -104.605327,38.285297,0
            -104.607178,38.290442,0
            -104.609313,38.294474,0
            -104.611263,38.297457,0
            -104.611697,38.298388,0
            -104.611887,38.299023,0
            -104.612307,38.301461,0
            -104.614972,38.314049,0
            -104.615309,38.317593,0
            -104.615525,38.324208,0
            -104.615897,38.326111,0
            -104.619221,38.336408,0
            -104.619538,38.33768,0
            -104.619702,38.338664,0
            -104.619771,38.339624,0
            -104.619785,38.344585,0
            -104.620698,38.361991,0
            -104.620697,38.364635,0
            -104.620351,38.369106,0
            -104.618692,38.382206,0
            -104.618814,38.384587,0
            -104.619713,38.389544,0
            -104.619831,38.391303,0
            -104.619759,38.392631,0
            -104.61945,38.394358,0
            -104.61916,38.395322,0
            -104.60826,38.424117,0
            -104.60782,38.425889,0
            -104.60631,38.437425,0
            -104.605661,38.44696,0
            -104.605677,38.448166,0
            -104.606197,38.453311,0
            -104.606329,38.454047,0
            -104.606809,38.455706,0
            -104.614852,38.475242,0
            -104.625585,38.498142,0
            -104.626228,38.499925,0
            -104.629235,38.515445,0
            -104.629461,38.516264,0
            -104.630108,38.517918,0
            -104.646637,38.550402,0
            -104.652912,38.564579,0
            -104.656013,38.570897,0
            -104.656468,38.571644,0
            -104.656882,38.572186,0
            -104.666875,38.582834,0
            -104.667287,38.583415,0
            -104.677609,38.602331,0
            -104.680321,38.606599,0
            -104.686386,38.614771,0
            -104.687233,38.616107,0
            -104.687714,38.617049,0
            -104.68822,38.618307,0
            -104.688453,38.619057,0
            -104.693725,38.643451,0
            -104.694138,38.644898,0
            -104.700981,38.662187,0
            -104.701595,38.663406,0
            -104.702337,38.66458,0
            -104.712095,38.677179,0
            -104.712838,38.67824,0
            -104.713337,38.679076,0
            -104.720108,38.693751,0
            -104.720486,38.694957,0
            -104.723319,38.70669,0
            -104.728766,38.719724,0
            -104.729545,38.721129,0
            -104.730142,38.722005,0
            -104.730145,38.722099,0
            -104.731669,38.724477,0
            -104.732311,38.725118,0
            -104.730244,38.725867,0
            -104.729756,38.726001,0
            -104.729134,38.726071,0
            -104.728681,38.726058,0
            -104.728408,38.726019,0
            -104.727894,38.725887,0
            -104.727638,38.725783,0
            -104.727231,38.725565,0
            -104.724996,38.72409,0
            -104.724347,38.723716,0
            -104.723338,38.723295,0
            -104.722546,38.723071,0
            -104.722062,38.722973,0
            -104.720912,38.722864,0
            -104.71617,38.722826,0
            -104.715348,38.722742,0
            -104.714401,38.722517,0
            -104.713895,38.722331,0
            -104.713378,38.722088,0
            -104.712831,38.721758,0
            -104.711625,38.720913,0
            -104.710935,38.720535,0
            -104.710308,38.720284,0
            -104.709523,38.720069,0
            -104.709112,38.719995,0
            -104.708146,38.719914,0
            -104.704544,38.719941,0
            -104.703955,38.719893,0
            -104.703292,38.719778,0
            -104.697732,38.718142,0
            -104.697413,38.718777,0
            -104.698568,38.71912,0
            -104.698716,38.718835,0
            -104.698175,38.718665,0
          </coordinates>
        </LineString>
      </Placemark>
      <Placemark>
        <name><![CDATA[McDonald's]]></name>
        <description><![CDATA[description: Fast Food from 2018-11-12T22:38:34.004Z to 2018-11-12T23:17:48.000Z. Distance 0m<br>Email: syugen.zhou@gmail.com<br>Category: Fast Food<br>Distance: 0]]></description>
        <styleUrl>#icon-1739-0288D1</styleUrl>
        <ExtendedData>
          <Data name="description">
            <value>Fast Food from 2018-11-12T22:38:34.004Z to 2018-11-12T23:17:48.000Z. Distance 0m</value>
          </Data>
          <Data name="Email">
            <value>syugen.zhou@gmail.com</value>
          </Data>
          <Data name="Category">
            <value>Fast Food</value>
          </Data>
          <Data name="Distance">
            <value>0</value>
          </Data>
        </ExtendedData>
        <Point>
          <coordinates>
            -104.698124,38.718826,0
          </coordinates>
        </Point>
      </Placemark>
      <Placemark>
        <name>Driving</name>
        <description><![CDATA[description: Driving from 2018-11-12T23:17:48.000Z to 2018-11-13T00:37:30.000Z. Distance 144097m<br>Email: syugen.zhou@gmail.com<br>Category: Driving<br>Distance: 144097]]></description>
        <styleUrl>#line-FFEA00-5000</styleUrl>
        <ExtendedData>
          <Data name="description">
            <value>Driving from 2018-11-12T23:17:48.000Z to 2018-11-13T00:37:30.000Z. Distance 144097m</value>
          </Data>
          <Data name="Email">
            <value>syugen.zhou@gmail.com</value>
          </Data>
          <Data name="Category">
            <value>Driving</value>
          </Data>
          <Data name="Distance">
            <value>144097</value>
          </Data>
        </ExtendedData>
        <LineString>
          <tessellate>1</tessellate>
          <coordinates>
            -104.698202,38.718674,0
            -104.697806,38.718548,0
            -104.697652,38.718848,0
            -104.697413,38.718777,0
            -104.697665,38.718257,0
            -104.703342,38.719926,0
            -104.704028,38.720036,0
            -104.708583,38.720068,0
            -104.710086,38.720356,0
            -104.711314,38.720893,0
            -104.713289,38.722204,0
            -104.714156,38.722575,0
            -104.715341,38.722873,0
            -104.715828,38.722931,0
            -104.721389,38.723011,0
            -104.722757,38.723245,0
            -104.723895,38.723643,0
            -104.724588,38.723993,0
            -104.727358,38.725805,0
            -104.728016,38.726082,0
            -104.729026,38.726238,0
            -104.729965,38.726134,0
            -104.732479,38.725267,0
            -104.733086,38.725859,0
            -104.735632,38.727809,0
            -104.735732,38.727827,0
            -104.764977,38.756539,0
            -104.772869,38.76238,0
            -104.77583,38.76512,0
            -104.777523,38.767022,0
            -104.779676,38.769986,0
            -104.780734,38.771792,0
            -104.782864,38.776564,0
            -104.783799,38.77815,0
            -104.794866,38.791485,0
            -104.795741,38.792872,0
            -104.800913,38.803045,0
            -104.801753,38.80421,0
            -104.803999,38.806555,0
            -104.812813,38.812931,0
            -104.814594,38.813779,0
            -104.816753,38.814477,0
            -104.819275,38.81492,0
            -104.826392,38.81535,0
            -104.827404,38.815539,0
            -104.829185,38.816085,0
            -104.831048,38.817037,0
            -104.834655,38.819833,0
            -104.835268,38.820444,0
            -104.83595,38.821539,0
            -104.836225,38.822623,0
            -104.836226,38.823353,0
            -104.834687,38.830051,0
            -104.834354,38.830833,0
            -104.833524,38.831987,0
            -104.83149,38.833835,0
            -104.830791,38.834765,0
            -104.830385,38.835609,0
            -104.830083,38.837007,0
            -104.829837,38.841356,0
            -104.829936,38.842524,0
            -104.830818,38.847098,0
            -104.83175,38.850049,0
            -104.832367,38.854009,0
            -104.832735,38.855191,0
            -104.83365,38.857091,0
            -104.834042,38.858903,0
            -104.834013,38.860945,0
            -104.833253,38.864595,0
            -104.833374,38.869363,0
            -104.835802,38.880643,0
            -104.835867,38.882389,0
            -104.835587,38.884503,0
            -104.835055,38.886315,0
            -104.83127,38.893958,0
            -104.825732,38.907325,0
            -104.824817,38.908908,0
            -104.823688,38.910234,0
            -104.816858,38.915611,0
            -104.815905,38.916763,0
            -104.815397,38.917598,0
            -104.814938,38.918651,0
            -104.814647,38.91966,0
            -104.812341,38.933989,0
            -104.812459,38.93705,0
            -104.813857,38.944428,0
            -104.813761,38.945662,0
            -104.813293,38.947161,0
            -104.812476,38.948547,0
            -104.811092,38.950002,0
            -104.80455,38.954062,0
            -104.803403,38.954936,0
            -104.802472,38.955942,0
            -104.801523,38.957476,0
            -104.801125,38.958637,0
            -104.800955,38.959751,0
            -104.800999,38.960953,0
            -104.801239,38.962037,0
            -104.812339,38.984736,0
            -104.818678,39.001912,0
            -104.855341,39.063567,0
            -104.856169,39.065563,0
            -104.863577,39.096943,0
            -104.865568,39.115044,0
            -104.86557,39.117245,0
            -104.865112,39.121435,0
            -104.861501,39.142333,0
            -104.858457,39.150758,0
            -104.858393,39.150838,0
            -104.851066,39.170609,0
            -104.850405,39.173295,0
            -104.85006,39.175913,0
            -104.850255,39.188437,0
            -104.850415,39.189932,0
            -104.851178,39.19275,0
            -104.852005,39.194419,0
            -104.858632,39.204699,0
            -104.859596,39.205733,0
            -104.861188,39.206876,0
            -104.870856,39.212515,0
            -104.873552,39.214332,0
            -104.876894,39.217231,0
            -104.877637,39.218176,0
            -104.878163,39.219118,0
            -104.878473,39.219939,0
            -104.878798,39.221851,0
            -104.878238,39.225894,0
            -104.878196,39.225936,0
            -104.877304,39.233693,0
            -104.877261,39.240011,0
            -104.877413,39.241343,0
            -104.878229,39.243201,0
            -104.878916,39.244107,0
            -104.879693,39.244912,0
            -104.8823,39.247133,0
            -104.884128,39.249035,0
            -104.891675,39.259271,0
            -104.893746,39.262587,0
            -104.895164,39.265457,0
            -104.896118,39.267986,0
            -104.897016,39.271845,0
            -104.89752,39.276483,0
            -104.897477,39.277341,0
            -104.895624,39.2886,0
            -104.895112,39.290065,0
            -104.890337,39.298646,0
            -104.8715,39.351005,0
            -104.867962,39.358101,0
            -104.862669,39.375167,0
            -104.861084,39.378495,0
            -104.860639,39.379882,0
            -104.860412,39.381647,0
            -104.860383,39.386518,0
            -104.859689,39.390858,0
            -104.859765,39.394163,0
            -104.860151,39.396282,0
            -104.860909,39.398643,0
            -104.864878,39.407708,0
            -104.865845,39.40948,0
            -104.878286,39.427953,0
            -104.878696,39.428754,0
            -104.879101,39.430021,0
            -104.879219,39.431748,0
            -104.87857,39.435756,0
            -104.878179,39.436794,0
            -104.876238,39.440166,0
            -104.8758,39.441212,0
            -104.875509,39.442602,0
            -104.875548,39.449598,0
            -104.875139,39.455811,0
            -104.87265,39.4708,0
            -104.872381,39.474385,0
            -104.87244,39.486958,0
            -104.874382,39.5012,0
            -104.874312,39.502508,0
            -104.873851,39.504324,0
            -104.867389,39.517412,0
            -104.867142,39.518592,0
            -104.867413,39.526073,0
            -104.869411,39.549578,0
            -104.869299,39.549717,0
            -104.869322,39.551391,0
            -104.868983,39.552605,0
            -104.86873,39.553051,0
            -104.868158,39.5536,0
            -104.867496,39.553949,0
            -104.866663,39.554158,0
            -104.864855,39.554229,0
            -104.864745,39.554271,0
            -104.863264,39.554235,0
            -104.861934,39.553946,0
            -104.85628,39.551674,0
            -104.854878,39.551275,0
            -104.851255,39.550641,0
            -104.849024,39.550502,0
            -104.846217,39.550587,0
            -104.843768,39.550911,0
            -104.825847,39.555689,0
            -104.82198,39.556185,0
            -104.820092,39.556202,0
            -104.817697,39.55603,0
            -104.814387,39.555402,0
            -104.811827,39.554584,0
            -104.802943,39.550294,0
            -104.800695,39.549653,0
            -104.799571,39.54945,0
            -104.787182,39.548297,0
            -104.784784,39.548411,0
            -104.782827,39.548761,0
            -104.781055,39.549287,0
            -104.779627,39.54988,0
            -104.778475,39.550483,0
            -104.773302,39.553716,0
            -104.772331,39.554633,0
            -104.77168,39.555488,0
            -104.771032,39.556896,0
            -104.769693,39.561493,0
            -104.768824,39.56301,0
            -104.767994,39.564049,0
            -104.766834,39.565158,0
            -104.765346,39.566226,0
            -104.763969,39.56697,0
            -104.761783,39.567779,0
            -104.755763,39.56917,0
            -104.754443,39.56964,0
            -104.753063,39.57041,0
            -104.746219,39.57556,0
            -104.744902,39.576258,0
            -104.742992,39.576839,0
            -104.741929,39.576992,0
            -104.72771,39.576835,0
            -104.726479,39.576974,0
            -104.72528,39.577231,0
            -104.723853,39.577704,0
            -104.722902,39.57814,0
            -104.721814,39.578786,0
            -104.72082,39.579567,0
            -104.719579,39.580939,0
            -104.718794,39.58231,0
            -104.71836,39.583815,0
            -104.71813,39.592026,0
            -104.717975,39.592997,0
            -104.717197,39.595594,0
            -104.713192,39.602638,0
            -104.712844,39.603739,0
            -104.712715,39.605571,0
            -104.712914,39.606714,0
            -104.713231,39.607619,0
            -104.718309,39.616741,0
            -104.718905,39.618675,0
            -104.719022,39.619908,0
            -104.718669,39.630682,0
            -104.719115,39.649706,0
            -104.719553,39.653232,0
            -104.725936,39.680658,0
            -104.726218,39.682543,0
            -104.725959,39.699049,0
            -104.725598,39.701966,0
            -104.724672,39.706457,0
            -104.717134,39.732206,0
            -104.717218,39.733619,0
            -104.718417,39.737011,0
            -104.718604,39.737969,0
            -104.718675,39.739288,0
            -104.718507,39.74069,0
            -104.718253,39.741672,0
            -104.717181,39.744141,0
            -104.716752,39.745716,0
            -104.716047,39.802309,0
            -104.716263,39.804368,0
            -104.716515,39.80528,0
            -104.717208,39.806942,0
            -104.721266,39.813777,0
            -104.721795,39.814464,0
            -104.72305,39.815535,0
            -104.72427,39.816199,0
            -104.725194,39.816538,0
            -104.726139,39.81677,0
            -104.736478,39.817808,0
            -104.737943,39.818137,0
            -104.740128,39.818906,0
            -104.741479,39.81959,0
            -104.743166,39.820736,0
            -104.744653,39.822166,0
            -104.745995,39.824146,0
            -104.746669,39.825949,0
            -104.746622,39.826049,0
            -104.746775,39.827013,0
            -104.746792,39.828131,0
            -104.746593,39.829462,0
            -104.746233,39.830194,0
            -104.74587,39.830579,0
            -104.742565,39.833142,0
            -104.741898,39.833413,0
            -104.741411,39.833524,0
            -104.740067,39.833595,0
            -104.739873,39.833661,0
            -104.736023,39.833703,0
            -104.735892,39.833773,0
            -104.732687,39.833749,0
            -104.729461,39.833405,0
            -104.7293,39.83332,0
            -104.722242,39.832223,0
            -104.720828,39.832099,0
            -104.715512,39.832002,0
            -104.715504,39.836467,0
            -104.71863,39.836502,0
            -104.718785,39.836542,0
            -104.719043,39.836679,0
            -104.719278,39.837006,0
            -104.719676,39.836863,0
            -104.719828,39.836764,0
            -104.719926,39.836585,0
            -104.720074,39.836644,0
            -104.720311,39.836648,0
            -104.720306,39.836224,0
          </coordinates>
        </LineString>
      </Placemark>
      <Placemark>
        <name>Phillips 66</name>
        <description><![CDATA[description: Gas station from 2018-11-13T00:37:30.000Z to 2018-11-13T00:46:26.000Z. Distance 0m<br>Email: syugen.zhou@gmail.com<br>Category: Gas station<br>Distance: 0]]></description>
        <styleUrl>#icon-1739-0288D1</styleUrl>
        <ExtendedData>
          <Data name="description">
            <value>Gas station from 2018-11-13T00:37:30.000Z to 2018-11-13T00:46:26.000Z. Distance 0m</value>
          </Data>
          <Data name="Email">
            <value>syugen.zhou@gmail.com</value>
          </Data>
          <Data name="Category">
            <value>Gas station</value>
          </Data>
          <Data name="Distance">
            <value>0</value>
          </Data>
        </ExtendedData>
        <Point>
          <coordinates>
            -104.720144,39.836224,0
          </coordinates>
        </Point>
      </Placemark>
      <Placemark>
        <name>Driving</name>
        <description><![CDATA[description: Driving from 2018-11-13T00:46:26.000Z to 2018-11-13T01:04:35.000Z. Distance 2390m<br>Email: syugen.zhou@gmail.com<br>Category: Driving<br>Distance: 2390]]></description>
        <styleUrl>#line-FFEA00-5000</styleUrl>
        <ExtendedData>
          <Data name="description">
            <value>Driving from 2018-11-13T00:46:26.000Z to 2018-11-13T01:04:35.000Z. Distance 2390m</value>
          </Data>
          <Data name="Email">
            <value>syugen.zhou@gmail.com</value>
          </Data>
          <Data name="Category">
            <value>Driving</value>
          </Data>
          <Data name="Distance">
            <value>2390</value>
          </Data>
        </ExtendedData>
        <LineString>
          <tessellate>1</tessellate>
          <coordinates>
            -104.719949,39.836205,0
            -104.719941,39.836376,0
            -104.719926,39.836585,0
            -104.719892,39.83668,0
            -104.719866,39.83672,0
            -104.719828,39.836764,0
            -104.719766,39.836813,0
            -104.719676,39.836863,0
            -104.719538,39.836916,0
            -104.719443,39.83695,0
            -104.719278,39.837006,0
            -104.719332,39.837094,0
            -104.719391,39.837199,0
            -104.719424,39.83726,0
            -104.719603,39.837583,0
            -104.71916,39.837724,0
            -104.718711,39.837858,0
            -104.71854,39.837903,0
            -104.718367,39.837949,0
            -104.718211,39.837983,0
            -104.718019,39.83802,0
            -104.71777,39.838063,0
            -104.717591,39.83809,0
            -104.717436,39.838105,0
            -104.71724,39.838122,0
            -104.717106,39.83813,0
            -104.716741,39.838143,0
            -104.716635,39.838102,0
            -104.716611,39.838093,0
            -104.716419,39.838091,0
            -104.716213,39.838091,0
            -104.715935,39.838093,0
            -104.715483,39.83809,0
            -104.714881,39.838075,0
            -104.714699,39.838073,0
            -104.714055,39.838067,0
            -104.713511,39.838063,0
            -104.712884,39.838055,0
            -104.712784,39.838116,0
            -104.712536,39.838116,0
            -104.712394,39.838116,0
            -104.711869,39.838106,0
            -104.711716,39.838065,0
            -104.71156,39.838042,0
            -104.711388,39.838045,0
            -104.71073,39.838037,0
            -104.70976,39.838035,0
            -104.709007,39.838039,0
            -104.708773,39.83804,0
            -104.708241,39.838037,0
            -104.70751,39.838035,0
            -104.70684,39.83802,0
            -104.705963,39.838024,0
            -104.705805,39.83807,0
            -104.705457,39.838074,0
            -104.705366,39.838019,0
            -104.704584,39.83801,0
            -104.703499,39.837999,0
            -104.702761,39.837988,0
            -104.702009,39.837985,0
            -104.701937,39.837985,0
            -104.700982,39.837979,0
            -104.700263,39.837972,0
            -104.69955,39.837968,0
            -104.699551,39.837687,0
            -104.699551,39.837428,0
            -104.699559,39.837058,0
            -104.699581,39.836761,0
          </coordinates>
        </LineString>
      </Placemark>
      <Placemark>
        <name>Denver International Airport</name>
        <description><![CDATA[description: International airport from 2018-11-13T01:16:55.000Z to 2018-11-13T06:21:57.180Z. Distance 0m<br>Email: syugen.zhou@gmail.com<br>Category: International airport<br>Distance: 0]]></description>
        <styleUrl>#icon-1504-0288D1</styleUrl>
        <ExtendedData>
          <Data name="description">
            <value>International airport from 2018-11-13T01:16:55.000Z to 2018-11-13T06:21:57.180Z. Distance 0m</value>
          </Data>
          <Data name="Email">
            <value>syugen.zhou@gmail.com</value>
          </Data>
          <Data name="Category">
            <value>International airport</value>
          </Data>
          <Data name="Distance">
            <value>0</value>
          </Data>
        </ExtendedData>
        <Point>
          <coordinates>
            -104.673738,39.856096,0
          </coordinates>
        </Point>
      </Placemark>
    </Folder>
    <Folder>
      <name>history-2018-11-11</name>
      <Placemark>
        <name>Quality Inn Albuquerque East I-40 Juan Tabo Exit</name>
        <description><![CDATA[description: Hotel from 2018-11-10T23:58:35.000Z to 2018-11-11T13:49:05.000Z. Distance 0m<br>Email: syugen.zhou@gmail.com<br>Category: Hotel<br>Distance: 0]]></description>
        <styleUrl>#icon-1602-0288D1</styleUrl>
        <ExtendedData>
          <Data name="description">
            <value>Hotel from 2018-11-10T23:58:35.000Z to 2018-11-11T13:49:05.000Z. Distance 0m</value>
          </Data>
          <Data name="Email">
            <value>syugen.zhou@gmail.com</value>
          </Data>
          <Data name="Category">
            <value>Hotel</value>
          </Data>
          <Data name="Distance">
            <value>0</value>
          </Data>
        </ExtendedData>
        <Point>
          <coordinates>
            -106.51289,35.077375,0
          </coordinates>
        </Point>
      </Placemark>
      <Placemark>
        <name>Driving</name>
        <description><![CDATA[description: Driving from 2018-11-11T13:49:05.999Z to 2018-11-11T14:25:45.000Z. Distance 31111m<br>Email: syugen.zhou@gmail.com<br>Category: Driving<br>Distance: 31111]]></description>
        <styleUrl>#line-F9A825-5000</styleUrl>
        <ExtendedData>
          <Data name="description">
            <value>Driving from 2018-11-11T13:49:05.999Z to 2018-11-11T14:25:45.000Z. Distance 31111m</value>
          </Data>
          <Data name="Email">
            <value>syugen.zhou@gmail.com</value>
          </Data>
          <Data name="Category">
            <value>Driving</value>
          </Data>
          <Data name="Distance">
            <value>31111</value>
          </Data>
        </ExtendedData>
        <LineString>
          <tessellate>1</tessellate>
          <coordinates>
            -106.514063,35.077717,0
            -106.514053,35.079446,0
            -106.515073,35.079466,0
            -106.514938,35.086793,0
            -106.515156,35.092006,0
            -106.515442,35.108917,0
            -106.532998,35.109012,0
            -106.533052,35.109878,0
            -106.533229,35.123459,0
            -106.534256,35.123456,0
            -106.534322,35.123441,0
            -106.534306,35.125269,0
            -106.534386,35.125495,0
            -106.534473,35.125578,0
            -106.534534,35.125598,0
            -106.534793,35.1256,0
            -106.534931,35.125633,0
            -106.53499,35.125689,0
            -106.535017,35.125799,0
            -106.534967,35.126083,0
            -106.534793,35.126685,0
            -106.536727,35.126683,0
            -106.536767,35.126661,0
            -106.536787,35.126636,0
            -106.536836,35.124794,0
            -106.536732,35.124073,0
            -106.536961,35.123499,0
            -106.537576,35.123483,0
            -106.537713,35.123502,0
            -106.53785,35.123488,0
            -106.539507,35.1235,0
            -106.539647,35.123515,0
            -106.539765,35.123503,0
            -106.54127,35.123511,0
            -106.541404,35.123527,0
            -106.543681,35.123533,0
            -106.543807,35.123546,0
            -106.545509,35.123549,0
            -106.545597,35.123568,0
            -106.546116,35.123575,0
            -106.54622,35.123557,0
            -106.551046,35.123597,0
            -106.550897,35.107841,0
            -106.550913,35.107688,0
            -106.550772,35.092184,0
            -106.550818,35.091207,0
            -106.550905,35.09115,0
            -106.550957,35.09109,0
            -106.551014,35.091052,0
            -106.551287,35.090964,0
            -106.551843,35.091049,0
            -106.554721,35.092074,0
            -106.555041,35.092116,0
            -106.55757,35.093141,0
            -106.557797,35.093252,0
            -106.56339,35.095521,0
            -106.563543,35.09556,0
            -106.582663,35.103284,0
            -106.583799,35.103621,0
            -106.584487,35.103765,0
            -106.585133,35.103863,0
            -106.586083,35.103941,0
            -106.598709,35.10422,0
            -106.599506,35.104282,0
            -106.602022,35.104683,0
            -106.607404,35.105923,0
            -106.608191,35.106063,0
            -106.613559,35.107306,0
            -106.614843,35.107518,0
            -106.615779,35.107603,0
            -106.61658,35.107622,0
            -106.618032,35.107553,0
            -106.618697,35.107486,0
            -106.619665,35.107334,0
            -106.619796,35.107369,0
            -106.619891,35.107376,0
            -106.621745,35.107074,0
            -106.621906,35.107034,0
            -106.62945,35.105796,0
            -106.629775,35.105693,0
            -106.630129,35.105533,0
            -106.630344,35.105404,0
            -106.630718,35.105099,0
            -106.630892,35.104912,0
            -106.631025,35.104732,0
            -106.631194,35.104431,0
            -106.63133,35.104,0
            -106.631362,35.103666,0
            -106.631288,35.10169,0
            -106.631406,35.1008,0
            -106.63154,35.100233,0
            -106.6319,35.099182,0
            -106.631919,35.09895,0
            -106.634918,35.090731,0
            -106.634918,35.090619,0
            -106.635569,35.088572,0
            -106.635914,35.087179,0
            -106.636495,35.084054,0
            -106.636491,35.083974,0
            -106.637357,35.079391,0
            -106.637399,35.07928,0
            -106.637521,35.078717,0
            -106.63774,35.07808,0
            -106.637885,35.077794,0
            -106.63815,35.077396,0
            -106.639507,35.075728,0
            -106.639771,35.07534,0
            -106.639923,35.075053,0
            -106.640048,35.074736,0
            -106.640119,35.074409,0
            -106.640149,35.073856,0
            -106.640038,35.072807,0
            -106.639996,35.072632,0
            -106.638094,35.057851,0
            -106.637964,35.056311,0
            -106.638028,35.052042,0
            -106.638014,35.051964,0
            -106.638336,35.030116,0
            -106.638429,35.029922,0
            -106.638509,35.028855,0
            -106.638762,35.027275,0
            -106.638863,35.027045,0
            -106.639194,35.024582,0
            -106.639351,35.024087,0
            -106.639404,35.024001,0
            -106.639459,35.023948,0
            -106.639537,35.023898,0
            -106.63979,35.02383,0
            -106.639946,35.023829,0
            -106.641003,35.023966,0
            -106.645018,35.024999,0
            -106.646984,35.025395,0
            -106.647709,35.025608,0
            -106.653076,35.02685,0
            -106.655393,35.027161,0
            -106.656652,35.027228,0
            -106.676145,35.027258,0
            -106.680435,35.026975,0
            -106.680693,35.025718,0
            -106.680653,35.025665,0
            -106.681065,35.024414,0
            -106.684618,35.0165,0
            -106.685669,35.014499,0
            -106.686038,35.014637,0
          </coordinates>
        </LineString>
      </Placemark>
      <Placemark>
        <name>Twisters Burgers and Burritos</name>
        <description><![CDATA[description: Burritos from 2018-11-11T14:25:45.000Z to 2018-11-11T14:39:41.000Z. Distance 0m<br>Email: syugen.zhou@gmail.com<br>Category: Burritos<br>Distance: 0]]></description>
        <styleUrl>#icon-1739-0288D1</styleUrl>
        <ExtendedData>
          <Data name="description">
            <value>Burritos from 2018-11-11T14:25:45.000Z to 2018-11-11T14:39:41.000Z. Distance 0m</value>
          </Data>
          <Data name="Email">
            <value>syugen.zhou@gmail.com</value>
          </Data>
          <Data name="Category">
            <value>Burritos</value>
          </Data>
          <Data name="Distance">
            <value>0</value>
          </Data>
        </ExtendedData>
        <Point>
          <coordinates>
            -106.68628,35.014585,0
          </coordinates>
        </Point>
      </Placemark>
      <Placemark>
        <name>Driving</name>
        <description><![CDATA[description: Driving from 2018-11-11T14:39:41.999Z to 2018-11-11T18:05:11.000Z. Distance 254060m<br>Email: syugen.zhou@gmail.com<br>Category: Driving<br>Distance: 254060]]></description>
        <styleUrl>#line-F9A825-5000</styleUrl>
        <ExtendedData>
          <Data name="description">
            <value>Driving from 2018-11-11T14:39:41.999Z to 2018-11-11T18:05:11.000Z. Distance 254060m</value>
          </Data>
          <Data name="Email">
            <value>syugen.zhou@gmail.com</value>
          </Data>
          <Data name="Category">
            <value>Driving</value>
          </Data>
          <Data name="Distance">
            <value>254060</value>
          </Data>
        </ExtendedData>
        <LineString>
          <tessellate>1</tessellate>
          <coordinates>
            -106.685154,35.015481,0
            -106.684618,35.0165,0
            -106.681065,35.024414,0
            -106.680653,35.025665,0
            -106.680601,35.025707,0
            -106.680567,35.025765,0
            -106.680376,35.026545,0
            -106.680158,35.026743,0
            -106.680063,35.026783,0
            -106.67995,35.026808,0
            -106.679884,35.026843,0
            -106.675572,35.027154,0
            -106.656356,35.027074,0
            -106.65399,35.026859,0
            -106.652811,35.026642,0
            -106.641781,35.023936,0
            -106.640597,35.023549,0
            -106.640177,35.023464,0
            -106.636976,35.023409,0
            -106.63675,35.02336,0
            -106.636556,35.023274,0
            -106.636426,35.023181,0
            -106.636267,35.023006,0
            -106.63618,35.022837,0
            -106.636136,35.022645,0
            -106.636141,35.022502,0
            -106.636194,35.022322,0
            -106.636292,35.022155,0
            -106.636488,35.021976,0
            -106.636794,35.021834,0
            -106.636922,35.021801,0
            -106.63727,35.021782,0
            -106.637438,35.021808,0
            -106.637583,35.021855,0
            -106.637829,35.021973,0
            -106.638,35.022138,0
            -106.638126,35.02238,0
            -106.63815,35.022812,0
            -106.638172,35.022856,0
            -106.638228,35.022918,0
            -106.637888,35.035862,0
            -106.637905,35.035963,0
            -106.63763,35.051622,0
            -106.637608,35.051732,0
            -106.637573,35.054687,0
            -106.637698,35.056231,0
            -106.637727,35.056315,0
            -106.639956,35.073554,0
            -106.639968,35.074213,0
            -106.639892,35.074648,0
            -106.63973,35.075079,0
            -106.639569,35.075366,0
            -106.638128,35.077157,0
            -106.63777,35.077676,0
            -106.637547,35.078104,0
            -106.637356,35.078637,0
            -106.636822,35.08139,0
            -106.636782,35.081493,0
            -106.635662,35.087272,0
            -106.635055,35.089536,0
            -106.635002,35.08963,0
            -106.628798,35.106749,0
            -106.626903,35.111301,0
            -106.623467,35.120703,0
            -106.622705,35.122315,0
            -106.62213,35.123253,0
            -106.621523,35.124099,0
            -106.620594,35.125201,0
            -106.619311,35.126452,0
            -106.618489,35.127128,0
            -106.617329,35.127961,0
            -106.592999,35.142845,0
            -106.592234,35.143456,0
            -106.591793,35.143878,0
            -106.59125,35.144495,0
            -106.590596,35.14546,0
            -106.590343,35.145946,0
            -106.589938,35.146997,0
            -106.564477,35.258426,0
            -106.564148,35.259362,0
            -106.563614,35.260542,0
            -106.563197,35.261307,0
            -106.558942,35.267697,0
            -106.558486,35.268529,0
            -106.554096,35.279026,0
            -106.553434,35.280337,0
            -106.553015,35.281021,0
            -106.536738,35.304152,0
            -106.535834,35.305683,0
            -106.535369,35.306678,0
            -106.534764,35.308536,0
            -106.534459,35.31009,0
            -106.534256,35.312412,0
            -106.534224,35.312441,0
            -106.534172,35.312529,0
            -106.533941,35.313537,0
            -106.533171,35.315429,0
            -106.533155,35.315568,0
            -106.533194,35.315733,0
            -106.533259,35.315859,0
            -106.533449,35.316054,0
            -106.533733,35.31624,0
            -106.533693,35.31642,0
            -106.536788,35.316674,0
            -106.538954,35.317057,0
            -106.54391,35.318242,0
            -106.54564,35.318932,0
            -106.545779,35.318943,0
            -106.54867,35.319775,0
            -106.548746,35.319826,0
            -106.552234,35.320796,0
            -106.552571,35.320933,0
            -106.554183,35.321338,0
            -106.55636,35.322024,0
            -106.560409,35.323103,0
            -106.560709,35.323114,0
            -106.5615,35.32335,0
            -106.561537,35.323352,0
            -106.561617,35.323321,0
            -106.559722,35.322681,0
            -106.551648,35.32054,0
            -106.551635,35.320639,0
            -106.552234,35.320796,0
            -106.552571,35.320933,0
            -106.554183,35.321338,0
            -106.55636,35.322024,0
            -106.560409,35.323103,0
            -106.561125,35.323364,0
            -106.562658,35.324132,0
            -106.568047,35.328181,0
            -106.578089,35.33517,0
            -106.581402,35.337274,0
            -106.63113,35.366043,0
            -106.631881,35.366637,0
            -106.632509,35.367242,0
            -106.632814,35.367599,0
            -106.633562,35.368729,0
            -106.6338,35.369193,0
            -106.635376,35.374596,0
            -106.635446,35.374663,0
            -106.638822,35.386869,0
            -106.639139,35.388407,0
            -106.639385,35.390219,0
            -106.639512,35.392102,0
            -106.639261,35.408301,0
            -106.639318,35.409407,0
            -106.639464,35.410314,0
            -106.640094,35.412352,0
            -106.640117,35.412544,0
            -106.640449,35.41327,0
            -106.6413,35.414683,0
            -106.642366,35.416069,0
            -106.642478,35.416139,0
            -106.655036,35.432861,0
            -106.655831,35.433824,0
            -106.700597,35.481711,0
            -106.702148,35.483032,0
            -106.703629,35.484047,0
            -106.704617,35.484619,0
            -106.70569,35.485158,0
            -106.725539,35.494005,0
            -106.725649,35.49411,0
            -106.747002,35.503603,0
            -106.748454,35.504315,0
            -106.770137,35.518077,0
            -106.771448,35.518749,0
            -106.776121,35.520691,0
            -106.776719,35.52098,0
            -106.777335,35.521341,0
            -106.777932,35.521786,0
            -106.778654,35.522493,0
            -106.779145,35.52315,0
            -106.784133,35.532452,0
            -106.784622,35.533552,0
            -106.784884,35.534293,0
            -106.785313,35.535993,0
            -106.785504,35.537897,0
            -106.785356,35.540663,0
            -106.785065,35.541628,0
            -106.784695,35.542335,0
            -106.784277,35.542901,0
            -106.78395,35.543254,0
            -106.783401,35.543735,0
            -106.78024,35.546062,0
            -106.779628,35.546646,0
            -106.779186,35.547207,0
            -106.778833,35.547812,0
            -106.778486,35.548758,0
            -106.778511,35.548867,0
            -106.778406,35.5495,0
            -106.778436,35.552739,0
            -106.778604,35.553516,0
            -106.779001,35.554411,0
            -106.779418,35.555018,0
            -106.780124,35.55576,0
            -106.780521,35.556066,0
            -106.781245,35.556508,0
            -106.781936,35.556829,0
            -106.782534,35.557037,0
            -106.78303,35.557164,0
            -106.783826,35.557292,0
            -106.784467,35.557335,0
            -106.785311,35.557308,0
            -106.816698,35.553129,0
            -106.817541,35.552946,0
            -106.818435,35.552679,0
            -106.819762,35.552114,0
            -106.820619,35.551622,0
            -106.821132,35.551266,0
            -106.830186,35.543861,0
            -106.831013,35.543311,0
            -106.831984,35.542807,0
            -106.833297,35.542312,0
            -106.83447,35.542021,0
            -106.835333,35.541889,0
            -106.836228,35.541825,0
            -106.837134,35.541826,0
            -106.838221,35.541924,0
            -106.839479,35.542159,0
            -106.840246,35.542381,0
            -106.840963,35.542645,0
            -106.842168,35.543237,0
            -106.842931,35.543717,0
            -106.843372,35.544049,0
            -106.852094,35.552307,0
            -106.85416,35.554023,0
            -106.855234,35.55483,0
            -106.857054,35.55605,0
            -106.859509,35.557549,0
            -106.860021,35.557976,0
            -106.860483,35.558452,0
            -106.860792,35.558862,0
            -106.861129,35.559406,0
            -106.861451,35.560236,0
            -106.86159,35.560969,0
            -106.86162,35.56179,0
            -106.861417,35.562728,0
            -106.860665,35.564425,0
            -106.860464,35.565025,0
            -106.860366,35.565512,0
            -106.860324,35.566139,0
            -106.860361,35.566667,0
            -106.860474,35.567228,0
            -106.860738,35.567951,0
            -106.861042,35.568534,0
            -106.861624,35.569265,0
            -106.861938,35.56958,0
            -106.879635,35.584334,0
            -106.882341,35.586406,0
            -106.885859,35.588886,0
            -106.886515,35.58945,0
            -106.887206,35.59018,0
            -106.887541,35.590617,0
            -106.887987,35.59132,0
            -106.888231,35.591793,0
            -106.888678,35.593053,0
            -106.891311,35.606754,0
            -106.894652,35.619402,0
            -106.894861,35.620852,0
            -106.894892,35.622457,0
            -106.894679,35.624316,0
            -106.894291,35.625827,0
            -106.893598,35.627635,0
            -106.891211,35.632228,0
            -106.890966,35.632803,0
            -106.890707,35.633705,0
            -106.890582,35.634711,0
            -106.890599,35.635524,0
            -106.890899,35.638802,0
            -106.89099,35.641047,0
            -106.890959,35.644253,0
            -106.889971,35.655078,0
            -106.890006,35.656178,0
            -106.890118,35.657178,0
            -106.891077,35.661342,0
            -106.891453,35.662303,0
            -106.891859,35.663024,0
            -106.892235,35.663569,0
            -106.892693,35.664119,0
            -106.893542,35.664921,0
            -106.89416,35.665389,0
            -106.894809,35.665801,0
            -106.895596,35.666211,0
            -106.896228,35.666484,0
            -106.897048,35.666773,0
            -106.89838,35.667093,0
            -106.899364,35.667223,0
            -106.900186,35.667266,0
            -106.905564,35.667269,0
            -106.906639,35.667393,0
            -106.907438,35.667555,0
            -106.908168,35.667754,0
            -106.908889,35.668005,0
            -106.910093,35.668564,0
            -106.917747,35.673147,0
            -106.918395,35.673603,0
            -106.918998,35.674111,0
            -106.919897,35.675092,0
            -106.932976,35.694897,0
            -106.934034,35.696701,0
            -106.934743,35.698113,0
            -106.935696,35.700407,0
            -106.936507,35.703073,0
            -106.943205,35.734476,0
            -106.943329,35.736363,0
            -106.943287,35.737205,0
            -106.943227,35.737301,0
            -106.943144,35.738017,0
            -106.942892,35.739281,0
            -106.940356,35.748951,0
            -106.939995,35.74979,0
            -106.939464,35.750681,0
            -106.939032,35.751241,0
            -106.937594,35.752861,0
            -106.936911,35.753813,0
            -106.936434,35.754738,0
            -106.936195,35.75538,0
            -106.935946,35.756479,0
            -106.935904,35.757688,0
            -106.936743,35.763637,0
            -106.936914,35.764402,0
            -106.937422,35.765782,0
            -106.947516,35.785362,0
            -106.947911,35.785951,0
            -106.952378,35.791429,0
            -106.953324,35.792783,0
            -106.968127,35.817071,0
            -106.968366,35.817594,0
            -106.968566,35.818175,0
            -106.968771,35.819326,0
            -106.968574,35.833141,0
            -106.968412,35.834367,0
            -106.96767,35.836966,0
            -106.966438,35.844613,0
            -106.966326,35.846586,0
            -106.966396,35.847705,0
            -106.966549,35.848697,0
            -106.966812,35.849787,0
            -106.968835,35.856536,0
            -106.972022,35.870423,0
            -106.972127,35.871306,0
            -106.972827,35.884621,0
            -106.973,35.885608,0
            -106.973319,35.886567,0
            -106.973843,35.887586,0
            -106.974986,35.889218,0
            -106.97532,35.889826,0
            -106.975485,35.890252,0
            -106.975649,35.890913,0
            -106.975705,35.891571,0
            -106.975658,35.892243,0
            -106.975505,35.892899,0
            -106.975301,35.89343,0
            -106.97483,35.894235,0
            -106.9735,35.895911,0
            -106.973265,35.896308,0
            -106.973026,35.896831,0
            -106.97279,35.897697,0
            -106.972735,35.89824,0
            -106.97274,35.898689,0
            -106.972828,35.899327,0
            -106.973071,35.900098,0
            -106.97332,35.900607,0
            -106.973709,35.901198,0
            -106.983847,35.91409,0
            -106.984489,35.915076,0
            -106.984811,35.915691,0
            -106.985202,35.916643,0
            -106.985425,35.917396,0
            -106.985638,35.918606,0
            -106.985682,35.919485,0
            -106.985644,35.920268,0
            -106.985513,35.921155,0
            -106.985294,35.922023,0
            -106.981201,35.932846,0
            -106.98107,35.93338,0
            -106.981013,35.933825,0
            -106.981006,35.934376,0
            -106.981054,35.934817,0
            -106.981207,35.935469,0
            -106.981323,35.935794,0
            -106.988216,35.949566,0
            -106.988429,35.950093,0
            -106.988674,35.950956,0
            -106.988765,35.951509,0
            -106.989216,35.957493,0
            -106.990819,35.964706,0
            -106.990874,35.965255,0
            -106.990861,35.966142,0
            -106.990767,35.966805,0
            -106.990538,35.967676,0
            -106.990333,35.968206,0
            -106.987636,35.973897,0
            -106.984104,35.982689,0
            -106.982606,35.988346,0
            -106.982032,35.989725,0
            -106.981583,35.990582,0
            -106.98025,35.992713,0
            -106.979593,35.993931,0
            -106.976022,36.002556,0
            -106.975451,36.003687,0
            -106.974467,36.005259,0
            -106.97347,36.006614,0
            -106.972381,36.00788,0
            -106.970699,36.009485,0
            -106.968191,36.011491,0
            -106.968132,36.011599,0
            -106.962017,36.016453,0
            -106.961691,36.016767,0
            -106.961282,36.017245,0
            -106.960964,36.017724,0
            -106.958717,36.021806,0
            -106.958223,36.023007,0
            -106.958161,36.023377,0
            -106.958184,36.023586,0
            -106.958297,36.023926,0
            -106.95845,36.024182,0
            -106.961885,36.027915,0
            -106.963012,36.029419,0
            -106.963622,36.030423,0
            -106.967659,36.038267,0
            -106.967658,36.038395,0
            -106.968209,36.039436,0
            -106.968521,36.040252,0
            -106.968659,36.041003,0
            -106.96869,36.041647,0
            -106.968605,36.042424,0
            -106.967419,36.047146,0
            -106.96731,36.047998,0
            -106.967299,36.048426,0
            -106.967371,36.049382,0
            -106.967535,36.050132,0
            -106.967911,36.051153,0
            -106.968391,36.052034,0
            -106.968862,36.052686,0
            -106.969325,36.053214,0
            -106.969832,36.053701,0
            -106.987572,36.068783,0
            -106.988275,36.069268,0
            -106.989494,36.069958,0
            -106.990201,36.070292,0
            -106.991306,36.070725,0
            -106.992192,36.070996,0
            -106.993377,36.071278,0
            -106.994308,36.071429,0
            -106.995469,36.07154,0
            -107.014869,36.071566,0
            -107.019766,36.071684,0
            -107.121942,36.071634,0
            -107.123851,36.071772,0
            -107.125143,36.071959,0
            -107.126956,36.072346,0
            -107.128201,36.072703,0
            -107.129796,36.073278,0
            -107.131649,36.07414,0
            -107.1527,36.085896,0
            -107.153628,36.086612,0
            -107.179116,36.112043,0
            -107.180532,36.11319,0
            -107.181876,36.114089,0
            -107.18783,36.117634,0
            -107.188878,36.118374,0
            -107.196161,36.124455,0
            -107.197051,36.125094,0
            -107.198485,36.125978,0
            -107.200228,36.126847,0
            -107.201698,36.127432,0
            -107.265844,36.146947,0
            -107.26663,36.147226,0
            -107.323519,36.17158,0
            -107.32508,36.172352,0
            -107.325737,36.172729,0
            -107.339854,36.181946,0
            -107.340244,36.182142,0
            -107.341093,36.182475,0
            -107.341828,36.182681,0
            -107.342517,36.18281,0
            -107.343731,36.182909,0
            -107.344403,36.182879,0
            -107.345171,36.18279,0
            -107.345921,36.182638,0
            -107.352283,36.180542,0
            -107.352971,36.180369,0
            -107.354037,36.180187,0
            -107.355023,36.180107,0
            -107.356185,36.18012,0
            -107.356938,36.180189,0
            -107.357987,36.180368,0
            -107.359093,36.18067,0
            -107.359787,36.180922,0
            -107.389874,36.193635,0
            -107.39099,36.194024,0
            -107.392913,36.194551,0
            -107.394363,36.194829,0
            -107.41701,36.198224,0
            -107.418466,36.198539,0
            -107.434986,36.203052,0
            -107.436575,36.203382,0
            -107.438324,36.203611,0
            -107.443854,36.204013,0
            -107.445738,36.204309,0
            -107.447684,36.204831,0
            -107.449274,36.205446,0
            -107.454853,36.20801,0
            -107.455077,36.208056,0
            -107.464242,36.212254,0
            -107.464443,36.212395,0
            -107.46543,36.212809,0
            -107.503934,36.226726,0
            -107.505633,36.227153,0
            -107.507535,36.227397,0
            -107.508352,36.227434,0
            -107.509424,36.227414,0
            -107.524077,36.226142,0
            -107.526356,36.226102,0
            -107.527729,36.226184,0
            -107.529734,36.22645,0
            -107.545662,36.229915,0
            -107.545838,36.229901,0
            -107.557425,36.232422,0
            -107.55772,36.232537,0
            -107.561793,36.233402,0
            -107.562611,36.233523,0
            -107.563565,36.233605,0
            -107.565203,36.23362,0
            -107.566547,36.233503,0
            -107.568046,36.233244,0
            -107.56819,36.233148,0
            -107.57191,36.232025,0
            -107.573015,36.23183,0
            -107.574186,36.231742,0
            -107.574388,36.23179,0
            -107.575218,36.231799,0
            -107.576285,36.23191,0
            -107.577345,36.232119,0
            -107.57787,36.232262,0
            -107.58364,36.234232,0
            -107.584491,36.234596,0
            -107.585173,36.234954,0
            -107.586021,36.2355,0
            -107.5921,36.240261,0
            -107.592964,36.240819,0
            -107.596331,36.242483,0
            -107.597456,36.243111,0
            -107.604464,36.247463,0
            -107.610506,36.251767,0
            -107.611629,36.252377,0
            -107.612468,36.252727,0
            -107.621667,36.255478,0
            -107.623031,36.256008,0
            -107.62408,36.256491,0
            -107.625218,36.257102,0
            -107.629567,36.25976,0
            -107.630731,36.260317,0
            -107.631497,36.260593,0
            -107.63624,36.261928,0
            -107.636794,36.262019,0
            -107.637722,36.262098,0
            -107.638546,36.262081,0
            -107.63937,36.261985,0
            -107.640284,36.261781,0
            -107.654007,36.25668,0
            -107.655283,36.256055,0
            -107.656429,36.255289,0
            -107.660078,36.252048,0
            -107.660706,36.251606,0
            -107.661766,36.251024,0
            -107.662747,36.2506,0
            -107.663659,36.250282,0
            -107.665092,36.249984,0
            -107.666316,36.249879,0
            -107.678964,36.249926,0
            -107.680346,36.249798,0
            -107.681107,36.249655,0
            -107.682058,36.249401,0
            -107.706568,36.241313,0
            -107.706431,36.240945,0
            -107.706313,36.240157,0
            -107.706277,36.23885,0
            -107.706336,36.23814,0
            -107.706457,36.237584,0
            -107.706905,36.236218,0
            -107.707039,36.235251,0
            -107.706968,36.234475,0
            -107.706652,36.233622,0
            -107.706308,36.233019,0
            -107.705818,36.232451,0
            -107.704482,36.231578,0
            -107.704004,36.231178,0
            -107.70305,36.229939,0
            -107.702201,36.22843,0
            -107.701616,36.226989,0
            -107.701202,36.226169,0
            -107.700686,36.225437,0
            -107.700288,36.225072,0
            -107.699105,36.224146,0
            -107.698701,36.223671,0
            -107.698294,36.222967,0
            -107.697481,36.220792,0
            -107.696984,36.218681,0
            -107.696938,36.217676,0
            -107.69698,36.21679,0
            -107.696922,36.216043,0
            -107.696821,36.215728,0
            -107.696517,36.215326,0
            -107.695835,36.214675,0
            -107.695488,36.214272,0
            -107.69431,36.211908,0
            -107.693522,36.209828,0
            -107.692299,36.207058,0
            -107.691665,36.204914,0
            -107.690872,36.202714,0
            -107.689826,36.20067,0
            -107.689264,36.199098,0
            -107.688952,36.197766,0
            -107.688751,36.197278,0
            -107.688519,36.196981,0
            -107.687322,36.195765,0
            -107.686683,36.194949,0
            -107.686112,36.193991,0
            -107.68468,36.191063,0
            -107.684614,36.190792,0
            -107.684025,36.183113,0
            -107.683924,36.182618,0
            -107.683778,36.182185,0
            -107.681041,36.176711,0
            -107.679655,36.17426,0
            -107.679459,36.174018,0
            -107.679252,36.173851,0
            -107.678792,36.173562,0
            -107.681618,36.171776,0
            -107.681959,36.17167,0
            -107.687623,36.17075,0
            -107.688101,36.17064,0
            -107.691068,36.169576,0
            -107.691859,36.169392,0
            -107.695247,36.1691,0
            -107.696712,36.168844,0
            -107.699809,36.168079,0
            -107.708839,36.165422,0
            -107.713824,36.164142,0
            -107.714029,36.164053,0
            -107.719788,36.160873,0
            -107.720452,36.160391,0
            -107.720748,36.160216,0
            -107.72131,36.159958,0
            -107.725543,36.158771,0
            -107.732102,36.156001,0
            -107.733998,36.154683,0
            -107.73478,36.15404,0
            -107.735557,36.153132,0
            -107.735831,36.152631,0
            -107.73649,36.150853,0
            -107.736701,36.15048,0
            -107.737701,36.149421,0
            -107.739066,36.148166,0
            -107.740327,36.147402,0
            -107.741711,36.146666,0
            -107.745203,36.144595,0
            -107.746204,36.143908,0
            -107.74747,36.142896,0
            -107.748846,36.141469,0
            -107.749491,36.140587,0
            -107.749677,36.140265,0
            -107.75103,36.137165,0
            -107.751379,36.136576,0
            -107.751654,36.136311,0
            -107.752484,36.135814,0
            -107.754603,36.134798,0
            -107.75521,36.134568,0
            -107.758732,36.133621,0
            -107.761541,36.132465,0
            -107.775633,36.126034,0
            -107.776685,36.125716,0
            -107.791024,36.122187,0
            -107.792142,36.121847,0
            -107.792841,36.121378,0
            -107.79306,36.120789,0
            -107.794004,36.117045,0
            -107.799158,36.10561,0
            -107.799468,36.105155,0
            -107.800063,36.104598,0
            -107.806616,36.099968,0
            -107.807349,36.09939,0
            -107.808227,36.098899,0
            -107.81446,36.094257,0
            -107.815207,36.093826,0
            -107.815552,36.093714,0
            -107.817123,36.093375,0
            -107.817731,36.093144,0
            -107.818796,36.092633,0
            -107.82666,36.090625,0
            -107.829909,36.089938,0
            -107.830369,36.089897,0
            -107.83113,36.089691,0
            -107.833216,36.089347,0
            -107.834879,36.088912,0
            -107.839615,36.088751,0
            -107.841109,36.088339,0
            -107.845365,36.08669,0
            -107.846558,36.086341,0
            -107.846707,36.086025,0
            -107.84688,36.085464,0
            -107.846979,36.084697,0
            -107.847005,36.08372,0
            -107.846924,36.082199,0
            -107.847124,36.080465,0
            -107.847387,36.07954,0
            -107.847892,36.078288,0
            -107.848212,36.077801,0
            -107.848361,36.077664,0
            -107.848513,36.077561,0
            -107.848489,36.077439,0
            -107.848502,36.077291,0
            -107.84846,36.077135,0
            -107.848365,36.076312,0
            -107.848084,36.075754,0
            -107.84806,36.075588,0
            -107.84817,36.075353,0
            -107.848336,36.075147,0
            -107.849664,36.074259,0
            -107.850053,36.074061,0
            -107.847145,36.067143,0
            -107.847088,36.066837,0
            -107.847101,36.066602,0
            -107.850544,36.058519,0
            -107.850841,36.057937,0
            -107.856812,36.051497,0
            -107.857556,36.050775,0
            -107.85779,36.05062,0
            -107.858054,36.050534,0
            -107.858722,36.050463,0
            -107.86265,36.050375,0
            -107.862901,36.05031,0
            -107.864176,36.04969,0
            -107.872879,36.044865,0
            -107.873581,36.044553,0
            -107.875045,36.044024,0
            -107.875491,36.043825,0
            -107.876156,36.043391,0
            -107.877685,36.041964,0
            -107.877996,36.041782,0
            -107.8782,36.041699,0
            -107.880946,36.040277,0
            -107.884031,36.038949,0
            -107.884385,36.038719,0
            -107.88577,36.037387,0
            -107.886016,36.037201,0
            -107.886279,36.037049,0
            -107.886574,36.036958,0
            -107.888424,36.036633,0
            -107.8888,36.03649,0
            -107.889191,36.036225,0
            -107.889546,36.035787,0
            -107.890136,36.034464,0
            -107.890452,36.033887,0
            -107.891074,36.03311,0
            -107.891723,36.032594,0
            -107.892051,36.032403,0
            -107.892389,36.032304,0
            -107.892646,36.032267,0
            -107.89465,36.032295,0
            -107.895063,36.032259,0
            -107.895607,36.032076,0
            -107.895893,36.031895,0
            -107.897155,36.030688,0
            -107.899165,36.028941,0
            -107.899597,36.02871,0
            -107.899781,36.028651,0
            -107.90012,36.028602,0
            -107.903246,36.028716,0
            -107.904727,36.028473,0
            -107.905269,36.028421,0
            -107.906476,36.02846,0
            -107.907677,36.028651,0
            -107.908219,36.028794,0
            -107.909501,36.029232,0
            -107.909853,36.029418,0
            -107.910161,36.029731,0
            -107.910579,36.029755,0
            -107.910942,36.029874,0
            -107.911163,36.030022,0
            -107.912386,36.03161,0
            -107.913634,36.033668,0
            -107.914168,36.034915,0
            -107.91482,36.037084,0
            -107.915195,36.038021,0
            -107.915571,36.038771,0
            -107.915997,36.039459,0
            -107.916722,36.040431,0
            -107.918063,36.041834,0
            -107.920383,36.043645,0
            -107.921973,36.044703,0
            -107.924004,36.045898,0
            -107.924519,36.046301,0
            -107.925197,36.046972,0
            -107.925753,36.047423,0
            -107.926589,36.047889,0
            -107.927901,36.048412,0
            -107.930725,36.049695,0
            -107.933681,36.050903,0
            -107.93521,36.051649,0
            -107.93823,36.053505,0
            -107.938681,36.053711,0
            -107.939252,36.053904,0
            -107.94054,36.054195,0
            -107.941779,36.054616,0
            -107.94353,36.054997,0
            -107.943823,36.055114,0
            -107.945936,36.056268,0
            -107.950324,36.058046,0
            -107.952252,36.058641,0
            -107.953312,36.058894,0
            -107.954841,36.059162,0
            -107.957071,36.059394,0
            -107.957437,36.05937,0
            -107.957634,36.059446,0
            -107.95771,36.059458,0
            -107.958783,36.059417,0
            -107.958848,36.059404,0
          </coordinates>
        </LineString>
      </Placemark>
      <Placemark>
        <name>Driving</name>
        <description><![CDATA[description: Driving from 2018-11-11T18:40:57.000Z to 2018-11-11T21:16:26.000Z. Distance 164176m<br>Email: syugen.zhou@gmail.com<br>Category: Driving<br>Distance: 164176]]></description>
        <styleUrl>#line-F9A825-5000</styleUrl>
        <ExtendedData>
          <Data name="description">
            <value>Driving from 2018-11-11T18:40:57.000Z to 2018-11-11T21:16:26.000Z. Distance 164176m</value>
          </Data>
          <Data name="Email">
            <value>syugen.zhou@gmail.com</value>
          </Data>
          <Data name="Category">
            <value>Driving</value>
          </Data>
          <Data name="Distance">
            <value>164176</value>
          </Data>
        </ExtendedData>
        <LineString>
          <tessellate>1</tessellate>
          <coordinates>
            -107.958772,36.059418,0
            -107.958846,36.059404,0
            -107.95897,36.059358,0
            -107.959076,36.05928,0
            -107.959115,36.059234,0
            -107.959183,36.059096,0
            -107.959217,36.058899,0
            -107.959492,36.058874,0
            -107.960705,36.058987,0
            -107.960823,36.058714,0
            -107.961042,36.057721,0
            -107.961053,36.057513,0
            -107.961037,36.05743,0
            -107.960951,36.057226,0
            -107.960796,36.057014,0
            -107.960656,36.056905,0
            -107.960447,36.056797,0
            -107.958858,36.056414,0
            -107.958565,36.056192,0
            -107.957966,36.056064,0
            -107.957623,36.056134,0
            -107.954686,36.05537,0
            -107.951783,36.054308,0
            -107.95055,36.053974,0
            -107.950067,36.053779,0
            -107.949509,36.053501,0
            -107.94791,36.052564,0
            -107.947192,36.052265,0
            -107.945749,36.051883,0
            -107.944917,36.051627,0
            -107.943351,36.050842,0
            -107.940159,36.049749,0
            -107.936476,36.048279,0
            -107.935382,36.047737,0
            -107.934203,36.047065,0
            -107.932701,36.046089,0
            -107.93186,36.045677,0
            -107.930428,36.045109,0
            -107.928562,36.044089,0
            -107.927083,36.043183,0
            -107.92675,36.042944,0
            -107.926198,36.042463,0
            -107.925673,36.041912,0
            -107.924472,36.040424,0
            -107.924161,36.039917,0
            -107.924001,36.039574,0
            -107.923663,36.038598,0
            -107.923043,36.035956,0
            -107.923021,36.035726,0
            -107.923043,36.035488,0
            -107.923269,36.034425,0
            -107.923264,36.034091,0
            -107.923162,36.033457,0
            -107.92296,36.030985,0
            -107.922837,36.030625,0
            -107.922489,36.029852,0
            -107.922366,36.029275,0
            -107.922248,36.028972,0
            -107.922055,36.028698,0
            -107.92191,36.028547,0
            -107.921611,36.028321,0
            -107.921435,36.028243,0
            -107.921043,36.028115,0
            -107.920799,36.028065,0
            -107.920337,36.028043,0
            -107.920096,36.028065,0
            -107.91441,36.029631,0
            -107.912403,36.030256,0
            -107.911599,36.030586,0
            -107.911163,36.030022,0
            -107.910942,36.029874,0
            -107.910579,36.029755,0
            -107.910418,36.029734,0
            -107.910161,36.029731,0
            -107.909853,36.029418,0
            -107.909501,36.029232,0
            -107.908219,36.028794,0
            -107.907677,36.028651,0
            -107.906476,36.02846,0
            -107.905269,36.028421,0
            -107.904727,36.028473,0
            -107.903568,36.028681,0
            -107.903246,36.028716,0
            -107.90012,36.028602,0
            -107.899781,36.028651,0
            -107.899597,36.02871,0
            -107.899318,36.028844,0
            -107.899165,36.028941,0
            -107.897155,36.030688,0
            -107.895893,36.031895,0
            -107.895607,36.032076,0
            -107.895063,36.032259,0
            -107.89465,36.032295,0
            -107.892646,36.032267,0
            -107.892389,36.032304,0
            -107.892051,36.032403,0
            -107.891724,36.032594,0
            -107.891074,36.03311,0
            -107.890742,36.033488,0
            -107.890452,36.033887,0
            -107.890136,36.034464,0
            -107.889546,36.035787,0
            -107.889192,36.036225,0
            -107.8888,36.03649,0
            -107.888424,36.036633,0
            -107.886574,36.036958,0
            -107.886279,36.037049,0
            -107.886016,36.037201,0
            -107.88577,36.037387,0
            -107.884758,36.038399,0
            -107.884385,36.038719,0
            -107.884031,36.038949,0
            -107.880946,36.040277,0
            -107.8782,36.041699,0
            -107.877996,36.041782,0
            -107.877685,36.041964,0
            -107.876156,36.043391,0
            -107.875491,36.043825,0
            -107.875046,36.044024,0
            -107.873581,36.044553,0
            -107.872879,36.044865,0
            -107.864176,36.04969,0
            -107.862901,36.05031,0
            -107.86265,36.050375,0
            -107.862092,36.050415,0
            -107.858722,36.050463,0
            -107.858054,36.050533,0
            -107.85779,36.05062,0
            -107.857556,36.050774,0
            -107.856812,36.051497,0
            -107.850841,36.057937,0
            -107.850544,36.058519,0
            -107.847101,36.066602,0
            -107.847088,36.066837,0
            -107.847145,36.067143,0
            -107.850053,36.074061,0
            -107.849664,36.074258,0
            -107.848336,36.075147,0
            -107.84817,36.075353,0
            -107.84806,36.075587,0
            -107.848084,36.075754,0
            -107.848366,36.076311,0
            -107.84846,36.077135,0
            -107.848502,36.077291,0
            -107.848489,36.077439,0
            -107.848514,36.077561,0
            -107.848361,36.077664,0
            -107.848212,36.077801,0
            -107.847893,36.078288,0
            -107.847387,36.07954,0
            -107.847124,36.080465,0
            -107.846924,36.082199,0
            -107.847005,36.08372,0
            -107.84698,36.084697,0
            -107.84688,36.085464,0
            -107.846707,36.086025,0
            -107.846558,36.086341,0
            -107.845365,36.08669,0
            -107.841109,36.088339,0
            -107.839615,36.088751,0
            -107.834879,36.088912,0
            -107.833216,36.089347,0
            -107.83113,36.089691,0
            -107.830369,36.089897,0
            -107.829909,36.089938,0
            -107.82666,36.090625,0
            -107.818796,36.092632,0
            -107.818343,36.092826,0
            -107.817731,36.093144,0
            -107.817123,36.093375,0
            -107.815552,36.093714,0
            -107.815207,36.093826,0
            -107.81446,36.094257,0
            -107.809518,36.097881,0
            -107.808228,36.098899,0
            -107.807349,36.09939,0
            -107.806616,36.099968,0
            -107.800063,36.104598,0
            -107.799468,36.105155,0
            -107.799158,36.10561,0
            -107.794004,36.117045,0
            -107.79306,36.120789,0
            -107.792841,36.121377,0
            -107.792142,36.121847,0
            -107.791024,36.122187,0
            -107.776685,36.125716,0
            -107.775633,36.126034,0
            -107.761541,36.132465,0
            -107.758732,36.133621,0
            -107.75521,36.134568,0
            -107.754604,36.134798,0
            -107.752485,36.135814,0
            -107.751654,36.136311,0
            -107.751379,36.136576,0
            -107.751031,36.137165,0
            -107.749677,36.140265,0
            -107.749491,36.140587,0
            -107.748846,36.141469,0
            -107.74747,36.142896,0
            -107.746204,36.143908,0
            -107.745204,36.144595,0
            -107.741711,36.146666,0
            -107.740327,36.147402,0
            -107.739067,36.148165,0
            -107.737701,36.149421,0
            -107.736701,36.150479,0
            -107.73649,36.150853,0
            -107.735831,36.152631,0
            -107.735558,36.153132,0
            -107.73478,36.15404,0
            -107.733998,36.154683,0
            -107.732102,36.156001,0
            -107.725543,36.15877,0
            -107.72131,36.159958,0
            -107.720748,36.160215,0
            -107.720452,36.160391,0
            -107.719788,36.160873,0
            -107.718953,36.161359,0
            -107.716945,36.162392,0
            -107.714029,36.164053,0
            -107.713824,36.164142,0
            -107.708839,36.165422,0
            -107.699809,36.168079,0
            -107.696712,36.168844,0
            -107.695247,36.1691,0
            -107.691859,36.169392,0
            -107.691068,36.169576,0
            -107.688101,36.17064,0
            -107.687623,36.17075,0
            -107.682461,36.171562,0
            -107.681959,36.17167,0
            -107.681618,36.171776,0
            -107.681404,36.171889,0
            -107.678792,36.173562,0
            -107.679252,36.17385,0
            -107.679459,36.174018,0
            -107.679655,36.17426,0
            -107.681041,36.176711,0
            -107.683778,36.182185,0
            -107.683925,36.182618,0
            -107.684025,36.183113,0
            -107.684465,36.188029,0
            -107.684614,36.190792,0
            -107.68468,36.191063,0
            -107.684827,36.191426,0
            -107.686113,36.193991,0
            -107.686683,36.194949,0
            -107.687322,36.195765,0
            -107.68852,36.196981,0
            -107.688751,36.197278,0
            -107.688952,36.197766,0
            -107.689264,36.199098,0
            -107.689827,36.20067,0
            -107.690872,36.202714,0
            -107.691665,36.204914,0
            -107.692299,36.207058,0
            -107.693522,36.209828,0
            -107.69431,36.211908,0
            -107.695488,36.214272,0
            -107.695835,36.214675,0
            -107.696517,36.215326,0
            -107.696821,36.215728,0
            -107.696922,36.216043,0
            -107.69698,36.21679,0
            -107.696938,36.217676,0
            -107.696984,36.218681,0
            -107.697481,36.220792,0
            -107.698294,36.222967,0
            -107.698701,36.223671,0
            -107.699105,36.224145,0
            -107.699559,36.224533,0
            -107.700288,36.225072,0
            -107.700686,36.225437,0
            -107.700899,36.225704,0
            -107.701202,36.226169,0
            -107.701617,36.226989,0
            -107.702201,36.22843,0
            -107.70305,36.229938,0
            -107.704004,36.231178,0
            -107.704482,36.231578,0
            -107.705818,36.232451,0
            -107.706308,36.233019,0
            -107.706652,36.233622,0
            -107.70688,36.234175,0
            -107.706968,36.234475,0
            -107.707039,36.235251,0
            -107.706906,36.236218,0
            -107.706457,36.237584,0
            -107.706337,36.23814,0
            -107.706277,36.23885,0
            -107.706313,36.240157,0
            -107.706431,36.240945,0
            -107.706568,36.241313,0
            -107.709723,36.240251,0
            -107.710888,36.239929,0
            -107.712004,36.239743,0
            -107.712821,36.239673,0
            -107.714,36.239672,0
            -107.715398,36.239823,0
            -107.71632,36.240021,0
            -107.717078,36.240245,0
            -107.717801,36.240517,0
            -107.734037,36.247446,0
            -107.734723,36.247802,0
            -107.735452,36.248262,0
            -107.736411,36.249039,0
            -107.736862,36.249494,0
            -107.737489,36.250273,0
            -107.738042,36.251198,0
            -107.738385,36.252027,0
            -107.740157,36.258242,0
            -107.740318,36.259077,0
            -107.742345,36.275235,0
            -107.742534,36.276077,0
            -107.742932,36.277269,0
            -107.743396,36.278283,0
            -107.743921,36.279191,0
            -107.744884,36.280492,0
            -107.768341,36.306901,0
            -107.769549,36.30803,0
            -107.777291,36.31394,0
            -107.77785,36.314454,0
            -107.778504,36.315174,0
            -107.778918,36.315787,0
            -107.779241,36.316369,0
            -107.779596,36.317252,0
            -107.779737,36.317745,0
            -107.780277,36.320497,0
            -107.780752,36.322051,0
            -107.781081,36.322864,0
            -107.78171,36.324097,0
            -107.795033,36.346738,0
            -107.795858,36.347901,0
            -107.796751,36.348958,0
            -107.797997,36.350175,0
            -107.813356,36.363075,0
            -107.814651,36.363999,0
            -107.815461,36.364498,0
            -107.816759,36.36519,0
            -107.83015,36.371373,0
            -107.831061,36.371881,0
            -107.832093,36.372533,0
            -107.832992,36.373173,0
            -107.834468,36.374426,0
            -107.83549,36.375476,0
            -107.836183,36.376308,0
            -107.837061,36.377569,0
            -107.850621,36.401207,0
            -107.851234,36.402124,0
            -107.851854,36.402936,0
            -107.856487,36.408192,0
            -107.956862,36.52851,0
            -107.969693,36.542698,0
            -107.971599,36.544943,0
            -107.973905,36.547913,0
            -108.008007,36.596318,0
            -108.036233,36.594947,0
            -108.053735,36.595147,0
            -108.054998,36.595224,0
            -108.070308,36.596653,0
            -108.071265,36.596834,0
            -108.07205,36.597043,0
            -108.072698,36.597268,0
            -108.073566,36.597635,0
            -108.074716,36.598282,0
            -108.075549,36.598886,0
            -108.121169,36.635038,0
            -108.136135,36.646128,0
            -108.136581,36.646421,0
            -108.137498,36.64689,0
            -108.138179,36.647155,0
            -108.138855,36.647355,0
            -108.139604,36.647514,0
            -108.140689,36.647634,0
            -108.141901,36.647628,0
            -108.142465,36.647571,0
            -108.143174,36.647454,0
            -108.144318,36.64714,0
            -108.145276,36.646742,0
            -108.146272,36.646185,0
            -108.153299,36.641776,0
            -108.154655,36.64103,0
            -108.157574,36.63966,0
            -108.159897,36.638738,0
            -108.162835,36.637802,0
            -108.167743,36.636587,0
            -108.16989,36.63626,0
            -108.170882,36.636171,0
            -108.172589,36.636123,0
            -108.174787,36.636234,0
            -108.203712,36.639989,0
            -108.205025,36.640036,0
            -108.205702,36.640004,0
            -108.206482,36.639919,0
            -108.207207,36.639795,0
            -108.210512,36.639042,0
            -108.220807,36.658305,0
            -108.22129,36.658876,0
            -108.221818,36.659323,0
            -108.222319,36.65963,0
            -108.22267,36.659802,0
            -108.223092,36.659964,0
            -108.224086,36.660266,0
            -108.217308,36.675542,0
            -108.215885,36.681087,0
            -108.215857,36.681473,0
            -108.215918,36.681976,0
            -108.21601,36.682334,0
            -108.216186,36.682727,0
            -108.218052,36.685652,0
            -108.218281,36.686128,0
            -108.21849,36.686721,0
            -108.21891,36.688474,0
            -108.219245,36.689538,0
            -108.21968,36.690614,0
            -108.223431,36.697511,0
            -108.223663,36.697856,0
            -108.223946,36.698166,0
            -108.224349,36.698475,0
            -108.22593,36.6994,0
            -108.226311,36.699657,0
            -108.226466,36.699791,0
            -108.226689,36.700046,0
            -108.22732,36.701276,0
            -108.227488,36.701493,0
            -108.227786,36.701747,0
            -108.228165,36.701953,0
            -108.228493,36.702056,0
            -108.228946,36.702122,0
            -108.229261,36.702113,0
            -108.229615,36.702054,0
            -108.230432,36.701819,0
            -108.230726,36.701762,0
            -108.230959,36.701741,0
            -108.231229,36.701745,0
            -108.231603,36.701802,0
            -108.231915,36.701901,0
            -108.232222,36.702056,0
            -108.232552,36.702309,0
            -108.232771,36.70258,0
            -108.232907,36.702878,0
            -108.232972,36.703135,0
            -108.233049,36.703823,0
            -108.233016,36.704116,0
            -108.232909,36.704432,0
            -108.232775,36.704702,0
            -108.232636,36.705116,0
            -108.232614,36.705269,0
            -108.232619,36.705486,0
            -108.232716,36.705852,0
            -108.232891,36.706164,0
            -108.233059,36.706354,0
            -108.233348,36.706582,0
            -108.233663,36.706744,0
            -108.23395,36.706843,0
            -108.234152,36.706889,0
            -108.235187,36.707025,0
            -108.235546,36.707125,0
            -108.236023,36.707325,0
            -108.236546,36.707648,0
            -108.236867,36.707932,0
            -108.237163,36.708301,0
            -108.237472,36.708896,0
            -108.237696,36.709636,0
            -108.237795,36.710174,0
            -108.237809,36.71064,0
            -108.237782,36.71091,0
            -108.237648,36.711547,0
            -108.237416,36.712206,0
            -108.237133,36.71275,0
            -108.234277,36.717172,0
            -108.233972,36.717572,0
            -108.233598,36.717986,0
            -108.232983,36.718567,0
            -108.232524,36.71894,0
            -108.231419,36.719655,0
            -108.230605,36.720065,0
            -108.230011,36.72031,0
            -108.229227,36.720573,0
            -108.222578,36.722126,0
            -108.222442,36.722119,0
            -108.221501,36.722323,0
            -108.222128,36.724275,0
            -108.222371,36.72475,0
            -108.22271,36.72524,0
            -108.223047,36.725616,0
            -108.223541,36.726047,0
            -108.224102,36.72643,0
            -108.224546,36.726673,0
            -108.229778,36.728643,0
            -108.230484,36.729031,0
            -108.230963,36.729398,0
            -108.231325,36.729745,0
            -108.231654,36.730161,0
            -108.232326,36.731211,0
            -108.232363,36.731326,0
            -108.232399,36.731629,0
            -108.233519,36.731665,0
            -108.234404,36.731744,0
            -108.237315,36.73213,0
            -108.240116,36.732225,0
            -108.240972,36.732302,0
            -108.241559,36.732395,0
            -108.242605,36.732629,0
            -108.243435,36.732904,0
            -108.244717,36.733447,0
            -108.244769,36.73352,0
            -108.244858,36.733597,0
            -108.245773,36.734164,0
            -108.2495,36.73677,0
            -108.249941,36.737039,0
            -108.250595,36.737377,0
            -108.251527,36.737752,0
            -108.252037,36.737907,0
            -108.253086,36.738118,0
            -108.253574,36.738182,0
            -108.254506,36.738224,0
            -108.260878,36.738072,0
            -108.262383,36.738104,0
            -108.281753,36.74005,0
            -108.282563,36.74004,0
            -108.283669,36.739895,0
            -108.313418,36.731347,0
            -108.31392,36.731248,0
            -108.314532,36.73117,0
            -108.314885,36.731151,0
            -108.315862,36.731179,0
            -108.316546,36.731268,0
            -108.317271,36.73143,0
            -108.325315,36.733672,0
            -108.325489,36.733648,0
            -108.357457,36.742583,0
            -108.357559,36.742681,0
            -108.387196,36.750919,0
            -108.399482,36.753075,0
            -108.401358,36.753272,0
            -108.402151,36.753309,0
            -108.41963,36.753111,0
            -108.421779,36.753158,0
            -108.423165,36.75325,0
            -108.425988,36.75355,0
            -108.430578,36.754271,0
            -108.437827,36.75565,0
            -108.438873,36.755935,0
            -108.439998,36.756369,0
            -108.444919,36.758878,0
            -108.445746,36.759198,0
            -108.446516,36.759435,0
            -108.447185,36.759591,0
            -108.448252,36.759761,0
            -108.449376,36.759839,0
            -108.450007,36.759835,0
            -108.455478,36.759539,0
            -108.456996,36.759567,0
            -108.462304,36.760017,0
            -108.464362,36.760071,0
            -108.477487,36.760013,0
            -108.494279,36.760216,0
            -108.506899,36.759988,0
            -108.507688,36.759923,0
            -108.508196,36.759849,0
            -108.509288,36.759618,0
            -108.519408,36.75633,0
            -108.520716,36.755829,0
            -108.521755,36.755375,0
            -108.523405,36.754552,0
            -108.525215,36.753495,0
            -108.533273,36.748095,0
            -108.533863,36.747759,0
            -108.534484,36.747463,0
            -108.535167,36.747194,0
            -108.535967,36.746946,0
            -108.536554,36.746813,0
            -108.53719,36.746722,0
            -108.537721,36.746708,0
            -108.53815,36.746736,0
            -108.538563,36.746796,0
            -108.539099,36.746928,0
            -108.541825,36.747778,0
            -108.54768,36.749343,0
            -108.559865,36.753702,0
            -108.561964,36.754545,0
            -108.563623,36.755306,0
            -108.576883,36.762096,0
            -108.57839,36.762761,0
            -108.579924,36.763302,0
            -108.581439,36.76372,0
            -108.595797,36.76685,0
            -108.596904,36.767182,0
            -108.598169,36.767639,0
            -108.605727,36.7711,0
            -108.618685,36.776447,0
            -108.630741,36.78226,0
            -108.632622,36.78304,0
            -108.640245,36.785911,0
            -108.641636,36.786245,0
            -108.642707,36.786377,0
            -108.643396,36.786417,0
            -108.644648,36.786391,0
            -108.645818,36.786249,0
            -108.653352,36.78451,0
            -108.655069,36.784276,0
            -108.657528,36.784172,0
            -108.662016,36.784406,0
            -108.671253,36.784278,0
            -108.672918,36.784333,0
            -108.682361,36.785378,0
            -108.682919,36.785395,0
            -108.68345,36.785369,0
            -108.68398,36.785292,0
            -108.684452,36.785189,0
            -108.685142,36.784961,0
            -108.695273,36.779518,0
            -108.695703,36.779198,0
            -108.696153,36.778717,0
            -108.696391,36.778367,0
            -108.696558,36.778045,0
            -108.696713,36.777467,0
            -108.697129,36.777254,0
            -108.697169,36.77726,0
          </coordinates>
        </LineString>
      </Placemark>
      <Placemark>
        <name>Giant</name>
        <description><![CDATA[description: Gas station from 2018-11-11T21:16:26.000Z to 2018-11-11T21:22:48.000Z. Distance 0m<br>Email: syugen.zhou@gmail.com<br>Category: Gas station<br>Distance: 0]]></description>
        <styleUrl>#icon-1739-0288D1</styleUrl>
        <ExtendedData>
          <Data name="description">
            <value>Gas station from 2018-11-11T21:16:26.000Z to 2018-11-11T21:22:48.000Z. Distance 0m</value>
          </Data>
          <Data name="Email">
            <value>syugen.zhou@gmail.com</value>
          </Data>
          <Data name="Category">
            <value>Gas station</value>
          </Data>
          <Data name="Distance">
            <value>0</value>
          </Data>
        </ExtendedData>
        <Point>
          <coordinates>
            -108.697126,36.777461,0
          </coordinates>
        </Point>
      </Placemark>
      <Placemark>
        <name>Driving</name>
        <description><![CDATA[description: Driving from 2018-11-11T21:22:48.003Z to 2018-11-11T21:57:15.000Z. Distance 50767m<br>Email: syugen.zhou@gmail.com<br>Category: Driving<br>Distance: 50767]]></description>
        <styleUrl>#line-F9A825-5000</styleUrl>
        <ExtendedData>
          <Data name="description">
            <value>Driving from 2018-11-11T21:22:48.003Z to 2018-11-11T21:57:15.000Z. Distance 50767m</value>
          </Data>
          <Data name="Email">
            <value>syugen.zhou@gmail.com</value>
          </Data>
          <Data name="Category">
            <value>Driving</value>
          </Data>
          <Data name="Distance">
            <value>50767</value>
          </Data>
        </ExtendedData>
        <LineString>
          <tessellate>1</tessellate>
          <coordinates>
            -108.696999,36.777326,0
            -108.697129,36.777254,0
            -108.701514,36.777848,0
            -108.702212,36.777913,0
            -108.702677,36.777904,0
            -108.702877,36.77789,0
            -108.703261,36.777843,0
            -108.703467,36.77781,0
            -108.726517,36.772683,0
            -108.727619,36.772454,0
            -108.72817,36.772358,0
            -108.729437,36.772187,0
            -108.729917,36.772139,0
            -108.731154,36.772059,0
            -108.732313,36.772049,0
            -108.733194,36.772074,0
            -108.733864,36.772116,0
            -108.734469,36.77217,0
            -108.797251,36.780134,0
            -108.798515,36.780324,0
            -108.799191,36.780455,0
            -108.799984,36.780632,0
            -108.80091,36.780881,0
            -108.801615,36.781094,0
            -108.845171,36.796203,0
            -108.848893,36.797524,0
            -108.850592,36.798086,0
            -108.905055,36.816955,0
            -108.905812,36.817199,0
            -108.906389,36.817364,0
            -108.906893,36.817483,0
            -108.907716,36.817651,0
            -108.908784,36.817802,0
            -108.910978,36.817944,0
            -108.911604,36.818006,0
            -108.912646,36.818169,0
            -108.913945,36.818443,0
            -108.914601,36.818625,0
            -108.915023,36.818759,0
            -108.915876,36.819056,0
            -108.933781,36.826111,0
            -108.934456,36.826339,0
            -108.934888,36.826463,0
            -108.93571,36.826667,0
            -108.936094,36.82675,0
            -108.936878,36.82688,0
            -108.937149,36.826917,0
            -108.937885,36.826984,0
            -108.941208,36.827166,0
            -108.942372,36.827165,0
            -108.990841,36.825378,0
            -108.991756,36.825414,0
            -108.992251,36.825458,0
            -108.992779,36.825531,0
            -108.993148,36.825599,0
            -108.993716,36.825723,0
            -109.020737,36.832446,0
            -109.021382,36.832654,0
            -109.021976,36.832885,0
            -109.022349,36.833068,0
            -109.022687,36.833253,0
            -109.023165,36.833552,0
            -109.023441,36.833746,0
            -109.02407,36.834256,0
            -109.024292,36.834483,0
            -109.024602,36.834835,0
            -109.032957,36.84579,0
            -109.033517,36.846574,0
            -109.033792,36.846998,0
            -109.034092,36.847528,0
            -109.043688,36.868482,0
            -109.044182,36.869735,0
            -109.04466,36.870796,0
            -109.045818,36.873583,0
            -109.046099,36.874316,0
            -109.04645,36.875369,0
            -109.04661,36.875902,0
            -109.046945,36.87686,0
            -109.047221,36.877508,0
            -109.047597,36.878204,0
            -109.047914,36.878704,0
            -109.048098,36.878962,0
            -109.048552,36.879548,0
            -109.048918,36.879964,0
            -109.049146,36.880204,0
            -109.050019,36.881067,0
            -109.050538,36.881544,0
            -109.052569,36.883517,0
            -109.054828,36.88565,0
            -109.061578,36.892161,0
            -109.062028,36.892625,0
            -109.062525,36.893193,0
            -109.063007,36.893792,0
            -109.063525,36.894517,0
            -109.06377,36.894904,0
            -109.072164,36.909532,0
            -109.072692,36.910407,0
            -109.073044,36.910952,0
            -109.07375,36.911895,0
            -109.074153,36.912385,0
            -109.074535,36.912804,0
            -109.075263,36.913531,0
            -109.075801,36.914007,0
            -109.076205,36.914341,0
            -109.077022,36.914972,0
            -109.077959,36.915614,0
            -109.078858,36.916158,0
            -109.087075,36.920751,0
            -109.086398,36.92152,0
            -109.086206,36.921718,0
            -109.085589,36.922448,0
            -109.08481,36.923325,0
            -109.084298,36.923944,0
            -109.083997,36.924279,0
            -109.083283,36.925204,0
            -109.082684,36.926064,0
            -109.082182,36.926883,0
            -109.081592,36.927971,0
            -109.05726,36.980473,0
            -109.056883,36.981176,0
            -109.056439,36.981922,0
            -109.056046,36.982477,0
            -109.055556,36.983077,0
            -109.055109,36.983545,0
            -109.054659,36.983967,0
            -109.05387,36.984621,0
            -109.040957,36.993303,0
            -109.041192,36.993579,0
            -109.044908,36.998609,0
            -109.044994,36.998538,0
            -109.045068,36.998499,0
            -109.045127,36.998484,0
            -109.045177,36.998482,0
            -109.045218,36.998485,0
            -109.045258,36.998493,0
            -109.045325,36.998518,0
          </coordinates>
        </LineString>
      </Placemark>
      <Placemark>
        <name>Four Corners Monument</name>
        <description><![CDATA[description: Historical landmark from 2018-11-11T21:57:15.000Z to 2018-11-11T22:00:02.000Z. Distance 0m<br>Email: syugen.zhou@gmail.com<br>Category: Historical landmark<br>Distance: 0]]></description>
        <styleUrl>#icon-1535-0288D1</styleUrl>
        <ExtendedData>
          <Data name="description">
            <value>Historical landmark from 2018-11-11T21:57:15.000Z to 2018-11-11T22:00:02.000Z. Distance 0m</value>
          </Data>
          <Data name="Email">
            <value>syugen.zhou@gmail.com</value>
          </Data>
          <Data name="Category">
            <value>Historical landmark</value>
          </Data>
          <Data name="Distance">
            <value>0</value>
          </Data>
        </ExtendedData>
        <Point>
          <coordinates>
            -109.045183,36.998978,0
          </coordinates>
        </Point>
      </Placemark>
      <Placemark>
        <name>Driving</name>
        <description><![CDATA[description: Driving from 2018-11-11T22:41:25.998Z to 2018-11-12T00:00:00.000Z. Distance 97458m<br>Email: syugen.zhou@gmail.com<br>Category: Driving<br>Distance: 97458]]></description>
        <styleUrl>#line-F9A825-5000</styleUrl>
        <ExtendedData>
          <Data name="description">
            <value>Driving from 2018-11-11T22:41:25.998Z to 2018-11-12T00:00:00.000Z. Distance 97458m</value>
          </Data>
          <Data name="Email">
            <value>syugen.zhou@gmail.com</value>
          </Data>
          <Data name="Category">
            <value>Driving</value>
          </Data>
          <Data name="Distance">
            <value>97458</value>
          </Data>
        </ExtendedData>
        <LineString>
          <tessellate>1</tessellate>
          <coordinates>
            -109.045298,36.998507,0
            -109.045218,36.998485,0
            -109.045127,36.998484,0
            -109.045068,36.998499,0
            -109.044994,36.998538,0
            -109.044908,36.998609,0
            -109.041192,36.993579,0
            -109.040957,36.993303,0
            -109.05387,36.984621,0
            -109.054659,36.983967,0
            -109.055109,36.983545,0
            -109.055556,36.983077,0
            -109.056046,36.982477,0
            -109.056439,36.981922,0
            -109.056883,36.981176,0
            -109.05726,36.980473,0
            -109.081592,36.927971,0
            -109.082182,36.926883,0
            -109.082684,36.926064,0
            -109.083283,36.925204,0
            -109.083997,36.924279,0
            -109.087075,36.920751,0
            -109.078858,36.916158,0
            -109.077959,36.915614,0
            -109.077022,36.914972,0
            -109.076205,36.914341,0
            -109.075263,36.913531,0
            -109.074535,36.912804,0
            -109.074153,36.912385,0
            -109.07375,36.911895,0
            -109.073044,36.910952,0
            -109.072164,36.909532,0
            -109.06377,36.894904,0
            -109.063525,36.894517,0
            -109.063007,36.893792,0
            -109.062525,36.893193,0
            -109.062028,36.892625,0
            -109.061578,36.892161,0
            -109.049146,36.880204,0
            -109.048552,36.879548,0
            -109.047914,36.878703,0
            -109.047597,36.878204,0
            -109.047221,36.877508,0
            -109.046945,36.87686,0
            -109.046099,36.874316,0
            -109.04466,36.870796,0
            -109.044182,36.869735,0
            -109.043688,36.868482,0
            -109.034092,36.847528,0
            -109.033792,36.846998,0
            -109.033517,36.846574,0
            -109.032957,36.84579,0
            -109.024602,36.834835,0
            -109.02407,36.834256,0
            -109.023441,36.833746,0
            -109.023165,36.833552,0
            -109.022687,36.833253,0
            -109.021976,36.832885,0
            -109.021382,36.832654,0
            -109.020737,36.832446,0
            -108.993716,36.825723,0
            -108.992779,36.825531,0
            -108.992251,36.825458,0
            -108.991756,36.825414,0
            -108.990841,36.825378,0
            -108.942372,36.827165,0
            -108.941208,36.827166,0
            -108.937885,36.826984,0
            -108.937149,36.826917,0
            -108.936094,36.82675,0
            -108.934888,36.826463,0
            -108.934456,36.826339,0
            -108.933781,36.826111,0
            -108.915876,36.819056,0
            -108.914601,36.818625,0
            -108.913945,36.818443,0
            -108.912647,36.818169,0
            -108.911604,36.818006,0
            -108.910978,36.817944,0
            -108.908784,36.817802,0
            -108.907717,36.817651,0
            -108.906389,36.817364,0
            -108.905055,36.816955,0
            -108.801615,36.781094,0
            -108.80091,36.780881,0
            -108.799984,36.780632,0
            -108.798515,36.780324,0
            -108.797251,36.780134,0
            -108.734469,36.77217,0
            -108.733194,36.772074,0
            -108.732313,36.772049,0
            -108.731154,36.772059,0
            -108.729917,36.772139,0
            -108.729437,36.772187,0
            -108.72817,36.772358,0
            -108.727619,36.772454,0
            -108.703467,36.77781,0
            -108.702877,36.777891,0
            -108.702212,36.777913,0
            -108.701514,36.777848,0
            -108.696621,36.777175,0
            -108.696394,36.778002,0
            -108.696191,36.778379,0
            -108.695822,36.778871,0
            -108.695702,36.779004,0
            -108.695617,36.77908,0
            -108.695108,36.779439,0
            -108.69478,36.779636,0
            -108.688935,36.782793,0
            -108.688391,36.783061,0
            -108.685084,36.784835,0
            -108.684968,36.784884,0
            -108.684344,36.78507,0
            -108.683872,36.785173,0
            -108.683094,36.785254,0
            -108.682392,36.785236,0
            -108.672512,36.78415,0
            -108.671965,36.784108,0
            -108.670471,36.784061,0
            -108.663248,36.784186,0
            -108.660838,36.784127,0
            -108.658517,36.783978,0
            -108.657531,36.783949,0
            -108.655995,36.783987,0
            -108.655231,36.784037,0
            -108.65396,36.784179,0
            -108.652933,36.784348,0
            -108.652201,36.784493,0
            -108.646087,36.78596,0
            -108.645391,36.786084,0
            -108.644797,36.786147,0
            -108.644138,36.786182,0
            -108.643538,36.786189,0
            -108.642739,36.786153,0
            -108.641697,36.786017,0
            -108.641078,36.785891,0
            -108.640065,36.785604,0
            -108.637713,36.784728,0
            -108.634129,36.783373,0
            -108.631525,36.782337,0
            -108.630893,36.782062,0
            -108.618894,36.776277,0
            -108.615777,36.774926,0
            -108.605856,36.77089,0
            -108.604324,36.770218,0
            -108.599034,36.76774,0
            -108.598512,36.767518,0
            -108.597351,36.767084,0
            -108.596197,36.766721,0
            -108.59538,36.766507,0
            -108.581528,36.763501,0
            -108.580635,36.763267,0
            -108.579333,36.762859,0
            -108.578501,36.762546,0
            -108.577546,36.762142,0
            -108.576721,36.761747,0
            -108.563921,36.755178,0
            -108.56226,36.754411,0
            -108.561551,36.754109,0
            -108.559837,36.753438,0
            -108.548309,36.749298,0
            -108.547612,36.749075,0
            -108.538901,36.746758,0
            -108.538659,36.746707,0
            -108.538163,36.746635,0
            -108.53769,36.74661,0
            -108.53708,36.74663,0
            -108.536661,36.746684,0
            -108.535921,36.746844,0
            -108.535419,36.746984,0
            -108.534698,36.747232,0
            -108.534213,36.747433,0
            -108.533562,36.747749,0
            -108.532927,36.748118,0
            -108.525584,36.753061,0
            -108.524014,36.754032,0
            -108.522543,36.754818,0
            -108.521029,36.755517,0
            -108.51922,36.756231,0
            -108.509529,36.759386,0
            -108.508664,36.759603,0
            -108.50815,36.759698,0
            -108.507381,36.759797,0
            -108.506851,36.759834,0
            -108.494277,36.760062,0
            -108.477651,36.759865,0
            -108.464089,36.759921,0
            -108.462345,36.759865,0
            -108.460537,36.759735,0
            -108.457726,36.759464,0
            -108.456817,36.759407,0
            -108.455952,36.759391,0
            -108.454807,36.759413,0
            -108.450023,36.759686,0
            -108.449372,36.759695,0
            -108.448456,36.759647,0
            -108.447724,36.759563,0
            -108.446754,36.759373,0
            -108.446282,36.759249,0
            -108.445263,36.758907,0
            -108.444507,36.75857,0
            -108.440193,36.756347,0
            -108.439391,36.756001,0
            -108.438721,36.755762,0
            -108.43811,36.755593,0
            -108.437547,36.755466,0
            -108.431187,36.754251,0
            -108.425351,36.753334,0
            -108.423991,36.75318,0
            -108.422201,36.753038,0
            -108.41987,36.75295,0
            -108.403215,36.753149,0
            -108.402175,36.753137,0
            -108.400985,36.753069,0
            -108.400088,36.75298,0
            -108.399129,36.75285,0
            -108.387687,36.750845,0
            -108.387182,36.750738,0
            -108.386062,36.750451,0
            -108.36017,36.743245,0
            -108.359829,36.743137,0
            -108.357691,36.742547,0
            -108.357609,36.742544,0
            -108.357457,36.742583,0
            -108.325489,36.733648,0
            -108.325414,36.73353,0
            -108.325403,36.73352,0
            -108.325381,36.733509,0
            -108.317433,36.731285,0
            -108.316813,36.731137,0
            -108.316137,36.731027,0
            -108.315826,36.730995,0
            -108.315232,36.730967,0
            -108.314544,36.730992,0
            -108.313735,36.731098,0
            -108.31268,36.731346,0
            -108.284443,36.739514,0
            -108.283756,36.739693,0
            -108.283474,36.73975,0
            -108.282988,36.739816,0
            -108.282389,36.739865,0
            -108.281977,36.739873,0
            -108.28115,36.739831,0
            -108.26361,36.738044,0
            -108.262496,36.73797,0
            -108.261389,36.737947,0
            -108.254433,36.7381,0
            -108.25382,36.738075,0
            -108.25305,36.737991,0
            -108.252339,36.737845,0
            -108.251551,36.737625,0
            -108.251058,36.737442,0
            -108.250778,36.737322,0
            -108.250143,36.737009,0
            -108.2496,36.736685,0
            -108.245372,36.733743,0
            -108.244888,36.733477,0
            -108.244717,36.733448,0
            -108.244329,36.73327,0
            -108.243435,36.732904,0
            -108.242605,36.732629,0
            -108.242121,36.732509,0
            -108.241559,36.732395,0
            -108.240972,36.732302,0
            -108.240116,36.732225,0
            -108.237909,36.732166,0
            -108.237315,36.73213,0
            -108.236828,36.73208,0
            -108.234404,36.731744,0
            -108.233519,36.731665,0
            -108.230597,36.731593,0
            -108.229712,36.731547,0
            -108.229191,36.731498,0
            -108.228531,36.731392,0
            -108.227674,36.731203,0
            -108.227246,36.731084,0
            -108.22671,36.730905,0
            -108.224931,36.730181,0
            -108.224839,36.730082,0
            -108.224758,36.730029,0
            -108.223665,36.729564,0
            -108.223208,36.729348,0
            -108.221683,36.728486,0
            -108.221306,36.728297,0
            -108.221072,36.728206,0
            -108.220762,36.728117,0
            -108.220397,36.72804,0
            -108.219962,36.727994,0
            -108.217405,36.727982,0
            -108.217365,36.727989,0
            -108.217242,36.728031,0
            -108.214415,36.728012,0
            -108.20946,36.728092,0
            -108.209313,36.728041,0
            -108.204437,36.728095,0
            -108.204315,36.728148,0
            -108.200134,36.728204,0
            -108.199888,36.728156,0
            -108.197596,36.728334,0
            -108.19606,36.728352,0
            -108.195995,36.728369,0
            -108.195928,36.728404,0
            -108.193262,36.728379,0
            -108.193168,36.728356,0
            -108.192854,36.728309,0
            -108.192637,36.728255,0
            -108.192339,36.72815,0
            -108.19162,36.729185,0
            -108.191414,36.729394,0
            -108.191592,36.729482,0
            -108.19165,36.729502,0
            -108.191708,36.72951,0
          </coordinates>
        </LineString>
      </Placemark>
      <Placemark>
        <name>La Quinta Inn by Wyndham Farmington</name>
        <description><![CDATA[description: Hotel from 2018-11-12T00:00:00.000Z to 2018-11-12T14:15:24.000Z. Distance 0m<br>Email: syugen.zhou@gmail.com<br>Category: Hotel<br>Distance: 0]]></description>
        <styleUrl>#icon-1602-0288D1</styleUrl>
        <ExtendedData>
          <Data name="description">
            <value>Hotel from 2018-11-12T00:00:00.000Z to 2018-11-12T14:15:24.000Z. Distance 0m</value>
          </Data>
          <Data name="Email">
            <value>syugen.zhou@gmail.com</value>
          </Data>
          <Data name="Category">
            <value>Hotel</value>
          </Data>
          <Data name="Distance">
            <value>0</value>
          </Data>
        </ExtendedData>
        <Point>
          <coordinates>
            -108.191803,36.7299,0
          </coordinates>
        </Point>
      </Placemark>
    </Folder>
    <Folder>
      <name>history-2018-11-10</name>
      <Placemark>
        <name>Denver International Airport</name>
        <description><![CDATA[description: International airport from 2018-11-10T12:11:05.570Z to 2018-11-10T12:30:11.738Z. Distance 0m<br>Email: syugen.zhou@gmail.com<br>Category: International airport<br>Distance: 0]]></description>
        <styleUrl>#icon-1504-0288D1</styleUrl>
        <ExtendedData>
          <Data name="description">
            <value>International airport from 2018-11-10T12:11:05.570Z to 2018-11-10T12:30:11.738Z. Distance 0m</value>
          </Data>
          <Data name="Email">
            <value>syugen.zhou@gmail.com</value>
          </Data>
          <Data name="Category">
            <value>International airport</value>
          </Data>
          <Data name="Distance">
            <value>0</value>
          </Data>
        </ExtendedData>
        <Point>
          <coordinates>
            -104.673738,39.856096,0
          </coordinates>
        </Point>
      </Placemark>
      <Placemark>
        <name>Hertz Car Rental - Denver International Airport (DEN)</name>
        <description><![CDATA[description: Car rental agency from 2018-11-10T13:08:58.032Z to 2018-11-10T13:31:20.664Z. Distance 0m<br>Email: syugen.zhou@gmail.com<br>Category: Car rental agency<br>Distance: 0]]></description>
        <styleUrl>#icon-1739-0288D1</styleUrl>
        <ExtendedData>
          <Data name="description">
            <value>Car rental agency from 2018-11-10T13:08:58.032Z to 2018-11-10T13:31:20.664Z. Distance 0m</value>
          </Data>
          <Data name="Email">
            <value>syugen.zhou@gmail.com</value>
          </Data>
          <Data name="Category">
            <value>Car rental agency</value>
          </Data>
          <Data name="Distance">
            <value>0</value>
          </Data>
        </ExtendedData>
        <Point>
          <coordinates>
            -104.698317,39.836807,0
          </coordinates>
        </Point>
      </Placemark>
      <Placemark>
        <name>Driving</name>
        <description><![CDATA[description: Driving from 2018-11-10T13:31:20.664Z to 2018-11-10T14:02:30.999Z. Distance 53483m<br>Email: syugen.zhou@gmail.com<br>Category: Driving<br>Distance: 53483]]></description>
        <styleUrl>#line-A52714-5000</styleUrl>
        <ExtendedData>
          <Data name="description">
            <value>Driving from 2018-11-10T13:31:20.664Z to 2018-11-10T14:02:30.999Z. Distance 53483m</value>
          </Data>
          <Data name="Email">
            <value>syugen.zhou@gmail.com</value>
          </Data>
          <Data name="Category">
            <value>Driving</value>
          </Data>
          <Data name="Distance">
            <value>53483</value>
          </Data>
        </ExtendedData>
        <LineString>
          <tessellate>1</tessellate>
          <coordinates>
            -104.697662,39.837487,0
            -104.697619,39.837955,0
            -104.69349,39.837924,0
            -104.693138,39.837866,0
            -104.692874,39.837711,0
            -104.692898,39.835171,0
            -104.693138,39.83484,0
            -104.693397,39.834714,0
            -104.694382,39.834734,0
            -104.698412,39.834365,0
            -104.698596,39.834294,0
            -104.76708,39.834672,0
            -104.770116,39.834426,0
            -104.772224,39.834042,0
            -104.775302,39.833146,0
            -104.777326,39.832307,0
            -104.780217,39.830666,0
            -104.782201,39.829139,0
            -104.78396,39.82732,0
            -104.78485,39.826144,0
            -104.785859,39.824445,0
            -104.786414,39.823191,0
            -104.787017,39.821119,0
            -104.78727,39.819007,0
            -104.787289,39.798633,0
            -104.787634,39.796135,0
            -104.788078,39.794459,0
            -104.790298,39.78899,0
            -104.790998,39.78666,0
            -104.791254,39.785253,0
            -104.791512,39.771767,0
            -104.791736,39.770924,0
            -104.792159,39.77022,0
            -104.792893,39.769518,0
            -104.793582,39.769094,0
            -104.794725,39.768691,0
            -104.795703,39.768561,0
            -104.796874,39.768633,0
            -104.797659,39.768821,0
            -104.798158,39.769011,0
            -104.800391,39.77021,0
            -104.801455,39.770531,0
            -104.802151,39.770622,0
            -104.805633,39.77052,0
            -104.812045,39.771186,0
            -104.812248,39.771289,0
            -104.823837,39.772521,0
            -104.824819,39.772441,0
            -104.825636,39.772236,0
            -104.826729,39.771718,0
            -104.827507,39.771071,0
            -104.827809,39.770696,0
            -104.828183,39.769978,0
            -104.828344,39.769098,0
            -104.828008,39.766626,0
            -104.82787,39.763285,0
            -104.827782,39.763169,0
            -104.827691,39.753659,0
            -104.827367,39.752354,0
            -104.82573,39.74841,0
            -104.825483,39.746726,0
            -104.825455,39.732382,0
            -104.824998,39.727716,0
            -104.82512,39.725152,0
            -104.825618,39.72299,0
            -104.826811,39.719244,0
            -104.826997,39.71815,0
            -104.827033,39.709275,0
            -104.827141,39.708669,0
            -104.828531,39.705536,0
            -104.828909,39.704098,0
            -104.829428,39.696215,0
            -104.829067,39.693439,0
            -104.828831,39.673749,0
            -104.829129,39.671113,0
            -104.829496,39.66955,0
            -104.830434,39.667454,0
            -104.831456,39.665981,0
            -104.833096,39.664289,0
            -104.834492,39.663245,0
            -104.846748,39.656925,0
            -104.848222,39.656373,0
            -104.852551,39.655363,0
            -104.854088,39.654773,0
            -104.867848,39.64679,0
            -104.868879,39.64636,0
            -104.873547,39.645163,0
            -104.874715,39.644718,0
            -104.892163,39.63618,0
            -104.894042,39.635646,0
            -104.89587,39.635423,0
            -104.903189,39.635391,0
            -104.903979,39.635203,0
            -104.904715,39.63491,0
            -104.905509,39.634377,0
            -104.905928,39.633938,0
            -104.906357,39.633152,0
            -104.906482,39.632483,0
            -104.906383,39.631683,0
            -104.906142,39.631118,0
            -104.905018,39.629251,0
            -104.904822,39.629163,0
            -104.875543,39.578211,0
            -104.873367,39.571315,0
            -104.871811,39.562339,0
            -104.871704,39.562136,0
            -104.869664,39.549645,0
            -104.867372,39.518755,0
            -104.867514,39.517883,0
            -104.867908,39.516713,0
            -104.874065,39.504425,0
            -104.874519,39.502711,0
            -104.874612,39.501184,0
            -104.872604,39.485734,0
            -104.872609,39.475453,0
            -104.872704,39.47534,0
            -104.872858,39.474081,0
            -104.873375,39.472519,0
            -104.873498,39.472334,0
            -104.873774,39.472208,0
            -104.875171,39.472288,0
            -104.875265,39.472555,0
            -104.875349,39.472605,0
            -104.875522,39.472632,0
          </coordinates>
        </LineString>
      </Placemark>
      <Placemark>
        <name>Phillips 66</name>
        <description><![CDATA[description: Gas station from 2018-11-10T14:02:30.999Z to 2018-11-10T14:11:19.000Z. Distance 0m<br>Email: syugen.zhou@gmail.com<br>Category: Gas station<br>Distance: 0]]></description>
        <styleUrl>#icon-1739-0288D1</styleUrl>
        <ExtendedData>
          <Data name="description">
            <value>Gas station from 2018-11-10T14:02:30.999Z to 2018-11-10T14:11:19.000Z. Distance 0m</value>
          </Data>
          <Data name="Email">
            <value>syugen.zhou@gmail.com</value>
          </Data>
          <Data name="Category">
            <value>Gas station</value>
          </Data>
          <Data name="Distance">
            <value>0</value>
          </Data>
        </ExtendedData>
        <Point>
          <coordinates>
            -104.875563,39.472554,0
          </coordinates>
        </Point>
      </Placemark>
      <Placemark>
        <name>Driving</name>
        <description><![CDATA[description: Driving from 2018-11-10T14:11:19.000Z to 2018-11-10T17:16:27.000Z. Distance 347813m<br>Email: syugen.zhou@gmail.com<br>Category: Driving<br>Distance: 347813]]></description>
        <styleUrl>#line-A52714-5000</styleUrl>
        <ExtendedData>
          <Data name="description">
            <value>Driving from 2018-11-10T14:11:19.000Z to 2018-11-10T17:16:27.000Z. Distance 347813m</value>
          </Data>
          <Data name="Email">
            <value>syugen.zhou@gmail.com</value>
          </Data>
          <Data name="Category">
            <value>Driving</value>
          </Data>
          <Data name="Distance">
            <value>347813</value>
          </Data>
        </ExtendedData>
        <LineString>
          <tessellate>1</tessellate>
          <coordinates>
            -104.875565,39.472637,0
            -104.876023,39.47265,0
            -104.876175,39.472621,0
            -104.876039,39.472335,0
            -104.876036,39.472218,0
            -104.873872,39.472073,0
            -104.873823,39.472024,0
            -104.873664,39.471936,0
            -104.873414,39.47171,0
            -104.873229,39.469785,0
            -104.873425,39.468156,0
            -104.873333,39.468078,0
            -104.8754,39.455616,0
            -104.875793,39.449543,0
            -104.875723,39.443108,0
            -104.87577,39.44244,0
            -104.875914,39.441678,0
            -104.876326,39.440518,0
            -104.87804,39.437587,0
            -104.878447,39.436764,0
            -104.878866,39.435593,0
            -104.879043,39.434835,0
            -104.879476,39.431368,0
            -104.87937,39.430146,0
            -104.879044,39.428982,0
            -104.878607,39.428052,0
            -104.866528,39.410224,0
            -104.865388,39.408278,0
            -104.864546,39.406558,0
            -104.860742,39.397612,0
            -104.860259,39.395879,0
            -104.859894,39.393443,0
            -104.85989,39.390571,0
            -104.860574,39.386168,0
            -104.860614,39.380961,0
            -104.860858,39.379644,0
            -104.861097,39.378887,0
            -104.861759,39.377447,0
            -104.86191,39.37725,0
            -104.862611,39.375908,0
            -104.863035,39.374838,0
            -104.866945,39.362619,0
            -104.867547,39.359973,0
            -104.868163,39.358155,0
            -104.868826,39.35662,0
            -104.871108,39.35243,0
            -104.871725,39.351071,0
            -104.890828,39.29838,0
            -104.895598,39.289844,0
            -104.8959,39.288996,0
            -104.897786,39.27745,0
            -104.89784,39.276352,0
            -104.897268,39.271782,0
            -104.896258,39.267405,0
            -104.895474,39.265433,0
            -104.893979,39.262496,0
            -104.892313,39.259774,0
            -104.884056,39.248661,0
            -104.883014,39.247584,0
            -104.879279,39.244222,0
            -104.87901,39.243898,0
            -104.878232,39.242736,0
            -104.877862,39.24192,0
            -104.877739,39.241529,0
            -104.877514,39.240352,0
            -104.877469,39.235076,0
            -104.877588,39.232929,0
            -104.879061,39.221512,0
            -104.879005,39.22085,0
            -104.878744,39.219767,0
            -104.878507,39.219128,0
            -104.877842,39.21791,0
            -104.877339,39.217252,0
            -104.876576,39.216456,0
            -104.872989,39.213503,0
            -104.872301,39.213027,0
            -104.860685,39.206119,0
            -104.859535,39.205182,0
            -104.858638,39.204108,0
            -104.853835,39.196754,0
            -104.85196,39.193608,0
            -104.851357,39.192244,0
            -104.850732,39.19013,0
            -104.850539,39.188388,0
            -104.850292,39.177948,0
            -104.850424,39.175544,0
            -104.850674,39.173687,0
            -104.851069,39.171816,0
            -104.851864,39.16924,0
            -104.861211,39.144209,0
            -104.86207,39.141043,0
            -104.865859,39.118957,0
            -104.865984,39.117362,0
            -104.865955,39.115947,0
            -104.863772,39.096681,0
            -104.856415,39.06533,0
            -104.855819,39.06387,0
            -104.855288,39.06284,0
            -104.841678,39.040064,0
            -104.840839,39.038466,0
            -104.837737,39.030876,0
            -104.837324,39.03003,0
            -104.830845,39.01897,0
            -104.824039,39.008906,0
            -104.82061,39.004534,0
            -104.819632,39.003062,0
            -104.818658,39.001104,0
            -104.812745,38.984928,0
            -104.801715,38.962464,0
            -104.801369,38.961297,0
            -104.801277,38.960562,0
            -104.80131,38.959294,0
            -104.801652,38.958032,0
            -104.802164,38.956903,0
            -104.802828,38.955926,0
            -104.803663,38.955053,0
            -104.804472,38.9544,0
            -104.810439,38.950804,0
            -104.811714,38.949816,0
            -104.812325,38.949193,0
            -104.813229,38.947917,0
            -104.813594,38.947203,0
            -104.813809,38.946641,0
            -104.814092,38.94533,0
            -104.814137,38.944444,0
            -104.814072,38.943667,0
            -104.813046,38.937843,0
            -104.813005,38.937749,0
            -104.812776,38.936131,0
            -104.812741,38.934294,0
            -104.812825,38.933337,0
            -104.813552,38.928813,0
            -104.813577,38.928778,0
            -104.814837,38.920349,0
            -104.815167,38.918909,0
            -104.815508,38.918026,0
            -104.816191,38.916859,0
            -104.816759,38.916136,0
            -104.817414,38.915468,0
            -104.817997,38.914962,0
            -104.823576,38.910706,0
            -104.824359,38.909927,0
            -104.824891,38.90929,0
            -104.825377,38.908593,0
            -104.825838,38.907774,0
            -104.831591,38.893802,0
            -104.834762,38.88762,0
            -104.835302,38.88636,0
            -104.835913,38.884197,0
            -104.836073,38.883186,0
            -104.836119,38.881578,0
            -104.836072,38.880789,0
            -104.833712,38.869027,0
            -104.833614,38.864922,0
            -104.833741,38.863832,0
            -104.834213,38.862053,0
            -104.834423,38.86061,0
            -104.834432,38.859082,0
            -104.834258,38.857787,0
            -104.833947,38.856826,0
            -104.833,38.854859,0
            -104.832715,38.853809,0
            -104.832433,38.851452,0
            -104.832229,38.850427,0
            -104.831287,38.847384,0
            -104.830252,38.841992,0
            -104.830222,38.841304,0
            -104.830384,38.837187,0
            -104.830517,38.836235,0
            -104.830714,38.835606,0
            -104.831179,38.834704,0
            -104.831722,38.833999,0
            -104.833764,38.832146,0
            -104.834165,38.831667,0
            -104.834517,38.831145,0
            -104.83497,38.83018,0
            -104.836477,38.823355,0
            -104.836426,38.822334,0
            -104.836255,38.821685,0
            -104.835917,38.820968,0
            -104.835346,38.82021,0
            -104.834883,38.819766,0
            -104.831302,38.816978,0
            -104.830496,38.816491,0
            -104.829256,38.815932,0
            -104.828267,38.815585,0
            -104.827435,38.815369,0
            -104.826117,38.815142,0
            -104.819587,38.814782,0
            -104.817714,38.814522,0
            -104.816801,38.814302,0
            -104.816698,38.81425,0
            -104.815357,38.813838,0
            -104.813883,38.813218,0
            -104.812387,38.812381,0
            -104.805295,38.807325,0
            -104.804304,38.806545,0
            -104.803319,38.805641,0
            -104.802091,38.804286,0
            -104.8011,38.802914,0
            -104.800633,38.802137,0
            -104.795724,38.792517,0
            -104.795018,38.791424,0
            -104.784515,38.778843,0
            -104.78344,38.777246,0
            -104.78297,38.776376,0
            -104.781555,38.772999,0
            -104.780725,38.771362,0
            -104.778892,38.768452,0
            -104.777439,38.766583,0
            -104.775916,38.764869,0
            -104.773112,38.762275,0
            -104.771747,38.761188,0
            -104.765473,38.756628,0
            -104.76451,38.755837,0
            -104.731642,38.723428,0
            -104.730586,38.722179,0
            -104.729917,38.721225,0
            -104.729245,38.720074,0
            -104.7235,38.706366,0
            -104.720773,38.694974,0
            -104.720337,38.693606,0
            -104.71366,38.67913,0
            -104.713082,38.67813,0
            -104.712152,38.676804,0
            -104.702642,38.664538,0
            -104.701969,38.663492,0
            -104.701158,38.661907,0
            -104.694172,38.644048,0
            -104.688826,38.619345,0
            -104.688509,38.618268,0
            -104.687863,38.616703,0
            -104.687285,38.615638,0
            -104.686646,38.614662,0
            -104.680712,38.606683,0
            -104.677804,38.602105,0
            -104.667557,38.583326,0
            -104.666944,38.582487,0
            -104.657036,38.571944,0
            -104.656411,38.571033,0
            -104.653232,38.564589,0
            -104.646716,38.549912,0
            -104.630307,38.517674,0
            -104.62977,38.516263,0
            -104.629467,38.515121,0
            -104.626585,38.500148,0
            -104.6263,38.499183,0
            -104.625894,38.498132,0
            -104.615507,38.475988,0
            -104.614894,38.47447,0
            -104.61223,38.466743,0
            -104.607026,38.455058,0
            -104.606649,38.453786,0
            -104.606431,38.452681,0
            -104.605967,38.44807,0
            -104.605956,38.446906,0
            -104.606614,38.437274,0
            -104.608145,38.42571,0
            -104.608579,38.424066,0
            -104.61942,38.395446,0
            -104.61987,38.393667,0
            -104.620034,38.392448,0
            -104.620054,38.390723,0
            -104.618992,38.383955,0
            -104.618974,38.382241,0
            -104.620828,38.36785,0
            -104.6209,38.361567,0
            -104.61997,38.344703,0
            -104.619957,38.339714,0
            -104.619871,38.338551,0
            -104.619619,38.337168,0
            -104.616044,38.325936,0
            -104.615774,38.324533,0
            -104.615401,38.315668,0
            -104.614979,38.312626,0
            -104.612483,38.301345,0
            -104.612147,38.299272,0
            -104.611901,38.29841,0
            -104.611509,38.29751,0
            -104.609678,38.294723,0
            -104.607193,38.290044,0
            -104.605425,38.285069,0
            -104.605343,38.284583,0
            -104.605344,38.280026,0
            -104.605237,38.279216,0
            -104.605036,38.278523,0
            -104.604176,38.276591,0
            -104.604079,38.276168,0
            -104.604014,38.273892,0
            -104.604169,38.273162,0
            -104.604914,38.271602,0
            -104.60525,38.270615,0
            -104.605364,38.269712,0
            -104.605293,38.268618,0
            -104.604956,38.266766,0
            -104.604947,38.266349,0
            -104.605421,38.262458,0
            -104.605533,38.258202,0
            -104.60578,38.25759,0
            -104.60604,38.257221,0
            -104.60924,38.253561,0
            -104.609537,38.25303,0
            -104.609718,38.252378,0
            -104.609849,38.2509,0
            -104.61005,38.250362,0
            -104.610218,38.250067,0
            -104.611737,38.248097,0
            -104.611961,38.247569,0
            -104.612038,38.247141,0
            -104.612063,38.24393,0
            -104.612507,38.242315,0
            -104.612533,38.241954,0
            -104.612485,38.241538,0
            -104.612014,38.23992,0
            -104.61196,38.239346,0
            -104.611977,38.237404,0
            -104.612028,38.237042,0
            -104.61242,38.235666,0
            -104.613717,38.232876,0
            -104.613904,38.232262,0
            -104.613985,38.231698,0
            -104.61408,38.225728,0
            -104.614201,38.2245,0
            -104.614348,38.223867,0
            -104.614502,38.223439,0
            -104.614976,38.222533,0
            -104.615401,38.221934,0
            -104.616103,38.221207,0
            -104.622268,38.216221,0
            -104.625231,38.214114,0
            -104.626275,38.213166,0
            -104.626848,38.212555,0
            -104.627627,38.211517,0
            -104.628038,38.210775,0
            -104.632435,38.198142,0
            -104.63269,38.196961,0
            -104.63451,38.176554,0
            -104.634717,38.175336,0
            -104.635208,38.173703,0
            -104.635732,38.172492,0
            -104.636393,38.171293,0
            -104.642096,38.162971,0
            -104.643923,38.160789,0
            -104.655314,38.148419,0
            -104.669397,38.130107,0
            -104.669999,38.129052,0
            -104.670373,38.12801,0
            -104.671197,38.12392,0
            -104.671486,38.119988,0
            -104.671626,38.119045,0
            -104.671814,38.118335,0
            -104.672268,38.117135,0
            -104.673361,38.115009,0
            -104.676285,38.111016,0
            -104.704788,38.080139,0
            -104.705775,38.078958,0
            -104.706387,38.078092,0
            -104.7149,38.062872,0
            -104.715943,38.06147,0
            -104.718617,38.058551,0
            -104.72672,38.049079,0
            -104.727507,38.047931,0
            -104.728021,38.04704,0
            -104.728746,38.045391,0
            -104.729024,38.044551,0
            -104.729342,38.043168,0
            -104.730187,38.034,0
            -104.730425,38.032728,0
            -104.730885,38.031227,0
            -104.731536,38.029757,0
            -104.732296,38.02845,0
            -104.733207,38.027199,0
            -104.751995,38.005177,0
            -104.752124,38.004984,0
            -104.756584,37.999763,0
            -104.757702,37.998653,0
            -104.768775,37.989094,0
            -104.774749,37.983304,0
            -104.775828,37.982016,0
            -104.77986,37.976318,0
            -104.781172,37.974914,0
            -104.796503,37.961425,0
            -104.79735,37.960583,0
            -104.798806,37.958878,0
            -104.799557,37.957836,0
            -104.80047,37.95608,0
            -104.805995,37.941469,0
            -104.806353,37.940901,0
            -104.806745,37.940459,0
            -104.807404,37.939921,0
            -104.807838,37.939658,0
            -104.808535,37.939339,0
            -104.809425,37.939084,0
            -104.813163,37.93845,0
            -104.813955,37.93826,0
            -104.81471,37.93799,0
            -104.815618,37.937508,0
            -104.816169,37.937105,0
            -104.816883,37.936373,0
            -104.817381,37.935597,0
            -104.828212,37.912474,0
            -104.828793,37.910703,0
            -104.829016,37.90962,0
            -104.829154,37.908312,0
            -104.828806,37.802917,0
            -104.828937,37.80172,0
            -104.835166,37.76866,0
            -104.835921,37.753281,0
            -104.835754,37.752257,0
            -104.835474,37.751384,0
            -104.797651,37.66264,0
            -104.79716,37.66171,0
            -104.796251,37.660315,0
            -104.796237,37.6602,0
            -104.794801,37.657278,0
            -104.79416,37.65647,0
            -104.794004,37.656156,0
            -104.793885,37.655799,0
            -104.793869,37.655511,0
            -104.793779,37.655154,0
            -104.79037,37.648003,0
            -104.790126,37.647027,0
            -104.789531,37.635954,0
            -104.789444,37.635402,0
            -104.789334,37.635052,0
            -104.789081,37.634592,0
            -104.783625,37.62803,0
            -104.783532,37.627958,0
            -104.783134,37.627776,0
            -104.782999,37.627686,0
            -104.780377,37.622716,0
            -104.795931,37.617562,0
            -104.796329,37.617359,0
            -104.80033,37.614671,0
            -104.807634,37.610925,0
            -104.808594,37.610616,0
            -104.809344,37.610476,0
            -104.81004,37.610413,0
            -104.810149,37.610431,0
            -104.812173,37.610391,0
            -104.812908,37.610268,0
            -104.81373,37.610027,0
            -104.817904,37.608439,0
            -104.818006,37.608362,0
            -104.821168,37.607191,0
            -104.824895,37.605593,0
            -104.83157,37.601939,0
            -104.833202,37.601192,0
            -104.836453,37.600031,0
            -104.837669,37.599713,0
            -104.839096,37.59943,0
            -104.843024,37.59897,0
            -104.852976,37.598297,0
            -104.85309,37.598325,0
            -104.85558,37.598115,0
            -104.855649,37.598091,0
            -104.859057,37.59784,0
            -104.859714,37.59774,0
            -104.860652,37.597508,0
            -104.861248,37.597296,0
            -104.861867,37.59701,0
            -104.862629,37.596559,0
            -104.863417,37.59595,0
            -104.871483,37.588884,0
            -104.872586,37.588115,0
            -104.87384,37.587428,0
            -104.876612,37.586228,0
            -104.877246,37.586022,0
            -104.877948,37.585874,0
            -104.878774,37.585807,0
            -104.888392,37.585855,0
            -104.896274,37.585286,0
            -104.897109,37.585133,0
            -104.897962,37.584888,0
            -104.898512,37.58468,0
            -104.908882,37.579918,0
            -104.909118,37.579856,0
            -104.913015,37.578073,0
            -104.913093,37.577997,0
            -104.918843,37.575333,0
            -104.91985,37.574723,0
            -104.920538,37.574189,0
            -104.930779,37.564566,0
            -104.936523,37.560274,0
            -104.937645,37.55965,0
            -104.954939,37.552548,0
            -104.95557,37.552363,0
            -104.956639,37.552136,0
            -104.958617,37.551851,0
            -104.985892,37.548849,0
            -105.004457,37.544617,0
            -105.005791,37.544436,0
            -105.066967,37.541096,0
            -105.067702,37.541137,0
            -105.069494,37.541426,0
            -105.090982,37.547175,0
            -105.110465,37.553185,0
            -105.11126,37.553355,0
            -105.112451,37.553504,0
            -105.119971,37.553752,0
            -105.121571,37.553909,0
            -105.123086,37.554291,0
            -105.123841,37.554547,0
            -105.167262,37.573109,0
            -105.168658,37.573771,0
            -105.169431,37.574287,0
            -105.170451,37.575139,0
            -105.17899,37.585119,0
            -105.180891,37.588001,0
            -105.181951,37.590054,0
            -105.182443,37.590795,0
            -105.184508,37.593233,0
            -105.184891,37.594016,0
            -105.185131,37.594928,0
            -105.185147,37.595303,0
            -105.184915,37.598543,0
            -105.185412,37.600834,0
            -105.18542,37.60141,0
            -105.185359,37.601821,0
            -105.185132,37.602473,0
            -105.184867,37.602962,0
            -105.182942,37.6054,0
            -105.182556,37.606449,0
            -105.182525,37.607282,0
            -105.182572,37.607661,0
            -105.182757,37.608352,0
            -105.183013,37.609019,0
            -105.183207,37.609357,0
            -105.183398,37.609606,0
            -105.183993,37.610176,0
            -105.184857,37.61078,0
            -105.188588,37.61284,0
            -105.189638,37.613673,0
            -105.190224,37.614319,0
            -105.191613,37.616139,0
            -105.191899,37.616423,0
            -105.192452,37.616843,0
            -105.192889,37.617108,0
            -105.193547,37.617396,0
            -105.194422,37.617644,0
            -105.195054,37.617725,0
            -105.195742,37.617744,0
            -105.196502,37.617687,0
            -105.197096,37.617568,0
            -105.197892,37.617309,0
            -105.198513,37.617012,0
            -105.205479,37.61265,0
            -105.206825,37.611974,0
            -105.207302,37.611789,0
            -105.208356,37.611527,0
            -105.213228,37.610902,0
            -105.214386,37.610688,0
            -105.215508,37.6104,0
            -105.217373,37.609695,0
            -105.227995,37.605142,0
            -105.228611,37.60478,0
            -105.228817,37.604623,0
            -105.229404,37.604047,0
            -105.230849,37.602095,0
            -105.23116,37.601792,0
            -105.232011,37.601196,0
            -105.232789,37.600843,0
            -105.237785,37.599237,0
            -105.238768,37.598743,0
            -105.239461,37.598211,0
            -105.240942,37.596429,0
            -105.241677,37.595708,0
            -105.242769,37.59482,0
            -105.243484,37.594127,0
            -105.243985,37.5935,0
            -105.244584,37.592599,0
            -105.245248,37.591793,0
            -105.24576,37.591331,0
            -105.246224,37.590999,0
            -105.246853,37.590641,0
            -105.247562,37.590354,0
            -105.248341,37.590126,0
            -105.252001,37.589495,0
            -105.254673,37.588695,0
            -105.256002,37.588164,0
            -105.260229,37.586084,0
            -105.26132,37.585438,0
            -105.261994,37.584901,0
            -105.262459,37.584412,0
            -105.264242,37.582023,0
            -105.264688,37.581539,0
            -105.265143,37.581173,0
            -105.265749,37.580785,0
            -105.266067,37.580628,0
            -105.269223,37.579574,0
            -105.269963,37.57922,0
            -105.270255,37.579039,0
            -105.270874,37.578548,0
            -105.273211,37.575909,0
            -105.275065,37.574339,0
            -105.275615,37.573794,0
            -105.276324,37.572928,0
            -105.277439,37.571097,0
            -105.278152,37.570229,0
            -105.286691,37.5621,0
            -105.287194,37.561538,0
            -105.287728,37.56067,0
            -105.287902,37.560208,0
            -105.288015,37.559634,0
            -105.288016,37.559095,0
            -105.287808,37.558189,0
            -105.284321,37.550142,0
            -105.28414,37.549238,0
            -105.284157,37.547921,0
            -105.28446,37.546686,0
            -105.284926,37.545719,0
            -105.285357,37.545074,0
            -105.289737,37.53958,0
            -105.292573,37.535427,0
            -105.293814,37.532965,0
            -105.294264,37.532325,0
            -105.295931,37.53057,0
            -105.296513,37.52971,0
            -105.296892,37.528918,0
            -105.300528,37.518804,0
            -105.300938,37.517962,0
            -105.301532,37.517184,0
            -105.302262,37.516552,0
            -105.303297,37.515941,0
            -105.304295,37.515626,0
            -105.30988,37.514691,0
            -105.310974,37.514363,0
            -105.312103,37.513805,0
            -105.312778,37.513328,0
            -105.317714,37.508821,0
            -105.319892,37.507012,0
            -105.328691,37.500589,0
            -105.329419,37.499846,0
            -105.330838,37.497782,0
            -105.331549,37.496965,0
            -105.331904,37.496642,0
            -105.332507,37.496197,0
            -105.332996,37.495915,0
            -105.337279,37.494083,0
            -105.338026,37.493657,0
            -105.338538,37.493296,0
            -105.338918,37.49296,0
            -105.339601,37.492165,0
            -105.340084,37.491386,0
            -105.353893,37.465738,0
            -105.354522,37.464766,0
            -105.355272,37.463791,0
            -105.356,37.462974,0
            -105.356912,37.462085,0
            -105.38841,37.436484,0
            -105.388873,37.436176,0
            -105.397654,37.431423,0
            -105.398762,37.430958,0
            -105.399937,37.430621,0
            -105.412923,37.427829,0
            -105.426427,37.426109,0
            -105.426854,37.42609,0
            -105.42764,37.42615,0
            -105.428324,37.426314,0
            -105.430257,37.42709,0
            -105.430918,37.427236,0
            -105.517432,37.435773,0
            -105.518454,37.435978,0
            -105.519374,37.436283,0
            -105.520305,37.436705,0
            -105.578045,37.471522,0
            -105.580182,37.472707,0
            -105.581473,37.473286,0
            -105.583786,37.474086,0
            -105.585522,37.474517,0
            -105.587309,37.474815,0
            -105.589115,37.474987,0
            -105.602352,37.475052,0
            -105.601302,37.618861,0
            -105.601256,37.619236,0
            -105.601078,37.619951,0
            -105.600719,37.620765,0
            -105.586554,37.641429,0
            -105.586147,37.642149,0
            -105.585784,37.643034,0
            -105.581233,37.662444,0
            -105.581037,37.663002,0
            -105.580765,37.663559,0
            -105.580265,37.664274,0
            -105.579662,37.664908,0
            -105.579113,37.665337,0
            -105.565122,37.674349,0
            -105.564796,37.67462,0
            -105.545153,37.696595,0
            -105.544112,37.697453,0
            -105.543972,37.697625,0
            -105.543533,37.698462,0
            -105.543319,37.69873,0
            -105.541243,37.700657,0
            -105.540177,37.701889,0
            -105.539236,37.70276,0
            -105.537051,37.704412,0
            -105.531897,37.707512,0
            -105.531577,37.707753,0
            -105.530902,37.708396,0
            -105.530617,37.708728,0
            -105.527833,37.713076,0
            -105.527582,37.713615,0
            -105.527067,37.715093,0
            -105.526938,37.715344,0
            -105.525855,37.716668,0
            -105.52417,37.71926,0
            -105.523836,37.719663,0
            -105.522481,37.720852,0
            -105.51937,37.724845,0
            -105.518345,37.726374,0
            -105.516698,37.728398,0
            -105.51617,37.728937,0
            -105.51397,37.730578,0
            -105.511905,37.731895,0
            -105.511593,37.732262,0
            -105.511331,37.73248,0
            -105.510595,37.732877,0
            -105.50975,37.733483,0
            -105.509191,37.734018,0
            -105.508816,37.734603,0
            -105.508159,37.736345,0
            -105.508641,37.736462,0
            -105.510901,37.737479,0
            -105.511436,37.737819,0
            -105.511794,37.738161,0
            -105.511935,37.738234,0
            -105.514435,37.738883,0
            -105.514826,37.738951,0
            -105.515511,37.738976,0
            -105.516157,37.73907,0
            -105.516414,37.73914,0
            -105.517067,37.739442,0
            -105.5165,37.739926,0
            -105.516494,37.739961,0
            -105.516524,37.740024,0
            -105.516583,37.740069,0
            -105.516624,37.740075,0
            -105.5167,37.740053,0
            -105.517256,37.739536,0
          </coordinates>
        </LineString>
      </Placemark>
      <Placemark>
        <name>Great Sand Dunes National Park and Preserve</name>
        <description><![CDATA[description: National park from 2018-11-10T17:16:27.000Z to 2018-11-10T17:47:42.000Z. Distance 0m<br>Email: syugen.zhou@gmail.com<br>Category: National park<br>Distance: 0]]></description>
        <styleUrl>#icon-1535-0288D1</styleUrl>
        <ExtendedData>
          <Data name="description">
            <value>National park from 2018-11-10T17:16:27.000Z to 2018-11-10T17:47:42.000Z. Distance 0m</value>
          </Data>
          <Data name="Email">
            <value>syugen.zhou@gmail.com</value>
          </Data>
          <Data name="Category">
            <value>National park</value>
          </Data>
          <Data name="Distance">
            <value>0</value>
          </Data>
        </ExtendedData>
        <Point>
          <coordinates>
            -105.593054,37.793526,0
          </coordinates>
        </Point>
      </Placemark>
      <Placemark>
        <name>Driving</name>
        <description><![CDATA[description: Driving from 2018-11-10T17:47:42.000Z to 2018-11-10T20:06:10.000Z. Distance 183462m<br>Email: syugen.zhou@gmail.com<br>Category: Driving<br>Distance: 183462]]></description>
        <styleUrl>#line-A52714-5000</styleUrl>
        <ExtendedData>
          <Data name="description">
            <value>Driving from 2018-11-10T17:47:42.000Z to 2018-11-10T20:06:10.000Z. Distance 183462m</value>
          </Data>
          <Data name="Email">
            <value>syugen.zhou@gmail.com</value>
          </Data>
          <Data name="Category">
            <value>Driving</value>
          </Data>
          <Data name="Distance">
            <value>183462</value>
          </Data>
        </ExtendedData>
        <LineString>
          <tessellate>1</tessellate>
          <coordinates>
            -105.507082,37.744273,0
            -105.50707,37.744253,0
            -105.50705,37.744232,0
            -105.507016,37.744211,0
            -105.506845,37.74415,0
            -105.507154,37.741527,0
            -105.507181,37.740994,0
            -105.507136,37.739562,0
            -105.507153,37.7392,0
            -105.5072,37.738907,0
            -105.507338,37.738355,0
            -105.507601,37.737715,0
            -105.507879,37.7371,0
            -105.508717,37.734809,0
            -105.508816,37.734603,0
            -105.509191,37.734018,0
            -105.509441,37.733757,0
            -105.50975,37.733483,0
            -105.510202,37.733134,0
            -105.510595,37.732876,0
            -105.510985,37.732675,0
            -105.511331,37.73248,0
            -105.511476,37.732371,0
            -105.511593,37.732262,0
            -105.511776,37.732026,0
            -105.511905,37.731894,0
            -105.512036,37.731796,0
            -105.51397,37.730578,0
            -105.515454,37.729502,0
            -105.51617,37.728937,0
            -105.516698,37.728398,0
            -105.518345,37.726374,0
            -105.518574,37.726055,0
            -105.51937,37.724845,0
            -105.519857,37.724255,0
            -105.522249,37.721115,0
            -105.522481,37.720852,0
            -105.522968,37.720385,0
            -105.523836,37.719663,0
            -105.52417,37.71926,0
            -105.525433,37.71729,0
            -105.525855,37.716668,0
            -105.526938,37.715344,0
            -105.527067,37.715093,0
            -105.527582,37.713615,0
            -105.527833,37.713076,0
            -105.529967,37.709688,0
            -105.530617,37.708728,0
            -105.530902,37.708396,0
            -105.531267,37.708029,0
            -105.531577,37.707753,0
            -105.531897,37.707512,0
            -105.532342,37.707227,0
            -105.536147,37.704974,0
            -105.537051,37.704412,0
            -105.537491,37.704098,0
            -105.539236,37.70276,0
            -105.539665,37.702392,0
            -105.540177,37.701889,0
            -105.541243,37.700656,0
            -105.54187,37.700049,0
            -105.543319,37.69873,0
            -105.543533,37.698462,0
            -105.543844,37.697834,0
            -105.543972,37.697625,0
            -105.544112,37.697453,0
            -105.544278,37.697294,0
            -105.545153,37.696595,0
            -105.545577,37.696172,0
            -105.548383,37.693082,0
            -105.561953,37.677792,0
            -105.562005,37.677742,0
            -105.564796,37.67462,0
            -105.565122,37.674349,0
            -105.5658,37.673872,0
            -105.578326,37.665872,0
            -105.579113,37.665337,0
            -105.579662,37.664908,0
            -105.57994,37.664634,0
            -105.580265,37.664274,0
            -105.580266,37.664267,0
            -105.580677,37.6637,0
            -105.580765,37.663559,0
            -105.581037,37.663002,0
            -105.581233,37.662444,0
            -105.581371,37.661925,0
            -105.585653,37.643482,0
            -105.585784,37.643034,0
            -105.585969,37.642543,0
            -105.586147,37.642149,0
            -105.586364,37.641746,0
            -105.586554,37.641429,0
            -105.600459,37.621189,0
            -105.600719,37.620765,0
            -105.600936,37.620327,0
            -105.601078,37.619951,0
            -105.601189,37.619564,0
            -105.601256,37.619236,0
            -105.601302,37.618861,0
            -105.601335,37.618155,0
            -105.601466,37.604608,0
            -105.601451,37.576204,0
            -105.602366,37.489368,0
            -105.602352,37.475052,0
            -105.59054,37.475022,0
            -105.589115,37.474987,0
            -105.588201,37.474917,0
            -105.587309,37.474815,0
            -105.586242,37.474654,0
            -105.585522,37.474517,0
            -105.584567,37.474296,0
            -105.583786,37.474086,0
            -105.582572,37.473701,0
            -105.581473,37.473286,0
            -105.580976,37.473076,0
            -105.580182,37.472707,0
            -105.57936,37.472282,0
            -105.578128,37.471555,0
            -105.578045,37.471522,0
            -105.562695,37.462264,0
            -105.562332,37.462059,0
            -105.538237,37.447537,0
            -105.53678,37.446627,0
            -105.520554,37.436841,0
            -105.520305,37.436705,0
            -105.519732,37.436429,0
            -105.519374,37.436283,0
            -105.518847,37.436097,0
            -105.518454,37.435978,0
            -105.517756,37.435827,0
            -105.517432,37.435773,0
            -105.516567,37.435671,0
            -105.496623,37.433709,0
            -105.489351,37.433053,0
            -105.454158,37.429634,0
            -105.448352,37.428981,0
            -105.430918,37.427236,0
            -105.431303,37.42458,0
            -105.431906,37.42128,0
            -105.431976,37.420654,0
            -105.432026,37.419977,0
            -105.432212,37.401403,0
            -105.432152,37.397536,0
            -105.433402,37.286868,0
            -105.432406,37.258247,0
            -105.43231,37.256892,0
            -105.432168,37.255752,0
            -105.425653,37.218295,0
            -105.425487,37.216931,0
            -105.425395,37.215733,0
            -105.425035,37.20639,0
            -105.42505,37.205827,0
            -105.425088,37.205409,0
            -105.425973,37.199904,0
            -105.426084,37.199404,0
            -105.426229,37.199028,0
            -105.426388,37.198718,0
            -105.426463,37.198598,0
            -105.426841,37.198077,0
            -105.42718,37.197547,0
            -105.427707,37.196628,0
            -105.428265,37.195582,0
            -105.428452,37.195296,0
            -105.428611,37.1951,0
            -105.428775,37.194927,0
            -105.428997,37.194724,0
            -105.429444,37.194374,0
            -105.429823,37.194149,0
            -105.430049,37.19404,0
            -105.4303,37.19394,0
            -105.430681,37.193813,0
            -105.431393,37.193662,0
            -105.431737,37.193619,0
            -105.43238,37.193597,0
            -105.433332,37.193635,0
            -105.433607,37.193632,0
            -105.433979,37.193612,0
            -105.434475,37.193567,0
            -105.43479,37.193524,0
            -105.435317,37.193408,0
            -105.439107,37.19242,0
            -105.439482,37.19234,0
            -105.439839,37.19228,0
            -105.440702,37.192168,0
            -105.441453,37.192123,0
            -105.441806,37.192115,0
            -105.448942,37.192338,0
            -105.450165,37.192349,0
            -105.451664,37.192295,0
            -105.452219,37.19225,0
            -105.453661,37.192082,0
            -105.456112,37.191756,0
            -105.457003,37.191677,0
            -105.457693,37.191634,0
            -105.458798,37.191609,0
            -105.483217,37.191663,0
            -105.48514,37.191637,0
            -105.485796,37.191605,0
            -105.487335,37.191451,0
            -105.487687,37.191404,0
            -105.488702,37.191234,0
            -105.489995,37.190952,0
            -105.491336,37.190557,0
            -105.491955,37.190359,0
            -105.492743,37.190067,0
            -105.494031,37.189515,0
            -105.495151,37.188944,0
            -105.495795,37.188577,0
            -105.496734,37.18798,0
            -105.497553,37.187404,0
            -105.498218,37.186858,0
            -105.49929,37.1859,0
            -105.518012,37.1675,0
            -105.518604,37.166839,0
            -105.519305,37.16593,0
            -105.519878,37.16505,0
            -105.520573,37.163679,0
            -105.520842,37.163092,0
            -105.521169,37.162266,0
            -105.52139,37.161556,0
            -105.52158,37.160757,0
            -105.521682,37.160239,0
            -105.521822,37.159138,0
            -105.521846,37.158441,0
            -105.520632,37.084314,0
            -105.522448,36.99193,0
            -105.522469,36.991625,0
            -105.522523,36.99119,0
            -105.522587,36.99086,0
            -105.522838,36.990014,0
            -105.523009,36.989601,0
            -105.523249,36.989098,0
            -105.523543,36.988613,0
            -105.523829,36.988205,0
            -105.524272,36.987664,0
            -105.533326,36.977772,0
            -105.533591,36.977448,0
            -105.533861,36.977072,0
            -105.540016,36.967113,0
            -105.540254,36.966688,0
            -105.540603,36.965988,0
            -105.580962,36.879269,0
            -105.58197,36.876828,0
            -105.58247,36.875463,0
            -105.583207,36.873209,0
            -105.583774,36.871196,0
            -105.584223,36.869311,0
            -105.584538,36.867767,0
            -105.584919,36.865409,0
            -105.585134,36.863655,0
            -105.585328,36.861254,0
            -105.585386,36.859926,0
            -105.585328,36.791924,0
            -105.585377,36.789473,0
            -105.585459,36.787927,0
            -105.585721,36.785079,0
            -105.586127,36.782385,0
            -105.58634,36.781238,0
            -105.587112,36.777928,0
            -105.587759,36.775749,0
            -105.588557,36.773406,0
            -105.588894,36.772498,0
            -105.58942,36.771196,0
            -105.593239,36.762608,0
            -105.59399,36.760702,0
            -105.594465,36.759124,0
            -105.594978,36.756885,0
            -105.595104,36.756072,0
            -105.595305,36.754162,0
            -105.595369,36.752036,0
            -105.595283,36.722169,0
            -105.595321,36.716685,0
            -105.595348,36.716264,0
            -105.595427,36.715507,0
            -105.595612,36.714485,0
            -105.596065,36.712689,0
            -105.596106,36.712472,0
            -105.596177,36.711867,0
            -105.59622,36.711025,0
            -105.596216,36.710508,0
            -105.596191,36.710048,0
            -105.59613,36.709463,0
            -105.596076,36.709149,0
            -105.595911,36.708488,0
            -105.595622,36.70763,0
            -105.5955,36.707216,0
            -105.595444,36.706945,0
            -105.595395,36.706408,0
            -105.595383,36.705575,0
            -105.595518,36.704971,0
            -105.595771,36.704177,0
            -105.596094,36.703305,0
            -105.596559,36.702379,0
            -105.596956,36.701823,0
            -105.597136,36.70162,0
            -105.597811,36.700972,0
            -105.598288,36.700602,0
            -105.598694,36.70033,0
            -105.599116,36.700082,0
            -105.613644,36.692051,0
            -105.614046,36.691811,0
            -105.616144,36.690658,0
            -105.616433,36.690513,0
            -105.617193,36.690078,0
            -105.618165,36.689552,0
            -105.619033,36.689023,0
            -105.619968,36.688306,0
            -105.620528,36.687811,0
            -105.621774,36.686424,0
            -105.62314,36.68502,0
            -105.624618,36.683436,0
            -105.625235,36.682679,0
            -105.625767,36.68198,0
            -105.626184,36.681312,0
            -105.626615,36.680671,0
            -105.626913,36.680181,0
            -105.627489,36.678813,0
            -105.6278,36.677962,0
            -105.628054,36.677195,0
            -105.628255,36.676325,0
            -105.628582,36.675424,0
            -105.629071,36.673862,0
            -105.629903,36.671456,0
            -105.630004,36.671099,0
            -105.630581,36.669402,0
            -105.630673,36.668991,0
            -105.630997,36.668,0
            -105.631189,36.667539,0
            -105.632195,36.664458,0
            -105.632477,36.663734,0
            -105.632885,36.66238,0
            -105.633208,36.661602,0
            -105.633548,36.660415,0
            -105.634055,36.658981,0
            -105.63421,36.658436,0
            -105.63523,36.6553,0
            -105.63541,36.654635,0
            -105.635688,36.653896,0
            -105.636095,36.65271,0
            -105.636459,36.651489,0
            -105.636907,36.650306,0
            -105.637502,36.648544,0
            -105.638016,36.64678,0
            -105.638118,36.646494,0
            -105.638221,36.646273,0
            -105.638334,36.645939,0
            -105.638494,36.645384,0
            -105.639251,36.643207,0
            -105.639486,36.642672,0
            -105.639982,36.641656,0
            -105.640195,36.64126,0
            -105.640595,36.640575,0
            -105.640803,36.640258,0
            -105.642381,36.638024,0
            -105.643462,36.636397,0
            -105.645172,36.634004,0
            -105.646363,36.632236,0
            -105.646959,36.631442,0
            -105.650592,36.626191,0
            -105.650861,36.62583,0
            -105.651334,36.6251,0
            -105.6516,36.624737,0
            -105.651654,36.624651,0
            -105.651703,36.624552,0
            -105.652991,36.622713,0
            -105.653418,36.622174,0
            -105.654159,36.621098,0
            -105.654343,36.620793,0
            -105.65465,36.620378,0
            -105.655831,36.61864,0
            -105.656325,36.617864,0
            -105.656553,36.617535,0
            -105.656808,36.617219,0
            -105.660547,36.611834,0
            -105.660687,36.611607,0
            -105.661797,36.610035,0
            -105.662237,36.609373,0
            -105.662474,36.608964,0
            -105.662678,36.608506,0
            -105.662982,36.60767,0
            -105.663053,36.607437,0
            -105.663146,36.607011,0
            -105.66319,36.606735,0
            -105.663221,36.606443,0
            -105.66329,36.605056,0
            -105.663265,36.604537,0
            -105.663137,36.60316,0
            -105.663065,36.602763,0
            -105.662824,36.601798,0
            -105.662439,36.600533,0
            -105.662135,36.599318,0
            -105.661132,36.59576,0
            -105.660543,36.593461,0
            -105.660423,36.592741,0
            -105.660325,36.591684,0
            -105.660307,36.590964,0
            -105.660341,36.590102,0
            -105.660559,36.587563,0
            -105.66067,36.586913,0
            -105.660777,36.58654,0
            -105.660822,36.586426,0
            -105.660986,36.586099,0
            -105.661185,36.585783,0
            -105.661329,36.585594,0
            -105.661613,36.585282,0
            -105.661755,36.585149,0
            -105.661947,36.585,0
            -105.662369,36.584716,0
            -105.662717,36.584528,0
            -105.663705,36.584084,0
            -105.664215,36.583801,0
            -105.664591,36.58354,0
            -105.664834,36.58334,0
            -105.665203,36.582985,0
            -105.665353,36.582822,0
            -105.665561,36.582538,0
            -105.665684,36.582333,0
            -105.665901,36.581917,0
            -105.666832,36.579313,0
            -105.667119,36.578623,0
            -105.667292,36.578287,0
            -105.667597,36.577767,0
            -105.668011,36.577163,0
            -105.668181,36.576937,0
            -105.668651,36.576384,0
            -105.669083,36.575933,0
            -105.669738,36.575295,0
            -105.670247,36.574758,0
            -105.670778,36.57412,0
            -105.671405,36.573276,0
            -105.671888,36.572474,0
            -105.672279,36.571721,0
            -105.672404,36.571445,0
            -105.672655,36.570808,0
            -105.672834,36.570254,0
            -105.674255,36.565096,0
            -105.674434,36.564323,0
            -105.674532,36.563791,0
            -105.67464,36.56284,0
            -105.674654,36.562527,0
            -105.674652,36.561527,0
            -105.674626,36.560936,0
            -105.674521,36.560023,0
            -105.674318,36.558998,0
            -105.6708,36.546393,0
            -105.670616,36.54536,0
            -105.670536,36.544709,0
            -105.670497,36.54421,0
            -105.670458,36.542477,0
            -105.670435,36.542153,0
            -105.670345,36.541631,0
            -105.670238,36.541264,0
            -105.669991,36.540668,0
            -105.669876,36.540434,0
            -105.669678,36.540094,0
            -105.669383,36.539685,0
            -105.66924,36.539518,0
            -105.667941,36.538241,0
            -105.667589,36.537844,0
            -105.667249,36.537365,0
            -105.666994,36.536812,0
            -105.666909,36.536565,0
            -105.666829,36.536265,0
            -105.666792,36.536027,0
            -105.666779,36.535515,0
            -105.667159,36.522132,0
            -105.667093,36.521685,0
            -105.667049,36.521504,0
            -105.666959,36.521223,0
            -105.666764,36.520721,0
            -105.66665,36.520521,0
            -105.666495,36.52029,0
            -105.666232,36.519957,0
            -105.666025,36.51975,0
            -105.66576,36.519519,0
            -105.665266,36.519175,0
            -105.664992,36.519018,0
            -105.664567,36.518809,0
            -105.664181,36.518665,0
            -105.66376,36.51854,0
            -105.662634,36.518251,0
            -105.662057,36.518077,0
            -105.661607,36.517906,0
            -105.661118,36.517675,0
            -105.660528,36.51733,0
            -105.660245,36.517141,0
            -105.659784,36.516754,0
            -105.604708,36.465567,0
            -105.60432,36.465226,0
            -105.598873,36.46015,0
            -105.598832,36.460077,0
            -105.597689,36.458966,0
            -105.596489,36.457852,0
            -105.596416,36.457795,0
            -105.595805,36.457206,0
            -105.59502,36.4565,0
            -105.594968,36.456471,0
            -105.594901,36.456453,0
            -105.593047,36.454712,0
            -105.592659,36.454327,0
            -105.591577,36.453352,0
            -105.579744,36.442325,0
            -105.579318,36.441888,0
            -105.578907,36.441417,0
            -105.578127,36.440418,0
            -105.57772,36.439826,0
            -105.577341,36.439218,0
            -105.577131,36.438851,0
            -105.576633,36.437851,0
            -105.576179,36.436716,0
            -105.575862,36.435697,0
            -105.575688,36.434832,0
            -105.575557,36.433966,0
            -105.57549,36.433333,0
            -105.575351,36.429022,0
            -105.57532,36.42876,0
            -105.575251,36.428441,0
            -105.575134,36.428124,0
            -105.574979,36.427794,0
            -105.574675,36.42723,0
            -105.574366,36.426701,0
            -105.574018,36.426009,0
            -105.572957,36.424057,0
            -105.572039,36.424365,0
            -105.57185,36.424407,0
            -105.571269,36.424472,0
            -105.570973,36.424548,0
            -105.568483,36.425305,0
            -105.568102,36.425438,0
            -105.566307,36.426139,0
            -105.564302,36.426773,0
            -105.563769,36.427053,0
            -105.562033,36.428071,0
            -105.561821,36.428168,0
            -105.561659,36.428213,0
            -105.56146,36.428249,0
            -105.560567,36.429254,0
            -105.560132,36.429689,0
            -105.559833,36.429943,0
            -105.558287,36.431143,0
            -105.556079,36.432787,0
            -105.553251,36.434976,0
            -105.55267,36.435387,0
            -105.552015,36.435819,0
            -105.551777,36.435963,0
            -105.550997,36.436397,0
            -105.550158,36.436812,0
            -105.547581,36.437886,0
            -105.547062,36.438151,0
            -105.547144,36.438312,0
            -105.547175,36.438447,0
            -105.547176,36.438469,0
          </coordinates>
        </LineString>
      </Placemark>
      <Placemark>
        <name>Taos Pueblo</name>
        <description><![CDATA[description: Historical place from 2018-11-10T20:06:10.000Z to 2018-11-10T20:08:44.000Z. Distance 0m<br>Email: syugen.zhou@gmail.com<br>Category: Historical place<br>Distance: 0]]></description>
        <styleUrl>#icon-1535-0288D1</styleUrl>
        <ExtendedData>
          <Data name="description">
            <value>Historical place from 2018-11-10T20:06:10.000Z to 2018-11-10T20:08:44.000Z. Distance 0m</value>
          </Data>
          <Data name="Email">
            <value>syugen.zhou@gmail.com</value>
          </Data>
          <Data name="Category">
            <value>Historical place</value>
          </Data>
          <Data name="Distance">
            <value>0</value>
          </Data>
        </ExtendedData>
        <Point>
          <coordinates>
            -105.547233,36.438154,0
          </coordinates>
        </Point>
      </Placemark>
      <Placemark>
        <name>Driving</name>
        <description><![CDATA[description: Driving from 2018-11-10T20:58:32.998Z to 2018-11-10T21:16:10.000Z. Distance 4593m<br>Email: syugen.zhou@gmail.com<br>Category: Driving<br>Distance: 4593]]></description>
        <styleUrl>#line-A52714-5000</styleUrl>
        <ExtendedData>
          <Data name="description">
            <value>Driving from 2018-11-10T20:58:32.998Z to 2018-11-10T21:16:10.000Z. Distance 4593m</value>
          </Data>
          <Data name="Email">
            <value>syugen.zhou@gmail.com</value>
          </Data>
          <Data name="Category">
            <value>Driving</value>
          </Data>
          <Data name="Distance">
            <value>4593</value>
          </Data>
        </ExtendedData>
        <LineString>
          <tessellate>1</tessellate>
          <coordinates>
            -105.547028,36.438103,0
            -105.547062,36.438151,0
            -105.547581,36.437886,0
            -105.54872,36.437408,0
            -105.549687,36.43701,0
            -105.550158,36.436812,0
            -105.550383,36.436705,0
            -105.550637,36.436575,0
            -105.550997,36.436397,0
            -105.551187,36.43629,0
            -105.551274,36.436239,0
            -105.551392,36.436179,0
            -105.551586,36.436071,0
            -105.551777,36.435963,0
            -105.552015,36.435819,0
            -105.552325,36.435619,0
            -105.55267,36.435387,0
            -105.553013,36.435141,0
            -105.553251,36.434976,0
            -105.553639,36.434677,0
            -105.556079,36.432787,0
            -105.557349,36.431833,0
            -105.558287,36.431143,0
            -105.558931,36.430632,0
            -105.559534,36.430176,0
            -105.559832,36.429943,0
            -105.56009,36.429724,0
            -105.560131,36.429689,0
            -105.560566,36.429254,0
            -105.56146,36.428249,0
            -105.561801,36.42779,0
            -105.562356,36.427029,0
            -105.563026,36.426021,0
            -105.564152,36.424188,0
            -105.564228,36.423962,0
            -105.564328,36.423629,0
            -105.564384,36.423365,0
            -105.564406,36.423197,0
            -105.564421,36.422965,0
            -105.564417,36.422557,0
            -105.564369,36.422076,0
            -105.564344,36.421386,0
            -105.564391,36.421223,0
            -105.564427,36.421109,0
            -105.564486,36.42095,0
            -105.564728,36.420276,0
            -105.56521,36.419338,0
            -105.56594,36.417596,0
            -105.566187,36.416988,0
            -105.566442,36.416384,0
            -105.566601,36.41595,0
            -105.567263,36.414451,0
            -105.567356,36.414269,0
            -105.567485,36.414043,0
            -105.5675,36.414023,0
            -105.567519,36.414005,0
            -105.567545,36.413987,0
            -105.567576,36.413974,0
            -105.567618,36.413965,0
            -105.567664,36.413958,0
            -105.567762,36.413947,0
            -105.567763,36.413867,0
            -105.567764,36.413817,0
            -105.567772,36.413712,0
            -105.567812,36.413549,0
            -105.567837,36.413468,0
            -105.567876,36.413382,0
            -105.567941,36.413273,0
            -105.56801,36.413173,0
            -105.568125,36.413021,0
            -105.568247,36.41288,0
            -105.568587,36.412502,0
            -105.569324,36.411694,0
            -105.569393,36.411616,0
            -105.569727,36.411272,0
            -105.570047,36.410951,0
            -105.570342,36.410672,0
            -105.570509,36.410503,0
            -105.570682,36.410333,0
            -105.571606,36.409372,0
            -105.571889,36.409067,0
            -105.572196,36.408712,0
            -105.572556,36.408251,0
            -105.572818,36.407919,0
            -105.573125,36.40755,0
            -105.573167,36.407501,0
            -105.573404,36.407205,0
            -105.57347,36.40708,0
            -105.573508,36.407001,0
            -105.573547,36.406906,0
            -105.573575,36.406824,0
            -105.573619,36.406709,0
            -105.573702,36.406491,0
            -105.57386,36.406139,0
            -105.574067,36.405704,0
            -105.574102,36.405647,0
            -105.574137,36.40554,0
            -105.574151,36.405477,0
            -105.574214,36.404607,0
            -105.573898,36.404534,0
          </coordinates>
        </LineString>
      </Placemark>
      <Placemark>
        <name><![CDATA[McDonald's]]></name>
        <description><![CDATA[description: Fast Food from 2018-11-10T21:16:10.000Z to 2018-11-10T21:37:29.086Z. Distance 0m<br>Email: syugen.zhou@gmail.com<br>Category: Fast Food<br>Distance: 0]]></description>
        <styleUrl>#icon-1739-0288D1</styleUrl>
        <ExtendedData>
          <Data name="description">
            <value>Fast Food from 2018-11-10T21:16:10.000Z to 2018-11-10T21:37:29.086Z. Distance 0m</value>
          </Data>
          <Data name="Email">
            <value>syugen.zhou@gmail.com</value>
          </Data>
          <Data name="Category">
            <value>Fast Food</value>
          </Data>
          <Data name="Distance">
            <value>0</value>
          </Data>
        </ExtendedData>
        <Point>
          <coordinates>
            -105.573853,36.404663,0
          </coordinates>
        </Point>
      </Placemark>
      <Placemark>
        <name>Driving</name>
        <description><![CDATA[description: Driving from 2018-11-10T21:37:29.086Z to 2018-11-10T23:58:35.000Z. Distance 213871m<br>Email: syugen.zhou@gmail.com<br>Category: Driving<br>Distance: 213871]]></description>
        <styleUrl>#line-A52714-5000</styleUrl>
        <ExtendedData>
          <Data name="description">
            <value>Driving from 2018-11-10T21:37:29.086Z to 2018-11-10T23:58:35.000Z. Distance 213871m</value>
          </Data>
          <Data name="Email">
            <value>syugen.zhou@gmail.com</value>
          </Data>
          <Data name="Category">
            <value>Driving</value>
          </Data>
          <Data name="Distance">
            <value>213871</value>
          </Data>
        </ExtendedData>
        <LineString>
          <tessellate>1</tessellate>
          <coordinates>
            -105.574227,36.404436,0
            -105.574386,36.403562,0
            -105.574721,36.402784,0
            -105.584216,36.387853,0
            -105.596332,36.370376,0
            -105.597325,36.369154,0
            -105.599016,36.36731,0
            -105.60057,36.36583,0
            -105.6081,36.360023,0
            -105.609766,36.358367,0
            -105.61121,36.357171,0
            -105.612692,36.356164,0
            -105.614141,36.355352,0
            -105.615016,36.354934,0
            -105.628242,36.350036,0
            -105.630885,36.349227,0
            -105.724787,36.314475,0
            -105.725851,36.314028,0
            -105.726787,36.313522,0
            -105.728065,36.31263,0
            -105.728688,36.312122,0
            -105.729322,36.31148,0
            -105.729954,36.31062,0
            -105.730653,36.309334,0
            -105.730838,36.308798,0
            -105.731126,36.307342,0
            -105.731115,36.306315,0
            -105.731004,36.30513,0
            -105.731014,36.304626,0
            -105.731139,36.304115,0
            -105.731319,36.303698,0
            -105.731977,36.302711,0
            -105.732316,36.30239,0
            -105.732654,36.302173,0
            -105.73298,36.302025,0
            -105.733291,36.301926,0
            -105.733631,36.301863,0
            -105.734053,36.301841,0
            -105.734548,36.301895,0
            -105.735005,36.302018,0
            -105.735345,36.302154,0
            -105.735642,36.302329,0
            -105.736088,36.302754,0
            -105.736613,36.303482,0
            -105.737045,36.303874,0
            -105.737383,36.304093,0
            -105.737819,36.304287,0
            -105.739354,36.304753,0
            -105.7399,36.304871,0
            -105.740458,36.304913,0
            -105.741012,36.304877,0
            -105.741422,36.3048,0
            -105.741824,36.304677,0
            -105.742331,36.304442,0
            -105.745377,36.302473,0
            -105.745799,36.302025,0
            -105.746158,36.301372,0
            -105.746255,36.300979,0
            -105.746258,36.300414,0
            -105.746124,36.299931,0
            -105.745435,36.298751,0
            -105.745281,36.298292,0
            -105.745248,36.29801,0
            -105.745318,36.297512,0
            -105.745413,36.297264,0
            -105.745714,36.296787,0
            -105.746081,36.296438,0
            -105.746426,36.296228,0
            -105.747994,36.295656,0
            -105.748438,36.295363,0
            -105.74872,36.295072,0
            -105.749632,36.29359,0
            -105.749902,36.293254,0
            -105.750116,36.293079,0
            -105.750532,36.292824,0
            -105.751405,36.292397,0
            -105.751765,36.292144,0
            -105.752582,36.291335,0
            -105.753206,36.290948,0
            -105.753749,36.290731,0
            -105.756907,36.289934,0
            -105.75744,36.289739,0
            -105.758357,36.289223,0
            -105.758662,36.288974,0
            -105.759319,36.288279,0
            -105.763878,36.282149,0
            -105.764555,36.281354,0
            -105.765568,36.280555,0
            -105.778909,36.272647,0
            -105.782075,36.271055,0
            -105.79224,36.267007,0
            -105.796243,36.264667,0
            -105.797081,36.26428,0
            -105.798398,36.263778,0
            -105.806554,36.260028,0
            -105.807833,36.259264,0
            -105.811575,36.25658,0
            -105.812456,36.255854,0
            -105.814441,36.2539,0
            -105.816352,36.252323,0
            -105.818038,36.250597,0
            -105.818669,36.250142,0
            -105.820577,36.249225,0
            -105.823782,36.246959,0
            -105.824741,36.246172,0
            -105.825983,36.244824,0
            -105.826957,36.244006,0
            -105.827632,36.243553,0
            -105.829132,36.242755,0
            -105.829933,36.242452,0
            -105.832222,36.2413,0
            -105.832961,36.241022,0
            -105.836974,36.240095,0
            -105.83758,36.239881,0
            -105.838235,36.239533,0
            -105.83863,36.239241,0
            -105.83973,36.238087,0
            -105.840336,36.237592,0
            -105.841865,36.236562,0
            -105.842615,36.236125,0
            -105.848144,36.233377,0
            -105.850648,36.23178,0
            -105.856364,36.22949,0
            -105.857868,36.228732,0
            -105.861912,36.226055,0
            -105.86294,36.225214,0
            -105.86387,36.22419,0
            -105.865754,36.221456,0
            -105.866138,36.220998,0
            -105.86656,36.220598,0
            -105.867292,36.220023,0
            -105.868187,36.219492,0
            -105.868752,36.219228,0
            -105.869516,36.218958,0
            -105.886177,36.214974,0
            -105.88707,36.214869,0
            -105.898739,36.214487,0
            -105.899709,36.21439,0
            -105.90069,36.214196,0
            -105.901681,36.213917,0
            -105.906213,36.212395,0
            -105.907976,36.211961,0
            -105.913287,36.211201,0
            -105.913831,36.211196,0
            -105.919888,36.211636,0
            -105.927786,36.212501,0
            -105.928504,36.212654,0
            -105.928886,36.212791,0
            -105.929788,36.213212,0
            -105.930117,36.213328,0
            -105.930626,36.213428,0
            -105.930959,36.213442,0
            -105.931293,36.21341,0
            -105.935847,36.212362,0
            -105.936544,36.212093,0
            -105.940013,36.210306,0
            -105.940416,36.210144,0
            -105.940973,36.210013,0
            -105.941711,36.20993,0
            -105.942176,36.20983,0
            -105.944562,36.209014,0
            -105.945145,36.208903,0
            -105.945826,36.208876,0
            -105.952562,36.209248,0
            -105.953013,36.209305,0
            -105.954578,36.209724,0
            -105.955018,36.20976,0
            -105.955291,36.209742,0
            -105.955998,36.209617,0
            -105.957499,36.209252,0
            -105.957801,36.209129,0
            -105.958117,36.208955,0
            -105.958358,36.208774,0
            -105.958656,36.208478,0
            -105.959443,36.207227,0
            -105.959891,36.206776,0
            -105.96042,36.206423,0
            -105.965415,36.203555,0
            -105.965869,36.203347,0
            -105.967162,36.202912,0
            -105.967666,36.202672,0
            -105.968074,36.202395,0
            -105.968614,36.201829,0
            -105.969427,36.200683,0
            -105.970914,36.199361,0
            -105.971192,36.198976,0
            -105.971306,36.198734,0
            -105.971605,36.197711,0
            -105.971749,36.197436,0
            -105.972063,36.197047,0
            -105.977316,36.192667,0
            -105.977703,36.192188,0
            -105.978128,36.190964,0
            -105.978772,36.18981,0
            -105.979105,36.188661,0
            -105.979319,36.188186,0
            -105.979793,36.187376,0
            -105.980021,36.186711,0
            -105.980109,36.18588,0
            -105.980028,36.185283,0
            -105.979863,36.184772,0
            -105.979578,36.184183,0
            -105.978841,36.183134,0
            -105.978477,36.182739,0
            -105.97215,36.177859,0
            -105.971444,36.177149,0
            -105.970686,36.176148,0
            -105.970063,36.1749,0
            -105.969829,36.17421,0
            -105.969143,36.171101,0
            -105.969164,36.171024,0
            -105.967179,36.161913,0
            -105.967087,36.16087,0
            -105.967193,36.159425,0
            -105.967508,36.15807,0
            -105.967775,36.157394,0
            -105.968636,36.155708,0
            -105.969047,36.155107,0
            -105.970036,36.154021,0
            -105.971047,36.153132,0
            -105.971744,36.152609,0
            -105.979819,36.147318,0
            -105.981268,36.14655,0
            -105.988338,36.141839,0
            -106.046034,36.095084,0
            -106.046988,36.094125,0
            -106.047584,36.093425,0
            -106.048138,36.092657,0
            -106.048754,36.091627,0
            -106.049343,36.090327,0
            -106.058776,36.06032,0
            -106.064226,36.031145,0
            -106.064281,36.030094,0
            -106.063875,36.02554,0
            -106.063799,36.025477,0
            -106.063679,36.023899,0
            -106.063779,36.022761,0
            -106.063849,36.022651,0
            -106.064259,36.019573,0
            -106.064409,36.017538,0
            -106.06439,36.017465,0
            -106.064351,36.017411,0
            -106.064393,36.016852,0
            -106.064467,36.01677,0
            -106.064932,36.010456,0
            -106.064881,36.010141,0
            -106.06492,36.00966,0
            -106.064992,36.009588,0
            -106.065194,36.006765,0
            -106.065128,36.006676,0
            -106.065073,36.006104,0
            -106.064881,36.00561,0
            -106.063771,36.003624,0
            -106.062973,36.001501,0
            -106.062892,36.000916,0
            -106.062914,36.000489,0
            -106.063119,35.999652,0
            -106.0634,35.99889,0
            -106.063593,35.998516,0
            -106.064738,35.996921,0
            -106.065114,35.996522,0
            -106.065978,35.995859,0
            -106.067248,35.995085,0
            -106.067561,35.994804,0
            -106.067745,35.994527,0
            -106.067866,35.994144,0
            -106.068115,35.992558,0
            -106.06819,35.99245,0
            -106.068212,35.99222,0
            -106.068144,35.991824,0
            -106.06793,35.99139,0
            -106.06694,35.990125,0
            -106.065711,35.988753,0
            -106.065303,35.988493,0
            -106.064906,35.988312,0
            -106.064538,35.988209,0
            -106.060756,35.987494,0
            -106.054102,35.985883,0
            -106.053402,35.985654,0
            -106.052356,35.985158,0
            -106.05147,35.984557,0
            -106.051059,35.9842,0
            -106.039905,35.970976,0
            -106.038445,35.969537,0
            -106.024815,35.958904,0
            -106.023933,35.958129,0
            -106.02341,35.957574,0
            -106.022696,35.956671,0
            -106.022192,35.955909,0
            -106.021639,35.954785,0
            -106.021283,35.953745,0
            -106.021008,35.952288,0
            -106.020347,35.939366,0
            -106.020211,35.93851,0
            -106.01787,35.929663,0
            -106.017671,35.928457,0
            -106.0166,35.915854,0
            -106.01678,35.913702,0
            -106.016978,35.91271,0
            -106.020675,35.899001,0
            -106.02118,35.897596,0
            -106.022739,35.894208,0
            -106.02301,35.893151,0
            -106.023089,35.892408,0
            -106.023013,35.891317,0
            -106.022833,35.890569,0
            -106.022406,35.889591,0
            -106.021814,35.888716,0
            -106.020817,35.887702,0
            -106.017786,35.885631,0
            -106.010659,35.879651,0
            -106.009729,35.878635,0
            -106.008929,35.877541,0
            -106.002576,35.866778,0
            -105.994468,35.847831,0
            -105.993488,35.845987,0
            -105.992843,35.844979,0
            -105.991156,35.842717,0
            -105.988404,35.839488,0
            -105.979293,35.827111,0
            -105.976397,35.822849,0
            -105.973218,35.818835,0
            -105.965896,35.808554,0
            -105.9611,35.802347,0
            -105.950395,35.787773,0
            -105.948737,35.785267,0
            -105.948364,35.784487,0
            -105.948095,35.783591,0
            -105.948009,35.783058,0
            -105.947948,35.78045,0
            -105.947843,35.779704,0
            -105.947658,35.779071,0
            -105.94404,35.77104,0
            -105.943845,35.77013,0
            -105.943814,35.769514,0
            -105.944682,35.764034,0
            -105.944694,35.763478,0
            -105.9446,35.762699,0
            -105.944456,35.762126,0
            -105.94418,35.761415,0
            -105.932323,35.740289,0
            -105.932009,35.739501,0
            -105.931748,35.738362,0
            -105.931712,35.737485,0
            -105.931976,35.733456,0
            -105.932061,35.724435,0
            -105.932161,35.723672,0
            -105.932374,35.722934,0
            -105.932806,35.721912,0
            -105.936682,35.715506,0
            -105.936794,35.715468,0
            -105.937898,35.714006,0
            -105.938501,35.713434,0
            -105.9389,35.713158,0
            -105.939186,35.713021,0
            -105.939418,35.712949,0
            -105.940034,35.712892,0
            -105.94058,35.71297,0
            -105.941064,35.713154,0
            -105.941336,35.713317,0
            -105.941414,35.713342,0
            -105.942336,35.714334,0
            -105.942612,35.71457,0
            -105.943263,35.715002,0
            -105.943745,35.71524,0
            -105.949236,35.717179,0
            -105.950054,35.717381,0
            -105.950574,35.717445,0
            -105.951114,35.717463,0
            -105.952139,35.717365,0
            -105.954329,35.716907,0
            -105.955024,35.716642,0
            -105.955457,35.716416,0
            -105.955985,35.716052,0
            -105.957719,35.71451,0
            -105.958102,35.71406,0
            -105.961834,35.708885,0
            -105.962482,35.708315,0
            -105.962805,35.708104,0
            -105.963378,35.707809,0
            -105.963999,35.707588,0
            -105.964498,35.707468,0
            -105.96521,35.707378,0
            -105.967055,35.707286,0
            -105.967752,35.707153,0
            -105.968386,35.706948,0
            -105.969199,35.70654,0
            -105.972239,35.704261,0
            -105.972886,35.703872,0
            -105.976706,35.70204,0
            -105.977561,35.701739,0
            -105.980328,35.701271,0
            -105.990932,35.698835,0
            -105.991925,35.698502,0
            -105.993206,35.697896,0
            -105.994562,35.696993,0
            -106.002662,35.689232,0
            -106.018475,35.66949,0
            -106.019082,35.6689,0
            -106.019577,35.66853,0
            -106.020339,35.668089,0
            -106.020939,35.667834,0
            -106.029893,35.664885,0
            -106.030917,35.66436,0
            -106.031537,35.663921,0
            -106.041193,35.654244,0
            -106.041972,35.653615,0
            -106.042603,35.65324,0
            -106.043315,35.652922,0
            -106.048242,35.65113,0
            -106.050216,35.650209,0
            -106.068771,35.639212,0
            -106.069462,35.638712,0
            -106.069881,35.63833,0
            -106.070193,35.637979,0
            -106.070818,35.637026,0
            -106.071108,35.636314,0
            -106.071235,35.635789,0
            -106.071311,35.63495,0
            -106.070919,35.627121,0
            -106.071717,35.616951,0
            -106.071671,35.60199,0
            -106.071581,35.601142,0
            -106.071336,35.600293,0
            -106.070766,35.59917,0
            -106.070119,35.59833,0
            -106.064764,35.59296,0
            -106.064719,35.592818,0
            -106.064389,35.592337,0
            -106.0642,35.591972,0
            -106.064073,35.591572,0
            -106.064047,35.591263,0
            -106.064081,35.590958,0
            -106.064243,35.590522,0
            -106.065055,35.589406,0
            -106.065918,35.588562,0
            -106.066382,35.588204,0
            -106.066494,35.588046,0
            -106.163989,35.523429,0
            -106.165401,35.522611,0
            -106.166857,35.52198,0
            -106.168159,35.52157,0
            -106.168953,35.521382,0
            -106.170241,35.521173,0
            -106.170997,35.521102,0
            -106.172471,35.521072,0
            -106.193204,35.522117,0
            -106.195883,35.522055,0
            -106.206543,35.521379,0
            -106.209802,35.521034,0
            -106.214738,35.520349,0
            -106.215933,35.520125,0
            -106.218255,35.519497,0
            -106.219625,35.518993,0
            -106.240996,35.508817,0
            -106.243031,35.507621,0
            -106.244624,35.506423,0
            -106.245435,35.505694,0
            -106.262074,35.489107,0
            -106.263085,35.488247,0
            -106.265059,35.486893,0
            -106.267107,35.48582,0
            -106.361056,35.447075,0
            -106.362268,35.446477,0
            -106.364084,35.445383,0
            -106.389769,35.426592,0
            -106.391751,35.425286,0
            -106.415074,35.412403,0
            -106.416235,35.411621,0
            -106.420026,35.408549,0
            -106.421597,35.40754,0
            -106.422943,35.406823,0
            -106.44394,35.397678,0
            -106.447271,35.395863,0
            -106.449229,35.394588,0
            -106.476614,35.373017,0
            -106.516165,35.34077,0
            -106.517238,35.339767,0
            -106.518122,35.33879,0
            -106.531967,35.321016,0
            -106.533069,35.31905,0
            -106.533711,35.317395,0
            -106.534024,35.316235,0
            -106.534207,35.315242,0
            -106.534505,35.311854,0
            -106.534549,35.311753,0
            -106.534692,35.310141,0
            -106.535086,35.308155,0
            -106.535622,35.306657,0
            -106.53653,35.304881,0
            -106.55317,35.281141,0
            -106.553873,35.279944,0
            -106.558289,35.269415,0
            -106.559133,35.267789,0
            -106.563476,35.261296,0
            -106.563893,35.260566,0
            -106.564575,35.259079,0
            -106.564998,35.257835,0
            -106.590158,35.147235,0
            -106.590551,35.146136,0
            -106.590918,35.145436,0
            -106.591545,35.144544,0
            -106.592059,35.143974,0
            -106.592766,35.143336,0
            -106.593607,35.142728,0
            -106.617174,35.128352,0
            -106.618533,35.127402,0
            -106.619897,35.126243,0
            -106.620591,35.125547,0
            -106.622004,35.123831,0
            -106.622649,35.122842,0
            -106.623357,35.121517,0
            -106.627941,35.109306,0
            -106.628065,35.109254,0
            -106.628599,35.108189,0
            -106.628933,35.107686,0
            -106.629317,35.107248,0
            -106.630548,35.106101,0
            -106.630748,35.105753,0
            -106.630826,35.105487,0
            -106.630837,35.105055,0
            -106.630757,35.104741,0
            -106.630568,35.104393,0
            -106.630255,35.104064,0
            -106.629952,35.10386,0
            -106.62971,35.103749,0
            -106.629272,35.103627,0
            -106.628718,35.103595,0
            -106.628368,35.10364,0
            -106.62812,35.103706,0
            -106.627762,35.103855,0
            -106.626342,35.104889,0
            -106.625699,35.105222,0
            -106.625157,35.105428,0
            -106.621514,35.106489,0
            -106.621428,35.106571,0
            -106.619715,35.107021,0
            -106.618545,35.107244,0
            -106.617439,35.107363,0
            -106.615782,35.107364,0
            -106.614652,35.107257,0
            -106.613529,35.107058,0
            -106.601537,35.104351,0
            -106.600715,35.104212,0
            -106.598499,35.103989,0
            -106.585663,35.103539,0
            -106.58472,35.103425,0
            -106.583759,35.103218,0
            -106.583063,35.103014,0
            -106.549453,35.089472,0
            -106.519702,35.078128,0
            -106.519546,35.077979,0
            -106.518558,35.077452,0
            -106.51767,35.076859,0
            -106.516672,35.076086,0
            -106.516148,35.075854,0
            -106.515586,35.075767,0
            -106.515017,35.07576,0
            -106.515073,35.079466,0
            -106.514053,35.079446,0
            -106.514062,35.077679,0
            -106.513966,35.077555,0
            -106.513441,35.077279,0
            -106.513147,35.077052,0
          </coordinates>
        </LineString>
      </Placemark>
      <Placemark>
        <name>Quality Inn Albuquerque East I-40 Juan Tabo Exit</name>
        <description><![CDATA[description: Hotel from 2018-11-10T23:58:35.000Z to 2018-11-11T13:49:05.000Z. Distance 0m<br>Email: syugen.zhou@gmail.com<br>Category: Hotel<br>Distance: 0]]></description>
        <styleUrl>#icon-1602-0288D1</styleUrl>
        <ExtendedData>
          <Data name="description">
            <value>Hotel from 2018-11-10T23:58:35.000Z to 2018-11-11T13:49:05.000Z. Distance 0m</value>
          </Data>
          <Data name="Email">
            <value>syugen.zhou@gmail.com</value>
          </Data>
          <Data name="Category">
            <value>Hotel</value>
          </Data>
          <Data name="Distance">
            <value>0</value>
          </Data>
        </ExtendedData>
        <Point>
          <coordinates>
            -106.51289,35.077375,0
          </coordinates>
        </Point>
      </Placemark>
    </Folder>
  </Document>
</kml>
