<?xml version='1.0' encoding='UTF-8'?>
<kml xmlns="http://www.opengis.net/kml/2.2">
  <Document>
    <name>45-texas-redact</name>
    <Style id="icon-1504-0288D1-normal">
      <IconStyle>
        <color>ffd18802</color>
        <scale>1</scale>
        <Icon>
          <href>https://www.gstatic.com/mapspro/images/stock/503-wht-blank_maps.png</href>
        </Icon>
      </IconStyle>
      <LabelStyle>
        <scale>0</scale>
      </LabelStyle>
    </Style>
    <Style id="icon-1504-0288D1-highlight">
      <IconStyle>
        <color>ffd18802</color>
        <scale>1</scale>
        <Icon>
          <href>https://www.gstatic.com/mapspro/images/stock/503-wht-blank_maps.png</href>
        </Icon>
      </IconStyle>
      <LabelStyle>
        <scale>1</scale>
      </LabelStyle>
    </Style>
    <StyleMap id="icon-1504-0288D1">
      <Pair>
        <key>normal</key>
        <styleUrl>#icon-1504-0288D1-normal</styleUrl>
      </Pair>
      <Pair>
        <key>highlight</key>
        <styleUrl>#icon-1504-0288D1-highlight</styleUrl>
      </Pair>
    </StyleMap>
    <Style id="icon-1535-0288D1-normal">
      <IconStyle>
        <color>ffd18802</color>
        <scale>1</scale>
        <Icon>
          <href>https://www.gstatic.com/mapspro/images/stock/503-wht-blank_maps.png</href>
        </Icon>
      </IconStyle>
      <LabelStyle>
        <scale>0</scale>
      </LabelStyle>
    </Style>
    <Style id="icon-1535-0288D1-highlight">
      <IconStyle>
        <color>ffd18802</color>
        <scale>1</scale>
        <Icon>
          <href>https://www.gstatic.com/mapspro/images/stock/503-wht-blank_maps.png</href>
        </Icon>
      </IconStyle>
      <LabelStyle>
        <scale>1</scale>
      </LabelStyle>
    </Style>
    <StyleMap id="icon-1535-0288D1">
      <Pair>
        <key>normal</key>
        <styleUrl>#icon-1535-0288D1-normal</styleUrl>
      </Pair>
      <Pair>
        <key>highlight</key>
        <styleUrl>#icon-1535-0288D1-highlight</styleUrl>
      </Pair>
    </StyleMap>
    <Style id="icon-1602-0288D1-normal">
      <IconStyle>
        <color>ffd18802</color>
        <scale>1</scale>
        <Icon>
          <href>https://www.gstatic.com/mapspro/images/stock/503-wht-blank_maps.png</href>
        </Icon>
      </IconStyle>
      <LabelStyle>
        <scale>0</scale>
      </LabelStyle>
    </Style>
    <Style id="icon-1602-0288D1-highlight">
      <IconStyle>
        <color>ffd18802</color>
        <scale>1</scale>
        <Icon>
          <href>https://www.gstatic.com/mapspro/images/stock/503-wht-blank_maps.png</href>
        </Icon>
      </IconStyle>
      <LabelStyle>
        <scale>1</scale>
      </LabelStyle>
    </Style>
    <StyleMap id="icon-1602-0288D1">
      <Pair>
        <key>normal</key>
        <styleUrl>#icon-1602-0288D1-normal</styleUrl>
      </Pair>
      <Pair>
        <key>highlight</key>
        <styleUrl>#icon-1602-0288D1-highlight</styleUrl>
      </Pair>
    </StyleMap>
    <Style id="icon-1739-0288D1-normal">
      <IconStyle>
        <color>ffd18802</color>
        <scale>1</scale>
        <Icon>
          <href>https://www.gstatic.com/mapspro/images/stock/503-wht-blank_maps.png</href>
        </Icon>
      </IconStyle>
      <LabelStyle>
        <scale>0</scale>
      </LabelStyle>
    </Style>
    <Style id="icon-1739-0288D1-highlight">
      <IconStyle>
        <color>ffd18802</color>
        <scale>1</scale>
        <Icon>
          <href>https://www.gstatic.com/mapspro/images/stock/503-wht-blank_maps.png</href>
        </Icon>
      </IconStyle>
      <LabelStyle>
        <scale>1</scale>
      </LabelStyle>
    </Style>
    <StyleMap id="icon-1739-0288D1">
      <Pair>
        <key>normal</key>
        <styleUrl>#icon-1739-0288D1-normal</styleUrl>
      </Pair>
      <Pair>
        <key>highlight</key>
        <styleUrl>#icon-1739-0288D1-highlight</styleUrl>
      </Pair>
    </StyleMap>
    <Style id="line-A52714-5000-normal">
      <LineStyle>
        <color>ff1427a5</color>
        <width>5</width>
      </LineStyle>
    </Style>
    <Style id="line-A52714-5000-highlight">
      <LineStyle>
        <color>ff1427a5</color>
        <width>7.5</width>
      </LineStyle>
    </Style>
    <StyleMap id="line-A52714-5000">
      <Pair>
        <key>normal</key>
        <styleUrl>#line-A52714-5000-normal</styleUrl>
      </Pair>
      <Pair>
        <key>highlight</key>
        <styleUrl>#line-A52714-5000-highlight</styleUrl>
      </Pair>
    </StyleMap>
    <Style id="line-F9A825-5000-normal">
      <LineStyle>
        <color>ff25a8f9</color>
        <width>5</width>
      </LineStyle>
    </Style>
    <Style id="line-F9A825-5000-highlight">
      <LineStyle>
        <color>ff25a8f9</color>
        <width>7.5</width>
      </LineStyle>
    </Style>
    <StyleMap id="line-F9A825-5000">
      <Pair>
        <key>normal</key>
        <styleUrl>#line-F9A825-5000-normal</styleUrl>
      </Pair>
      <Pair>
        <key>highlight</key>
        <styleUrl>#line-F9A825-5000-highlight</styleUrl>
      </Pair>
    </StyleMap>
    <Style id="line-FFEA00-5000-normal">
      <LineStyle>
        <color>ff00eaff</color>
        <width>5</width>
      </LineStyle>
    </Style>
    <Style id="line-FFEA00-5000-highlight">
      <LineStyle>
        <color>ff00eaff</color>
        <width>7.5</width>
      </LineStyle>
    </Style>
    <StyleMap id="line-FFEA00-5000">
      <Pair>
        <key>normal</key>
        <styleUrl>#line-FFEA00-5000-normal</styleUrl>
      </Pair>
      <Pair>
        <key>highlight</key>
        <styleUrl>#line-FFEA00-5000-highlight</styleUrl>
      </Pair>
    </StyleMap>
    <Folder>
      <name>2019-11-11</name>
      <Placemark>
        <name>Residence Inn by Marriott Dallas Downtown</name>
        <styleUrl>#icon-1602-0288D1</styleUrl>
        <ExtendedData>
          <Data name="Category">
            <value>Hotel</value>
          </Data>
          <Data name="Distance">
            <value>0</value>
          </Data>
        </ExtendedData>
        <Point>
          <coordinates>
            -96.796207,32.780232,0
          </coordinates>
        </Point>
      </Placemark>
      <Placemark>
        <name>Driving</name>
        <styleUrl>#line-FFEA00-5000</styleUrl>
        <ExtendedData>
          <Data name="Category">
            <value>Driving</value>
          </Data>
          <Data name="Distance">
            <value>45092</value>
          </Data>
        </ExtendedData>
        <LineString>
          <tessellate>1</tessellate>
          <coordinates>
            -96.7962930,32.7796950,0
            -96.7963060,32.7797390,0
            -96.7967090,32.7796550,0
            -96.7968870,32.7803430,0
            -96.7954790,32.7806380,0
            -96.7953160,32.7807100,0
            -96.7939880,32.7809710,0
            -96.7939830,32.7810610,0
            -96.7945020,32.7828950,0
            -96.7944380,32.7830800,0
            -96.7941230,32.7835020,0
            -96.7940450,32.7836560,0
            -96.7940180,32.7838380,0
            -96.7956620,32.7853330,0
            -96.7959170,32.7856390,0
            -96.7987640,32.7879940,0
            -96.7995190,32.7882950,0
            -96.8009660,32.7894310,0
            -96.8033010,32.7916250,0
            -96.8035890,32.7907520,0
            -96.8034820,32.7906870,0
            -96.8021710,32.7894760,0
            -96.8031720,32.7886200,0
            -96.8025500,32.7880940,0
            -96.8000650,32.7902160,0
            -96.7999420,32.7902940,0
            -96.7974810,32.7924190,0
            -96.7970380,32.7927440,0
            -96.7948950,32.7937370,0
            -96.7947050,32.7937800,0
            -96.7945040,32.7937950,0
            -96.7942440,32.7937750,0
            -96.7939580,32.7936830,0
            -96.7936140,32.7934940,0
            -96.7934540,32.7933470,0
            -96.7931810,32.7929410,0
            -96.7927880,32.7905480,0
            -96.7927600,32.7904710,0
            -96.7924170,32.7899970,0
            -96.7923560,32.7898690,0
            -96.7922910,32.7896450,0
            -96.7922320,32.7895970,0
            -96.7922020,32.7890930,0
            -96.7922150,32.7890420,0
            -96.7921980,32.7883480,0
            -96.7921620,32.7882460,0
            -96.7919950,32.7861410,0
            -96.7919080,32.7857310,0
            -96.7917110,32.7852190,0
            -96.7916170,32.7845650,0
            -96.7917160,32.7838710,0
            -96.7915230,32.7830600,0
            -96.8080370,32.7795780,0
            -96.8081010,32.7795510,0
            -96.8084300,32.7793020,0
            -96.8087050,32.7789610,0
            -96.8088720,32.7788260,0
            -96.8090970,32.7787120,0
            -96.8099950,32.7785020,0
            -96.8100830,32.7784590,0
            -96.8101990,32.7784730,0
            -96.8111710,32.7782580,0
            -96.8113640,32.7781780,0
            -96.8116160,32.7780160,0
            -96.8118480,32.7777700,0
            -96.8119690,32.7775370,0
            -96.8120120,32.7773400,0
            -96.8120230,32.7769280,0
            -96.8119150,32.7759820,0
            -96.8119770,32.7758600,0
            -96.8116900,32.7744920,0
            -96.8114760,32.7724320,0
            -96.8113560,32.7720570,0
            -96.8110260,32.7714310,0
            -96.8106520,32.7709660,0
            -96.8103850,32.7707080,0
            -96.8099850,32.7703980,0
            -96.8068680,32.7686330,0
            -96.8065160,32.7683680,0
            -96.8062740,32.7681120,0
            -96.8061040,32.7678720,0
            -96.8059220,32.7675080,0
            -96.8058500,32.7672780,0
            -96.8057970,32.7669390,0
            -96.8057950,32.7667080,0
            -96.8058690,32.7662740,0
            -96.8058670,32.7660990,0
            -96.8095240,32.7592590,0
            -96.8097830,32.7586270,0
            -96.8099270,32.7580530,0
            -96.8099720,32.7576310,0
            -96.8099630,32.7570900,0
            -96.8095930,32.7550300,0
            -96.8095260,32.7541000,0
            -96.8095520,32.7501210,0
            -96.8096670,32.7493600,0
            -96.8098710,32.7486870,0
            -96.8101570,32.7480390,0
            -96.8107340,32.7471450,0
            -96.8112320,32.7465720,0
            -96.8119730,32.7459230,0
            -96.8125470,32.7455330,0
            -96.8154510,32.7439650,0
            -96.8172340,32.7431690,0
            -96.8217780,32.7408180,0
            -96.8227460,32.7402080,0
            -96.8231910,32.7397960,0
            -96.8237140,32.7390480,0
            -96.8238880,32.7386570,0
            -96.8240540,32.7380360,0
            -96.8241080,32.7349510,0
            -96.8242460,32.7341980,0
            -96.8251740,32.7314500,0
            -96.8253700,32.7306770,0
            -96.8260950,32.7263350,0
            -96.8290770,32.7160830,0
            -96.8302770,32.7123950,0
            -96.8305810,32.7080370,0
            -96.8306440,32.7077430,0
            -96.8308770,32.7071340,0
            -96.8313960,32.7062950,0
            -96.8325940,32.7049270,0
            -96.8335900,32.7036040,0
            -96.8347810,32.7022600,0
            -96.8353540,32.7016980,0
            -96.8363350,32.7008700,0
            -96.8384880,32.6993960,0
            -96.8404510,32.6982380,0
            -96.8413910,32.6975260,0
            -96.8426600,32.6963420,0
            -96.8441140,32.6946630,0
            -96.8454280,32.6927640,0
            -96.8472120,32.6894150,0
            -96.8480720,32.6873660,0
            -96.8487550,32.6861670,0
            -96.8492880,32.6854570,0
            -96.8733870,32.6584670,0
            -96.8808890,32.6513350,0
            -96.8809830,32.6512720,0
            -96.9166540,32.6174920,0
            -96.9228710,32.6125270,0
            -96.9329080,32.6030010,0
            -96.9365650,32.5991810,0
            -96.9481680,32.5882060,0
            -96.9527900,32.5831240,0
            -96.9577830,32.5783880,0
            -96.9623410,32.5747360,0
            -96.9632390,32.5739360,0
            -96.9644950,32.5725950,0
            -96.9651700,32.5717310,0
            -96.9661370,32.5702210,0
            -96.9683940,32.5660480,0
            -96.9688970,32.5647830,0
            -96.9694370,32.5630540,0
            -96.9698810,32.5619160,0
            -96.9752600,32.5520740,0
            -96.9757400,32.5510450,0
            -96.9762280,32.5495650,0
            -96.9764580,32.5483940,0
            -96.9765610,32.5470710,0
            -96.9763700,32.5380400,0
            -96.9761240,32.5333120,0
            -96.9762200,32.5322510,0
            -96.9763910,32.5313420,0
            -96.9766880,32.5302980,0
            -96.9803320,32.5208190,0
            -96.9816410,32.5170040,0
            -96.9853360,32.5074290,0
            -96.9869660,32.5040330,0
            -96.9885230,32.5002310,0
            -96.9890480,32.4993430,0
            -96.9895140,32.4986910,0
            -96.9902470,32.4978450,0
            -96.9903250,32.4978320,0
            -96.9909980,32.4973260,0
            -96.9914150,32.4970830,0
            -96.9918270,32.4969060,0
            -96.9922370,32.4967720,0
            -96.9924360,32.4967320,0
            -96.9936230,32.4962170,0
            -96.9935720,32.4944720,0
            -96.9936010,32.4943800,0
            -96.9936070,32.4940550,0
            -96.9936820,32.4937860,0
            -96.9937900,32.4935750,0
            -96.9940360,32.4932510,0
            -96.9942540,32.4930410,0
            -96.9944420,32.4927360,0
            -96.9944490,32.4926210,0
            -96.9945120,32.4924430,0
            -96.9945390,32.4922370,0
            -96.9945460,32.4852240,0
            -96.9944750,32.4849490,0
            -96.9944740,32.4821980,0
            -96.9921090,32.4821780,0
            -96.9912680,32.4820450,0
            -96.9908750,32.4819250,0
            -96.9901140,32.4815940,0
            -96.9783170,32.4748790,0
            -96.9784770,32.4746420,0
            -96.9784430,32.4746120,0
            -96.9784240,32.4745740,0
            -96.9784240,32.4745340,0
            -96.9785610,32.4743340,0
          </coordinates>
        </LineString>
      </Placemark>
      <Placemark>
        <name>McDonald's</name>
        <styleUrl>#icon-1739-0288D1</styleUrl>
        <ExtendedData>
          <Data name="Category">
            <value>Fast Food</value>
          </Data>
          <Data name="Distance">
            <value>0</value>
          </Data>
        </ExtendedData>
        <Point>
          <coordinates>
            -96.978594,32.47445,0
          </coordinates>
        </Point>
      </Placemark>
      <Placemark>
        <name>Driving</name>
        <styleUrl>#line-FFEA00-5000</styleUrl>
        <ExtendedData>
          <Data name="Category">
            <value>Driving</value>
          </Data>
          <Data name="Distance">
            <value>119273</value>
          </Data>
        </ExtendedData>
        <LineString>
          <tessellate>1</tessellate>
          <coordinates>
            -96.9785090,32.4744070,0
            -96.9784240,32.4745340,0
            -96.9784240,32.4745740,0
            -96.9784430,32.4746120,0
            -96.9784770,32.4746420,0
            -96.9783170,32.4748790,0
            -96.9762350,32.4737100,0
            -96.9760840,32.4734910,0
            -96.9760590,32.4734220,0
            -96.9760430,32.4733260,0
            -96.9764080,32.4727550,0
            -96.9765170,32.4725170,0
            -96.9765900,32.4722470,0
            -96.9766580,32.4718140,0
            -96.9767000,32.4708420,0
            -96.9766800,32.4697040,0
            -96.9758630,32.4701550,0
            -96.9744610,32.4713040,0
            -96.9741630,32.4714930,0
            -96.9738290,32.4716740,0
            -96.9733990,32.4718620,0
            -96.9728100,32.4720370,0
            -96.9723270,32.4721270,0
            -96.9722330,32.4722050,0
            -96.9713760,32.4722740,0
            -96.9705990,32.4722750,0
            -96.9617680,32.4718100,0
            -96.9613250,32.4717600,0
            -96.9607130,32.4716580,0
            -96.9598080,32.4714370,0
            -96.9592560,32.4712590,0
            -96.9584000,32.4709120,0
            -96.9574020,32.4703800,0
            -96.9488590,32.4644910,0
            -96.9472370,32.4634790,0
            -96.9447990,32.4620700,0
            -96.9426660,32.4607020,0
            -96.9413560,32.4597670,0
            -96.9402880,32.4589300,0
            -96.9264930,32.4469110,0
            -96.9145910,32.4382740,0
            -96.9087800,32.4344150,0
            -96.9070410,32.4334360,0
            -96.9055290,32.4326870,0
            -96.9035430,32.4315860,0
            -96.9034330,32.4314540,0
            -96.9033690,32.4314000,0
            -96.8994410,32.4287420,0
            -96.8992180,32.4285390,0
            -96.8990070,32.4282860,0
            -96.8987800,32.4279630,0
            -96.8963270,32.4250280,0
            -96.8953990,32.4240460,0
            -96.8952660,32.4239310,0
            -96.8883500,32.4167160,0
            -96.8880010,32.4164060,0
            -96.8874090,32.4159470,0
            -96.8869370,32.4156390,0
            -96.8864710,32.4153700,0
            -96.8757220,32.4098960,0
            -96.8739750,32.4089130,0
            -96.8737500,32.4091510,0
            -96.8736700,32.4092950,0
            -96.8736520,32.4093960,0
            -96.8735810,32.4111440,0
            -96.8734590,32.4113370,0
            -96.8734320,32.4113640,0
            -96.8733590,32.4114130,0
            -96.8732750,32.4114530,0
            -96.8730810,32.4114600,0
            -96.8730240,32.4114530,0
            -96.8729450,32.4114220,0
            -96.8728940,32.4113850,0
            -96.8728120,32.4112810,0
            -96.8727610,32.4111050,0
            -96.8727410,32.4108060,0
            -96.8732110,32.4039010,0
            -96.8732230,32.4030760,0
            -96.8731440,32.4020850,0
            -96.8729790,32.4009780,0
            -96.8727930,32.4001700,0
            -96.8721840,32.3982430,0
            -96.8721400,32.3981610,0
            -96.8720700,32.3980750,0
            -96.8720430,32.3980580,0
            -96.8720120,32.3980500,0
            -96.8716330,32.3967450,0
            -96.8703010,32.3928090,0
            -96.8697140,32.3912530,0
            -96.8688460,32.3886840,0
            -96.8687890,32.3883060,0
            -96.8652070,32.3776180,0
            -96.8651010,32.3774140,0
            -96.8645210,32.3756980,0
            -96.8642280,32.3750500,0
            -96.8638020,32.3743460,0
            -96.8635320,32.3739570,0
            -96.8600410,32.3693890,0
            -96.8588680,32.3679420,0
            -96.8584040,32.3672690,0
            -96.8578540,32.3662710,0
            -96.8559390,32.3616320,0
            -96.8555080,32.3604640,0
            -96.8552790,32.3596530,0
            -96.8551620,32.3590260,0
            -96.8550390,32.3577150,0
            -96.8547580,32.3517530,0
            -96.8547080,32.3512270,0
            -96.8546230,32.3488560,0
            -96.8546440,32.3480480,0
            -96.8547220,32.3473760,0
            -96.8564910,32.3393760,0
            -96.8565660,32.3391290,0
            -96.8592200,32.3272630,0
            -96.8683510,32.2826310,0
            -96.8684130,32.2824280,0
            -96.8762360,32.2440610,0
            -96.8764440,32.2433170,0
            -96.8768320,32.2422320,0
            -96.8772560,32.2412880,0
            -96.8779380,32.2399420,0
            -96.8780300,32.2398050,0
            -96.8870360,32.2221820,0
            -96.8902510,32.2147740,0
            -96.8907080,32.2138210,0
            -96.8907470,32.2137810,0
            -96.9052010,32.1842140,0
            -96.9057550,32.1831680,0
            -96.9084820,32.1785950,0
            -96.9094250,32.1767580,0
            -96.9094730,32.1766260,0
            -96.9100310,32.1754980,0
            -96.9110160,32.1738370,0
            -96.9114190,32.1732680,0
            -96.9117650,32.1728340,0
            -96.9168280,32.1673080,0
            -96.9169520,32.1672070,0
            -96.9366390,32.1460070,0
            -96.9374840,32.1451860,0
            -96.9381860,32.1445840,0
            -96.9390840,32.1439000,0
            -96.9402150,32.1431530,0
            -96.9649360,32.1287170,0
            -96.9831790,32.1191110,0
            -96.9832520,32.1190570,0
            -96.9864120,32.1173970,0
            -96.9999210,32.1106750,0
            -97.0014890,32.1098140,0
            -97.0046300,32.1078470,0
            -97.0064480,32.1068370,0
            -97.0082440,32.1057100,0
            -97.0139810,32.1019160,0
            -97.0176930,32.0995900,0
            -97.0194630,32.0986690,0
            -97.0389200,32.0865130,0
            -97.0408810,32.0853500,0
            -97.0734220,32.0674460,0
            -97.0777910,32.0651350,0
            -97.0816070,32.0629370,0
            -97.0908690,32.0578370,0
            -97.0912720,32.0575880,0
            -97.0918650,32.0571610,0
            -97.0922590,32.0568300,0
            -97.0929180,32.0561800,0
            -97.0932100,32.0558430,0
            -97.0934740,32.0554970,0
            -97.0938540,32.0549130,0
            -97.0941610,32.0543460,0
            -97.0943930,32.0538220,0
            -97.0946020,32.0531790,0
            -97.0947040,32.0527510,0
            -97.0948020,32.0521670,0
            -97.0948400,32.0517170,0
            -97.0949490,32.0483310,0
            -97.0949120,32.0482230,0
            -97.0958110,32.0204840,0
            -97.0957830,32.0178120,0
            -97.0957650,32.0176240,0
            -97.0956380,32.0062980,0
            -97.0957280,32.0053220,0
            -97.0958560,32.0046340,0
            -97.0961100,32.0037310,0
            -97.0965360,32.0026780,0
            -97.0968810,32.0020260,0
            -97.0972150,32.0014880,0
            -97.1099970,31.9827030,0
            -97.1186920,31.9702180,0
            -97.1189630,31.9696930,0
            -97.1191830,31.9691500,0
            -97.1193410,31.9686170,0
            -97.1194500,31.9680040,0
            -97.1194890,31.9675350,0
            -97.1194840,31.9670240,0
            -97.1194500,31.9666570,0
            -97.1193530,31.9661270,0
            -97.1192550,31.9657440,0
            -97.1190330,31.9651190,0
            -97.1137150,31.9529720,0
            -97.1135990,31.9527500,0
            -97.1039390,31.9306800,0
            -97.1039190,31.9306500,0
            -97.0998870,31.9213980,0
            -97.0994160,31.9204190,0
            -97.0825520,31.8817870,0
            -97.0822630,31.8810370,0
            -97.0818250,31.8795580,0
            -97.0816020,31.8784440,0
            -97.0814910,31.8776020,0
            -97.0814360,31.8764920,0
            -97.0814770,31.8751410,0
            -97.0815710,31.8742730,0
            -97.0843940,31.8564100,0
            -97.0846830,31.8538360,0
            -97.0848810,31.8525320,0
            -97.0851920,31.8510950,0
            -97.0855730,31.8497200,0
            -97.0894490,31.8394980,0
            -97.0910780,31.8355910,0
            -97.0925380,31.8323230,0
            -97.0969230,31.8230330,0
            -97.0973450,31.8219300,0
            -97.0978030,31.8204310,0
            -97.0980170,31.8195310,0
            -97.0982260,31.8183620,0
            -97.0983630,31.8171740,0
            -97.0987450,31.8114870,0
            -97.0990500,31.8093720,0
            -97.0992910,31.8081440,0
            -97.0996900,31.8065020,0
            -97.1017730,31.7992380,0
            -97.1020960,31.7979640,0
            -97.1024610,31.7960990,0
            -97.1026360,31.7948630,0
            -97.1028650,31.7917830,0
            -97.1028940,31.7904670,0
            -97.1027230,31.7856400,0
            -97.1027750,31.7841390,0
            -97.1044280,31.7581300,0
            -97.1044370,31.7569580,0
            -97.1030540,31.7269320,0
            -97.1030620,31.7267580,0
            -97.1022940,31.7100180,0
            -97.1022930,31.7080670,0
            -97.1024600,31.7028370,0
            -97.1024460,31.7016220,0
            -97.1022760,31.6997810,0
            -97.1019540,31.6980690,0
            -97.1010020,31.6946390,0
            -97.1005220,31.6924730,0
            -97.1002760,31.6908330,0
            -97.1001040,31.6888100,0
            -97.0995460,31.6706560,0
            -97.0996140,31.6687110,0
            -97.0997950,31.6669110,0
            -97.0999920,31.6659110,0
            -97.1001390,31.6647520,0
            -97.1003340,31.6636180,0
            -97.1010110,31.6547210,0
            -97.1009860,31.6536100,0
            -97.1009190,31.6529450,0
            -97.1007120,31.6518740,0
            -97.1004450,31.6509730,0
            -97.1001920,31.6502850,0
            -97.0998230,31.6494760,0
            -97.0978890,31.6460730,0
            -97.0975090,31.6453250,0
            -97.0970680,31.6442190,0
            -97.0968820,31.6436080,0
            -97.0966630,31.6426510,0
            -97.0965490,31.6418220,0
            -97.0956740,31.6302070,0
            -97.0956850,31.6290770,0
            -97.0957870,31.6279770,0
            -97.0959710,31.6270420,0
            -97.0962130,31.6261710,0
            -97.0963650,31.6257310,0
            -97.0967490,31.6248220,0
            -97.0983260,31.6216340,0
            -97.0984170,31.6214830,0
            -97.1007180,31.6167150,0
            -97.1009600,31.6162770,0
            -97.1064820,31.6047080,0
            -97.1069880,31.6034840,0
            -97.1083490,31.6006760,0
            -97.1088230,31.5992450,0
            -97.1090130,31.5983680,0
            -97.1091360,31.5975250,0
            -97.1100050,31.5838530,0
            -97.1101050,31.5837390,0
            -97.1101420,31.5836700,0
            -97.1103800,31.5824900,0
            -97.1104930,31.5822300,0
            -97.1106120,31.5816270,0
            -97.1108260,31.5816310,0
            -97.1109690,31.5811340,0
            -97.1112660,31.5802930,0
            -97.1119930,31.5788300,0
            -97.1132180,31.5769830,0
            -97.1134140,31.5766410,0
            -97.1151640,31.5739970,0
            -97.1152700,31.5737920,0
            -97.1154190,31.5736020,0
            -97.1158620,31.5729130,0
            -97.1159090,31.5727960,0
            -97.1161430,31.5726170,0
            -97.1168660,31.5721640,0
            -97.1172260,31.5720710,0
            -97.1172290,31.5719900,0
            -97.1172810,31.5717880,0
            -97.1173700,31.5716220,0
            -97.1225640,31.5656320,0
            -97.1227100,31.5654390,0
            -97.1229550,31.5650150,0
            -97.1230860,31.5646820,0
            -97.1231540,31.5644460,0
            -97.1234830,31.5628750,0
            -97.1235700,31.5626170,0
            -97.1236500,31.5624660,0
            -97.1239070,31.5621040,0
            -97.1244270,31.5615730,0
            -97.1245830,31.5614660,0
            -97.1269510,31.5593840,0
            -97.1270050,31.5593800,0
            -97.1270470,31.5593670,0
            -97.1271400,31.5593070,0
            -97.1290440,31.5576260,0
            -97.1271080,31.5559700,0
            -97.1270420,31.5559260,0
            -97.1251210,31.5543080,0
            -97.1269950,31.5526520,0
            -97.1245400,31.5505830,0
            -97.1242990,31.5504270,0
            -97.1242050,31.5503900,0
            -97.1243000,31.5502140,0
            -97.1242310,31.5500640,0
            -97.1244790,31.5498890,0
            -97.1245420,31.5499070,0
            -97.1246940,31.5500750,0
            -97.1242990,31.5504270,0
            -97.1238340,31.5502630,0
            -97.1242060,31.5494720,0
            -97.1242760,31.5494900,0
            -97.1243690,31.5495400,0
            -97.1244480,31.5496100,0
          </coordinates>
        </LineString>
      </Placemark>
      <Placemark>
        <name>McDonald's</name>
        <styleUrl>#icon-1739-0288D1</styleUrl>
        <ExtendedData>
          <Data name="Category">
            <value>Fast Food</value>
          </Data>
          <Data name="Distance">
            <value>0</value>
          </Data>
        </ExtendedData>
        <Point>
          <coordinates>
            -97.124627,31.549539,0
          </coordinates>
        </Point>
      </Placemark>
      <Placemark>
        <name>Driving</name>
        <styleUrl>#line-FFEA00-5000</styleUrl>
        <ExtendedData>
          <Data name="Category">
            <value>Driving</value>
          </Data>
          <Data name="Distance">
            <value>163608</value>
          </Data>
        </ExtendedData>
        <LineString>
          <tessellate>1</tessellate>
          <coordinates>
            -97.1243690,31.5495400,0
            -97.1242760,31.5494900,0
            -97.1242060,31.5494720,0
            -97.1244350,31.5490390,0
            -97.1244360,31.5487070,0
            -97.1244620,31.5485690,0
            -97.1247900,31.5480020,0
            -97.1248110,31.5478960,0
            -97.1259010,31.5461000,0
            -97.1270500,31.5439060,0
            -97.1276380,31.5425150,0
            -97.1313300,31.5308150,0
            -97.1363740,31.5195960,0
            -97.1373140,31.5177930,0
            -97.1404550,31.5124820,0
            -97.1426110,31.5090780,0
            -97.1433930,31.5076100,0
            -97.1456640,31.5025040,0
            -97.1583060,31.4810140,0
            -97.1609040,31.4769700,0
            -97.1633420,31.4728300,0
            -97.1701960,31.4619910,0
            -97.1775720,31.4493620,0
            -97.1862590,31.4356330,0
            -97.1931320,31.4236010,0
            -97.1947560,31.4209810,0
            -97.1967520,31.4180150,0
            -97.1984740,31.4152600,0
            -97.2049640,31.4035790,0
            -97.2059850,31.4014750,0
            -97.2122880,31.3868640,0
            -97.2127770,31.3853760,0
            -97.2131580,31.3839070,0
            -97.2219050,31.3415890,0
            -97.2224820,31.3395260,0
            -97.2233470,31.3371620,0
            -97.2271760,31.3292220,0
            -97.2284640,31.3271120,0
            -97.2295190,31.3256980,0
            -97.2304970,31.3245600,0
            -97.2317380,31.3233060,0
            -97.2326330,31.3225130,0
            -97.2372040,31.3189540,0
            -97.2381760,31.3179900,0
            -97.2390780,31.3168510,0
            -97.2467480,31.3041440,0
            -97.2512830,31.2973270,0
            -97.2525340,31.2952560,0
            -97.2533860,31.2936480,0
            -97.2541630,31.2919690,0
            -97.2558220,31.2873300,0
            -97.2570720,31.2845800,0
            -97.2576520,31.2834980,0
            -97.2589920,31.2813060,0
            -97.2599280,31.2799580,0
            -97.2610950,31.2784410,0
            -97.2644650,31.2743980,0
            -97.2654260,31.2731340,0
            -97.2668860,31.2710150,0
            -97.2886390,31.2335570,0
            -97.2907770,31.2290210,0
            -97.2916750,31.2273090,0
            -97.2931700,31.2249220,0
            -97.2962370,31.2205840,0
            -97.3005170,31.2132150,0
            -97.3015530,31.2111670,0
            -97.3025750,31.2087670,0
            -97.3048610,31.2024030,0
            -97.3053630,31.2012780,0
            -97.3081570,31.1958430,0
            -97.3086930,31.1946530,0
            -97.3155060,31.1770330,0
            -97.3166700,31.1734130,0
            -97.3181180,31.1697440,0
            -97.3200600,31.1654650,0
            -97.3244360,31.1541810,0
            -97.3259720,31.1494870,0
            -97.3273250,31.1459110,0
            -97.3273810,31.1458280,0
            -97.3334510,31.1302710,0
            -97.3340100,31.1292730,0
            -97.3344170,31.1287200,0
            -97.3348020,31.1282750,0
            -97.3353070,31.1277790,0
            -97.3359560,31.1272490,0
            -97.3365590,31.1268380,0
            -97.3376460,31.1262520,0
            -97.3389780,31.1257670,0
            -97.3398240,31.1255630,0
            -97.3468350,31.1242460,0
            -97.3475860,31.1240640,0
            -97.3484420,31.1237820,0
            -97.3493670,31.1233790,0
            -97.3500500,31.1230090,0
            -97.3505970,31.1226520,0
            -97.3512880,31.1221130,0
            -97.3521830,31.1212250,0
            -97.3527680,31.1204680,0
            -97.3532140,31.1197270,0
            -97.3534890,31.1191440,0
            -97.3594130,31.1035920,0
            -97.3597140,31.1029180,0
            -97.3602810,31.1019170,0
            -97.3608720,31.1010650,0
            -97.3614280,31.1003950,0
            -97.3622130,31.0995910,0
            -97.3628990,31.0989910,0
            -97.3637340,31.0983650,0
            -97.3642310,31.0980410,0
            -97.3653470,31.0974110,0
            -97.3662450,31.0969930,0
            -97.3675520,31.0965090,0
            -97.3773860,31.0939020,0
            -97.3842290,31.0916070,0
            -97.4055030,31.0850180,0
            -97.4059720,31.0849020,0
            -97.4066970,31.0846200,0
            -97.4074660,31.0842520,0
            -97.4082410,31.0837940,0
            -97.4088230,31.0833800,0
            -97.4189100,31.0749260,0
            -97.4190660,31.0747670,0
            -97.4343240,31.0619790,0
            -97.4358410,31.0609360,0
            -97.4372510,31.0601490,0
            -97.4380500,31.0597730,0
            -97.4381480,31.0597490,0
            -97.4395200,31.0592030,0
            -97.4487480,31.0560770,0
            -97.4529370,31.0543710,0
            -97.4564890,31.0526960,0
            -97.4644350,31.0484520,0
            -97.4652370,31.0479230,0
            -97.4662980,31.0469800,0
            -97.4670950,31.0460210,0
            -97.4674080,31.0455340,0
            -97.4700650,31.0404870,0
            -97.4706100,31.0393130,0
            -97.4749410,31.0284920,0
            -97.4762460,31.0259120,0
            -97.4791050,31.0212500,0
            -97.4979870,30.9930480,0
            -97.5007430,30.9893080,0
            -97.5033380,30.9862180,0
            -97.5051600,30.9842390,0
            -97.5087820,30.9806940,0
            -97.5293690,30.9628060,0
            -97.5307970,30.9614050,0
            -97.5347040,30.9572500,0
            -97.5351700,30.9566930,0
            -97.5361730,30.9551700,0
            -97.5366320,30.9542580,0
            -97.5377050,30.9517620,0
            -97.5385900,30.9491390,0
            -97.5391750,30.9467140,0
            -97.5401750,30.9407620,0
            -97.5406390,30.9371160,0
            -97.5412860,30.9334990,0
            -97.5417650,30.9314650,0
            -97.5429220,30.9275310,0
            -97.5451440,30.9212730,0
            -97.5459580,30.9195680,0
            -97.5466480,30.9184030,0
            -97.5471610,30.9176450,0
            -97.5480780,30.9164550,0
            -97.5753940,30.8851960,0
            -97.5767940,30.8832950,0
            -97.5775380,30.8821250,0
            -97.5784910,30.8803960,0
            -97.5875480,30.8608220,0
            -97.5895770,30.8568690,0
            -97.5941400,30.8465010,0
            -97.6019800,30.8296280,0
            -97.6026740,30.8283850,0
            -97.6036070,30.8269000,0
            -97.6093780,30.8184910,0
            -97.6107540,30.8160790,0
            -97.6113930,30.8147700,0
            -97.6114830,30.8145210,0
            -97.6155150,30.8058870,0
            -97.6213870,30.7919850,0
            -97.6221190,30.7899140,0
            -97.6231140,30.7864930,0
            -97.6231600,30.7864030,0
            -97.6290940,30.7663700,0
            -97.6303400,30.7632100,0
            -97.6303480,30.7631450,0
            -97.6339700,30.7545130,0
            -97.6345810,30.7527870,0
            -97.6373820,30.7435470,0
            -97.6466720,30.7165360,0
            -97.6528070,30.6996280,0
            -97.6596390,30.6823870,0
            -97.6601670,30.6812550,0
            -97.6612370,30.6792740,0
            -97.6786510,30.6511250,0
            -97.6791840,30.6503570,0
            -97.6798710,30.6495020,0
            -97.6808960,30.6484170,0
            -97.6856850,30.6442560,0
            -97.6866500,30.6433260,0
            -97.6873030,30.6426030,0
            -97.6883680,30.6412080,0
            -97.6889520,30.6402770,0
            -97.6895520,30.6391270,0
            -97.6901760,30.6375690,0
            -97.6917500,30.6323450,0
            -97.6919040,30.6315070,0
            -97.6919860,30.6304380,0
            -97.6919340,30.6292590,0
            -97.6917580,30.6282010,0
            -97.6869650,30.6111590,0
            -97.6866870,30.6099480,0
            -97.6865580,30.6091330,0
            -97.6864630,30.6080310,0
            -97.6864790,30.6065970,0
            -97.6865880,30.6055230,0
            -97.6867580,30.6045720,0
            -97.6870250,30.6035100,0
            -97.6904090,30.5951470,0
            -97.6908020,30.5940230,0
            -97.6923460,30.5884570,0
            -97.6926480,30.5868980,0
            -97.6928220,30.5856250,0
            -97.6929830,30.5831640,0
            -97.6923220,30.5372480,0
            -97.6921510,30.5350570,0
            -97.6916860,30.5322950,0
            -97.6867590,30.5117010,0
            -97.6860800,30.5094800,0
            -97.6847200,30.5058490,0
            -97.6840830,30.5043990,0
            -97.6836230,30.5035160,0
            -97.6801070,30.4975180,0
            -97.6793200,30.4960060,0
            -97.6780050,30.4928190,0
            -97.6666600,30.4568680,0
            -97.6664670,30.4559020,0
            -97.6663230,30.4545960,0
            -97.6663200,30.4529890,0
            -97.6664670,30.4515520,0
            -97.6690040,30.4380720,0
            -97.6690850,30.4380290,0
            -97.6692190,30.4373160,0
            -97.6696360,30.4359370,0
            -97.6696960,30.4358840,0
            -97.6717950,30.4248300,0
            -97.6718740,30.4245590,0
            -97.6785310,30.4278360,0
            -97.6792990,30.4281630,0
            -97.6796680,30.4282780,0
            -97.6800180,30.4283520,0
            -97.6809370,30.4284480,0
            -97.6818370,30.4284160,0
            -97.6826750,30.4282860,0
            -97.6843970,30.4278060,0
            -97.6850000,30.4277130,0
            -97.6853980,30.4277090,0
            -97.6857860,30.4277390,0
            -97.6898230,30.4283470,0
            -97.6990130,30.4303310,0
            -97.7012420,30.4309380,0
            -97.7020810,30.4283740,0
            -97.7020610,30.4282890,0
            -97.7020700,30.4281940,0
            -97.7028760,30.4250730,0
            -97.7028660,30.4250270,0
            -97.7028250,30.4249690,0
            -97.7058830,30.4162730,0
            -97.7062450,30.4155310,0
            -97.7068600,30.4145860,0
            -97.7076320,30.4136840,0
            -97.7076340,30.4135710,0
            -97.7097980,30.4113860,0
            -97.7104230,30.4108360,0
            -97.7112890,30.4102170,0
            -97.7121270,30.4097280,0
            -97.7127970,30.4094100,0
            -97.7139960,30.4089660,0
            -97.7149380,30.4087220,0
            -97.7187180,30.4081080,0
            -97.7193980,30.4079520,0
            -97.7205030,30.4076030,0
            -97.7220470,30.4069320,0
            -97.7234270,30.4062150,0
            -97.7254140,30.4049700,0
            -97.7270940,30.4036900,0
            -97.7285010,30.4024090,0
            -97.7293890,30.4014850,0
            -97.7309570,30.3995190,0
            -97.7316690,30.3984050,0
            -97.7321410,30.3975110,0
            -97.7326740,30.3962720,0
            -97.7329390,30.3955070,0
            -97.7357670,30.3846810,0
            -97.7363070,30.3831300,0
            -97.7397650,30.3754970,0
            -97.7412040,30.3716350,0
            -97.7421350,30.3694670,0
            -97.7424840,30.3685010,0
            -97.7427510,30.3675660,0
            -97.7432250,30.3652620,0
            -97.7436770,30.3637210,0
            -97.7447900,30.3610650,0
            -97.7463210,30.3564440,0
            -97.7465910,30.3557880,0
            -97.7470830,30.3549070,0
            -97.7486380,30.3527100,0
            -97.7488950,30.3521890,0
            -97.7491230,30.3515110,0
            -97.7493530,30.3504400,0
            -97.7493580,30.3503450,0
            -97.7494980,30.3497500,0
            -97.7497860,30.3489230,0
            -97.7535790,30.3409690,0
            -97.7536260,30.3409110,0
            -97.7551290,30.3378900,0
            -97.7554760,30.3368900,0
            -97.7556840,30.3357080,0
            -97.7561060,30.3202340,0
            -97.7572670,30.3106940,0
            -97.7585590,30.3042140,0
            -97.7586200,30.3035900,0
            -97.7586210,30.3027380,0
            -97.7583430,30.2994000,0
            -97.7584150,30.2984430,0
            -97.7585240,30.2978330,0
            -97.7598100,30.2931210,0
            -97.7600780,30.2923770,0
            -97.7605130,30.2913840,0
            -97.7614150,30.2897860,0
            -97.7638260,30.2863260,0
            -97.7639180,30.2862640,0
            -97.7648490,30.2850020,0
            -97.7654370,30.2840730,0
            -97.7666550,30.2816900,0
            -97.7668180,30.2814550,0
            -97.7670650,30.2812320,0
            -97.7671460,30.2811160,0
            -97.7672600,30.2810500,0
            -97.7673460,30.2809750,0
            -97.7679530,30.2802300,0
            -97.7680950,30.2800010,0
            -97.7680870,30.2799190,0
            -97.7685160,30.2793080,0
            -97.7685420,30.2791840,0
            -97.7687250,30.2787550,0
            -97.7688490,30.2782800,0
            -97.7688800,30.2780500,0
            -97.7688750,30.2777730,0
            -97.7687940,30.2771220,0
            -97.7686890,30.2768270,0
            -97.7685910,30.2766290,0
            -97.7684120,30.2763730,0
            -97.7657890,30.2737340,0
            -97.7625010,30.2700200,0
            -97.7620890,30.2696620,0
            -97.7619520,30.2695740,0
            -97.7618490,30.2695540,0
            -97.7585870,30.2681060,0
            -97.7579190,30.2676650,0
            -97.7571210,30.2669760,0
            -97.7568250,30.2667700,0
            -97.7564580,30.2665770,0
            -97.7561710,30.2664850,0
            -97.7542960,30.2662340,0
            -97.7538950,30.2661130,0
            -97.7535440,30.2659730,0
            -97.7523700,30.2656260,0
            -97.7520740,30.2664250,0
            -97.7518130,30.2663470,0
            -97.7517360,30.2663460,0
            -97.7516240,30.2663760,0
            -97.7515380,30.2663740,0
            -97.7498630,30.2659000,0
            -97.7498320,30.2659790,0
          </coordinates>
        </LineString>
      </Placemark>
      <Placemark>
        <name>Google Austin</name>
        <styleUrl>#icon-1739-0288D1</styleUrl>
        <ExtendedData>
          <Data name="Category">
            <value>Corporate office</value>
          </Data>
          <Data name="Distance">
            <value>0</value>
          </Data>
        </ExtendedData>
        <Point>
          <coordinates>
            -97.749559,30.266077,0
          </coordinates>
        </Point>
      </Placemark>
      <Placemark>
        <name>Driving</name>
        <styleUrl>#line-FFEA00-5000</styleUrl>
        <ExtendedData>
          <Data name="Category">
            <value>Driving</value>
          </Data>
          <Data name="Distance">
            <value>11991</value>
          </Data>
        </ExtendedData>
        <LineString>
          <tessellate>1</tessellate>
          <coordinates>
            -97.7498170,30.2658870,0
            -97.7487850,30.2655980,0
            -97.7491470,30.2646420,0
            -97.7457510,30.2636700,0
            -97.7454570,30.2636400,0
            -97.7366940,30.2612030,0
            -97.7361990,30.2611690,0
            -97.7108340,30.2522870,0
            -97.7091330,30.2517610,0
            -97.7085110,30.2516820,0
            -97.7050880,30.2519280,0
            -97.7043140,30.2519260,0
            -97.6979960,30.2513110,0
            -97.6966150,30.2510950,0
            -97.6960690,30.2508980,0
            -97.6957520,30.2508480,0
            -97.6934860,30.2507370,0
            -97.6926670,30.2505810,0
            -97.6923440,30.2504330,0
            -97.6920800,30.2502630,0
            -97.6915480,30.2497160,0
            -97.6914490,30.2496620,0
            -97.6912780,30.2493590,0
            -97.6911350,30.2489770,0
            -97.6910820,30.2486990,0
            -97.6910810,30.2484420,0
            -97.6912580,30.2473640,0
            -97.6912770,30.2462550,0
            -97.6908360,30.2431540,0
            -97.6906890,30.2425900,0
            -97.6901810,30.2413190,0
            -97.6899370,30.2408740,0
            -97.6891350,30.2396640,0
            -97.6876090,30.2376380,0
            -97.6862550,30.2360150,0
            -97.6858630,30.2354450,0
            -97.6856170,30.2351730,0
            -97.6842880,30.2331130,0
            -97.6841530,30.2329920,0
            -97.6837460,30.2320810,0
            -97.6834580,30.2312330,0
            -97.6830850,30.2295400,0
            -97.6830020,30.2286640,0
            -97.6831760,30.2268420,0
            -97.6831180,30.2267870,0
            -97.6830980,30.2267480,0
            -97.6830730,30.2263920,0
            -97.6829260,30.2257450,0
            -97.6827030,30.2252320,0
            -97.6825120,30.2249120,0
            -97.6821120,30.2244250,0
            -97.6816370,30.2240060,0
            -97.6803520,30.2232250,0
            -97.6792960,30.2227270,0
            -97.6783770,30.2224750,0
            -97.6782000,30.2223800,0
            -97.6776400,30.2222960,0
            -97.6760410,30.2218780,0
            -97.6741040,30.2209960,0
            -97.6678440,30.2177560,0
            -97.6675990,30.2176900,0
            -97.6623740,30.2148110,0
            -97.6622870,30.2146610,0
            -97.6610550,30.2137980,0
            -97.6602690,30.2133350,0
            -97.6596530,30.2130440,0
            -97.6595360,30.2128770,0
            -97.6594800,30.2127470,0
            -97.6594700,30.2125310,0
            -97.6595390,30.2123550,0
            -97.6596560,30.2121860,0
            -97.6596480,30.2121410,0
            -97.6619120,30.2105170,0
            -97.6623290,30.2102740,0
            -97.6626980,30.2101230,0
            -97.6630270,30.2100260,0
            -97.6635050,30.2099450,0
            -97.6640280,30.2099360,0
            -97.6670730,30.2101780,0
            -97.6674880,30.2101790,0
            -97.6679530,30.2101370,0
            -97.6683890,30.2100570,0
            -97.6692940,30.2097130,0
            -97.6696800,30.2094940,0
            -97.6702890,30.2089790,0
            -97.6707020,30.2084780,0
            -97.6708860,30.2081560,0
            -97.6710450,30.2077670,0
            -97.6711140,30.2075040,0
            -97.6711670,30.2069790,0
            -97.6711360,30.2062510,0
            -97.6710990,30.2061630,0
            -97.6710100,30.2055880,0
            -97.6708520,30.2052020,0
            -97.6705100,30.2046330,0
            -97.6701070,30.2041580,0
            -97.6698630,30.2040150,0
            -97.6696900,30.2039610,0
            -97.6694970,30.2039300,0
            -97.6666650,30.2039710,0
          </coordinates>
        </LineString>
      </Placemark>
      <Placemark>
        <name>Austin-Bergstrom International Airport</name>
        <styleUrl>#icon-1504-0288D1</styleUrl>
        <ExtendedData>
          <Data name="Category">
            <value>Airport</value>
          </Data>
          <Data name="Distance">
            <value>0</value>
          </Data>
        </ExtendedData>
        <Point>
          <coordinates>
            -97.666353,30.197471,0
          </coordinates>
        </Point>
      </Placemark>
    </Folder>
    <Folder>
      <name>2019-11-10</name>
      <Placemark>
        <name>La Quinta Inn &amp; Suites by Wyndham San Antonio Medical Ctr NW</name>
        <styleUrl>#icon-1602-0288D1</styleUrl>
        <ExtendedData>
          <Data name="Category">
            <value>Hotel</value>
          </Data>
          <Data name="Distance">
            <value>0</value>
          </Data>
        </ExtendedData>
        <Point>
          <coordinates>
            -98.556183,29.516511,0
          </coordinates>
        </Point>
      </Placemark>
      <Placemark>
        <name>Driving</name>
        <styleUrl>#line-F9A825-5000</styleUrl>
        <ExtendedData>
          <Data name="Category">
            <value>Driving</value>
          </Data>
          <Data name="Distance">
            <value>285170</value>
          </Data>
        </ExtendedData>
        <LineString>
          <tessellate>1</tessellate>
          <coordinates>
            -98.5555120,29.5162150,0
            -98.5549360,29.5163360,0
            -98.5548970,29.5163350,0
            -98.5548630,29.5163250,0
            -98.5548160,29.5162940,0
            -98.5548000,29.5162700,0
            -98.5543440,29.5163710,0
            -98.5540890,29.5154620,0
            -98.5540440,29.5154390,0
            -98.5539920,29.5153990,0
            -98.5539750,29.5153740,0
            -98.5535440,29.5143680,0
            -98.5535290,29.5143500,0
            -98.5533670,29.5142420,0
            -98.5531830,29.5136140,0
            -98.5530720,29.5133300,0
            -98.5517040,29.5086830,0
            -98.5515260,29.5082330,0
            -98.5506080,29.5062970,0
            -98.5503200,29.5055440,0
            -98.5485760,29.4995380,0
            -98.5484490,29.4990040,0
            -98.5483260,29.4982470,0
            -98.5481450,29.4966900,0
            -98.5479730,29.4958330,0
            -98.5468280,29.4918210,0
            -98.5464900,29.4908530,0
            -98.5462470,29.4902830,0
            -98.5457910,29.4893790,0
            -98.5454540,29.4887970,0
            -98.5451010,29.4882750,0
            -98.5447130,29.4877880,0
            -98.5442860,29.4873280,0
            -98.5437600,29.4868450,0
            -98.5433740,29.4865380,0
            -98.5426530,29.4860500,0
            -98.5421020,29.4857420,0
            -98.5414410,29.4854320,0
            -98.5409380,29.4852330,0
            -98.5403810,29.4850520,0
            -98.5399300,29.4849310,0
            -98.5390410,29.4847520,0
            -98.5383060,29.4846670,0
            -98.5378030,29.4846380,0
            -98.5331170,29.4846290,0
            -98.5325460,29.4845810,0
            -98.5318920,29.4844890,0
            -98.5311750,29.4843320,0
            -98.5306990,29.4841990,0
            -98.5301310,29.4840020,0
            -98.5294800,29.4837310,0
            -98.5286620,29.4833050,0
            -98.5281570,29.4829870,0
            -98.5280670,29.4829040,0
            -98.5187450,29.4757050,0
            -98.5182930,29.4752940,0
            -98.5179260,29.4749100,0
            -98.5174850,29.4743660,0
            -98.5172040,29.4739630,0
            -98.5169350,29.4735130,0
            -98.5166830,29.4730130,0
            -98.5164010,29.4722920,0
            -98.5162220,29.4716520,0
            -98.5160950,29.4709180,0
            -98.5160550,29.4703640,0
            -98.5160520,29.4698280,0
            -98.5160370,29.4697330,0
            -98.5160320,29.4638460,0
            -98.5160460,29.4637110,0
            -98.5160400,29.4589490,0
            -98.5159730,29.4582220,0
            -98.5158060,29.4573190,0
            -98.5156810,29.4571780,0
            -98.5155570,29.4566300,0
            -98.5154320,29.4557180,0
            -98.5154010,29.4552510,0
            -98.5154040,29.4545160,0
            -98.5155850,29.4523230,0
            -98.5156090,29.4516370,0
            -98.5155880,29.4506970,0
            -98.5154750,29.4496950,0
            -98.5150180,29.4474790,0
            -98.5149170,29.4467760,0
            -98.5148910,29.4461800,0
            -98.5149930,29.4446770,0
            -98.5149890,29.4441480,0
            -98.5149320,29.4437470,0
            -98.5148320,29.4433770,0
            -98.5147100,29.4430640,0
            -98.5145710,29.4427860,0
            -98.5144430,29.4425740,0
            -98.5142390,29.4422880,0
            -98.5139340,29.4419470,0
            -98.5135780,29.4416330,0
            -98.5133820,29.4414890,0
            -98.5130740,29.4412940,0
            -98.5126610,29.4410840,0
            -98.5122230,29.4409150,0
            -98.5118270,29.4408050,0
            -98.5078600,29.4400540,0
            -98.5074900,29.4399650,0
            -98.5070180,29.4398230,0
            -98.5067870,29.4397380,0
            -98.5063450,29.4395320,0
            -98.5060750,29.4393680,0
            -98.5057590,29.4391360,0
            -98.5054060,29.4387910,0
            -98.5051930,29.4385300,0
            -98.5049500,29.4381360,0
            -98.5044090,29.4369080,0
            -98.5044050,29.4368760,0
            -98.5044160,29.4367960,0
            -98.5043230,29.4365510,0
            -98.5038360,29.4355590,0
            -98.5036250,29.4352110,0
            -98.5032310,29.4346600,0
            -98.5024310,29.4336630,0
            -98.5018750,29.4329040,0
            -98.5017250,29.4328730,0
            -98.5017140,29.4328670,0
            -98.5015520,29.4326740,0
            -98.5012380,29.4323460,0
            -98.5010650,29.4322020,0
            -98.5008560,29.4320750,0
            -98.5007360,29.4320240,0
            -98.5005180,29.4319610,0
            -98.5002670,29.4319300,0
            -98.5001470,29.4319300,0
            -98.4998900,29.4319630,0
            -98.4996770,29.4320260,0
            -98.4995640,29.4320740,0
            -98.4993550,29.4321980,0
            -98.4990840,29.4324360,0
            -98.4983710,29.4332070,0
            -98.4978850,29.4335870,0
            -98.4975050,29.4338470,0
            -98.4974100,29.4339490,0
            -98.4965980,29.4344870,0
            -98.4956160,29.4350830,0
            -98.4948620,29.4354820,0
            -98.4942920,29.4357110,0
            -98.4935810,29.4359520,0
            -98.4929290,29.4362250,0
            -98.4924310,29.4364680,0
            -98.4916490,29.4369260,0
            -98.4915290,29.4369770,0
            -98.4889440,29.4384700,0
            -98.4889150,29.4385210,0
            -98.4888260,29.4385900,0
            -98.4865690,29.4398560,0
            -98.4864100,29.4399270,0
            -98.4859220,29.4400940,0
            -98.4855820,29.4401770,0
            -98.4850310,29.4402690,0
            -98.4847250,29.4402920,0
            -98.4843240,29.4402900,0
            -98.4842210,29.4403390,0
            -98.4835710,29.4402360,0
            -98.4830260,29.4400860,0
            -98.4810400,29.4394090,0
            -98.4800780,29.4391690,0
            -98.4771290,29.4385960,0
            -98.4756760,29.4384230,0
            -98.4749990,29.4383860,0
            -98.4714830,29.4383190,0
            -98.4712920,29.4382860,0
            -98.4596270,29.4383560,0
            -98.4586870,29.4384240,0
            -98.4540590,29.4390090,0
            -98.4529850,29.4390830,0
            -98.4474610,29.4391080,0
            -98.4466520,29.4391520,0
            -98.4454040,29.4392840,0
            -98.4441880,29.4394840,0
            -98.4432360,29.4396950,0
            -98.4423010,29.4399530,0
            -98.4409380,29.4404130,0
            -98.4397330,29.4409240,0
            -98.4388840,29.4413430,0
            -98.4319030,29.4453710,0
            -98.4252690,29.4489880,0
            -98.4247270,29.4492600,0
            -98.4178780,29.4522330,0
            -98.4168590,29.4527700,0
            -98.4163550,29.4530790,0
            -98.4158060,29.4534650,0
            -98.4156710,29.4534780,0
            -98.4156150,29.4534990,0
            -98.4136530,29.4546720,0
            -98.4134720,29.4547560,0
            -98.4132630,29.4548260,0
            -98.4129530,29.4548820,0
            -98.4127040,29.4548920,0
            -98.4125540,29.4548800,0
            -98.4123800,29.4548440,0
            -98.4121430,29.4547640,0
            -98.4119050,29.4546550,0
            -98.4115920,29.4544570,0
            -98.4106980,29.4538270,0
            -98.4103700,29.4536230,0
            -98.4087910,29.4527650,0
            -98.4082310,29.4523890,0
            -98.4078730,29.4520970,0
            -98.4075350,29.4517690,0
            -98.4071110,29.4512620,0
            -98.4057500,29.4491790,0
            -98.4054470,29.4488280,0
            -98.4052820,29.4486750,0
            -98.4048460,29.4483470,0
            -98.4045640,29.4481680,0
            -98.4040360,29.4478740,0
            -98.4039130,29.4478660,0
            -98.4034870,29.4476430,0
            -98.4029250,29.4474140,0
            -98.4010430,29.4467440,0
            -98.4003070,29.4464390,0
            -98.3992130,29.4459120,0
            -98.3985480,29.4455460,0
            -98.3980460,29.4452370,0
            -98.3972130,29.4446430,0
            -98.3964800,29.4440510,0
            -98.3947510,29.4425040,0
            -98.3937590,29.4415160,0
            -98.3930150,29.4407060,0
            -98.3925210,29.4401000,0
            -98.3925260,29.4399980,0
            -98.3915280,29.4383840,0
            -98.3912000,29.4377960,0
            -98.3906040,29.4365810,0
            -98.3903700,29.4360250,0
            -98.3900470,29.4350020,0
            -98.3900970,29.4348650,0
            -98.3901220,29.4346420,0
            -98.3901730,29.4345070,0
            -98.3902370,29.4344190,0
            -98.3903120,29.4343490,0
            -98.3903970,29.4342940,0
            -98.3904910,29.4342540,0
            -98.3906090,29.4342260,0
            -98.3907390,29.4342190,0
            -98.3908070,29.4342260,0
            -98.3909630,29.4342740,0
            -98.3910860,29.4343440,0
            -98.3911820,29.4344350,0
            -98.3912370,29.4345180,0
            -98.3912790,29.4346360,0
            -98.3912870,29.4347770,0
            -98.3912650,29.4349000,0
            -98.3912410,29.4349610,0
            -98.3911520,29.4350840,0
            -98.3910940,29.4351360,0
            -98.3909030,29.4352490,0
            -98.3908350,29.4353160,0
            -98.3865660,29.4366850,0
            -98.3864890,29.4366890,0
            -98.3851820,29.4371060,0
            -98.3845870,29.4372550,0
            -98.3844840,29.4373500,0
            -98.3822030,29.4381690,0
            -98.3820970,29.4382790,0
            -98.3194850,29.4580550,0
            -98.3177810,29.4585090,0
            -98.3174060,29.4585820,0
            -98.3097460,29.4606260,0
            -98.3089850,29.4607880,0
            -98.3088640,29.4608660,0
            -98.2954390,29.4644210,0
            -98.2948860,29.4645200,0
            -98.2890620,29.4660660,0
            -98.2637150,29.4742790,0
            -98.2627990,29.4746040,0
            -98.2571730,29.4764300,0
            -98.1976420,29.4967060,0
            -98.1124030,29.5289370,0
            -98.1115630,29.5291900,0
            -98.0860760,29.5359060,0
            -98.0464590,29.5488280,0
            -98.0455230,29.5491630,0
            -98.0448400,29.5494480,0
            -98.0441840,29.5497550,0
            -98.0431180,29.5503080,0
            -98.0419480,29.5510330,0
            -98.0410960,29.5516410,0
            -98.0405250,29.5520950,0
            -98.0397180,29.5527960,0
            -98.0391710,29.5533390,0
            -98.0330070,29.5601030,0
            -98.0320470,29.5610100,0
            -98.0312250,29.5616870,0
            -98.0303030,29.5623590,0
            -98.0295990,29.5628080,0
            -98.0177720,29.5698790,0
            -98.0018880,29.5783770,0
            -98.0009520,29.5789240,0
            -97.9749590,29.5966740,0
            -97.9740780,29.5972130,0
            -97.9735080,29.5975210,0
            -97.9727980,29.5978600,0
            -97.9720960,29.5981510,0
            -97.9712090,29.5984620,0
            -97.9702160,29.5987450,0
            -97.9691670,29.5989670,0
            -97.9682500,29.5991050,0
            -97.9677740,29.5991540,0
            -97.9667810,29.5992120,0
            -97.9336430,29.5992840,0
            -97.9328980,29.5992640,0
            -97.9182920,29.5992880,0
            -97.9170470,29.5993570,0
            -97.9164350,29.5994180,0
            -97.9152160,29.5995940,0
            -97.9144540,29.5997410,0
            -97.8519030,29.6141360,0
            -97.8510330,29.6143020,0
            -97.8502620,29.6144150,0
            -97.8486600,29.6145540,0
            -97.8069120,29.6149270,0
            -97.8055830,29.6150180,0
            -97.8047710,29.6151170,0
            -97.8038740,29.6152730,0
            -97.8024560,29.6156000,0
            -97.7572660,29.6288010,0
            -97.7518150,29.6301460,0
            -97.6742120,29.6511420,0
            -97.6728500,29.6514240,0
            -97.6718710,29.6515660,0
            -97.6711270,29.6516410,0
            -97.6694710,29.6517110,0
            -97.6688110,29.6516990,0
            -97.6209490,29.6482400,0
            -97.6198530,29.6481960,0
            -97.6184350,29.6482220,0
            -97.6170570,29.6483410,0
            -97.5821880,29.6540000,0
            -97.5811800,29.6541050,0
            -97.5803130,29.6541530,0
            -97.5792890,29.6541630,0
            -97.5618330,29.6536470,0
            -97.4888960,29.6492570,0
            -97.4877440,29.6492640,0
            -97.4865160,29.6493380,0
            -97.4857630,29.6494170,0
            -97.4505210,29.6544440,0
            -97.4076040,29.6590400,0
            -97.3878230,29.6619780,0
            -97.3863810,29.6621420,0
            -97.2970660,29.6695810,0
            -97.2964330,29.6696740,0
            -97.2957040,29.6698200,0
            -97.2950960,29.6699750,0
            -97.2941380,29.6702820,0
            -97.2935670,29.6705090,0
            -97.2650060,29.6842610,0
            -97.2632990,29.6849910,0
            -97.2621400,29.6854340,0
            -97.2448220,29.6914610,0
            -97.2441470,29.6916590,0
            -97.2426710,29.6920020,0
            -97.2416560,29.6921710,0
            -97.2401640,29.6923280,0
            -97.2392340,29.6923690,0
            -97.1653110,29.6916940,0
            -97.1643150,29.6917330,0
            -97.1631880,29.6918370,0
            -97.1624250,29.6919420,0
            -97.1614290,29.6921260,0
            -97.1488630,29.6951360,0
            -97.1477320,29.6953560,0
            -97.1403180,29.6962670,0
            -97.1390490,29.6963500,0
            -97.1241140,29.6961970,0
            -97.0568000,29.6978030,0
            -97.0557200,29.6977730,0
            -97.0372020,29.6964780,0
            -97.0363380,29.6963770,0
            -97.0093110,29.6917220,0
            -97.0084450,29.6916030,0
            -97.0071830,29.6914990,0
            -96.9798970,29.6910310,0
            -96.9776320,29.6908720,0
            -96.9570630,29.6886750,0
            -96.9560580,29.6886390,0
            -96.9550260,29.6886510,0
            -96.9207230,29.6906360,0
            -96.9190010,29.6907980,0
            -96.9179600,29.6909310,0
            -96.8867410,29.6957520,0
            -96.8859940,29.6958240,0
            -96.8850130,29.6958710,0
            -96.8571530,29.6963650,0
            -96.8564380,29.6963380,0
            -96.8555150,29.6962530,0
            -96.8546640,29.6961160,0
            -96.8538190,29.6959280,0
            -96.8525910,29.6955460,0
            -96.8347280,29.6884980,0
            -96.8339160,29.6882140,0
            -96.8332170,29.6880350,0
            -96.8326910,29.6879330,0
            -96.8319040,29.6878300,0
            -96.8309840,29.6877900,0
            -96.8300920,29.6878210,0
            -96.7718590,29.6919780,0
            -96.7708060,29.6920150,0
            -96.7335120,29.6922830,0
            -96.7321510,29.6922340,0
            -96.7309130,29.6921110,0
            -96.7036440,29.6883920,0
            -96.7026530,29.6882960,0
            -96.7014400,29.6882440,0
            -96.7001680,29.6882650,0
            -96.6204230,29.6931790,0
            -96.6192830,29.6932160,0
            -96.5601280,29.6935780,0
            -96.5591490,29.6935380,0
            -96.5581500,29.6934590,0
            -96.5447070,29.6918360,0
            -96.5438550,29.6917740,0
            -96.5429680,29.6917890,0
            -96.5420590,29.6918820,0
            -96.5414760,29.6919810,0
            -96.5406410,29.6921810,0
            -96.5362860,29.6935540,0
            -96.5355000,29.6938630,0
            -96.5350960,29.6940660,0
            -96.5345320,29.6944180,0
            -96.5292760,29.6983000,0
            -96.5289870,29.6984870,0
            -96.5284720,29.6987790,0
            -96.5280290,29.6989910,0
            -96.5196450,29.7021400,0
            -96.5185870,29.7025050,0
            -96.5140560,29.7038310,0
            -96.5132300,29.7041150,0
            -96.5129000,29.7042540,0
            -96.5121390,29.7046470,0
            -96.5056920,29.7087280,0
            -96.5051560,29.7090320,0
            -96.5044740,29.7093400,0
            -96.5038840,29.7095500,0
            -96.4945340,29.7118910,0
            -96.4935580,29.7120960,0
            -96.4590610,29.7170710,0
            -96.4425200,29.7187320,0
            -96.4417700,29.7188400,0
            -96.3004560,29.7474460,0
            -96.3001550,29.7474920,0
            -96.2997410,29.7474120,0
            -96.2927410,29.7487750,0
            -96.2915610,29.7490400,0
            -96.2892570,29.7496820,0
            -96.2879650,29.7499790,0
            -96.2855080,29.7504400,0
            -96.2828160,29.7508450,0
            -96.2376740,29.7562050,0
            -96.2355160,29.7565320,0
            -96.2327940,29.7568630,0
            -96.2289400,29.7572430,0
            -96.2274890,29.7574370,0
            -96.1915920,29.7635460,0
            -96.1908330,29.7636330,0
            -96.1901330,29.7636780,0
            -96.1897140,29.7636820,0
            -96.1886870,29.7636360,0
            -96.1880510,29.7635660,0
            -96.1869740,29.7633730,0
            -96.1864670,29.7632490,0
            -96.1763850,29.7602570,0
            -96.1748930,29.7599480,0
            -96.1739420,29.7598110,0
            -96.1730630,29.7597240,0
            -96.1717180,29.7596640,0
            -96.1708130,29.7596720,0
            -96.1695950,29.7597450,0
            -96.1687250,29.7598400,0
            -96.1673790,29.7600650,0
            -96.1660630,29.7603750,0
            -96.1423110,29.7675890,0
            -96.1414110,29.7679630,0
            -96.1403330,29.7685180,0
            -96.1395330,29.7690280,0
            -96.1388550,29.7695280,0
            -96.1356360,29.7721130,0
            -96.1352420,29.7723960,0
            -96.1342100,29.7730220,0
            -96.1332510,29.7734900,0
            -96.1324380,29.7738090,0
            -96.1316120,29.7740740,0
            -96.1294470,29.7746020,0
            -96.1279190,29.7749070,0
            -96.1257190,29.7752480,0
            -96.1240490,29.7754160,0
            -96.1223080,29.7755260,0
            -96.1172090,29.7756920,0
            -96.1146610,29.7757170,0
            -96.1084830,29.7760190,0
            -96.1003790,29.7762600,0
            -96.0992250,29.7762480,0
            -96.0979160,29.7761610,0
            -96.0851760,29.7745830,0
            -96.0836450,29.7743550,0
            -96.0776410,29.7733060,0
            -96.0736280,29.7728260,0
            -96.0682830,29.7724610,0
            -96.0654010,29.7721800,0
            -96.0450710,29.7696790,0
            -96.0440760,29.7696070,0
            -96.0434320,29.7695990,0
            -96.0428140,29.7696180,0
            -96.0420400,29.7696830,0
            -96.0410670,29.7698270,0
            -96.0405990,29.7699250,0
            -96.0396470,29.7700350,0
            -96.0387730,29.7703530,0
            -96.0354870,29.7711920,0
            -96.0343990,29.7714080,0
            -96.0296250,29.7725240,0
            -96.0290200,29.7726950,0
            -96.0169170,29.7755860,0
            -96.0123450,29.7767850,0
            -96.0036500,29.7788830,0
            -95.9985000,29.7802350,0
            -95.9952950,29.7810020,0
            -95.9943050,29.7812060,0
            -95.9933190,29.7813690,0
            -95.9923530,29.7814870,0
            -95.9904620,29.7816070,0
            -95.9871340,29.7815790,0
            -95.9844760,29.7813780,0
            -95.9827910,29.7811420,0
            -95.9808510,29.7807540,0
            -95.9781190,29.7799750,0
            -95.9762950,29.7795000,0
            -95.9751360,29.7792430,0
            -95.9731260,29.7788800,0
            -95.9713990,29.7787100,0
            -95.9705530,29.7786600,0
            -95.9690680,29.7786200,0
            -95.9521050,29.7787770,0
            -95.9519880,29.7787860,0
            -95.9514570,29.7787800,0
            -95.9442570,29.7789720,0
            -95.9439180,29.7789540,0
            -95.9401500,29.7789730,0
            -95.9379820,29.7789270,0
            -95.9366670,29.7788230,0
            -95.9248420,29.7772850,0
            -95.9236340,29.7771690,0
            -95.9228770,29.7771330,0
            -95.8559440,29.7773060,0
            -95.8521390,29.7771320,0
            -95.8499520,29.7770830,0
            -95.8193660,29.7773960,0
            -95.8185640,29.7774690,0
            -95.8176010,29.7776440,0
            -95.8167660,29.7778730,0
            -95.8164190,29.7779920,0
            -95.8157370,29.7782690,0
            -95.8153110,29.7784730,0
            -95.8148600,29.7787180,0
            -95.8144280,29.7789880,0
            -95.8140730,29.7792440,0
            -95.8134420,29.7797510,0
            -95.8094140,29.7834710,0
            -95.8089280,29.7838580,0
            -95.8081300,29.7843350,0
            -95.8076360,29.7845700,0
            -95.8070490,29.7848060,0
            -95.8067320,29.7849140,0
            -95.8058780,29.7851170,0
            -95.8053860,29.7851920,0
            -95.8045300,29.7852490,0
            -95.7996350,29.7852360,0
            -95.7928250,29.7853820,0
            -95.7866990,29.7853110,0
            -95.7864140,29.7852920,0
            -95.7860750,29.7853040,0
            -95.7748900,29.7851740,0
            -95.7746880,29.7851060,0
            -95.7733270,29.7851040,0
            -95.7727530,29.7850600,0
            -95.7716200,29.7849220,0
            -95.7711360,29.7849010,0
            -95.7710000,29.7848500,0
            -95.7663910,29.7849510,0
            -95.7616960,29.7849390,0
            -95.7578800,29.7848270,0
            -95.7550620,29.7846650,0
            -95.7487960,29.7846000,0
            -95.7465310,29.7847180,0
            -95.7465180,29.7845360,0
            -95.7463050,29.7845470,0
          </coordinates>
        </LineString>
      </Placemark>
      <Placemark>
        <name>Rudy's "Country Store" and Bar-B-Q</name>
        <styleUrl>#icon-1739-0288D1</styleUrl>
        <ExtendedData>
          <Data name="Category">
            <value>Barbecue</value>
          </Data>
          <Data name="Distance">
            <value>0</value>
          </Data>
        </ExtendedData>
        <Point>
          <coordinates>
            -95.746198,29.784155,0
          </coordinates>
        </Point>
      </Placemark>
      <Placemark>
        <name>Driving</name>
        <styleUrl>#line-F9A825-5000</styleUrl>
        <ExtendedData>
          <Data name="Category">
            <value>Driving</value>
          </Data>
          <Data name="Distance">
            <value>87297</value>
          </Data>
        </ExtendedData>
        <LineString>
          <tessellate>1</tessellate>
          <coordinates>
            -95.7461990,29.7844390,0
            -95.7462220,29.7844820,0
            -95.7462490,29.7845120,0
            -95.7463050,29.7845470,0
            -95.7460480,29.7845600,0
            -95.7465180,29.7845360,0
            -95.7465310,29.7847180,0
            -95.7450300,29.7847770,0
            -95.7426310,29.7848220,0
            -95.7422860,29.7848860,0
            -95.7385970,29.7850230,0
            -95.7385730,29.7850300,0
            -95.7385510,29.7850410,0
            -95.7384320,29.7851330,0
            -95.7341780,29.7850920,0
            -95.7336190,29.7851040,0
            -95.7291560,29.7850690,0
            -95.7224420,29.7849310,0
            -95.7163330,29.7848920,0
            -95.7087400,29.7849740,0
            -95.6977340,29.7849060,0
            -95.6920300,29.7847540,0
            -95.6852600,29.7847300,0
            -95.6786170,29.7848040,0
            -95.6580790,29.7847230,0
            -95.6555000,29.7846740,0
            -95.6415680,29.7845910,0
            -95.6376100,29.7846520,0
            -95.6305980,29.7846180,0
            -95.6247960,29.7846560,0
            -95.6247260,29.7846500,0
            -95.6024740,29.7845400,0
            -95.5986510,29.7844620,0
            -95.5945030,29.7844980,0
            -95.5522090,29.7842090,0
            -95.5520930,29.7841890,0
            -95.5441080,29.7842650,0
            -95.5153130,29.7841080,0
            -95.5102550,29.7842660,0
            -95.5080200,29.7842950,0
            -95.5016010,29.7842350,0
            -95.4969280,29.7840230,0
            -95.4966270,29.7839990,0
            -95.4947770,29.7839440,0
            -95.4886880,29.7839070,0
            -95.4870230,29.7838650,0
            -95.4841290,29.7837280,0
            -95.4804310,29.7834860,0
            -95.4784490,29.7834360,0
            -95.4761480,29.7834820,0
            -95.4737480,29.7835920,0
            -95.4712520,29.7837910,0
            -95.4695890,29.7838930,0
            -95.4685380,29.7839340,0
            -95.4667360,29.7839620,0
            -95.4627930,29.7839360,0
            -95.4619870,29.7839010,0
            -95.4611860,29.7838240,0
            -95.4604480,29.7837200,0
            -95.4601550,29.7837390,0
            -95.4597800,29.7836670,0
            -95.4592010,29.7835290,0
            -95.4588300,29.7834140,0
            -95.4582640,29.7831900,0
            -95.4578140,29.7829650,0
            -95.4575220,29.7827920,0
            -95.4530760,29.7798590,0
            -95.4528710,29.7797360,0
            -95.4524400,29.7795070,0
            -95.4520020,29.7793130,0
            -95.4516730,29.7791890,0
            -95.4511740,29.7790360,0
            -95.4505660,29.7789020,0
            -95.4498520,29.7788160,0
            -95.4495930,29.7788020,0
            -95.4436190,29.7788390,0
            -95.4427260,29.7787980,0
            -95.4271790,29.7772600,0
            -95.4263570,29.7772270,0
            -95.4097270,29.7774440,0
            -95.4088510,29.7774300,0
            -95.4078690,29.7773710,0
            -95.4073180,29.7773140,0
            -95.4063120,29.7771760,0
            -95.4042980,29.7768320,0
            -95.4041010,29.7767870,0
            -95.4031070,29.7766200,0
            -95.4022590,29.7765110,0
            -95.4016140,29.7764520,0
            -95.4006130,29.7763980,0
            -95.3995970,29.7763980,0
            -95.3862270,29.7766640,0
            -95.3851740,29.7767310,0
            -95.3842760,29.7768510,0
            -95.3834920,29.7769860,0
            -95.3825690,29.7771710,0
            -95.3820000,29.7773320,0
            -95.3806970,29.7777660,0
            -95.3787390,29.7785020,0
            -95.3784010,29.7786170,0
            -95.3778290,29.7787780,0
            -95.3771200,29.7788750,0
            -95.3765520,29.7789080,0
            -95.3760200,29.7788950,0
            -95.3754860,29.7788370,0
            -95.3753410,29.7788120,0
            -95.3751770,29.7787660,0
            -95.3749560,29.7787320,0
            -95.3741370,29.7785510,0
            -95.3711650,29.7772540,0
            -95.3708150,29.7770850,0
            -95.3704740,29.7769010,0
            -95.3702440,29.7767570,0
            -95.3700140,29.7765920,0
            -95.3698280,29.7764400,0
            -95.3695200,29.7761410,0
            -95.3693660,29.7759660,0
            -95.3690380,29.7755340,0
            -95.3678860,29.7736690,0
            -95.3678230,29.7736330,0
            -95.3678100,29.7736230,0
            -95.3669230,29.7724460,0
            -95.3668550,29.7723890,0
            -95.3667850,29.7723510,0
            -95.3663280,29.7716150,0
            -95.3661580,29.7712970,0
            -95.3660290,29.7710090,0
            -95.3659480,29.7707890,0
            -95.3658660,29.7704960,0
            -95.3657980,29.7701080,0
            -95.3657750,29.7697740,0
            -95.3657820,29.7694800,0
            -95.3658180,29.7691530,0
            -95.3658530,29.7689730,0
            -95.3659510,29.7686100,0
            -95.3661000,29.7682080,0
            -95.3672380,29.7657470,0
            -95.3673610,29.7655260,0
            -95.3675140,29.7652890,0
            -95.3676620,29.7650970,0
            -95.3678130,29.7649250,0
            -95.3680460,29.7646990,0
            -95.3683540,29.7644540,0
            -95.3686470,29.7642650,0
            -95.3691330,29.7640020,0
            -95.3715380,29.7629090,0
            -95.3723770,29.7624770,0
            -95.3726710,29.7623060,0
            -95.3730350,29.7620680,0
            -95.3733510,29.7618350,0
            -95.3736000,29.7616280,0
            -95.3738470,29.7613850,0
            -95.3739770,29.7612320,0
            -95.3742320,29.7608770,0
            -95.3743440,29.7606700,0
            -95.3744510,29.7604280,0
            -95.3745720,29.7600550,0
            -95.3746320,29.7597100,0
            -95.3747790,29.7575740,0
            -95.3747330,29.7534990,0
            -95.3746710,29.7529280,0
            -95.3745800,29.7525350,0
            -95.3744540,29.7521930,0
            -95.3742790,29.7518210,0
            -95.3741250,29.7515670,0
            -95.3738760,29.7512260,0
            -95.3737250,29.7510520,0
            -95.3734620,29.7507920,0
            -95.3730530,29.7504580,0
            -95.3727730,29.7502720,0
            -95.3670230,29.7467810,0
            -95.3669210,29.7467280,0
            -95.3665870,29.7465210,0
            -95.3660790,29.7462390,0
            -95.3632170,29.7445200,0
            -95.3627630,29.7442870,0
            -95.3621210,29.7440090,0
            -95.3600930,29.7432980,0
            -95.3593720,29.7430130,0
            -95.3590760,29.7428750,0
            -95.3585500,29.7425960,0
            -95.3559510,29.7409580,0
            -95.3543130,29.7398520,0
            -95.3465960,29.7349600,0
            -95.3458140,29.7344280,0
            -95.3411760,29.7307870,0
            -95.3405220,29.7303050,0
            -95.3403460,29.7302070,0
            -95.3311050,29.7242940,0
            -95.3307380,29.7240320,0
            -95.3270490,29.7216440,0
            -95.3264070,29.7212850,0
            -95.3258710,29.7209610,0
            -95.3216570,29.7187410,0
            -95.3186170,29.7170810,0
            -95.3172860,29.7162330,0
            -95.3172390,29.7161920,0
            -95.3167000,29.7158480,0
            -95.3165140,29.7156740,0
            -95.3158320,29.7152520,0
            -95.3156260,29.7151570,0
            -95.3142490,29.7142770,0
            -95.3141060,29.7142070,0
            -95.3135160,29.7138290,0
            -95.3133820,29.7137620,0
            -95.3013630,29.7056560,0
            -95.2939640,29.7008900,0
            -95.2934130,29.7004980,0
            -95.2897210,29.6976480,0
            -95.2893890,29.6973700,0
            -95.2887220,29.6967550,0
            -95.2869250,29.6948730,0
            -95.2868690,29.6947850,0
            -95.2845680,29.6923050,0
            -95.2845010,29.6922620,0
            -95.2808310,29.6885160,0
            -95.2807430,29.6884510,0
            -95.2650380,29.6725510,0
            -95.2645580,29.6720120,0
            -95.2641540,29.6715170,0
            -95.2637680,29.6710080,0
            -95.2453010,29.6430190,0
            -95.2446760,29.6421990,0
            -95.2442980,29.6417570,0
            -95.2437740,29.6411910,0
            -95.2433640,29.6407830,0
            -95.2031030,29.6041350,0
            -95.2003520,29.6014310,0
            -95.1997140,29.6007680,0
            -95.1922690,29.5934470,0
            -95.1919590,29.5931740,0
            -95.1916870,29.5929570,0
            -95.1880730,29.5897940,0
            -95.1877330,29.5894480,0
            -95.1835580,29.5857380,0
            -95.1818690,29.5841500,0
            -95.1803170,29.5825690,0
            -95.1786400,29.5807300,0
            -95.1760400,29.5777040,0
            -95.1750900,29.5765470,0
            -95.1743160,29.5756610,0
            -95.1741690,29.5755160,0
            -95.1704750,29.5712310,0
            -95.1704120,29.5711310,0
            -95.1669740,29.5671290,0
            -95.1667250,29.5668640,0
            -95.1638850,29.5636140,0
            -95.1565850,29.5559710,0
            -95.1564750,29.5558310,0
            -95.1532770,29.5524890,0
            -95.1530850,29.5523120,0
            -95.1512470,29.5503870,0
            -95.1511780,29.5502960,0
            -95.1433820,29.5421590,0
            -95.1433340,29.5421200,0
            -95.1432090,29.5420370,0
            -95.1407540,29.5394540,0
            -95.1395810,29.5381030,0
            -95.1388020,29.5371320,0
            -95.1375940,29.5357160,0
            -95.1329520,29.5307570,0
            -95.1310870,29.5288260,0
            -95.1310640,29.5286420,0
            -95.1310600,29.5286310,0
            -95.1294660,29.5268670,0
            -95.1283700,29.5257220,0
            -95.1279500,29.5252470,0
            -95.1272080,29.5242840,0
            -95.1267410,29.5236000,0
            -95.1264740,29.5232810,0
            -95.1262330,29.5230530,0
            -95.1260630,29.5229170,0
            -95.1258130,29.5227500,0
            -95.1256530,29.5226600,0
            -95.1253250,29.5225140,0
            -95.1250530,29.5224200,0
            -95.1247680,29.5223450,0
            -95.1245160,29.5223030,0
            -95.1242540,29.5222740,0
            -95.1239640,29.5222630,0
            -95.1237280,29.5222740,0
            -95.1234790,29.5223020,0
            -95.1230610,29.5223920,0
            -95.1227980,29.5224740,0
            -95.1223470,29.5226770,0
            -95.1212820,29.5233340,0
            -95.1171160,29.5261890,0
            -95.1160540,29.5268460,0
            -95.1151620,29.5273440,0
            -95.1108740,29.5295990,0
            -95.1105560,29.5297880,0
            -95.1103550,29.5299290,0
            -95.1101720,29.5300770,0
            -95.1098830,29.5303620,0
            -95.1096970,29.5305910,0
            -95.1095700,29.5307780,0
            -95.1094560,29.5309710,0
            -95.1093290,29.5312400,0
            -95.1092110,29.5315850,0
            -95.1091560,29.5318310,0
            -95.1091220,29.5321060,0
            -95.1091170,29.5322840,0
            -95.1091380,29.5326560,0
            -95.1091890,29.5329430,0
            -95.1092540,29.5331780,0
            -95.1093800,29.5334960,0
            -95.1120100,29.5389870,0
            -95.1121390,29.5393320,0
            -95.1122020,29.5396110,0
            -95.1122300,29.5397930,0
            -95.1122500,29.5400550,0
            -95.1122490,29.5402690,0
            -95.1122350,29.5404530,0
            -95.1122030,29.5406720,0
            -95.1121100,29.5410310,0
            -95.1119580,29.5414120,0
            -95.1118630,29.5415980,0
            -95.1116870,29.5418700,0
            -95.1115730,29.5420220,0
            -95.1113520,29.5422670,0
            -95.1110930,29.5425080,0
            -95.1071880,29.5453050,0
            -95.1068300,29.5455440,0
            -95.1061400,29.5458710,0
            -95.1056750,29.5460410,0
            -95.1026110,29.5470290,0
            -95.1022230,29.5471680,0
            -95.1017920,29.5473030,0
            -95.1013190,29.5474900,0
            -95.1004410,29.5477310,0
            -95.0970790,29.5488200,0
            -95.0954820,29.5494060,0
            -95.0953310,29.5494390,0
            -95.0953800,29.5495860,0
            -95.0954030,29.5497120,0
            -95.0953750,29.5498340,0
            -95.0950810,29.5505630,0
            -95.0950730,29.5506730,0
            -95.0948170,29.5511560,0
            -95.0948090,29.5511860,0
            -95.0948100,29.5512350,0
            -95.0948220,29.5512600,0
            -95.0948340,29.5512740,0
            -95.0948610,29.5512920,0
            -95.0956710,29.5516300,0
            -95.0957830,29.5514080,0
            -95.0960040,29.5511160,0
            -95.0962680,29.5508310,0
            -95.0965020,29.5506500,0
            -95.0971400,29.5502100,0
            -95.0976060,29.5507320,0
            -95.0976780,29.5506830,0
          </coordinates>
        </LineString>
      </Placemark>
      <Placemark>
        <name>Space Center Houston</name>
        <styleUrl>#icon-1535-0288D1</styleUrl>
        <ExtendedData>
          <Data name="Category">
            <value>Tourist attraction</value>
          </Data>
          <Data name="Distance">
            <value>0</value>
          </Data>
        </ExtendedData>
        <Point>
          <coordinates>
            -95.098104,29.551832,0
          </coordinates>
        </Point>
      </Placemark>
      <Placemark>
        <name>On a bus</name>
        <styleUrl>#line-F9A825-5000</styleUrl>
        <ExtendedData>
          <Data name="Category">
            <value>On a bus</value>
          </Data>
          <Data name="Distance">
            <value>3672</value>
          </Data>
        </ExtendedData>
        <LineString>
          <tessellate>1</tessellate>
          <coordinates>
            -95.0981040,29.5518320,0
            -95.0893540,29.5579720,0
            -95.0893870,29.5579140,0
            -95.0906230,29.5576130,0
            -95.0859850,29.5594850,0
            -95.0883380,29.5533440,0
            -95.0934270,29.5549590,0
            -95.0941340,29.5544990,0
            -95.0938860,29.5551210,0
            -95.0938240,29.5550890,0
            -95.0979820,29.5517200,0
          </coordinates>
        </LineString>
      </Placemark>
      <Placemark>
        <name>Space Center Houston</name>
        <styleUrl>#icon-1535-0288D1</styleUrl>
        <ExtendedData>
          <Data name="Category">
            <value>Tourist attraction</value>
          </Data>
          <Data name="Distance">
            <value>0</value>
          </Data>
        </ExtendedData>
        <Point>
          <coordinates>
            -95.098104,29.551832,0
          </coordinates>
        </Point>
      </Placemark>
      <Placemark>
        <name>Driving</name>
        <styleUrl>#line-F9A825-5000</styleUrl>
        <ExtendedData>
          <Data name="Category">
            <value>Driving</value>
          </Data>
          <Data name="Distance">
            <value>421232</value>
          </Data>
        </ExtendedData>
        <LineString>
          <tessellate>1</tessellate>
          <coordinates>
            -95.0977080,29.5513510,0
            -95.0973240,29.5509200,0
            -95.0970030,29.5511310,0
            -95.0966650,29.5514390,0
            -95.0964380,29.5517390,0
            -95.0963530,29.5519160,0
            -95.0948610,29.5512920,0
            -95.0948340,29.5512740,0
            -95.0948100,29.5512350,0
            -95.0948090,29.5511860,0
            -95.0948170,29.5511560,0
            -95.0950730,29.5506730,0
            -95.0951590,29.5505890,0
            -95.0954270,29.5501970,0
            -95.0954850,29.5500740,0
            -95.0955290,29.5498830,0
            -95.0955430,29.5496750,0
            -95.0962430,29.5494350,0
            -95.0971520,29.5490470,0
            -95.0974590,29.5488970,0
            -95.1005540,29.5478630,0
            -95.1014810,29.5475940,0
            -95.1026500,29.5471500,0
            -95.1060330,29.5460550,0
            -95.1063620,29.5459220,0
            -95.1067380,29.5457320,0
            -95.1071480,29.5454730,0
            -95.1079720,29.5448860,0
            -95.1082130,29.5446940,0
            -95.1111080,29.5426270,0
            -95.1113620,29.5424030,0
            -95.1115120,29.5422500,0
            -95.1118120,29.5418750,0
            -95.1120340,29.5415010,0
            -95.1121740,29.5411740,0
            -95.1122350,29.5409890,0
            -95.1123180,29.5406380,0
            -95.1123600,29.5402220,0
            -95.1123390,29.5397850,0
            -95.1123090,29.5395870,0
            -95.1122100,29.5392090,0
            -95.1121130,29.5389560,0
            -95.1094470,29.5333810,0
            -95.1093110,29.5329810,0
            -95.1092570,29.5327150,0
            -95.1092270,29.5322810,0
            -95.1092670,29.5318220,0
            -95.1093140,29.5316170,0
            -95.1094180,29.5313050,0
            -95.1094990,29.5311190,0
            -95.1097280,29.5307290,0
            -95.1098670,29.5305430,0
            -95.1101010,29.5302840,0
            -95.1103670,29.5300450,0
            -95.1106070,29.5298720,0
            -95.1108240,29.5297390,0
            -95.1155770,29.5272070,0
            -95.1166210,29.5266000,0
            -95.1174180,29.5260910,0
            -95.1214560,29.5233020,0
            -95.1223450,29.5227610,0
            -95.1224840,29.5226910,0
            -95.1227580,29.5225850,0
            -95.1231500,29.5224910,0
            -95.1233710,29.5224610,0
            -95.1237720,29.5224470,0
            -95.1240920,29.5224800,0
            -95.1244120,29.5225560,0
            -95.1247030,29.5226580,0
            -95.1250150,29.5228110,0
            -95.1253050,29.5230070,0
            -95.1255980,29.5232820,0
            -95.1257390,29.5234600,0
            -95.1263710,29.5243850,0
            -95.1269500,29.5251430,0
            -95.1272610,29.5254990,0
            -95.1278140,29.5260370,0
            -95.1280810,29.5261150,0
            -95.1325150,29.5307090,0
            -95.1359000,29.5343310,0
            -95.1409550,29.5400800,0
            -95.1432090,29.5424540,0
            -95.1432770,29.5425500,0
            -95.1507510,29.5503510,0
            -95.1507680,29.5503780,0
            -95.1518040,29.5514750,0
            -95.1519310,29.5516290,0
            -95.1639080,29.5641490,0
            -95.1663450,29.5669620,0
            -95.1664030,29.5670530,0
            -95.1683420,29.5693210,0
            -95.1685620,29.5695450,0
            -95.1766180,29.5789480,0
            -95.1794880,29.5821660,0
            -95.1808590,29.5836070,0
            -95.1827860,29.5854910,0
            -95.1841760,29.5867590,0
            -95.1920550,29.5935780,0
            -95.2023820,29.6037750,0
            -95.2057540,29.6069330,0
            -95.2429960,29.6408180,0
            -95.2437000,29.6415300,0
            -95.2446070,29.6425830,0
            -95.2452210,29.6434210,0
            -95.2634510,29.6710500,0
            -95.2642760,29.6721130,0
            -95.2647460,29.6726440,0
            -95.2729580,29.6810050,0
            -95.2761850,29.6841400,0
            -95.2797560,29.6877580,0
            -95.2798090,29.6878380,0
            -95.2842090,29.6923130,0
            -95.2845780,29.6927490,0
            -95.2849820,29.6933120,0
            -95.2857790,29.6946080,0
            -95.2859320,29.6948240,0
            -95.2864390,29.6954350,0
            -95.2866970,29.6957050,0
            -95.2873840,29.6963260,0
            -95.2900380,29.6985370,0
            -95.2933960,29.7008290,0
            -95.2977130,29.7035290,0
            -95.2978180,29.7036080,0
            -95.3003800,29.7052150,0
            -95.3127590,29.7135810,0
            -95.3189390,29.7175290,0
            -95.3195270,29.7178610,0
            -95.3252680,29.7208630,0
            -95.3253640,29.7209300,0
            -95.3259770,29.7212830,0
            -95.3310310,29.7244760,0
            -95.3312620,29.7246020,0
            -95.3335790,29.7260950,0
            -95.3337050,29.7261640,0
            -95.3406200,29.7306070,0
            -95.3425250,29.7321000,0
            -95.3427160,29.7322690,0
            -95.3455960,29.7345330,0
            -95.3461030,29.7348890,0
            -95.3527660,29.7391490,0
            -95.3537880,29.7397530,0
            -95.3575030,29.7421570,0
            -95.3577060,29.7422650,0
            -95.3597280,29.7435250,0
            -95.3601660,29.7437540,0
            -95.3608900,29.7440770,0
            -95.3644950,29.7455330,0
            -95.3653820,29.7459840,0
            -95.3668770,29.7468430,0
            -95.3727800,29.7504220,0
            -95.3731930,29.7507320,0
            -95.3733850,29.7508960,0
            -95.3736650,29.7511820,0
            -95.3738280,29.7513800,0
            -95.3740800,29.7517490,0
            -95.3742330,29.7520320,0
            -95.3744070,29.7524590,0
            -95.3745180,29.7528810,0
            -95.3745650,29.7531840,0
            -95.3746000,29.7536410,0
            -95.3746500,29.7573920,0
            -95.3746260,29.7577700,0
            -95.3745390,29.7581390,0
            -95.3744300,29.7584520,0
            -95.3733200,29.7609680,0
            -95.3732110,29.7611730,0
            -95.3729170,29.7616080,0
            -95.3726990,29.7618400,0
            -95.3725320,29.7619940,0
            -95.3720630,29.7623230,0
            -95.3716310,29.7625810,0
            -95.3710480,29.7628570,0
            -95.3709480,29.7628680,0
            -95.3689100,29.7637960,0
            -95.3683350,29.7641090,0
            -95.3681570,29.7642300,0
            -95.3678100,29.7645060,0
            -95.3676060,29.7647010,0
            -95.3673940,29.7649380,0
            -95.3671480,29.7652750,0
            -95.3668760,29.7657600,0
            -95.3652960,29.7693310,0
            -95.3651800,29.7696500,0
            -95.3651040,29.7699350,0
            -95.3650690,29.7701570,0
            -95.3650550,29.7703830,0
            -95.3650620,29.7705850,0
            -95.3650930,29.7708160,0
            -95.3651910,29.7711760,0
            -95.3652890,29.7714160,0
            -95.3653900,29.7716180,0
            -95.3658750,29.7724230,0
            -95.3659510,29.7725790,0
            -95.3672980,29.7747440,0
            -95.3675680,29.7752200,0
            -95.3678040,29.7757420,0
            -95.3679800,29.7762880,0
            -95.3680900,29.7767910,0
            -95.3681350,29.7771290,0
            -95.3681990,29.7795310,0
            -95.3682430,29.7796340,0
            -95.3683410,29.7825810,0
            -95.3683720,29.7829280,0
            -95.3684450,29.7833600,0
            -95.3685660,29.7838050,0
            -95.3686540,29.7840570,0
            -95.3688640,29.7845240,0
            -95.3691160,29.7849670,0
            -95.3709620,29.7877010,0
            -95.3711860,29.7880700,0
            -95.3713500,29.7883860,0
            -95.3714750,29.7886960,0
            -95.3715890,29.7891040,0
            -95.3716520,29.7895520,0
            -95.3716800,29.7900810,0
            -95.3716870,29.7912810,0
            -95.3715880,29.7930470,0
            -95.3716500,29.7992180,0
            -95.3717020,29.8000540,0
            -95.3718370,29.8010630,0
            -95.3724840,29.8044070,0
            -95.3725120,29.8044990,0
            -95.3729990,29.8069680,0
            -95.3730390,29.8073150,0
            -95.3732010,29.8081100,0
            -95.3735960,29.8094940,0
            -95.3740280,29.8106350,0
            -95.3740930,29.8107510,0
            -95.3765910,29.8169590,0
            -95.3773520,29.8185620,0
            -95.3773780,29.8186570,0
            -95.3789830,29.8219160,0
            -95.3793870,29.8228400,0
            -95.3797980,29.8240850,0
            -95.3806330,29.8277240,0
            -95.3808600,29.8284320,0
            -95.3811700,29.8291420,0
            -95.3813830,29.8295380,0
            -95.3816050,29.8299000,0
            -95.3819320,29.8303680,0
            -95.3859680,29.8354050,0
            -95.3864240,29.8360360,0
            -95.3914200,29.8437040,0
            -95.4015000,29.8579820,0
            -95.4021460,29.8590420,0
            -95.4080450,29.8706140,0
            -95.4083900,29.8712220,0
            -95.4099090,29.8735990,0
            -95.4102280,29.8741970,0
            -95.4105000,29.8748340,0
            -95.4114960,29.8780060,0
            -95.4116690,29.8786610,0
            -95.4117410,29.8790810,0
            -95.4118050,29.8797370,0
            -95.4119940,29.8907730,0
            -95.4120150,29.8909680,0
            -95.4124860,29.9173600,0
            -95.4117350,29.9297360,0
            -95.4117530,29.9329720,0
            -95.4118450,29.9340690,0
            -95.4119750,29.9349320,0
            -95.4122220,29.9359770,0
            -95.4127600,29.9376990,0
            -95.4173130,29.9504960,0
            -95.4175130,29.9511490,0
            -95.4177850,29.9523070,0
            -95.4179160,29.9531230,0
            -95.4181540,29.9554000,0
            -95.4182800,29.9571310,0
            -95.4183720,29.9626730,0
            -95.4184100,29.9631270,0
            -95.4185440,29.9639890,0
            -95.4211450,29.9748940,0
            -95.4273620,30.0088470,0
            -95.4275940,30.0104160,0
            -95.4289020,30.0235040,0
            -95.4289560,30.0237760,0
            -95.4290180,30.0250970,0
            -95.4291800,30.0373720,0
            -95.4292890,30.0387510,0
            -95.4294450,30.0399740,0
            -95.4305650,30.0470850,0
            -95.4305820,30.0471480,0
            -95.4306270,30.0475820,0
            -95.4308970,30.0490560,0
            -95.4320090,30.0540460,0
            -95.4350950,30.0706750,0
            -95.4354770,30.0725100,0
            -95.4354940,30.0726950,0
            -95.4358450,30.0744630,0
            -95.4368020,30.0801500,0
            -95.4368590,30.0808190,0
            -95.4368590,30.0814760,0
            -95.4367900,30.0821300,0
            -95.4355720,30.0875730,0
            -95.4353770,30.0886620,0
            -95.4352230,30.0899630,0
            -95.4351530,30.0913760,0
            -95.4351660,30.0923550,0
            -95.4353650,30.0965310,0
            -95.4354840,30.1070650,0
            -95.4355190,30.1075950,0
            -95.4356170,30.1083540,0
            -95.4356480,30.1084220,0
            -95.4357060,30.1086650,0
            -95.4371880,30.1130590,0
            -95.4375280,30.1138030,0
            -95.4377890,30.1142610,0
            -95.4380470,30.1146540,0
            -95.4401950,30.1173530,0
            -95.4405230,30.1178220,0
            -95.4410210,30.1186590,0
            -95.4414580,30.1196140,0
            -95.4417120,30.1203440,0
            -95.4418680,30.1209260,0
            -95.4497460,30.1597720,0
            -95.4501660,30.1624100,0
            -95.4507170,30.1681550,0
            -95.4507520,30.1688010,0
            -95.4508540,30.1695860,0
            -95.4524550,30.1862880,0
            -95.4526820,30.1880950,0
            -95.4529820,30.1899360,0
            -95.4556160,30.2031640,0
            -95.4557250,30.2038790,0
            -95.4569600,30.2170040,0
            -95.4574270,30.2231330,0
            -95.4585790,30.2349240,0
            -95.4586010,30.2354620,0
            -95.4585840,30.2361270,0
            -95.4582760,30.2404910,0
            -95.4581760,30.2413180,0
            -95.4580320,30.2421160,0
            -95.4570050,30.2466010,0
            -95.4568950,30.2472460,0
            -95.4568180,30.2478970,0
            -95.4567840,30.2486160,0
            -95.4565890,30.2754130,0
            -95.4566690,30.2766310,0
            -95.4569100,30.2781200,0
            -95.4571050,30.2789140,0
            -95.4573420,30.2796940,0
            -95.4578050,30.2808460,0
            -95.4581420,30.2815820,0
            -95.4587320,30.2826070,0
            -95.4610750,30.2859260,0
            -95.4616950,30.2869330,0
            -95.4621120,30.2877020,0
            -95.4627460,30.2890720,0
            -95.4632800,30.2904320,0
            -95.4752690,30.3264800,0
            -95.4765070,30.3297640,0
            -95.4777690,30.3328650,0
            -95.4780810,30.3337840,0
            -95.4826260,30.3456150,0
            -95.4829220,30.3465080,0
            -95.4832790,30.3478220,0
            -95.4834790,30.3487540,0
            -95.4836780,30.3499940,0
            -95.4837640,30.3507780,0
            -95.4846160,30.3623920,0
            -95.4854420,30.3770570,0
            -95.4854580,30.3771690,0
            -95.4863120,30.4009350,0
            -95.4863890,30.4017440,0
            -95.4867740,30.4042710,0
            -95.4870600,30.4055080,0
            -95.4874860,30.4070530,0
            -95.4942730,30.4292300,0
            -95.4946660,30.4308690,0
            -95.4949010,30.4321690,0
            -95.4950640,30.4333320,0
            -95.4951750,30.4344880,0
            -95.4958740,30.4626840,0
            -95.4962960,30.4676690,0
            -95.4963820,30.4697160,0
            -95.4963230,30.4715570,0
            -95.4962240,30.4727030,0
            -95.4938290,30.4884380,0
            -95.4937830,30.4886370,0
            -95.4917950,30.5018280,0
            -95.4916330,30.5035050,0
            -95.4908700,30.5168960,0
            -95.4908430,30.5181100,0
            -95.4908970,30.5189400,0
            -95.4909570,30.5194010,0
            -95.4912290,30.5208550,0
            -95.5014780,30.5633560,0
            -95.5020610,30.5661570,0
            -95.5022800,30.5680170,0
            -95.5102800,30.6570720,0
            -95.5103970,30.6579410,0
            -95.5105320,30.6586510,0
            -95.5108700,30.6599240,0
            -95.5113100,30.6611360,0
            -95.5117900,30.6621500,0
            -95.5183960,30.6740480,0
            -95.5186240,30.6744180,0
            -95.5190920,30.6750790,0
            -95.5194320,30.6754930,0
            -95.5198750,30.6759810,0
            -95.5203530,30.6764510,0
            -95.5210500,30.6770390,0
            -95.5215530,30.6774130,0
            -95.5260750,30.6803190,0
            -95.5272100,30.6809630,0
            -95.5496710,30.6919590,0
            -95.5504590,30.6924060,0
            -95.5510230,30.6927740,0
            -95.5514920,30.6931180,0
            -95.5522900,30.6937960,0
            -95.5529510,30.6944680,0
            -95.5535600,30.6952030,0
            -95.5588110,30.7020850,0
            -95.5736170,30.7239740,0
            -95.5741690,30.7246760,0
            -95.5751050,30.7256950,0
            -95.5757180,30.7262790,0
            -95.5828150,30.7323470,0
            -95.5836470,30.7329810,0
            -95.6112810,30.7511290,0
            -95.6136390,30.7527800,0
            -95.6355870,30.7671830,0
            -95.6381630,30.7687690,0
            -95.6752330,30.7930800,0
            -95.6757440,30.7934430,0
            -95.6764650,30.7940060,0
            -95.6773090,30.7947550,0
            -95.6923460,30.8097630,0
            -95.7163250,30.8350430,0
            -95.7170250,30.8356770,0
            -95.7174840,30.8360560,0
            -95.7470850,30.8579940,0
            -95.7481760,30.8589140,0
            -95.7490240,30.8597500,0
            -95.7494680,30.8602390,0
            -95.7871860,30.9068400,0
            -95.7878960,30.9076250,0
            -95.7889030,30.9085870,0
            -95.7896550,30.9092100,0
            -95.7906460,30.9099350,0
            -95.7916730,30.9105830,0
            -95.8746250,30.9581680,0
            -95.8753490,30.9586140,0
            -95.8759490,30.9590230,0
            -95.8768270,30.9596930,0
            -95.8776110,30.9603670,0
            -95.8780920,30.9608260,0
            -95.8996080,30.9829270,0
            -95.9000830,30.9834650,0
            -95.9006550,30.9841810,0
            -95.9429700,31.0417000,0
            -95.9434310,31.0424130,0
            -95.9438270,31.0431160,0
            -95.9442730,31.0440340,0
            -95.9446100,31.0448630,0
            -95.9650260,31.1043970,0
            -95.9654190,31.1053040,0
            -95.9657690,31.1059950,0
            -95.9746400,31.1204980,0
            -95.9750780,31.1213780,0
            -95.9753680,31.1220570,0
            -95.9756240,31.1227540,0
            -95.9820690,31.1457770,0
            -95.9908730,31.1844190,0
            -95.9908940,31.1846350,0
            -95.9910470,31.1853310,0
            -95.9911470,31.1856070,0
            -95.9919560,31.1892960,0
            -95.9920340,31.1895160,0
            -95.9926060,31.1920150,0
            -95.9926530,31.1921330,0
            -95.9964980,31.2090650,0
            -95.9966300,31.2098110,0
            -95.9967100,31.2104510,0
            -95.9967780,31.2116260,0
            -95.9967630,31.2124850,0
            -95.9967170,31.2131240,0
            -95.9965610,31.2143790,0
            -95.9965210,31.2145700,0
            -95.9942410,31.2315570,0
            -95.9940570,31.2326220,0
            -95.9938030,31.2337930,0
            -95.9929310,31.2370400,0
            -95.9928390,31.2372490,0
            -95.9927370,31.2375590,0
            -95.9925340,31.2385250,0
            -95.9921700,31.2398050,0
            -95.9919590,31.2404240,0
            -95.9894430,31.2467110,0
            -95.9892270,31.2473350,0
            -95.9889630,31.2482770,0
            -95.9887480,31.2493320,0
            -95.9886460,31.2500820,0
            -95.9869740,31.2685560,0
            -95.9869470,31.2694430,0
            -95.9870000,31.2705990,0
            -95.9871010,31.2714490,0
            -95.9872110,31.2720820,0
            -95.9875290,31.2733530,0
            -95.9879760,31.2746100,0
            -95.9884120,31.2755760,0
            -95.9974010,31.2931370,0
            -95.9978550,31.2941490,0
            -95.9982530,31.2952850,0
            -96.0206080,31.3772230,0
            -96.0208170,31.3778810,0
            -96.0212680,31.3790270,0
            -96.0216240,31.3797780,0
            -96.0222730,31.3809120,0
            -96.0467920,31.4182460,0
            -96.0475790,31.4193450,0
            -96.0481980,31.4201470,0
            -96.0491540,31.4212850,0
            -96.0823710,31.4581530,0
            -96.0828730,31.4587650,0
            -96.0834030,31.4594930,0
            -96.0839450,31.4603380,0
            -96.0842720,31.4609210,0
            -96.0847090,31.4618080,0
            -96.0850840,31.4627260,0
            -96.0893550,31.4760020,0
            -96.0894760,31.4763180,0
            -96.0976750,31.5017380,0
            -96.0980180,31.5025800,0
            -96.0984790,31.5035260,0
            -96.0988180,31.5041320,0
            -96.1233410,31.5413230,0
            -96.1248610,31.5439520,0
            -96.1284520,31.5508730,0
            -96.1299410,31.5533950,0
            -96.1480570,31.5809020,0
            -96.1486650,31.5820250,0
            -96.1489980,31.5827620,0
            -96.1492470,31.5834020,0
            -96.1555030,31.6021720,0
            -96.1557630,31.6030620,0
            -96.1559950,31.6041800,0
            -96.1561170,31.6050580,0
            -96.1583120,31.6396410,0
            -96.1584610,31.6413220,0
            -96.1587870,31.6437980,0
            -96.1626380,31.6673210,0
            -96.1634660,31.6729240,0
            -96.1660210,31.6877110,0
            -96.1663150,31.6889010,0
            -96.1666760,31.6899930,0
            -96.1672070,31.6912770,0
            -96.1726190,31.7031650,0
            -96.1730960,31.7043370,0
            -96.1734080,31.7051970,0
            -96.1808230,31.7287840,0
            -96.1810760,31.7294500,0
            -96.1814300,31.7302440,0
            -96.1819600,31.7312480,0
            -96.1822520,31.7317330,0
            -96.1828210,31.7325780,0
            -96.1833060,31.7332210,0
            -96.1839040,31.7339300,0
            -96.2103320,31.7616750,0
            -96.2107560,31.7620820,0
            -96.2288610,31.7779710,0
            -96.2299640,31.7788740,0
            -96.2315100,31.7800210,0
            -96.2429870,31.7877200,0
            -96.2440790,31.7884940,0
            -96.2449850,31.7892150,0
            -96.2599720,31.8026940,0
            -96.2600730,31.8027710,0
            -96.2747340,31.8159410,0
            -96.2753890,31.8165970,0
            -96.2763130,31.8176660,0
            -96.2767960,31.8183140,0
            -96.2771950,31.8189010,0
            -96.2776640,31.8196870,0
            -96.2847970,31.8331680,0
            -96.2852870,31.8339740,0
            -96.2858900,31.8348320,0
            -96.2864800,31.8355700,0
            -96.2868880,31.8360330,0
            -96.3083200,31.8585280,0
            -96.3091170,31.8593030,0
            -96.3096320,31.8597340,0
            -96.3101350,31.8601140,0
            -96.3105690,31.8604100,0
            -96.3115880,31.8610050,0
            -96.3121860,31.8612970,0
            -96.3127360,31.8615310,0
            -96.3334400,31.8690240,0
            -96.3341390,31.8693280,0
            -96.3346910,31.8696030,0
            -96.3354320,31.8700310,0
            -96.3360400,31.8704390,0
            -96.3367980,31.8710310,0
            -96.3373250,31.8715040,0
            -96.3396670,31.8739500,0
            -96.3402970,31.8745580,0
            -96.3456040,31.8801430,0
            -96.3461530,31.8807720,0
            -96.3531760,31.8881450,0
            -96.3536320,31.8885540,0
            -96.3540740,31.8889130,0
            -96.3545630,31.8892700,0
            -96.3552830,31.8897360,0
            -96.3853430,31.9058800,0
            -96.3867220,31.9066800,0
            -96.4006470,31.9152210,0
            -96.4007830,31.9153290,0
            -96.4111410,31.9216570,0
            -96.4119260,31.9222060,0
            -96.4125100,31.9226850,0
            -96.4131630,31.9233090,0
            -96.4149010,31.9252940,0
            -96.4153830,31.9257690,0
            -96.4158590,31.9261880,0
            -96.4163890,31.9266020,0
            -96.4168840,31.9269530,0
            -96.4225150,31.9304510,0
            -96.4228340,31.9306830,0
            -96.4232930,31.9310760,0
            -96.4236370,31.9314250,0
            -96.4239550,31.9318100,0
            -96.4242090,31.9321660,0
            -96.4245790,31.9328590,0
            -96.4248070,31.9334880,0
            -96.4249440,31.9341370,0
            -96.4250010,31.9346740,0
            -96.4249890,31.9352140,0
            -96.4249470,31.9356170,0
            -96.4204300,31.9562540,0
            -96.4203340,31.9572500,0
            -96.4203450,31.9627010,0
            -96.4204670,31.9638520,0
            -96.4205880,31.9645630,0
            -96.4219920,31.9701450,0
            -96.4221320,31.9708250,0
            -96.4240640,31.9843680,0
            -96.4242910,31.9853810,0
            -96.4246150,31.9864430,0
            -96.4247690,31.9868630,0
            -96.4395730,32.0220170,0
            -96.4458640,32.0385340,0
            -96.4460790,32.0391930,0
            -96.4503060,32.0541980,0
            -96.4503880,32.0545640,0
            -96.4521030,32.0607590,0
            -96.4521980,32.0613330,0
            -96.4522430,32.0618200,0
            -96.4522380,32.0625620,0
            -96.4521930,32.0630030,0
            -96.4519420,32.0645990,0
            -96.4517770,32.0652950,0
            -96.4516290,32.0657510,0
            -96.4514230,32.0662710,0
            -96.4511870,32.0667580,0
            -96.4508870,32.0673010,0
            -96.4503030,32.0681410,0
            -96.4417820,32.0784610,0
            -96.4411600,32.0793200,0
            -96.4405830,32.0802740,0
            -96.4402190,32.0809810,0
            -96.4398900,32.0817260,0
            -96.4395650,32.0826040,0
            -96.4392280,32.0837730,0
            -96.4390220,32.0848060,0
            -96.4389100,32.0857230,0
            -96.4388690,32.0868990,0
            -96.4388850,32.0876040,0
            -96.4389750,32.0886380,0
            -96.4390860,32.0893650,0
            -96.4414420,32.1001030,0
            -96.4414630,32.1002550,0
            -96.4449550,32.1160100,0
            -96.4452740,32.1169930,0
            -96.4455400,32.1176650,0
            -96.4458410,32.1183280,0
            -96.4462280,32.1190670,0
            -96.4466660,32.1198000,0
            -96.4513820,32.1268960,0
            -96.4525540,32.1285620,0
            -96.4569450,32.1352100,0
            -96.4588320,32.1383660,0
            -96.4596960,32.1397200,0
            -96.4622950,32.1434610,0
            -96.4628350,32.1442910,0
            -96.4649890,32.1480660,0
            -96.4667570,32.1508060,0
            -96.4670430,32.1513200,0
            -96.4674280,32.1521460,0
            -96.4676480,32.1527640,0
            -96.4678670,32.1535580,0
            -96.4680020,32.1542530,0
            -96.4697670,32.1681460,0
            -96.4697690,32.1682700,0
            -96.4735700,32.1981790,0
            -96.4737440,32.1990280,0
            -96.4738940,32.1995490,0
            -96.4742490,32.2004850,0
            -96.4827050,32.2176180,0
            -96.4847820,32.2216130,0
            -96.4856370,32.2235610,0
            -96.4862180,32.2247790,0
            -96.4895840,32.2311120,0
            -96.4955290,32.2432720,0
            -96.4965470,32.2452000,0
            -96.4993300,32.2495940,0
            -96.5000940,32.2508990,0
            -96.5088120,32.2672360,0
            -96.5092610,32.2679530,0
            -96.5096180,32.2684470,0
            -96.5102120,32.2691770,0
            -96.5110230,32.2700260,0
            -96.5116550,32.2705950,0
            -96.5121320,32.2709830,0
            -96.5131080,32.2716800,0
            -96.5141760,32.2723150,0
            -96.5143330,32.2723810,0
            -96.5148610,32.2726470,0
            -96.5402490,32.2844090,0
            -96.5440460,32.2863010,0
            -96.5472310,32.2877650,0
            -96.5509510,32.2893540,0
            -96.5568660,32.2920820,0
            -96.5569780,32.2921240,0
            -96.5844970,32.3048530,0
            -96.5845640,32.3048760,0
            -96.5942150,32.3093380,0
            -96.5950770,32.3097830,0
            -96.5958490,32.3102200,0
            -96.5967470,32.3107810,0
            -96.5975080,32.3113380,0
            -96.5982770,32.3119630,0
            -96.5991460,32.3127520,0
            -96.5997000,32.3133210,0
            -96.6053730,32.3200950,0
            -96.6062730,32.3212430,0
            -96.6175150,32.3371000,0
            -96.6183550,32.3384010,0
            -96.6280390,32.3544900,0
            -96.6290520,32.3560210,0
            -96.6303150,32.3576900,0
            -96.6450900,32.3748850,0
            -96.6455340,32.3754880,0
            -96.6461890,32.3765000,0
            -96.6464220,32.3769100,0
            -96.6471400,32.3784870,0
            -96.6479520,32.3807520,0
            -96.6481130,32.3811310,0
            -96.6546840,32.3997420,0
            -96.6562030,32.4032950,0
            -96.6572790,32.4063270,0
            -96.6574550,32.4067440,0
            -96.6593330,32.4120910,0
            -96.6595150,32.4127180,0
            -96.6597930,32.4140570,0
            -96.6599010,32.4149430,0
            -96.6599510,32.4159310,0
            -96.6599190,32.4170280,0
            -96.6598270,32.4179120,0
            -96.6597420,32.4184590,0
            -96.6595200,32.4194880,0
            -96.6586110,32.4227910,0
            -96.6584860,32.4233370,0
            -96.6583560,32.4240980,0
            -96.6582370,32.4252530,0
            -96.6582150,32.4260860,0
            -96.6582280,32.4266440,0
            -96.6583110,32.4276330,0
            -96.6585560,32.4290640,0
            -96.6586300,32.4293540,0
            -96.6586960,32.4297150,0
            -96.6589460,32.4304980,0
            -96.6640720,32.4439980,0
            -96.6642310,32.4445960,0
            -96.6644540,32.4456530,0
            -96.6645790,32.4464780,0
            -96.6646590,32.4477980,0
            -96.6646380,32.4486670,0
            -96.6645570,32.4495890,0
            -96.6610100,32.4692560,0
            -96.6608640,32.4702600,0
            -96.6607920,32.4716250,0
            -96.6608310,32.4724770,0
            -96.6609090,32.4732660,0
            -96.6610160,32.4739670,0
            -96.6610940,32.4743300,0
            -96.6611010,32.4744170,0
            -96.6612870,32.4751740,0
            -96.6615090,32.4759020,0
            -96.6618110,32.4767100,0
            -96.6632110,32.4800210,0
            -96.6635230,32.4809270,0
            -96.6637260,32.4816710,0
            -96.6638510,32.4822410,0
            -96.6640070,32.4832420,0
            -96.6640970,32.4845540,0
            -96.6634730,32.5067100,0
            -96.6633920,32.5082170,0
            -96.6631970,32.5102290,0
            -96.6631560,32.5112780,0
            -96.6632200,32.5138230,0
            -96.6631650,32.5148850,0
            -96.6630920,32.5155210,0
            -96.6628440,32.5167690,0
            -96.6625540,32.5178110,0
            -96.6598870,32.5249090,0
            -96.6595930,32.5258230,0
            -96.6593680,32.5267370,0
            -96.6591660,32.5279620,0
            -96.6590950,32.5287880,0
            -96.6587010,32.5424630,0
            -96.6587290,32.5433270,0
            -96.6588070,32.5440940,0
            -96.6589580,32.5450700,0
            -96.6593340,32.5465120,0
            -96.6652820,32.5627970,0
            -96.6656610,32.5636530,0
            -96.6778300,32.5890200,0
            -96.6855980,32.6034820,0
            -96.6947700,32.6234350,0
            -96.7076510,32.6493650,0
            -96.7079840,32.6499640,0
            -96.7084120,32.6505920,0
            -96.7088470,32.6511190,0
            -96.7091600,32.6514510,0
            -96.7095750,32.6518460,0
            -96.7100680,32.6522480,0
            -96.7107080,32.6526930,0
            -96.7111060,32.6529290,0
            -96.7231110,32.6592490,0
            -96.7240730,32.6598590,0
            -96.7252450,32.6607270,0
            -96.7258550,32.6612390,0
            -96.7267130,32.6620520,0
            -96.7270890,32.6624430,0
            -96.7312910,32.6674200,0
            -96.7318960,32.6681870,0
            -96.7338740,32.6704810,0
            -96.7340880,32.6706880,0
            -96.7449960,32.6826640,0
            -96.7457320,32.6835820,0
            -96.7465900,32.6848560,0
            -96.7472960,32.6862010,0
            -96.7476590,32.6870420,0
            -96.7534620,32.7027060,0
            -96.7562350,32.7127070,0
            -96.7566680,32.7137640,0
            -96.7617610,32.7237590,0
            -96.7620510,32.7244720,0
            -96.7622330,32.7249970,0
            -96.7701860,32.7512330,0
            -96.7713770,32.7549470,0
            -96.7716480,32.7556230,0
            -96.7722130,32.7567830,0
            -96.7740640,32.7600960,0
            -96.7745990,32.7613070,0
            -96.7760770,32.7653810,0
            -96.7761330,32.7655830,0
            -96.7777000,32.7699620,0
            -96.7779850,32.7710600,0
            -96.7780720,32.7716880,0
            -96.7781030,32.7721410,0
            -96.7780950,32.7729430,0
            -96.7781730,32.7737180,0
            -96.7782150,32.7739460,0
            -96.7783720,32.7744630,0
            -96.7785760,32.7748670,0
            -96.7788880,32.7753450,0
            -96.7789620,32.7756840,0
            -96.7791590,32.7760180,0
            -96.7806070,32.7778600,0
            -96.7807090,32.7780080,0
            -96.7810440,32.7783890,0
            -96.7811600,32.7784810,0
            -96.7813530,32.7786040,0
            -96.7815670,32.7787050,0
            -96.7819020,32.7787950,0
            -96.7820160,32.7788100,0
            -96.7822720,32.7788180,0
            -96.7825120,32.7787950,0
            -96.7827230,32.7787500,0
            -96.7828790,32.7786980,0
            -96.7830670,32.7786130,0
            -96.7832650,32.7784890,0
            -96.7835320,32.7782680,0
            -96.7845600,32.7773030,0
            -96.7849300,32.7769880,0
            -96.7855890,32.7765070,0
            -96.7862030,32.7761210,0
            -96.7867740,32.7758340,0
            -96.7873240,32.7756100,0
            -96.7876150,32.7755150,0
            -96.7879000,32.7754420,0
            -96.7881350,32.7754350,0
            -96.7899460,32.7751910,0
            -96.7914250,32.7748380,0
            -96.7915820,32.7748180,0
            -96.7916870,32.7748180,0
            -96.7949010,32.7738770,0
            -96.7949830,32.7738270,0
            -96.7977970,32.7731740,0
            -96.7980800,32.7730820,0
            -96.7985040,32.7729050,0
            -96.7991660,32.7725770,0
            -96.7995230,32.7723250,0
            -96.8023320,32.7700530,0
            -96.8025710,32.7699070,0
            -96.8026910,32.7698540,0
            -96.8034480,32.7696020,0
            -96.8037140,32.7695350,0
            -96.8039860,32.7694890,0
            -96.8043680,32.7694570,0
            -96.8046890,32.7694630,0
            -96.8050080,32.7694940,0
            -96.8054810,32.7695920,0
            -96.8058480,32.7697190,0
            -96.8074110,32.7703650,0
            -96.8084030,32.7708490,0
            -96.8092220,32.7713300,0
            -96.8095060,32.7715290,0
            -96.8097460,32.7717330,0
            -96.8099330,32.7719260,0
            -96.8100790,32.7721140,0
            -96.8102880,32.7724670,0
            -96.8104330,32.7728690,0
            -96.8105810,32.7736550,0
            -96.8106190,32.7737420,0
            -96.8110470,32.7762450,0
            -96.8111460,32.7763040,0
            -96.8115960,32.7794540,0
            -96.8116410,32.7800890,0
            -96.8116540,32.7809410,0
            -96.8114900,32.7810330,0
            -96.8114860,32.7810380,0
            -96.8113890,32.7817540,0
            -96.8113410,32.7819880,0
            -96.8113400,32.7820290,0
            -96.8111640,32.7826670,0
            -96.8111770,32.7828410,0
            -96.8113650,32.7836490,0
            -96.8114120,32.7839810,0
            -96.8109580,32.7841360,0
            -96.8100580,32.7843540,0
            -96.8098960,32.7843750,0
            -96.8096290,32.7843850,0
            -96.8095790,32.7843930,0
            -96.8082190,32.7843810,0
            -96.8079320,32.7843140,0
            -96.8078000,32.7842440,0
            -96.8075510,32.7840570,0
            -96.8074010,32.7839710,0
            -96.8072440,32.7837860,0
            -96.8057850,32.7823820,0
            -96.8057720,32.7823560,0
            -96.8048580,32.7815120,0
            -96.8047870,32.7814020,0
            -96.8047240,32.7812190,0
            -96.8046840,32.7809870,0
            -96.8042930,32.7795640,0
            -96.8029840,32.7798350,0
            -96.8029180,32.7790940,0
            -96.8022230,32.7767080,0
            -96.8007190,32.7768260,0
            -96.7999800,32.7769620,0
            -96.7975960,32.7775080,0
            -96.7975280,32.7775170,0
            -96.7966070,32.7777430,0
            -96.7963440,32.7778570,0
            -96.7961990,32.7779070,0
            -96.7965780,32.7789900,0
            -96.7966800,32.7794910,0
            -96.7964480,32.7795430,0
          </coordinates>
        </LineString>
      </Placemark>
      <Placemark>
        <name>Dallas Downtown Historic District</name>
        <styleUrl>#icon-1739-0288D1</styleUrl>
        <ExtendedData>
          <Data name="Category">
            <value />
          </Data>
          <Data name="Distance">
            <value>0</value>
          </Data>
        </ExtendedData>
        <Point>
          <coordinates>
            -96.80027,32.779091,0
          </coordinates>
        </Point>
      </Placemark>
      <Placemark>
        <name>Driving</name>
        <styleUrl>#line-F9A825-5000</styleUrl>
        <ExtendedData>
          <Data name="Category">
            <value>Driving</value>
          </Data>
          <Data name="Distance">
            <value>13972</value>
          </Data>
        </ExtendedData>
        <LineString>
          <tessellate>1</tessellate>
          <coordinates>
            -96.7966650,32.7793990,0
            -96.7967350,32.7797830,0
            -96.7968870,32.7803430,0
            -96.7954790,32.7806380,0
            -96.7952570,32.7799350,0
            -96.7943250,32.7773040,0
            -96.7942790,32.7772150,0
            -96.7939500,32.7769080,0
            -96.7954690,32.7756340,0
            -96.7956230,32.7755260,0
            -96.7970190,32.7743880,0
            -96.7970220,32.7743110,0
            -96.7970420,32.7742570,0
            -96.7972530,32.7739500,0
            -96.7974310,32.7737460,0
            -96.7975900,32.7735970,0
            -96.7977690,32.7734620,0
            -96.7990580,32.7726950,0
            -96.7991660,32.7725770,0
            -96.7995230,32.7723240,0
            -96.8010350,32.7710910,0
            -96.8011140,32.7710890,0
            -96.8011310,32.7710800,0
            -96.8024370,32.7700580,0
            -96.8025530,32.7699980,0
            -96.8026700,32.7699570,0
            -96.8028550,32.7699260,0
            -96.8033870,32.7698860,0
            -96.8036800,32.7698290,0
            -96.8039230,32.7697380,0
            -96.8048250,32.7692990,0
            -96.8049960,32.7692390,0
            -96.8052980,32.7691750,0
            -96.8055660,32.7691410,0
            -96.8058860,32.7691390,0
            -96.8060190,32.7690860,0
            -96.8066050,32.7692090,0
            -96.8069280,32.7693080,0
            -96.8074190,32.7695040,0
            -96.8098000,32.7707970,0
            -96.8102690,32.7710100,0
            -96.8107230,32.7711660,0
            -96.8114070,32.7713330,0
            -96.8117260,32.7713790,0
            -96.8122470,32.7714200,0
            -96.8129530,32.7714200,0
            -96.8134030,32.7713580,0
            -96.8174450,32.7706130,0
            -96.8197320,32.7701500,0
            -96.8209940,32.7698550,0
            -96.8235030,32.7691890,0
            -96.8236910,32.7692210,0
            -96.8249600,32.7690310,0
            -96.8258110,32.7688610,0
            -96.8268450,32.7687150,0
            -96.8271300,32.7687280,0
            -96.8275390,32.7686550,0
            -96.8317270,32.7681760,0
            -96.8317860,32.7681790,0
            -96.8342240,32.7679520,0
            -96.8348760,32.7678670,0
            -96.8350220,32.7679070,0
            -96.8350420,32.7679080,0
            -96.8354550,32.7678440,0
            -96.8355210,32.7678530,0
            -96.8356510,32.7679160,0
            -96.8357050,32.7684230,0
            -96.8357530,32.7693120,0
            -96.8357920,32.7694610,0
            -96.8359030,32.7697340,0
            -96.8352220,32.7703470,0
            -96.8351420,32.7704590,0
            -96.8349620,32.7706490,0
            -96.8335560,32.7719130,0
            -96.8328700,32.7723570,0
            -96.8324730,32.7725780,0
            -96.8319520,32.7728030,0
            -96.8313160,32.7730280,0
            -96.8307920,32.7731560,0
            -96.8235560,32.7746710,0
            -96.8235230,32.7746830,0
            -96.8234300,32.7747520,0
            -96.8160860,32.7762970,0
            -96.8160220,32.7762700,0
            -96.8160000,32.7762690,0
            -96.8157470,32.7763160,0
            -96.8154530,32.7763500,0
            -96.8153000,32.7763570,0
            -96.8150800,32.7763890,0
            -96.8146180,32.7764870,0
            -96.8145730,32.7765020,0
            -96.8135910,32.7767060,0
            -96.8134390,32.7767590,0
            -96.8131960,32.7768010,0
            -96.8132310,32.7785770,0
            -96.8132990,32.7789720,0
            -96.8135820,32.7799610,0
            -96.8139430,32.7810030,0
            -96.8144860,32.7818550,0
            -96.8147090,32.7823160,0
            -96.8148840,32.7827710,0
            -96.8151450,32.7831710,0
            -96.8149780,32.7832530,0
            -96.8149530,32.7832820,0
            -96.8149480,32.7832960,0
            -96.8149570,32.7833240,0
            -96.8149680,32.7833390,0
            -96.8150030,32.7833670,0
            -96.8146760,32.7833780,0
            -96.8146660,32.7833840,0
            -96.8146590,32.7833970,0
            -96.8146660,32.7835430,0
            -96.8146720,32.7835520,0
            -96.8147140,32.7835790,0
            -96.8147340,32.7837380,0
            -96.8131010,32.7837990,0
            -96.8131130,32.7839540,0
            -96.8158790,32.7838580,0
            -96.8157800,32.7837000,0
            -96.8151480,32.7828460,0
            -96.8150570,32.7826160,0
            -96.8149180,32.7821530,0
            -96.8149040,32.7821240,0
            -96.8148300,32.7818880,0
            -96.8141620,32.7809910,0
            -96.8140750,32.7808430,0
            -96.8139290,32.7805250,0
            -96.8134880,32.7790580,0
            -96.8134290,32.7784570,0
            -96.8134270,32.7769030,0
            -96.8160410,32.7763570,0
            -96.8160620,32.7763460,0
            -96.8160700,32.7763360,0
            -96.8160860,32.7762970,0
            -96.8234300,32.7747520,0
            -96.8235320,32.7747610,0
            -96.8236980,32.7747470,0
            -96.8308120,32.7732640,0
            -96.8316230,32.7730490,0
            -96.8321460,32.7728470,0
            -96.8329380,32.7724420,0
            -96.8334750,32.7721000,0
            -96.8338320,32.7718140,0
            -96.8351280,32.7706460,0
            -96.8351790,32.7705830,0
            -96.8353010,32.7704730,0
            -96.8353260,32.7704390,0
            -96.8353800,32.7704010,0
            -96.8359790,32.7698290,0
            -96.8360720,32.7697540,0
            -96.8359910,32.7696570,0
            -96.8359420,32.7695730,0
            -96.8358850,32.7694110,0
            -96.8358300,32.7687590,0
            -96.8358430,32.7687120,0
            -96.8357180,32.7671620,0
            -96.8357220,32.7670690,0
            -96.8353260,32.7671080,0
            -96.8351940,32.7671320,0
            -96.8271600,32.7680440,0
            -96.8269780,32.7681100,0
            -96.8250340,32.7684450,0
            -96.8242410,32.7686200,0
            -96.8241660,32.7686480,0
            -96.8240620,32.7687510,0
            -96.8174010,32.7700900,0
            -96.8172420,32.7701800,0
            -96.8170630,32.7702340,0
            -96.8157780,32.7705480,0
            -96.8139930,32.7709280,0
            -96.8138770,32.7708970,0
            -96.8132980,32.7709610,0
            -96.8126380,32.7709820,0
            -96.8122810,32.7709670,0
            -96.8119250,32.7709140,0
            -96.8116750,32.7708600,0
            -96.8113790,32.7707770,0
            -96.8109930,32.7706260,0
            -96.8107910,32.7705260,0
            -96.8106740,32.7704840,0
            -96.8101070,32.7701620,0
            -96.8099960,32.7701390,0
            -96.8074020,32.7686880,0
            -96.8071740,32.7686050,0
            -96.8069490,32.7684990,0
            -96.8067230,32.7684150,0
            -96.8063240,32.7683080,0
            -96.8058440,32.7682380,0
            -96.8054180,32.7682270,0
            -96.8051780,32.7682410,0
            -96.8049170,32.7682730,0
            -96.8038990,32.7684570,0
            -96.8036550,32.7685210,0
            -96.8034340,32.7685980,0
            -96.8031040,32.7687520,0
            -96.8029310,32.7688490,0
            -96.8025830,32.7690790,0
            -96.8023120,32.7692980,0
            -96.8014540,32.7700940,0
            -96.8013410,32.7702480,0
            -96.7992670,32.7719070,0
            -96.7988270,32.7722010,0
            -96.7982770,32.7724920,0
            -96.7980830,32.7725750,0
            -96.7976560,32.7727290,0
            -96.7969400,32.7729140,0
            -96.7968230,32.7728860,0
            -96.7965360,32.7728700,0
            -96.7964140,32.7728410,0
            -96.7963620,32.7728180,0
            -96.7963100,32.7727870,0
            -96.7962270,32.7727160,0
            -96.7961860,32.7726620,0
            -96.7961560,32.7726010,0
            -96.7961410,32.7725500,0
            -96.7961330,32.7724730,0
            -96.7961400,32.7724040,0
            -96.7961630,32.7723370,0
            -96.7961910,32.7722850,0
            -96.7962620,32.7722030,0
            -96.7964720,32.7720630,0
            -96.7967180,32.7720060,0
            -96.7969690,32.7719990,0
            -96.7970820,32.7720140,0
            -96.7972680,32.7720700,0
            -96.7973920,32.7721330,0
            -96.7974680,32.7721880,0
            -96.7975310,32.7722600,0
            -96.7975560,32.7723020,0
            -96.7975810,32.7723670,0
            -96.7975870,32.7724260,0
            -96.7975740,32.7725310,0
            -96.7974900,32.7727400,0
            -96.7965850,32.7734780,0
            -96.7964840,32.7735460,0
            -96.7961700,32.7738060,0
            -96.7960870,32.7738600,0
            -96.7942470,32.7753680,0
            -96.7943330,32.7754580,0
            -96.7955020,32.7764590,0
            -96.7957490,32.7767050,0
            -96.7958800,32.7769350,0
            -96.7965790,32.7789900,0
            -96.7966230,32.7791820,0
          </coordinates>
        </LineString>
      </Placemark>
      <Placemark>
        <name>Residence Inn by Marriott Dallas Downtown</name>
        <styleUrl>#icon-1602-0288D1</styleUrl>
        <ExtendedData>
          <Data name="Category">
            <value>Hotel</value>
          </Data>
          <Data name="Distance">
            <value>0</value>
          </Data>
        </ExtendedData>
        <Point>
          <coordinates>
            -96.796207,32.780232,0
          </coordinates>
        </Point>
      </Placemark>
    </Folder>
    <Folder>
      <name>2019-11-09</name>
      <Placemark>
        <name>Austin-Bergstrom International Airport</name>
        <styleUrl>#icon-1504-0288D1</styleUrl>
        <ExtendedData>
          <Data name="Category">
            <value>Airport</value>
          </Data>
          <Data name="Distance">
            <value>0</value>
          </Data>
        </ExtendedData>
        <Point>
          <coordinates>
            -97.666353,30.197471,0
          </coordinates>
        </Point>
      </Placemark>
      <Placemark>
        <name>Driving</name>
        <styleUrl>#line-A52714-5000</styleUrl>
        <ExtendedData>
          <Data name="Category">
            <value>Driving</value>
          </Data>
          <Data name="Distance">
            <value>1215</value>
          </Data>
        </ExtendedData>
        <LineString>
          <tessellate>1</tessellate>
          <coordinates>
            -97.6650920,30.2055840,0
            -97.6647760,30.2055930,0
            -97.6639590,30.2056090,0
            -97.6636610,30.2056130,0
            -97.6631460,30.2056250,0
            -97.6631080,30.2056300,0
            -97.6630740,30.2056400,0
            -97.6630550,30.2056490,0
            -97.6630270,30.2056650,0
            -97.6630000,30.2056930,0
            -97.6629850,30.2057180,0
            -97.6629750,30.2057430,0
            -97.6629630,30.2057980,0
            -97.6629660,30.2058360,0
            -97.6629420,30.2062150,0
            -97.6629410,30.2064230,0
            -97.6629590,30.2065520,0
            -97.6630060,30.2066470,0
            -97.6631030,30.2067380,0
            -97.6631950,30.2067960,0
            -97.6631460,30.2069110,0
            -97.6631400,30.2069290,0
            -97.6631320,30.2070090,0
            -97.6630150,30.2069990,0
            -97.6629770,30.2070000,0
            -97.6628410,30.2069990,0
            -97.6628150,30.2069990,0
            -97.6627930,30.2070010,0
            -97.6627650,30.2070580,0
            -97.6627410,30.2072120,0
            -97.6626800,30.2074510,0
            -97.6626650,30.2078110,0
            -97.6626570,30.2080060,0
            -97.6626900,30.2080450,0
            -97.6626580,30.2085840,0
            -97.6626550,30.2086360,0
            -97.6626420,30.2087560,0
            -97.6626240,30.2088830,0
            -97.6625880,30.2090500,0
            -97.6625580,30.2091530,0
            -97.6625200,30.2092600,0
            -97.6624710,30.2093920,0
            -97.6624390,30.2094620,0
            -97.6622320,30.2098540,0
            -97.6621110,30.2100080,0
            -97.6620270,30.2101120,0
            -97.6619050,30.2102380,0
            -97.6618240,30.2103210,0
            -97.6617610,30.2103820,0
            -97.6615070,30.2105870,0
            -97.6614650,30.2106130,0
            -97.6614610,30.2106150,0
            -97.6612200,30.2107610,0
            -97.6611980,30.2107760,0
            -97.6607410,30.2109880,0
            -97.6606400,30.2110340,0
            -97.6603630,30.2111610,0
            -97.6600060,30.2113520,0
            -97.6599260,30.2114040,0
            -97.6596520,30.2115920,0
            -97.6595360,30.2116810,0
            -97.6594360,30.2117710,0
            -97.6593350,30.2118680,0
            -97.6592860,30.2119190,0
            -97.6589950,30.2123140,0
          </coordinates>
        </LineString>
      </Placemark>
      <Placemark>
        <name>Starbucks</name>
        <styleUrl>#icon-1739-0288D1</styleUrl>
        <ExtendedData>
          <Data name="Category">
            <value>Coffee shop</value>
          </Data>
          <Data name="Distance">
            <value>0</value>
          </Data>
        </ExtendedData>
        <Point>
          <coordinates>
            -97.658249,30.213254,0
          </coordinates>
        </Point>
      </Placemark>
      <Placemark>
        <name>Driving</name>
        <styleUrl>#line-A52714-5000</styleUrl>
        <ExtendedData>
          <Data name="Category">
            <value>Driving</value>
          </Data>
          <Data name="Distance">
            <value>25048</value>
          </Data>
        </ExtendedData>
        <LineString>
          <tessellate>1</tessellate>
          <coordinates>
            -97.6584080,30.2132900,0
            -97.6583880,30.2133570,0
            -97.6579720,30.2141480,0
            -97.6576310,30.2145850,0
            -97.6574210,30.2147610,0
            -97.6571630,30.2149340,0
            -97.6565460,30.2152260,0
            -97.6562520,30.2151410,0
            -97.6560190,30.2150250,0
            -97.6557700,30.2148460,0
            -97.6551510,30.2141550,0
            -97.6548310,30.2139220,0
            -97.6546660,30.2137660,0
            -97.6543270,30.2133560,0
            -97.6542000,30.2132710,0
            -97.6538330,30.2131140,0
            -97.6537620,30.2130550,0
            -97.6537370,30.2129970,0
            -97.6537430,30.2129280,0
            -97.6537590,30.2128900,0
            -97.6540290,30.2125940,0
            -97.6553430,30.2113790,0
            -97.6569400,30.2121150,0
            -97.6606790,30.2140230,0
            -97.6677230,30.2180240,0
            -97.6737630,30.2211030,0
            -97.6772320,30.2226760,0
            -97.6788950,30.2231440,0
            -97.6796560,30.2232140,0
            -97.6803990,30.2231820,0
            -97.6807770,30.2231150,0
            -97.6829060,30.2225070,0
            -97.6840160,30.2221160,0
            -97.6857700,30.2213910,0
            -97.6872270,30.2206440,0
            -97.6889530,30.2196550,0
            -97.6912300,30.2184920,0
            -97.6940840,30.2174150,0
            -97.7087460,30.2127390,0
            -97.7096420,30.2125460,0
            -97.7103860,30.2124480,0
            -97.7117100,30.2124080,0
            -97.7123270,30.2124500,0
            -97.7172250,30.2131420,0
            -97.7258040,30.2140420,0
            -97.7388560,30.2158890,0
            -97.7409070,30.2160870,0
            -97.7425080,30.2161640,0
            -97.7425670,30.2162530,0
            -97.7425890,30.2162670,0
            -97.7457510,30.2165190,0
            -97.7458610,30.2165460,0
            -97.7476300,30.2167310,0
            -97.7479100,30.2168030,0
            -97.7481920,30.2169100,0
            -97.7484590,30.2170560,0
            -97.7486540,30.2171930,0
            -97.7488930,30.2174180,0
            -97.7490160,30.2175680,0
            -97.7491850,30.2178500,0
            -97.7492720,30.2180680,0
            -97.7493450,30.2183930,0
            -97.7493560,30.2186650,0
            -97.7493250,30.2189100,0
            -97.7492190,30.2192970,0
            -97.7475660,30.2224850,0
            -97.7475290,30.2226740,0
            -97.7475340,30.2227590,0
            -97.7470140,30.2235560,0
            -97.7432500,30.2299690,0
            -97.7432010,30.2300160,0
            -97.7428180,30.2306600,0
            -97.7427590,30.2307320,0
            -97.7422360,30.2315890,0
            -97.7411040,30.2336860,0
            -97.7355250,30.2430880,0
            -97.7352300,30.2436970,0
            -97.7349680,30.2444920,0
            -97.7348840,30.2449940,0
            -97.7348580,30.2457990,0
            -97.7349170,30.2463310,0
            -97.7366800,30.2547170,0
            -97.7370000,30.2566330,0
            -97.7370550,30.2576210,0
            -97.7370080,30.2583350,0
            -97.7369130,30.2589050,0
            -97.7367150,30.2596550,0
            -97.7321530,30.2722380,0
            -97.7320700,30.2723060,0
            -97.7320300,30.2723580,0
            -97.7312030,30.2739820,0
            -97.7311110,30.2740060,0
            -97.7308510,30.2750600,0
            -97.7302880,30.2764550,0
            -97.7290780,30.2785110,0
            -97.7296130,30.2784870,0
            -97.7299950,30.2785010,0
            -97.7304960,30.2785630,0
            -97.7309660,30.2786620,0
            -97.7419220,30.2817280,0
            -97.7420420,30.2819800,0
            -97.7420690,30.2821300,0
            -97.7415450,30.2874960,0
            -97.7415610,30.2877000,0
            -97.7394700,30.2875190,0
            -97.7392540,30.2874340,0
            -97.7393330,30.2866240,0
            -97.7386250,30.2865750,0
            -97.7384350,30.2865360,0
            -97.7382880,30.2864660,0
            -97.7381530,30.2863510,0
            -97.7380610,30.2862240,0
            -97.7380060,30.2860920,0
            -97.7379620,30.2859040,0
            -97.7379520,30.2855940,0
            -97.7380170,30.2852680,0
            -97.7380800,30.2851060,0
            -97.7381210,30.2850510,0
            -97.7382170,30.2849740,0
            -97.7384560,30.2849020,0
            -97.7403190,30.2850460,0
            -97.7404820,30.2851070,0
            -97.7411270,30.2851560,0
            -97.7411660,30.2851510,0
            -97.7415340,30.2849790,0
            -97.7439090,30.2851240,0
            -97.7441780,30.2823640,0
            -97.7419220,30.2817280,0
            -97.7418310,30.2815270,0
            -97.7417760,30.2812380,0
            -97.7417890,30.2810980,0
            -97.7445660,30.2737000,0
            -97.7407960,30.2726650,0
            -97.7409770,30.2721840,0
            -97.7407950,30.2721350,0
            -97.7406220,30.2726190,0
            -97.7434610,30.2734100,0
            -97.7419200,30.2776540,0
            -97.7498760,30.2798950,0
            -97.7504680,30.2799870,0
            -97.7532420,30.2802160,0
            -97.7534500,30.2802770,0
            -97.7538170,30.2804450,0
            -97.7539300,30.2804740,0
            -97.7560810,30.2820120,0
            -97.7564760,30.2823680,0
            -97.7566290,30.2824630,0
            -97.7567350,30.2825090,0
            -97.7590730,30.2830750,0
            -97.7603520,30.2835440,0
            -97.7632580,30.2856660,0
            -97.7632360,30.2857620,0
            -97.7632390,30.2858450,0
            -97.7631490,30.2861430,0
            -97.7628240,30.2868810,0
            -97.7626580,30.2871760,0
            -97.7627110,30.2872790,0
            -97.7610030,30.2897970,0
            -97.7605160,30.2906340,0
            -97.7599230,30.2918790,0
            -97.7594000,30.2932840,0
            -97.7580940,30.2981190,0
            -97.7579820,30.2990070,0
            -97.7579670,30.2996960,0
            -97.7582190,30.3023130,0
            -97.7582620,30.3034100,0
            -97.7582200,30.3039550,0
            -97.7575880,30.3070600,0
            -97.7575250,30.3071130,0
            -97.7574300,30.3073330,0
            -97.7572470,30.3076000,0
            -97.7570820,30.3077580,0
            -97.7567450,30.3079870,0
            -97.7559670,30.3084390,0
            -97.7558920,30.3085630,0
            -97.7558430,30.3087900,0
            -97.7588510,30.3092940,0
            -97.7590300,30.3092980,0
            -97.7612670,30.3097990,0
            -97.7617130,30.3099420,0
            -97.7619920,30.3100710,0
            -97.7631110,30.3107690,0
            -97.7633670,30.3109640,0
            -97.7642150,30.3118610,0
            -97.7643110,30.3119350,0
            -97.7659680,30.3129200,0
            -97.7689770,30.3144940,0
            -97.7693050,30.3144400,0
            -97.7699420,30.3142110,0
            -97.7702410,30.3140720,0
            -97.7711470,30.3134060,0
            -97.7716050,30.3131290,0
            -97.7718710,30.3135040,0
            -97.7723420,30.3139510,0
            -97.7732660,30.3151700,0
            -97.7733860,30.3152650,0
            -97.7737710,30.3154390,0
            -97.7741950,30.3155830,0
            -97.7744220,30.3156950,0
            -97.7744530,30.3157250,0
            -97.7744660,30.3157510,0
            -97.7744620,30.3159030,0
            -97.7738120,30.3182930,0
            -97.7728180,30.3206030,0
            -97.7727670,30.3209250,0
            -97.7727890,30.3212540,0
            -97.7728590,30.3215050,0
            -97.7729740,30.3217540,0
          </coordinates>
        </LineString>
      </Placemark>
      <Placemark>
        <name>Covert Park at Mount Bonnell</name>
        <styleUrl>#icon-1535-0288D1</styleUrl>
        <ExtendedData>
          <Data name="Category">
            <value>Park</value>
          </Data>
          <Data name="Distance">
            <value>0</value>
          </Data>
        </ExtendedData>
        <Point>
          <coordinates>
            -97.773208,30.321672,0
          </coordinates>
        </Point>
      </Placemark>
      <Placemark>
        <name>Driving</name>
        <styleUrl>#line-A52714-5000</styleUrl>
        <ExtendedData>
          <Data name="Category">
            <value>Driving</value>
          </Data>
          <Data name="Distance">
            <value>1089</value>
          </Data>
        </ExtendedData>
        <LineString>
          <tessellate>1</tessellate>
          <coordinates>
            -97.7730410,30.3218970,0
            -97.7730080,30.3218260,0
            -97.7729150,30.3216290,0
            -97.7728840,30.3215630,0
            -97.7728600,30.3215050,0
            -97.7728260,30.3214040,0
            -97.7728180,30.3213750,0
            -97.7727890,30.3212540,0
            -97.7727740,30.3210900,0
            -97.7727690,30.3210060,0
            -97.7727670,30.3209250,0
            -97.7727710,30.3208500,0
            -97.7727780,30.3207900,0
            -97.7727880,30.3207270,0
            -97.7728000,30.3206740,0
            -97.7728180,30.3206030,0
            -97.7728640,30.3204860,0
            -97.7729080,30.3203870,0
            -97.7729410,30.3203220,0
            -97.7729820,30.3202420,0
            -97.7730350,30.3201280,0
            -97.7730830,30.3200050,0
            -97.7731300,30.3198900,0
            -97.7732260,30.3196570,0
            -97.7732870,30.3195250,0
            -97.7734320,30.3191940,0
            -97.7736750,30.3186240,0
            -97.7738120,30.3182930,0
            -97.7738680,30.3181230,0
            -97.7739290,30.3179310,0
            -97.7739710,30.3177800,0
            -97.7740890,30.3173130,0
            -97.7742020,30.3169210,0
            -97.7742670,30.3166740,0
            -97.7744620,30.3159030,0
            -97.7744680,30.3158640,0
            -97.7744710,30.3158320,0
            -97.7744720,30.3158110,0
            -97.7744710,30.3157910,0
            -97.7744680,30.3157630,0
            -97.7744660,30.3157510,0
            -97.7744620,30.3157410,0
            -97.7744580,30.3157330,0
            -97.7744530,30.3157250,0
            -97.7744460,30.3157170,0
            -97.7744390,30.3157100,0
            -97.7744220,30.3156950,0
            -97.7744060,30.3156840,0
            -97.7743870,30.3156720,0
            -97.7742750,30.3156180,0
            -97.7742150,30.3155920,0
            -97.7741950,30.3155830,0
            -97.7741560,30.3155680,0
            -97.7739680,30.3155020,0
            -97.7738690,30.3154710,0
            -97.7737710,30.3154390,0
            -97.7735550,30.3153440,0
            -97.7734710,30.3153080,0
            -97.7734260,30.3152870,0
            -97.7734190,30.3152830,0
            -97.7733860,30.3152650,0
            -97.7733430,30.3152340,0
            -97.7733090,30.3152070,0
            -97.7732660,30.3151700,0
            -97.7732360,30.3151360,0
            -97.7731890,30.3150840,0
            -97.7731670,30.3150540,0
            -97.7729690,30.3147740,0
            -97.7727350,30.3144670,0
            -97.7725760,30.3142610,0
            -97.7724440,30.3140820,0
            -97.7724000,30.3140230,0
            -97.7723420,30.3139510,0
            -97.7722820,30.3138840,0
            -97.7722280,30.3138270,0
            -97.7722210,30.3138210,0
            -97.7719420,30.3135750,0
            -97.7719120,30.3135480,0
            -97.7718910,30.3135260,0
            -97.7718710,30.3135040,0
            -97.7718520,30.3134790,0
            -97.7718090,30.3134200,0
            -97.7717480,30.3133300,0
            -97.7716050,30.3131280,0
            -97.7719630,30.3129720,0
            -97.7721630,30.3128880,0
            -97.7722550,30.3128570,0
            -97.7723470,30.3128290,0
            -97.7724700,30.3128000,0
            -97.7726070,30.3127720,0
            -97.7729110,30.3127230,0
            -97.7735900,30.3126010,0
            -97.7736750,30.3125880,0
            -97.7737840,30.3125740,0
            -97.7738040,30.3125730,0
            -97.7737880,30.3124100,0
            -97.7738090,30.3123640,0
            -97.7736930,30.3123220,0
            -97.7736280,30.3122680,0
            -97.7736100,30.3122460,0
          </coordinates>
        </LineString>
      </Placemark>
      <Placemark>
        <name>Hiking</name>
        <styleUrl>#line-A52714-5000</styleUrl>
        <ExtendedData>
          <Data name="Category">
            <value>Hiking</value>
          </Data>
          <Data name="Distance">
            <value>686</value>
          </Data>
        </ExtendedData>
        <LineString>
          <tessellate>1</tessellate>
          <coordinates>
            -97.7735440,30.3122980,0
            -97.7735200,30.3122860,0
            -97.7746310,30.3122310,0
            -97.7752430,30.3110960,0
            -97.7749560,30.3101160,0
            -97.7749600,30.3101860,0
            -97.7743890,30.3105820,0
            -97.7746330,30.3117820,0
            -97.7734970,30.3120010,0
          </coordinates>
        </LineString>
      </Placemark>
      <Placemark>
        <name>Driving</name>
        <styleUrl>#line-A52714-5000</styleUrl>
        <ExtendedData>
          <Data name="Category">
            <value>Driving</value>
          </Data>
          <Data name="Distance">
            <value>16506</value>
          </Data>
        </ExtendedData>
        <LineString>
          <tessellate>1</tessellate>
          <coordinates>
            -97.7736290,30.3121360,0
            -97.7735880,30.3121760,0
            -97.7736040,30.3122390,0
            -97.7736930,30.3123220,0
            -97.7738090,30.3123640,0
            -97.7738040,30.3125730,0
            -97.7723470,30.3128290,0
            -97.7716050,30.3131290,0
            -97.7718710,30.3135040,0
            -97.7723420,30.3139510,0
            -97.7733860,30.3152650,0
            -97.7744220,30.3156950,0
            -97.7744660,30.3157510,0
            -97.7738120,30.3182930,0
            -97.7728180,30.3206030,0
            -97.7727890,30.3212540,0
            -97.7732950,30.3225650,0
            -97.7733490,30.3236560,0
            -97.7739940,30.3246420,0
            -97.7741620,30.3251500,0
            -97.7743570,30.3254110,0
            -97.7747840,30.3267730,0
            -97.7747770,30.3273330,0
            -97.7750940,30.3276530,0
            -97.7765860,30.3315900,0
            -97.7766350,30.3320520,0
            -97.7765490,30.3324260,0
            -97.7761150,30.3332080,0
            -97.7759280,30.3346090,0
            -97.7759580,30.3348940,0
            -97.7760580,30.3351270,0
            -97.7771470,30.3363290,0
            -97.7771510,30.3364950,0
            -97.7770950,30.3365560,0
            -97.7770150,30.3365860,0
            -97.7768640,30.3365830,0
            -97.7760720,30.3363560,0
            -97.7759830,30.3363600,0
            -97.7758880,30.3364220,0
            -97.7758760,30.3364850,0
            -97.7766850,30.3388210,0
            -97.7768230,30.3389550,0
            -97.7770710,30.3390760,0
            -97.7779790,30.3392310,0
            -97.7782080,30.3393570,0
            -97.7784280,30.3395830,0
            -97.7789220,30.3405990,0
            -97.7788960,30.3413080,0
            -97.7794990,30.3413570,0
            -97.7796850,30.3413310,0
            -97.7822970,30.3417060,0
            -97.7826080,30.3418590,0
            -97.7848400,30.3436400,0
            -97.7850320,30.3439320,0
            -97.7852220,30.3444450,0
            -97.7852590,30.3447980,0
            -97.7850020,30.3457710,0
            -97.7847360,30.3462760,0
            -97.7847450,30.3466200,0
            -97.7854700,30.3479240,0
            -97.7852840,30.3510180,0
            -97.7850850,30.3513220,0
            -97.7848280,30.3515080,0
            -97.7833060,30.3522270,0
            -97.7824870,30.3530770,0
            -97.7823500,30.3533070,0
            -97.7823080,30.3536120,0
            -97.7824390,30.3544870,0
            -97.7829850,30.3558870,0
            -97.7833120,30.3562520,0
            -97.7848270,30.3571300,0
            -97.7855380,30.3578250,0
            -97.7866600,30.3584720,0
            -97.7876030,30.3588530,0
            -97.7899450,30.3593250,0
            -97.7915340,30.3593920,0
            -97.7919700,30.3595130,0
            -97.7926370,30.3598700,0
            -97.7934530,30.3606860,0
            -97.7935300,30.3607140,0
            -97.7955420,30.3629470,0
            -97.7969750,30.3652370,0
            -97.7974810,30.3658580,0
            -97.7981010,30.3663390,0
            -97.8000720,30.3674640,0
            -97.8007890,30.3680230,0
            -97.8026350,30.3703470,0
            -97.8031880,30.3712340,0
            -97.8047120,30.3747150,0
            -97.8054590,30.3771300,0
            -97.8061360,30.3783770,0
            -97.8070790,30.3794000,0
            -97.8083310,30.3803740,0
            -97.8097700,30.3812210,0
            -97.8121200,30.3821540,0
            -97.8138190,30.3824380,0
            -97.8160130,30.3825110,0
            -97.8166390,30.3826390,0
            -97.8177900,30.3830970,0
            -97.8273970,30.3899280,0
            -97.8307800,30.3917660,0
            -97.8318980,30.3920480,0
            -97.8365050,30.3920820,0
            -97.8371620,30.3922160,0
            -97.8396360,30.3923680,0
            -97.8437800,30.3936110,0
            -97.8444530,30.3939180,0
            -97.8490200,30.3968380,0
            -97.8495400,30.3974770,0
            -97.8528250,30.4028010,0
            -97.8531220,30.4031480,0
            -97.8539470,30.4038330,0
            -97.8569470,30.3981510,0
            -97.8570270,30.3981320,0
            -97.8573870,30.3976900,0
            -97.8581060,30.3971670,0
            -97.8620150,30.3959390,0
            -97.8622210,30.3957990,0
            -97.8631030,30.3955250,0
            -97.8691880,30.3943330,0
            -97.8702400,30.3979960,0
            -97.8705040,30.3985050,0
            -97.8711640,30.3993770,0
            -97.8715860,30.4001830,0
            -97.8722310,30.4007390,0
            -97.8723270,30.4009900,0
            -97.8722590,30.4012900,0
            -97.8718060,30.4018900,0
            -97.8711190,30.4036140,0
            -97.8711090,30.4037950,0
            -97.8711920,30.4040580,0
            -97.8713490,30.4042420,0
            -97.8731680,30.4051370,0
            -97.8733650,30.4048920,0
            -97.8734400,30.4048900,0
            -97.8742310,30.4052480,0
          </coordinates>
        </LineString>
      </Placemark>
      <Placemark>
        <name>The Oasis On Lake Travis</name>
        <styleUrl>#icon-1739-0288D1</styleUrl>
        <ExtendedData>
          <Data name="Category">
            <value>Tex Mex</value>
          </Data>
          <Data name="Distance">
            <value>0</value>
          </Data>
        </ExtendedData>
        <Point>
          <coordinates>
            -97.874063,30.405661,0
          </coordinates>
        </Point>
      </Placemark>
      <Placemark>
        <name>Driving</name>
        <styleUrl>#line-A52714-5000</styleUrl>
        <ExtendedData>
          <Data name="Category">
            <value>Driving</value>
          </Data>
          <Data name="Distance">
            <value>174301</value>
          </Data>
        </ExtendedData>
        <LineString>
          <tessellate>1</tessellate>
          <coordinates>
            -97.8735740,30.4049490,0
            -97.8734400,30.4048900,0
            -97.8733650,30.4048920,0
            -97.8732670,30.4049910,0
            -97.8732280,30.4050790,0
            -97.8714720,30.4042240,0
            -97.8713730,30.4041470,0
            -97.8712540,30.4040060,0
            -97.8711860,30.4038430,0
            -97.8711690,30.4037290,0
            -97.8715220,30.4024650,0
            -97.8718060,30.4018900,0
            -97.8722590,30.4012900,0
            -97.8722970,30.4011950,0
            -97.8723270,30.4009900,0
            -97.8723090,30.4009020,0
            -97.8722310,30.4007380,0
            -97.8721060,30.4006020,0
            -97.8715860,30.4001830,0
            -97.8713900,30.3999020,0
            -97.8711640,30.3993770,0
            -97.8705040,30.3985050,0
            -97.8703110,30.3981740,0
            -97.8702400,30.3979960,0
            -97.8701740,30.3976490,0
            -97.8698910,30.3967950,0
            -97.8698070,30.3961810,0
            -97.8694890,30.3953910,0
            -97.8691880,30.3943330,0
            -97.8631030,30.3955250,0
            -97.8622210,30.3957990,0
            -97.8619800,30.3958240,0
            -97.8584060,30.3969080,0
            -97.8578290,30.3971990,0
            -97.8572510,30.3976540,0
            -97.8571790,30.3977380,0
            -97.8565890,30.3978910,0
            -97.8560750,30.3978850,0
            -97.8559000,30.3979140,0
            -97.8550830,30.3976520,0
            -97.8547040,30.3976030,0
            -97.8540100,30.3976300,0
            -97.8509370,30.3980010,0
            -97.8505370,30.3979190,0
            -97.8501910,30.3977910,0
            -97.8499110,30.3975640,0
            -97.8497280,30.3974610,0
            -97.8494240,30.3970510,0
            -97.8489170,30.3965850,0
            -97.8475300,30.3957680,0
            -97.8468230,30.3954320,0
            -97.8455570,30.3945650,0
            -97.8449210,30.3940150,0
            -97.8443370,30.3936480,0
            -97.8440970,30.3935380,0
            -97.8395520,30.3921810,0
            -97.8392890,30.3921300,0
            -97.8370270,30.3920230,0
            -97.8365050,30.3920810,0
            -97.8318980,30.3920480,0
            -97.8315420,30.3919850,0
            -97.8307800,30.3917660,0
            -97.8303380,30.3915720,0
            -97.8273970,30.3899280,0
            -97.8177900,30.3830970,0
            -97.8171830,30.3828190,0
            -97.8166390,30.3826390,0
            -97.8160130,30.3825110,0
            -97.8156900,30.3824770,0
            -97.8138190,30.3824380,0
            -97.8128050,30.3823130,0
            -97.8121200,30.3821540,0
            -97.8097700,30.3812210,0
            -97.8091080,30.3808690,0
            -97.8083310,30.3803740,0
            -97.8070790,30.3794000,0
            -97.8066890,30.3790250,0
            -97.8061360,30.3783770,0
            -97.8057730,30.3778180,0
            -97.8054590,30.3771300,0
            -97.8047120,30.3747150,0
            -97.8031880,30.3712340,0
            -97.8026350,30.3703470,0
            -97.8014150,30.3687280,0
            -97.8007900,30.3680230,0
            -97.8000720,30.3674640,0
            -97.7981010,30.3663390,0
            -97.7974810,30.3658580,0
            -97.7969750,30.3652370,0
            -97.7958760,30.3634150,0
            -97.7955420,30.3629470,0
            -97.7935300,30.3607140,0
            -97.7935140,30.3605970,0
            -97.7930120,30.3600460,0
            -97.7930130,30.3599640,0
            -97.7927500,30.3595280,0
            -97.7925160,30.3590280,0
            -97.7924660,30.3587360,0
            -97.7924900,30.3583960,0
            -97.7925730,30.3580460,0
            -97.7925590,30.3579490,0
            -97.7932720,30.3560520,0
            -97.7935330,30.3555670,0
            -97.7935700,30.3554360,0
            -97.7962840,30.3509760,0
            -97.7964270,30.3507990,0
            -97.7990360,30.3467160,0
            -97.7991970,30.3465340,0
            -97.8094170,30.3305360,0
            -97.8100550,30.3296440,0
            -97.8122500,30.3260030,0
            -97.8128460,30.3252630,0
            -97.8132060,30.3245350,0
            -97.8139510,30.3233070,0
            -97.8144710,30.3227090,0
            -97.8151270,30.3221440,0
            -97.8158330,30.3216700,0
            -97.8239470,30.3174770,0
            -97.8247050,30.3169910,0
            -97.8252780,30.3165280,0
            -97.8256640,30.3161360,0
            -97.8261110,30.3155550,0
            -97.8262150,30.3154600,0
            -97.8266310,30.3147030,0
            -97.8267700,30.3143480,0
            -97.8269100,30.3137250,0
            -97.8269900,30.3129940,0
            -97.8269890,30.3126430,0
            -97.8268090,30.3115290,0
            -97.8260890,30.3094550,0
            -97.8255090,30.3074060,0
            -97.8253570,30.3066280,0
            -97.8253070,30.3058610,0
            -97.8253850,30.3054230,0
            -97.8255520,30.3049100,0
            -97.8269310,30.3024050,0
            -97.8269800,30.3023450,0
            -97.8274050,30.3015560,0
            -97.8279370,30.3000520,0
            -97.8280710,30.2993530,0
            -97.8284370,30.2913790,0
            -97.8282940,30.2902980,0
            -97.8279520,30.2891530,0
            -97.8275410,30.2882180,0
            -97.8270320,30.2873900,0
            -97.8181670,30.2754120,0
            -97.8179700,30.2750050,0
            -97.8177990,30.2745230,0
            -97.8176770,30.2737700,0
            -97.8176460,30.2732150,0
            -97.8183330,30.2672640,0
            -97.8183300,30.2668370,0
            -97.8182270,30.2661650,0
            -97.8180370,30.2655240,0
            -97.8177390,30.2648790,0
            -97.8171930,30.2640620,0
            -97.8035890,30.2467740,0
            -97.8031900,30.2461350,0
            -97.8027530,30.2452670,0
            -97.8026960,30.2450720,0
            -97.7994750,30.2385350,0
            -97.7994420,30.2385210,0
            -97.7993860,30.2384520,0
            -97.7978750,30.2354640,0
            -97.7973920,30.2348120,0
            -97.7970550,30.2344590,0
            -97.7965810,30.2340490,0
            -97.7961880,30.2337730,0
            -97.7957540,30.2335240,0
            -97.7937940,30.2325740,0
            -97.7937390,30.2324870,0
            -97.7863290,30.2289510,0
            -97.7852740,30.2285250,0
            -97.7845520,30.2282920,0
            -97.7831740,30.2279650,0
            -97.7812940,30.2277350,0
            -97.7773790,30.2275730,0
            -97.7736140,30.2276040,0
            -97.7723340,30.2274890,0
            -97.7712500,30.2272400,0
            -97.7704290,30.2269600,0
            -97.7691650,30.2263390,0
            -97.7637610,30.2227140,0
            -97.7636630,30.2226280,0
            -97.7628240,30.2221010,0
            -97.7603880,30.2208740,0
            -97.7603670,30.2207920,0
            -97.7603410,30.2207660,0
            -97.7568020,30.2190170,0
            -97.7557190,30.2183220,0
            -97.7541220,30.2169450,0
            -97.7540830,30.2168870,0
            -97.7535220,30.2163940,0
            -97.7532610,30.2160710,0
            -97.7531540,30.2158750,0
            -97.7530480,30.2155920,0
            -97.7529810,30.2151520,0
            -97.7530090,30.2148180,0
            -97.7531310,30.2143880,0
            -97.7549780,30.2110700,0
            -97.7570960,30.2075600,0
            -97.7570940,30.2074370,0
            -97.7580760,30.2061070,0
            -97.7713970,30.1895210,0
            -97.7724500,30.1880410,0
            -97.7870070,30.1657940,0
            -97.7881860,30.1636210,0
            -97.7887540,30.1623600,0
            -97.7897610,30.1596580,0
            -97.7925200,30.1502710,0
            -97.7963540,30.1396030,0
            -97.8070470,30.1126630,0
            -97.8155150,30.0946710,0
            -97.8168260,30.0924890,0
            -97.8169130,30.0923850,0
            -97.8222280,30.0829610,0
            -97.8468250,30.0331180,0
            -97.8483200,30.0306380,0
            -97.8599360,30.0143660,0
            -97.8692570,29.9983330,0
            -97.8701330,29.9965430,0
            -97.8707690,29.9949890,0
            -97.8713560,29.9932900,0
            -97.8719090,29.9912300,0
            -97.8738240,29.9811130,0
            -97.8749580,29.9696000,0
            -97.8752430,29.9678910,0
            -97.8785100,29.9522610,0
            -97.8793250,29.9496710,0
            -97.8800290,29.9479340,0
            -97.9013490,29.9064420,0
            -97.9020760,29.9051670,0
            -97.9036850,29.9027710,0
            -97.9055130,29.9005000,0
            -97.9115460,29.8941280,0
            -97.9214970,29.8831750,0
            -97.9231870,29.8815220,0
            -97.9253690,29.8796980,0
            -97.9372610,29.8709450,0
            -97.9386360,29.8698180,0
            -98.0202800,29.7966050,0
            -98.0291620,29.7870270,0
            -98.0424770,29.7688870,0
            -98.0483410,29.7603530,0
            -98.0584820,29.7462720,0
            -98.0590720,29.7455520,0
            -98.0603860,29.7442070,0
            -98.0834900,29.7245530,0
            -98.0847050,29.7232870,0
            -98.0855470,29.7222590,0
            -98.0861300,29.7214400,0
            -98.0870020,29.7200110,0
            -98.0879350,29.7180200,0
            -98.0882960,29.7170140,0
            -98.0887540,29.7153390,0
            -98.0903190,29.7071200,0
            -98.0906050,29.7060320,0
            -98.0912020,29.7044600,0
            -98.0917230,29.7033900,0
            -98.0924270,29.7022180,0
            -98.0935580,29.7007170,0
            -98.0945590,29.6996340,0
            -98.0953420,29.6989110,0
            -98.0963720,29.6980810,0
            -98.0979110,29.6970660,0
            -98.0992680,29.6963450,0
            -98.1220580,29.6871470,0
            -98.1233960,29.6866760,0
            -98.1244800,29.6863620,0
            -98.1259390,29.6860260,0
            -98.1395580,29.6836310,0
            -98.1406200,29.6833700,0
            -98.1420980,29.6828580,0
            -98.1428470,29.6825190,0
            -98.1440870,29.6818170,0
            -98.1578120,29.6721540,0
            -98.1690500,29.6638480,0
            -98.1706270,29.6629330,0
            -98.1821770,29.6580850,0
            -98.1832010,29.6575590,0
            -98.1868040,29.6550630,0
            -98.2083330,29.6417440,0
            -98.2582420,29.6162530,0
            -98.2594260,29.6155650,0
            -98.2606830,29.6147000,0
            -98.2665480,29.6097690,0
            -98.2756700,29.6010280,0
            -98.2769690,29.6000130,0
            -98.2782060,29.5992270,0
            -98.3003120,29.5880100,0
            -98.3010020,29.5875960,0
            -98.3083540,29.5825800,0
            -98.3094420,29.5819900,0
            -98.3102960,29.5816110,0
            -98.3197710,29.5782510,0
            -98.3213460,29.5775530,0
            -98.3232270,29.5764700,0
            -98.3248600,29.5752590,0
            -98.3466900,29.5564360,0
            -98.3476510,29.5557170,0
            -98.3485210,29.5551500,0
            -98.3499120,29.5543800,0
            -98.3520360,29.5533920,0
            -98.3535380,29.5528210,0
            -98.3580780,29.5514990,0
            -98.3593130,29.5510440,0
            -98.3607470,29.5503960,0
            -98.3862090,29.5360270,0
            -98.3875890,29.5350530,0
            -98.3883220,29.5344510,0
            -98.3892800,29.5335500,0
            -98.3902680,29.5324510,0
            -98.3909320,29.5315980,0
            -98.3917150,29.5303650,0
            -98.3921500,29.5295590,0
            -98.3926990,29.5283340,0
            -98.3939440,29.5241950,0
            -98.3940560,29.5240720,0
            -98.3946710,29.5226160,0
            -98.3949900,29.5221030,0
            -98.3953420,29.5216860,0
            -98.3957820,29.5212920,0
            -98.3962030,29.5210010,0
            -98.3977520,29.5201060,0
            -98.3990360,29.5192070,0
            -98.4007620,29.5177170,0
            -98.4009150,29.5175380,0
            -98.4016980,29.5169900,0
            -98.4022600,29.5166980,0
            -98.4030680,29.5163920,0
            -98.4035480,29.5162650,0
            -98.4043630,29.5161280,0
            -98.4049760,29.5160920,0
            -98.4343990,29.5161580,0
            -98.4353290,29.5161010,0
            -98.4378420,29.5157920,0
            -98.4392820,29.5157410,0
            -98.4400500,29.5157740,0
            -98.4430940,29.5161390,0
            -98.4438390,29.5161810,0
            -98.4541630,29.5161990,0
            -98.4622980,29.5166710,0
            -98.4631830,29.5167780,0
            -98.4647240,29.5170870,0
            -98.4677610,29.5179740,0
            -98.4766480,29.5200140,0
            -98.4783910,29.5202970,0
            -98.4793040,29.5203810,0
            -98.5123630,29.5208190,0
            -98.5139070,29.5207550,0
            -98.5153370,29.5206210,0
            -98.5177850,29.5202050,0
            -98.5203710,29.5195150,0
            -98.5278660,29.5165950,0
            -98.5283840,29.5163450,0
            -98.5297700,29.5154970,0
            -98.5331170,29.5127490,0
            -98.5339460,29.5122310,0
            -98.5345850,29.5119230,0
            -98.5410650,29.5095390,0
            -98.5418240,29.5091730,0
            -98.5425400,29.5087430,0
            -98.5431150,29.5083290,0
            -98.5436300,29.5078950,0
            -98.5438230,29.5078490,0
            -98.5461080,29.5057720,0
            -98.5465820,29.5054150,0
            -98.5470780,29.5051070,0
            -98.5475110,29.5049100,0
            -98.5478740,29.5048090,0
            -98.5481090,29.5047870,0
            -98.5484750,29.5048190,0
            -98.5488180,29.5049280,0
            -98.5490280,29.5050410,0
            -98.5492300,29.5051960,0
            -98.5494650,29.5054310,0
            -98.5496870,29.5057100,0
            -98.5497880,29.5057810,0
            -98.5501440,29.5063030,0
            -98.5511640,29.5082630,0
            -98.5516090,29.5093790,0
            -98.5516600,29.5094200,0
            -98.5533420,29.5151400,0
            -98.5532840,29.5153280,0
            -98.5535980,29.5172340,0
            -98.5535750,29.5172880,0
            -98.5546520,29.5210280,0
            -98.5547960,29.5212290,0
            -98.5552950,29.5227550,0
            -98.5554520,29.5228710,0
            -98.5555460,29.5228890,0
            -98.5560350,29.5227920,0
            -98.5561000,29.5227510,0
            -98.5561760,29.5226220,0
            -98.5552160,29.5192880,0
            -98.5551440,29.5191650,0
            -98.5543440,29.5163710,0
            -98.5548000,29.5162700,0
            -98.5548160,29.5162940,0
            -98.5548630,29.5163250,0
            -98.5549360,29.5163360,0
            -98.5556990,29.5161760,0
            -98.5558100,29.5165240,0
            -98.5552570,29.5166350,0
            -98.5552300,29.5165430,0
            -98.5552560,29.5164640,0
            -98.5557630,29.5163530,0
            -98.5556990,29.5161760,0
            -98.5549360,29.5163360,0
            -98.5548630,29.5163250,0
            -98.5548160,29.5162940,0
            -98.5548000,29.5162700,0
            -98.5543440,29.5163710,0
            -98.5540890,29.5154620,0
            -98.5539920,29.5153990,0
            -98.5535290,29.5143500,0
            -98.5533670,29.5142420,0
            -98.5517040,29.5086830,0
            -98.5506080,29.5062970,0
            -98.5503200,29.5055440,0
            -98.5484490,29.4990040,0
            -98.5481450,29.4966900,0
            -98.5479730,29.4958330,0
            -98.5468280,29.4918210,0
            -98.5462470,29.4902830,0
            -98.5454540,29.4887970,0
            -98.5451010,29.4882750,0
            -98.5442860,29.4873280,0
            -98.5433740,29.4865380,0
            -98.5426530,29.4860500,0
            -98.5421020,29.4857420,0
            -98.5409380,29.4852330,0
            -98.5399300,29.4849310,0
            -98.5390410,29.4847520,0
            -98.5378030,29.4846370,0
            -98.5331170,29.4846290,0
            -98.5318920,29.4844890,0
            -98.5306990,29.4841990,0
            -98.5294800,29.4837310,0
            -98.5286620,29.4833050,0
            -98.5281570,29.4829870,0
            -98.5187450,29.4757050,0
            -98.5179260,29.4749100,0
            -98.5174850,29.4743660,0
            -98.5169350,29.4735130,0
            -98.5166830,29.4730130,0
            -98.5164010,29.4722920,0
            -98.5162220,29.4716520,0
            -98.5160950,29.4709180,0
            -98.5160370,29.4697330,0
            -98.5160400,29.4589490,0
            -98.5159730,29.4582220,0
            -98.5158060,29.4573190,0
            -98.5156810,29.4571780,0
            -98.5154320,29.4557180,0
            -98.5154040,29.4545160,0
            -98.5156090,29.4516370,0
            -98.5155880,29.4506970,0
            -98.5154750,29.4496950,0
            -98.5149170,29.4467760,0
            -98.5148910,29.4461800,0
            -98.5149890,29.4441480,0
            -98.5149320,29.4437470,0
            -98.5147100,29.4430640,0
            -98.5144430,29.4425740,0
            -98.5142390,29.4422880,0
            -98.5139340,29.4419470,0
            -98.5135780,29.4416330,0
            -98.5130740,29.4412940,0
            -98.5126610,29.4410840,0
            -98.5122230,29.4409150,0
            -98.5118270,29.4408050,0
            -98.5074900,29.4399650,0
            -98.5067870,29.4397380,0
            -98.5063450,29.4395320,0
            -98.5057590,29.4391360,0
            -98.5054060,29.4387910,0
            -98.5051930,29.4385300,0
            -98.5049500,29.4381360,0
            -98.5044090,29.4369080,0
            -98.5044160,29.4367960,0
            -98.5038360,29.4355590,0
            -98.5036250,29.4352110,0
            -98.5014380,29.4323190,0
            -98.5011080,29.4316280,0
            -98.5009300,29.4309520,0
            -98.5008500,29.4302300,0
            -98.5008920,29.4288520,0
            -98.5023250,29.4178380,0
            -98.5024010,29.4174940,0
            -98.5023930,29.4173730,0
            -98.5026130,29.4167960,0
            -98.5030570,29.4160590,0
            -98.5034430,29.4155990,0
            -98.5042190,29.4148350,0
            -98.5069160,29.4124670,0
            -98.5078310,29.4114100,0
            -98.5082010,29.4108700,0
            -98.5088110,29.4097320,0
            -98.5088670,29.4096950,0
            -98.5116460,29.4032880,0
            -98.5118590,29.4025040,0
            -98.5119240,29.4019730,0
            -98.5119100,29.4013330,0
            -98.5116050,29.3994120,0
            -98.5116790,29.3992700,0
            -98.5116930,29.3987140,0
            -98.5118410,29.3981250,0
            -98.5118260,29.3980130,0
            -98.5118560,29.3974220,0
            -98.5118230,29.3971640,0
            -98.5117180,29.3968470,0
            -98.5115820,29.3965990,0
            -98.5111650,29.3961680,0
            -98.5109400,29.3959950,0
            -98.5102710,29.3956550,0
            -98.5096180,29.3954910,0
            -98.5091860,29.3954690,0
            -98.5088210,29.3955060,0
            -98.5070250,29.3959350,0
            -98.5062530,29.3959990,0
            -98.5061010,29.3960780,0
            -98.5013280,29.3960680,0
            -98.5012590,29.3959890,0
            -98.5012360,29.3959790,0
            -98.4990570,29.3957310,0
            -98.4986430,29.3957300,0
            -98.4984830,29.3956120,0
            -98.4983590,29.3954120,0
            -98.4984110,29.3951980,0
            -98.4983850,29.3951190,0
            -98.4987930,29.3941270,0
            -98.4974020,29.3937150,0
            -98.4863540,29.3914880,0
            -98.4854460,29.3858000,0
            -98.4853450,29.3855540,0
            -98.4843640,29.3844650,0
            -98.4838510,29.3837700,0
            -98.4836290,29.3833950,0
            -98.4814710,29.3785910,0
            -98.4813430,29.3781590,0
            -98.4812770,29.3774670,0
            -98.4812570,29.3654430,0
            -98.4814180,29.3611090,0
            -98.4813540,29.3600180,0
            -98.4809220,29.3600090,0
            -98.4808110,29.3599880,0
            -98.4802880,29.3597810,0
            -98.4799500,29.3597200,0
            -98.4796950,29.3596100,0
            -98.4795700,29.3597850,0
            -98.4793630,29.3599830,0
            -98.4792220,29.3600760,0
            -98.4789570,29.3601940,0
            -98.4788140,29.3603000,0
            -98.4786110,29.3605550,0
            -98.4784390,29.3608490,0
            -98.4790230,29.3610970,0
            -98.4791000,29.3611030,0
            -98.4791250,29.3610940,0
            -98.4791410,29.3610760,0
            -98.4791600,29.3609360,0
            -98.4792140,29.3607760,0
            -98.4793340,29.3605830,0
          </coordinates>
        </LineString>
      </Placemark>
      <Placemark>
        <name>San Antonio Missions National Historical Park</name>
        <styleUrl>#icon-1535-0288D1</styleUrl>
        <ExtendedData>
          <Data name="Category">
            <value>National park</value>
          </Data>
          <Data name="Distance">
            <value>0</value>
          </Data>
        </ExtendedData>
        <Point>
          <coordinates>
            -98.447556,29.326124,0
          </coordinates>
        </Point>
      </Placemark>
      <Placemark>
        <name>Driving</name>
        <styleUrl>#line-A52714-5000</styleUrl>
        <ExtendedData>
          <Data name="Category">
            <value>Driving</value>
          </Data>
          <Data name="Distance">
            <value>12874</value>
          </Data>
        </ExtendedData>
        <LineString>
          <tessellate>1</tessellate>
          <coordinates>
            -98.4793930,29.3605000,0
            -98.4794480,29.3604500,0
            -98.4795620,29.3603980,0
            -98.4795930,29.3603730,0
            -98.4796080,29.3603460,0
            -98.4796120,29.3603190,0
            -98.4796070,29.3602780,0
            -98.4795820,29.3602420,0
            -98.4794120,29.3600670,0
            -98.4793900,29.3600380,0
            -98.4793630,29.3599830,0
            -98.4795700,29.3597850,0
            -98.4796950,29.3596100,0
            -98.4798420,29.3596830,0
            -98.4799500,29.3597200,0
            -98.4802880,29.3597810,0
            -98.4804000,29.3598190,0
            -98.4807060,29.3599530,0
            -98.4808110,29.3599880,0
            -98.4809220,29.3600090,0
            -98.4813540,29.3600180,0
            -98.4814180,29.3611090,0
            -98.4814080,29.3619720,0
            -98.4812570,29.3654430,0
            -98.4812800,29.3661340,0
            -98.4812730,29.3730710,0
            -98.4803000,29.3730770,0
            -98.4801460,29.3730930,0
            -98.4800460,29.3731130,0
            -98.4798020,29.3732010,0
            -98.4778360,29.3741140,0
            -98.4754360,29.3753200,0
            -98.4752920,29.3754170,0
            -98.4751900,29.3754590,0
            -98.4751440,29.3754720,0
            -98.4750640,29.3754800,0
            -98.4728220,29.3754960,0
            -98.4612140,29.3753980,0
            -98.4611840,29.3776590,0
            -98.4613060,29.3776660,0
            -98.4617760,29.3780450,0
            -98.4635750,29.3792830,0
            -98.4637510,29.3794180,0
            -98.4638230,29.3794530,0
            -98.4640880,29.3795410,0
            -98.4652930,29.3806140,0
            -98.4653790,29.3807100,0
            -98.4726630,29.3870920,0
            -98.4732640,29.3876590,0
            -98.4738740,29.3882830,0
            -98.4747050,29.3892390,0
            -98.4752010,29.3898680,0
            -98.4762080,29.3913180,0
            -98.4767040,29.3921520,0
            -98.4771340,29.3929580,0
            -98.4797620,29.3988820,0
            -98.4798470,29.3991170,0
            -98.4803460,29.4002710,0
            -98.4806190,29.4011020,0
            -98.4807150,29.4015330,0
            -98.4807970,29.4020750,0
            -98.4808360,29.4026270,0
            -98.4808150,29.4033980,0
            -98.4806960,29.4042350,0
            -98.4796680,29.4084280,0
            -98.4795960,29.4089260,0
            -98.4795810,29.4092920,0
            -98.4796330,29.4101640,0
            -98.4798630,29.4113280,0
            -98.4800440,29.4119930,0
            -98.4801780,29.4127180,0
            -98.4802280,29.4131950,0
            -98.4802530,29.4178200,0
            -98.4801600,29.4180060,0
            -98.4801370,29.4182060,0
            -98.4800600,29.4185710,0
            -98.4800420,29.4186010,0
            -98.4796420,29.4198040,0
            -98.4796120,29.4199670,0
            -98.4795960,29.4202010,0
            -98.4796100,29.4205030,0
            -98.4796670,29.4208390,0
            -98.4796690,29.4209060,0
            -98.4796590,29.4209980,0
            -98.4798540,29.4216380,0
            -98.4798670,29.4216600,0
            -98.4800440,29.4218590,0
            -98.4801630,29.4220340,0
            -98.4805930,29.4221530,0
            -98.4832800,29.4227460,0
            -98.4830840,29.4235020,0
            -98.4829280,29.4242280,0
            -98.4828890,29.4244950,0
            -98.4828880,29.4246240,0
            -98.4831080,29.4256350,0
            -98.4831020,29.4258070,0
            -98.4838140,29.4259140,0
            -98.4838120,29.4258170,0
            -98.4837960,29.4257060,0
            -98.4838720,29.4252700,0
          </coordinates>
        </LineString>
      </Placemark>
      <Placemark>
        <name>The Alamo</name>
        <styleUrl>#icon-1535-0288D1</styleUrl>
        <ExtendedData>
          <Data name="Category">
            <value>Historical place</value>
          </Data>
          <Data name="Distance">
            <value>0</value>
          </Data>
        </ExtendedData>
        <Point>
          <coordinates>
            -98.486142,29.425967,0
          </coordinates>
        </Point>
      </Placemark>
      <Placemark>
        <name>Hiking</name>
        <styleUrl>#line-A52714-5000</styleUrl>
        <ExtendedData>
          <Data name="Category">
            <value>Hiking</value>
          </Data>
          <Data name="Distance">
            <value>2626</value>
          </Data>
        </ExtendedData>
        <LineString>
          <tessellate>1</tessellate>
          <coordinates>
            -98.4863490,29.4254740,0
            -98.4847840,29.4256180,0
            -98.4867190,29.4245270,0
            -98.4847840,29.4256180,0
            -98.4867190,29.4245270,0
            -98.4878980,29.4250040,0
            -98.4879240,29.4236110,0
            -98.4892030,29.4227280,0
            -98.4904320,29.4232230,0
            -98.4928360,29.4234910,0
            -98.4915270,29.4250840,0
            -98.4899830,29.4250890,0
            -98.4881020,29.4240630,0
            -98.4851460,29.4226950,0
            -98.4851840,29.4218540,0
          </coordinates>
        </LineString>
      </Placemark>
      <Placemark>
        <name>Alamo Plaza</name>
        <styleUrl>#icon-1739-0288D1</styleUrl>
        <ExtendedData>
          <Data name="Category">
            <value />
          </Data>
          <Data name="Distance">
            <value>0</value>
          </Data>
        </ExtendedData>
        <Point>
          <coordinates>
            -98.486304,29.426302,0
          </coordinates>
        </Point>
      </Placemark>
      <Placemark>
        <name>Hiking</name>
        <styleUrl>#line-A52714-5000</styleUrl>
        <ExtendedData>
          <Data name="Category">
            <value>Hiking</value>
          </Data>
          <Data name="Distance">
            <value>378</value>
          </Data>
        </ExtendedData>
        <LineString>
          <tessellate>1</tessellate>
          <coordinates>
            -98.4851840,29.4218540,0
            -98.4860790,29.4230670,0
            -98.4864340,29.4250020,0
          </coordinates>
        </LineString>
      </Placemark>
      <Placemark>
        <name>Driving</name>
        <styleUrl>#line-A52714-5000</styleUrl>
        <ExtendedData>
          <Data name="Category">
            <value>Driving</value>
          </Data>
          <Data name="Distance">
            <value>13507</value>
          </Data>
        </ExtendedData>
        <LineString>
          <tessellate>1</tessellate>
          <coordinates>
            -98.4840230,29.4259450,0
            -98.4831020,29.4258070,0
            -98.4820280,29.4252520,0
            -98.4812950,29.4251080,0
            -98.4806270,29.4251070,0
            -98.4806130,29.4280610,0
            -98.4809860,29.4285460,0
            -98.4810360,29.4290460,0
            -98.4808380,29.4297140,0
            -98.4808490,29.4298790,0
            -98.4783290,29.4334330,0
            -98.4771800,29.4359830,0
            -98.4769600,29.4368900,0
            -98.4769910,29.4373060,0
            -98.4773580,29.4383340,0
            -98.4775050,29.4384570,0
            -98.4778130,29.4389220,0
            -98.4780690,29.4391560,0
            -98.4786740,29.4394430,0
            -98.4806590,29.4396070,0
            -98.4817550,29.4398520,0
            -98.4819020,29.4398520,0
            -98.4834090,29.4403530,0
            -98.4846230,29.4405180,0
            -98.4853970,29.4405010,0
            -98.4864200,29.4403100,0
            -98.4871700,29.4399650,0
            -98.4930140,29.4364520,0
            -98.4948650,29.4357410,0
            -98.4976290,29.4342560,0
            -98.4978240,29.4342200,0
            -98.4992380,29.4332740,0
            -98.4998050,29.4327190,0
            -98.5001240,29.4325080,0
            -98.5004270,29.4324230,0
            -98.5007640,29.4324670,0
            -98.5010020,29.4325960,0
            -98.5014350,29.4330200,0
            -98.5034760,29.4357130,0
            -98.5040530,29.4369390,0
            -98.5040580,29.4371140,0
            -98.5044190,29.4380680,0
            -98.5048420,29.4386870,0
            -98.5054380,29.4392670,0
            -98.5062020,29.4397680,0
            -98.5070760,29.4400930,0
            -98.5118630,29.4410360,0
            -98.5128890,29.4414690,0
            -98.5134920,29.4418780,0
            -98.5140880,29.4424780,0
            -98.5144190,29.4430010,0
            -98.5146620,29.4436680,0
            -98.5147620,29.4442740,0
            -98.5146970,29.4462570,0
            -98.5147990,29.4474650,0
            -98.5152090,29.4493520,0
            -98.5154000,29.4521480,0
            -98.5151480,29.4553050,0
            -98.5152310,29.4565480,0
            -98.5157860,29.4592860,0
            -98.5157560,29.4703290,0
            -98.5159850,29.4719740,0
            -98.5165330,29.4734020,0
            -98.5171630,29.4744300,0
            -98.5184010,29.4757860,0
            -98.5280640,29.4832460,0
            -98.5301500,29.4842630,0
            -98.5309900,29.4845210,0
            -98.5330180,29.4848380,0
            -98.5376620,29.4848500,0
            -98.5389850,29.4849670,0
            -98.5403630,29.4852860,0
            -98.5420530,29.4859840,0
            -98.5430990,29.4866420,0
            -98.5445160,29.4879500,0
            -98.5454430,29.4892930,0
            -98.5462270,29.4908600,0
            -98.5476430,29.4955230,0
            -98.5481310,29.4993690,0
            -98.5494890,29.5041550,0
            -98.5513730,29.5083440,0
            -98.5516990,29.5093550,0
            -98.5516600,29.5094200,0
            -98.5533420,29.5151400,0
            -98.5532840,29.5153280,0
            -98.5535980,29.5172340,0
            -98.5535750,29.5172880,0
            -98.5546520,29.5210280,0
            -98.5547960,29.5212290,0
            -98.5552950,29.5227550,0
            -98.5554520,29.5228710,0
            -98.5555460,29.5228890,0
            -98.5560350,29.5227920,0
            -98.5561000,29.5227510,0
            -98.5561760,29.5226220,0
            -98.5543440,29.5163710,0
            -98.5548000,29.5162700,0
            -98.5548630,29.5163250,0
            -98.5549360,29.5163360,0
            -98.5555190,29.5162140,0
          </coordinates>
        </LineString>
      </Placemark>
      <Placemark>
        <name>La Quinta Inn &amp; Suites by Wyndham San Antonio Medical Ctr NW</name>
        <styleUrl>#icon-1602-0288D1</styleUrl>
        <ExtendedData>
          <Data name="Category">
            <value>Hotel</value>
          </Data>
          <Data name="Distance">
            <value>0</value>
          </Data>
        </ExtendedData>
        <Point>
          <coordinates>
            -98.556183,29.516511,0
          </coordinates>
        </Point>
      </Placemark>
    </Folder>
  </Document>
</kml>