<?xml version="1.0" encoding="UTF-8"?>
<kml xmlns="http://www.opengis.net/kml/2.2">
  <Document>
    <name>51-vegas</name>
    <description/>
    <Style id="icon-1602-0288D1-normal">
      <IconStyle>
        <color>ffd18802</color>
        <scale>1</scale>
        <Icon>
          <href>https://www.gstatic.com/mapspro/images/stock/503-wht-blank_maps.png</href>
        </Icon>
      </IconStyle>
      <LabelStyle>
        <scale>0</scale>
      </LabelStyle>
    </Style>
    <Style id="icon-1602-0288D1-highlight">
      <IconStyle>
        <color>ffd18802</color>
        <scale>1</scale>
        <Icon>
          <href>https://www.gstatic.com/mapspro/images/stock/503-wht-blank_maps.png</href>
        </Icon>
      </IconStyle>
      <LabelStyle>
        <scale>1</scale>
      </LabelStyle>
    </Style>
    <StyleMap id="icon-1602-0288D1">
      <Pair>
        <key>normal</key>
        <styleUrl>#icon-1602-0288D1-normal</styleUrl>
      </Pair>
      <Pair>
        <key>highlight</key>
        <styleUrl>#icon-1602-0288D1-highlight</styleUrl>
      </Pair>
    </StyleMap>
    <Style id="icon-1603-0288D1-normal">
      <IconStyle>
        <color>ffd18802</color>
        <scale>1</scale>
        <Icon>
          <href>https://www.gstatic.com/mapspro/images/stock/503-wht-blank_maps.png</href>
        </Icon>
      </IconStyle>
      <LabelStyle>
        <scale>0</scale>
      </LabelStyle>
    </Style>
    <Style id="icon-1603-0288D1-highlight">
      <IconStyle>
        <color>ffd18802</color>
        <scale>1</scale>
        <Icon>
          <href>https://www.gstatic.com/mapspro/images/stock/503-wht-blank_maps.png</href>
        </Icon>
      </IconStyle>
      <LabelStyle>
        <scale>1</scale>
      </LabelStyle>
    </Style>
    <StyleMap id="icon-1603-0288D1">
      <Pair>
        <key>normal</key>
        <styleUrl>#icon-1603-0288D1-normal</styleUrl>
      </Pair>
      <Pair>
        <key>highlight</key>
        <styleUrl>#icon-1603-0288D1-highlight</styleUrl>
      </Pair>
    </StyleMap>
    <Style id="icon-1739-0288D1-normal">
      <IconStyle>
        <color>ffd18802</color>
        <scale>1</scale>
        <Icon>
          <href>https://www.gstatic.com/mapspro/images/stock/503-wht-blank_maps.png</href>
        </Icon>
      </IconStyle>
      <LabelStyle>
        <scale>0</scale>
      </LabelStyle>
    </Style>
    <Style id="icon-1739-0288D1-highlight">
      <IconStyle>
        <color>ffd18802</color>
        <scale>1</scale>
        <Icon>
          <href>https://www.gstatic.com/mapspro/images/stock/503-wht-blank_maps.png</href>
        </Icon>
      </IconStyle>
      <LabelStyle>
        <scale>1</scale>
      </LabelStyle>
    </Style>
    <StyleMap id="icon-1739-0288D1">
      <Pair>
        <key>normal</key>
        <styleUrl>#icon-1739-0288D1-normal</styleUrl>
      </Pair>
      <Pair>
        <key>highlight</key>
        <styleUrl>#icon-1739-0288D1-highlight</styleUrl>
      </Pair>
    </StyleMap>
    <Style id="icon-1899-DB4436-nodesc-normal">
      <IconStyle>
        <color>ff3644db</color>
        <scale>1</scale>
        <Icon>
          <href>https://www.gstatic.com/mapspro/images/stock/503-wht-blank_maps.png</href>
        </Icon>
        <hotSpot x="32" xunits="pixels" y="64" yunits="insetPixels"/>
      </IconStyle>
      <LabelStyle>
        <scale>0</scale>
      </LabelStyle>
      <BalloonStyle>
        <text><![CDATA[<h3>$[name]</h3>]]></text>
      </BalloonStyle>
    </Style>
    <Style id="icon-1899-DB4436-nodesc-highlight">
      <IconStyle>
        <color>ff3644db</color>
        <scale>1</scale>
        <Icon>
          <href>https://www.gstatic.com/mapspro/images/stock/503-wht-blank_maps.png</href>
        </Icon>
        <hotSpot x="32" xunits="pixels" y="64" yunits="insetPixels"/>
      </IconStyle>
      <LabelStyle>
        <scale>1</scale>
      </LabelStyle>
      <BalloonStyle>
        <text><![CDATA[<h3>$[name]</h3>]]></text>
      </BalloonStyle>
    </Style>
    <StyleMap id="icon-1899-DB4436-nodesc">
      <Pair>
        <key>normal</key>
        <styleUrl>#icon-1899-DB4436-nodesc-normal</styleUrl>
      </Pair>
      <Pair>
        <key>highlight</key>
        <styleUrl>#icon-1899-DB4436-nodesc-highlight</styleUrl>
      </Pair>
    </StyleMap>
    <Style id="line-1267FF-5000-nodesc-normal">
      <LineStyle>
        <color>ffff6712</color>
        <width>5</width>
      </LineStyle>
      <BalloonStyle>
        <text><![CDATA[<h3>$[name]</h3>]]></text>
      </BalloonStyle>
    </Style>
    <Style id="line-1267FF-5000-nodesc-highlight">
      <LineStyle>
        <color>ffff6712</color>
        <width>7.5</width>
      </LineStyle>
      <BalloonStyle>
        <text><![CDATA[<h3>$[name]</h3>]]></text>
      </BalloonStyle>
    </Style>
    <StyleMap id="line-1267FF-5000-nodesc">
      <Pair>
        <key>normal</key>
        <styleUrl>#line-1267FF-5000-nodesc-normal</styleUrl>
      </Pair>
      <Pair>
        <key>highlight</key>
        <styleUrl>#line-1267FF-5000-nodesc-highlight</styleUrl>
      </Pair>
    </StyleMap>
    <Style id="line-7CB342-5000-normal">
      <LineStyle>
        <color>ff42b37c</color>
        <width>5</width>
      </LineStyle>
    </Style>
    <Style id="line-7CB342-5000-highlight">
      <LineStyle>
        <color>ff42b37c</color>
        <width>7.5</width>
      </LineStyle>
    </Style>
    <StyleMap id="line-7CB342-5000">
      <Pair>
        <key>normal</key>
        <styleUrl>#line-7CB342-5000-normal</styleUrl>
      </Pair>
      <Pair>
        <key>highlight</key>
        <styleUrl>#line-7CB342-5000-highlight</styleUrl>
      </Pair>
    </StyleMap>
    <Style id="line-A52714-5000-normal">
      <LineStyle>
        <color>ff1427a5</color>
        <width>5</width>
      </LineStyle>
    </Style>
    <Style id="line-A52714-5000-highlight">
      <LineStyle>
        <color>ff1427a5</color>
        <width>7.5</width>
      </LineStyle>
    </Style>
    <StyleMap id="line-A52714-5000">
      <Pair>
        <key>normal</key>
        <styleUrl>#line-A52714-5000-normal</styleUrl>
      </Pair>
      <Pair>
        <key>highlight</key>
        <styleUrl>#line-A52714-5000-highlight</styleUrl>
      </Pair>
    </StyleMap>
    <Style id="line-F9A825-5000-normal">
      <LineStyle>
        <color>ff25a8f9</color>
        <width>5</width>
      </LineStyle>
    </Style>
    <Style id="line-F9A825-5000-highlight">
      <LineStyle>
        <color>ff25a8f9</color>
        <width>7.5</width>
      </LineStyle>
    </Style>
    <StyleMap id="line-F9A825-5000">
      <Pair>
        <key>normal</key>
        <styleUrl>#line-F9A825-5000-normal</styleUrl>
      </Pair>
      <Pair>
        <key>highlight</key>
        <styleUrl>#line-F9A825-5000-highlight</styleUrl>
      </Pair>
    </StyleMap>
    <Style id="line-FFEA00-5000-normal">
      <LineStyle>
        <color>ff00eaff</color>
        <width>5</width>
      </LineStyle>
    </Style>
    <Style id="line-FFEA00-5000-highlight">
      <LineStyle>
        <color>ff00eaff</color>
        <width>7.5</width>
      </LineStyle>
    </Style>
    <StyleMap id="line-FFEA00-5000">
      <Pair>
        <key>normal</key>
        <styleUrl>#line-FFEA00-5000-normal</styleUrl>
      </Pair>
      <Pair>
        <key>highlight</key>
        <styleUrl>#line-FFEA00-5000-highlight</styleUrl>
      </Pair>
    </StyleMap>
    <Folder>
      <name>2020-09-07</name>
      <Placemark>
        <name>The Castle House - Estate</name>
        <description><![CDATA[description: <br>Category: Hotel<br>Distance: 0]]></description>
        <styleUrl>#icon-1602-0288D1</styleUrl>
        <ExtendedData>
          <Data name="description">
            <value/>
          </Data>
          <Data name="Category">
            <value>Hotel</value>
          </Data>
          <Data name="Distance">
            <value>0</value>
          </Data>
        </ExtendedData>
        <Point>
          <coordinates>
            -116.261766,34.165329,0
          </coordinates>
        </Point>
      </Placemark>
      <Placemark>
        <name>Driving</name>
        <description><![CDATA[description: <br>Category: Driving<br>Distance: 299092]]></description>
        <styleUrl>#line-7CB342-5000</styleUrl>
        <ExtendedData>
          <Data name="description">
            <value/>
          </Data>
          <Data name="Category">
            <value>Driving</value>
          </Data>
          <Data name="Distance">
            <value>299092</value>
          </Data>
        </ExtendedData>
        <LineString>
          <tessellate>1</tessellate>
          <coordinates>
            -116.261792,34.164355,0
            -116.24723,34.164161,0
            -116.24688,34.207564,0
            -116.246918,34.207832,0
            -116.264148,34.207834,0
            -116.26438,34.207787,0
            -116.265971,34.207756,0
            -116.265816,34.207848,0
            -116.265528,34.207971,0
            -116.265518,34.207982,0
            -116.265508,34.208015,0
            -116.265538,34.208083,0
            -116.265594,34.208151,0
            -116.265614,34.208218,0
            -116.265614,34.208307,0
            -116.265559,34.208504,0
            -116.265568,34.208535,0
            -116.265603,34.208578,0
            -116.265667,34.20863,0
            -116.265371,34.208513,0
            -116.265188,34.208288,0
            -116.265106,34.208105,0
            -116.265039,34.208042,0
            -116.264908,34.207953,0
            -116.26482,34.207773,0
            -116.26438,34.207787,0
            -116.264148,34.207834,0
            -116.246918,34.207832,0
            -116.24688,34.207564,0
            -116.247206,34.135155,0
            -116.380432,34.134945,0
            -116.38056,34.134994,0
            -116.38283,34.134976,0
            -116.383774,34.134843,0
            -116.384424,34.134681,0
            -116.38497,34.1345,0
            -116.385498,34.134277,0
            -116.386089,34.133959,0
            -116.386118,34.133934,0
            -116.386186,34.133838,0
            -116.395747,34.128398,0
            -116.396392,34.128138,0
            -116.396825,34.128013,0
            -116.404811,34.126294,0
            -116.404924,34.126312,0
            -116.405993,34.126021,0
            -116.407091,34.12567,0
            -116.407186,34.125584,0
            -116.413811,34.123527,0
            -116.414046,34.123532,0
            -116.41421,34.12397,0
            -116.414368,34.124632,0
            -116.414446,34.124703,0
            -116.414477,34.125387,0
            -116.414392,34.126373,0
            -116.412134,34.136978,0
            -116.412065,34.13764,0
            -116.412099,34.137969,0
            -116.412368,34.138764,0
            -116.412571,34.139132,0
            -116.413419,34.140371,0
            -116.413631,34.140744,0
            -116.413771,34.14114,0
            -116.414145,34.142888,0
            -116.414247,34.14315,0
            -116.414381,34.143404,0
            -116.414567,34.143675,0
            -116.414859,34.144,0
            -116.415079,34.144185,0
            -116.416394,34.145111,0
            -116.417076,34.145688,0
            -116.418302,34.14687,0
            -116.418629,34.147309,0
            -116.418799,34.147653,0
            -116.418877,34.147943,0
            -116.418924,34.148324,0
            -116.418937,34.151207,0
            -116.419088,34.153307,0
            -116.41931,34.154291,0
            -116.419764,34.155508,0
            -116.424351,34.169864,0
            -116.425094,34.17335,0
            -116.425238,34.173857,0
            -116.42551,34.17452,0
            -116.430745,34.184591,0
            -116.431413,34.185606,0
            -116.432461,34.187049,0
            -116.432658,34.187279,0
            -116.433329,34.187947,0
            -116.440066,34.194122,0
            -116.441565,34.195336,0
            -116.444966,34.197903,0
            -116.445247,34.198186,0
            -116.445472,34.198492,0
            -116.445703,34.198938,0
            -116.445825,34.199373,0
            -116.44586,34.199771,0
            -116.445823,34.200219,0
            -116.445734,34.200553,0
            -116.445523,34.201013,0
            -116.445422,34.20117,0
            -116.445141,34.201516,0
            -116.442074,34.204201,0
            -116.441288,34.205054,0
            -116.44094,34.205524,0
            -116.440574,34.206105,0
            -116.440131,34.206967,0
            -116.439862,34.207726,0
            -116.439703,34.208374,0
            -116.439625,34.208893,0
            -116.439593,34.209508,0
            -116.439677,34.251013,0
            -116.439633,34.251751,0
            -116.439454,34.252765,0
            -116.438585,34.256058,0
            -116.438561,34.256231,0
            -116.438556,34.256649,0
            -116.438634,34.257147,0
            -116.438777,34.257557,0
            -116.438899,34.257797,0
            -116.439123,34.25814,0
            -116.442664,34.262328,0
            -116.446628,34.267425,0
            -116.44719,34.26825,0
            -116.448023,34.269911,0
            -116.448197,34.270334,0
            -116.448642,34.271865,0
            -116.449735,34.276774,0
            -116.450109,34.277842,0
            -116.45047,34.278618,0
            -116.450921,34.279416,0
            -116.487907,34.332747,0
            -116.488357,34.333272,0
            -116.488911,34.333818,0
            -116.489676,34.334446,0
            -116.49029,34.334861,0
            -116.491118,34.335327,0
            -116.511623,34.345442,0
            -116.512377,34.345725,0
            -116.513022,34.34591,0
            -116.514971,34.346312,0
            -116.520768,34.347221,0
            -116.521826,34.347474,0
            -116.522643,34.347742,0
            -116.523283,34.348001,0
            -116.524436,34.348593,0
            -116.525227,34.349121,0
            -116.525738,34.349527,0
            -116.526158,34.34991,0
            -116.52659,34.35037,0
            -116.527234,34.351184,0
            -116.535598,34.36475,0
            -116.53605,34.365301,0
            -116.536559,34.365833,0
            -116.537279,34.366459,0
            -116.538265,34.367112,0
            -116.539016,34.367517,0
            -116.539707,34.367826,0
            -116.540924,34.368254,0
            -116.541768,34.368451,0
            -116.542608,34.368576,0
            -116.543682,34.368652,0
            -116.59625,34.369212,0
            -116.614949,34.369627,0
            -116.650309,34.370031,0
            -116.651145,34.370096,0
            -116.652221,34.370271,0
            -116.652913,34.370444,0
            -116.65374,34.370702,0
            -116.654835,34.371158,0
            -116.655866,34.371737,0
            -116.656591,34.37224,0
            -116.683444,34.396646,0
            -116.684012,34.397091,0
            -116.684747,34.397566,0
            -116.685365,34.397893,0
            -116.686421,34.398344,0
            -116.687168,34.398599,0
            -116.687953,34.398794,0
            -116.688865,34.398949,0
            -116.690267,34.399062,0
            -116.702471,34.398996,0
            -116.703528,34.39906,0
            -116.704482,34.399193,0
            -116.705184,34.399348,0
            -116.705891,34.399553,0
            -116.70655,34.399791,0
            -116.707512,34.400224,0
            -116.718075,34.406333,0
            -116.718705,34.406763,0
            -116.719132,34.407134,0
            -116.719419,34.407425,0
            -116.721134,34.409519,0
            -116.721604,34.409978,0
            -116.722244,34.41052,0
            -116.726383,34.413647,0
            -116.726918,34.41401,0
            -116.727952,34.414565,0
            -116.728989,34.415043,0
            -116.730035,34.415418,0
            -116.731219,34.41573,0
            -116.733363,34.416167,0
            -116.736503,34.416917,0
            -116.741671,34.417822,0
            -116.75828,34.419606,0
            -116.758616,34.419664,0
            -116.783179,34.425977,0
            -116.787523,34.426958,0
            -116.798943,34.430046,0
            -116.803951,34.431684,0
            -116.807099,34.432552,0
            -116.814827,34.434405,0
            -116.85835,34.443562,0
            -116.858946,34.443652,0
            -116.923941,34.444113,0
            -116.945905,34.443891,0
            -116.94541,34.479752,0
            -116.945245,34.542278,0
            -116.945297,34.542559,0
            -116.945393,34.542853,0
            -116.945635,34.543358,0
            -116.962025,34.56884,0
            -116.973185,34.58364,0
            -116.97346,34.584161,0
            -116.979356,34.600295,0
            -116.979538,34.601194,0
            -116.979585,34.60201,0
            -116.979553,34.602545,0
            -116.979458,34.603102,0
            -116.979202,34.603985,0
            -116.97884,34.604757,0
            -116.978351,34.605496,0
            -116.977705,34.606253,0
            -116.944692,34.637746,0
            -116.944364,34.638136,0
            -116.944238,34.638344,0
            -116.944073,34.63873,0
            -116.943999,34.638986,0
            -116.943942,34.639348,0
            -116.943936,34.639728,0
            -116.943971,34.64004,0
            -116.945425,34.647098,0
            -116.945613,34.647741,0
            -116.945965,34.64859,0
            -116.946219,34.649057,0
            -116.947076,34.650284,0
            -116.948454,34.651774,0
            -116.948883,34.652319,0
            -116.949501,34.653279,0
            -116.949859,34.654021,0
            -116.950774,34.657193,0
            -116.951171,34.658141,0
            -116.951647,34.658946,0
            -116.960758,34.671075,0
            -116.981536,34.7085,0
            -116.982279,34.709957,0
            -117.009568,34.759244,0
            -117.029188,34.823284,0
            -117.029228,34.823724,0
            -117.029148,34.824291,0
            -117.028146,34.827076,0
            -117.027988,34.827367,0
            -117.025813,34.830704,0
            -117.02563,34.831094,0
            -117.0244,34.835214,0
            -117.024238,34.83551,0
            -117.024035,34.835799,0
            -117.023826,34.836031,0
            -117.02343,34.836371,0
            -117.020373,34.838393,0
            -117.02009,34.838681,0
            -117.019884,34.83895,0
            -117.014542,34.84722,0
            -117.01426,34.847744,0
            -117.014096,34.848177,0
            -117.013987,34.848701,0
            -117.013958,34.849193,0
            -117.014022,34.84982,0
            -117.017875,34.863527,0
            -117.018119,34.864156,0
            -117.019283,34.866319,0
            -117.020464,34.869268,0
            -117.022765,34.87553,0
            -117.022895,34.876167,0
            -117.022913,34.876668,0
            -117.022852,34.876867,0
            -117.022846,34.884962,0
            -117.022901,34.885116,0
            -117.022928,34.886673,0
            -117.023227,34.886601,0
            -117.023662,34.886449,0
            -117.023854,34.88641,0
            -117.026488,34.886242,0
            -117.026575,34.886148,0
            -117.045407,34.886261,0
            -117.047649,34.886125,0
            -117.049448,34.885905,0
            -117.058782,34.884408,0
            -117.05937,34.884286,0
            -117.060385,34.884006,0
            -117.060729,34.883886,0
            -117.061351,34.88362,0
            -117.06212,34.883236,0
            -117.062927,34.882748,0
            -117.063544,34.88231,0
            -117.07139,34.875436,0
            -117.07156,34.875393,0
            -117.074291,34.873235,0
            -117.074675,34.87299,0
            -117.074951,34.872858,0
            -117.07524,34.87275,0
            -117.075542,34.872665,0
            -117.075846,34.872608,0
            -117.076167,34.872577,0
            -117.07665,34.872575,0
            -117.077109,34.87262,0
            -117.077579,34.872724,0
            -117.078132,34.872942,0
            -117.078404,34.873091,0
            -117.078765,34.873341,0
            -117.079245,34.873752,0
            -117.079374,34.87383,0
            -117.079514,34.873884,0
            -117.091692,34.885725,0
            -117.092125,34.886248,0
            -117.092489,34.886771,0
            -117.092988,34.887683,0
            -117.093275,34.888406,0
            -117.093544,34.889503,0
            -117.093629,34.890471,0
            -117.093664,34.903296,0
            -117.093799,34.904466,0
            -117.094037,34.905461,0
            -117.095011,34.908021,0
            -117.095332,34.908636,0
            -117.095848,34.90942,0
            -117.096262,34.909933,0
            -117.096795,34.910486,0
            -117.09737,34.910995,0
            -117.098037,34.911493,0
            -117.098517,34.911799,0
            -117.09918,34.912169,0
            -117.099756,34.91244,0
            -117.100654,34.912789,0
            -117.101269,34.912978,0
            -117.10903,34.914692,0
            -117.109806,34.914822,0
            -117.110956,34.914958,0
            -117.112395,34.915035,0
            -117.123617,34.915065,0
            -117.124266,34.915098,0
            -117.128394,34.915544,0
            -117.129994,34.91564,0
            -117.139483,34.915704,0
            -117.141729,34.91582,0
            -117.145493,34.916205,0
            -117.151731,34.917133,0
            -117.153719,34.917359,0
            -117.158014,34.91769,0
            -117.160595,34.917791,0
            -117.168303,34.91783,0
            -117.171832,34.917679,0
            -117.176607,34.917245,0
            -117.180539,34.916691,0
            -117.191534,34.914819,0
            -117.194961,34.914356,0
            -117.199454,34.913959,0
            -117.202032,34.913835,0
            -117.205252,34.913782,0
            -117.227823,34.91394,0
            -117.229567,34.914041,0
            -117.231451,34.91424,0
            -117.234012,34.914651,0
            -117.236444,34.915219,0
            -117.238428,34.915809,0
            -117.240424,34.916525,0
            -117.242605,34.917451,0
            -117.24726,34.919836,0
            -117.248952,34.920559,0
            -117.250408,34.921067,0
            -117.252305,34.921584,0
            -117.254346,34.921968,0
            -117.256553,34.9222,0
            -117.300124,34.923547,0
            -117.304523,34.923821,0
            -117.338617,34.924809,0
            -117.340084,34.924923,0
            -117.341254,34.925092,0
            -117.342692,34.9254,0
            -117.399622,34.943462,0
            -117.405382,34.945513,0
            -117.414483,34.948447,0
            -117.417151,34.949427,0
            -117.419787,34.950557,0
            -117.421316,34.95129,0
            -117.440372,34.961159,0
            -117.445209,34.963513,0
            -117.486971,34.985136,0
            -117.489531,34.986554,0
            -117.493761,34.988744,0
            -117.496404,34.990005,0
            -117.49992,34.991473,0
            -117.502621,34.992443,0
            -117.506468,34.993606,0
            -117.509862,34.99444,0
            -117.514056,34.995231,0
            -117.517495,34.99569,0
            -117.52019,34.995931,0
            -117.52209,34.99604,0
            -117.524638,34.996109,0
            -117.560329,34.996258,0
            -117.562761,34.996358,0
            -117.565834,34.996589,0
            -117.571434,34.997302,0
            -117.575691,34.998149,0
            -117.577551,34.998589,0
            -117.581714,34.999744,0
            -117.584496,35.000664,0
            -117.600537,35.006656,0
            -117.603207,35.007539,0
            -117.605045,35.008071,0
            -117.607973,35.008793,0
            -117.611044,35.009399,0
            -117.614952,35.009949,0
            -117.617065,35.010142,0
            -117.620104,35.01031,0
            -117.651258,35.010438,0
            -117.652327,35.010395,0
            -117.653837,35.01024,0
            -117.655176,35.010001,0
            -117.656206,35.009755,0
            -117.657186,35.009468,0
            -117.661564,35.007844,0
            -117.66301,35.007426,0
            -117.66469,35.007083,0
            -117.666053,35.006927,0
            -117.66694,35.006874,0
            -117.713586,35.00703,0
            -117.71392,35.007003,0
            -117.737994,35.007063,0
            -117.739409,35.007001,0
            -117.774529,35.002847,0
            -117.775975,35.002754,0
            -117.777408,35.00273,0
            -117.778526,35.002762,0
            -118.020903,35.019557,0
            -118.091425,35.030256,0
            -118.092792,35.030515,0
            -118.093828,35.030755,0
            -118.095772,35.031307,0
            -118.097092,35.031767,0
            -118.098388,35.032285,0
            -118.099486,35.032785,0
            -118.101238,35.0337,0
            -118.10251,35.034472,0
            -118.103788,35.035351,0
            -118.105594,35.03681,0
            -118.106616,35.037785,0
            -118.107692,35.038946,0
            -118.108366,35.039751,0
            -118.109662,35.041524,0
            -118.110618,35.043167,0
            -118.110997,35.043938,0
            -118.11161,35.045415,0
            -118.112243,35.047577,0
            -118.112586,35.049582,0
            -118.112685,35.050956,0
            -118.112791,35.069687,0
            -118.112917,35.071011,0
            -118.113178,35.072628,0
            -118.113785,35.075003,0
            -118.114168,35.07614,0
            -118.11483,35.07776,0
            -118.115584,35.079334,0
            -118.116633,35.081119,0
            -118.117908,35.082924,0
            -118.118813,35.084031,0
            -118.119943,35.085287,0
            -118.121489,35.086794,0
            -118.123053,35.088121,0
            -118.124107,35.088921,0
            -118.125841,35.0901,0
            -118.127125,35.090876,0
            -118.129407,35.092077,0
            -118.167528,35.109712,0
            -118.170455,35.110956,0
            -118.173417,35.11207,0
            -118.17794,35.113502,0
            -118.180332,35.114137,0
            -118.183165,35.114789,0
            -118.185393,35.115225,0
            -118.188342,35.115701,0
            -118.192599,35.116193,0
            -118.220792,35.11825,0
            -118.221605,35.118252,0
            -118.222407,35.118208,0
            -118.223196,35.118122,0
            -118.224137,35.117959,0
            -118.224734,35.117819,0
            -118.225647,35.117551,0
            -118.226241,35.11734,0
            -118.248431,35.107177,0
            -118.249608,35.106758,0
            -118.253528,35.105636,0
            -118.255385,35.105239,0
            -118.256801,35.105046,0
            -118.257756,35.104967,0
            -118.259676,35.104933,0
            -118.263329,35.105116,0
            -118.265501,35.105129,0
            -118.266939,35.105073,0
            -118.268878,35.104918,0
            -118.270451,35.104722,0
            -118.272367,35.104397,0
            -118.273792,35.104092,0
            -118.283642,35.101668,0
            -118.286746,35.101045,0
            -118.301878,35.097334,0
            -118.302835,35.097219,0
            -118.303463,35.097214,0
            -118.304248,35.097292,0
            -118.304875,35.09742,0
            -118.305327,35.09755,0
            -118.305898,35.09777,0
            -118.30645,35.098049,0
            -118.306829,35.098286,0
            -118.307296,35.09864,0
            -118.307906,35.099247,0
            -118.309245,35.10119,0
            -118.309784,35.101859,0
            -118.310183,35.10225,0
            -118.31064,35.10263,0
            -118.320282,35.109169,0
            -118.320673,35.109395,0
            -118.321365,35.109723,0
            -118.322081,35.109986,0
            -118.322997,35.110225,0
            -118.323614,35.110333,0
            -118.324581,35.110418,0
            -118.346267,35.110454,0
            -118.346351,35.110442,0
            -118.348657,35.110453,0
            -118.350375,35.110577,0
            -118.351604,35.110756,0
            -118.352913,35.111037,0
            -118.3664,35.114869,0
            -118.367397,35.115033,0
            -118.368056,35.115087,0
            -118.377274,35.115399,0
            -118.378318,35.115531,0
            -118.379004,35.115673,0
            -118.406481,35.12297,0
            -118.40691,35.123115,0
            -118.407466,35.123344,0
            -118.408027,35.123624,0
            -118.40862,35.123991,0
            -118.409369,35.124579,0
            -118.409818,35.12502,0
            -118.410363,35.125692,0
            -118.410656,35.126164,0
            -118.410865,35.126571,0
            -118.411606,35.128396,0
            -118.411865,35.128856,0
            -118.412178,35.129299,0
            -118.412655,35.129838,0
            -118.41321,35.130325,0
            -118.413948,35.130832,0
            -118.414349,35.131051,0
            -118.432716,35.139039,0
            -118.433811,35.139426,0
            -118.434315,35.139554,0
            -118.435061,35.139697,0
            -118.435823,35.139782,0
            -118.45887,35.139843,0
            -118.459989,35.139893,0
            -118.460464,35.139941,0
            -118.465589,35.1408,0
            -118.466078,35.14093,0
            -118.466819,35.141212,0
            -118.467243,35.141423,0
            -118.467797,35.141768,0
            -118.468172,35.142056,0
            -118.46876,35.142635,0
            -118.469118,35.143114,0
            -118.469391,35.14359,0
            -118.46959,35.144072,0
            -118.469731,35.144597,0
            -118.4698,35.14536,0
            -118.469708,35.146314,0
            -118.469353,35.147849,0
            -118.469294,35.14831,0
            -118.469325,35.149124,0
            -118.469429,35.14965,0
            -118.4697,35.150383,0
            -118.469907,35.150771,0
            -118.47338,35.155874,0
            -118.473504,35.156114,0
            -118.473641,35.156483,0
            -118.473725,35.156873,0
            -118.473831,35.160781,0
            -118.473779,35.161302,0
            -118.473299,35.163222,0
            -118.473228,35.163999,0
            -118.47361,35.167637,0
            -118.473756,35.16815,0
            -118.473938,35.168534,0
            -118.474184,35.168913,0
            -118.474417,35.169184,0
            -118.477327,35.172151,0
            -118.478984,35.173591,0
            -118.479459,35.174121,0
            -118.479789,35.174586,0
            -118.480982,35.17651,0
            -118.481611,35.177173,0
            -118.482088,35.177557,0
            -118.482456,35.177801,0
            -118.48314,35.178165,0
            -118.485789,35.179212,0
            -118.486299,35.179461,0
            -118.486913,35.179843,0
            -118.488227,35.180801,0
            -118.488685,35.181066,0
            -118.489347,35.181331,0
            -118.489788,35.181442,0
            -118.494904,35.182063,0
            -118.495422,35.182169,0
            -118.49572,35.182255,0
            -118.496082,35.182393,0
            -118.499866,35.184173,0
            -118.500481,35.184519,0
            -118.502659,35.185932,0
            -118.503069,35.186235,0
            -118.503452,35.186566,0
            -118.503835,35.186964,0
            -118.504177,35.187406,0
            -118.505084,35.188765,0
            -118.505393,35.189148,0
            -118.505777,35.189544,0
            -118.50627,35.189964,0
            -118.519049,35.198706,0
            -118.519825,35.199163,0
            -118.529547,35.203414,0
            -118.530305,35.203839,0
            -118.535003,35.207482,0
            -118.53566,35.207856,0
            -118.536056,35.208025,0
            -118.539509,35.209223,0
            -118.540382,35.209589,0
            -118.550813,35.214888,0
            -118.551067,35.215055,0
            -118.551523,35.215437,0
            -118.551835,35.215789,0
            -118.553215,35.217631,0
            -118.553549,35.218013,0
            -118.553885,35.21833,0
            -118.558417,35.221551,0
            -118.558936,35.221861,0
            -118.559572,35.222156,0
            -118.560145,35.222348,0
            -118.560865,35.222513,0
            -118.565176,35.223046,0
            -118.565869,35.223201,0
            -118.566382,35.223394,0
            -118.566883,35.223668,0
            -118.56717,35.22387,0
            -118.567747,35.224424,0
            -118.567981,35.224754,0
            -118.568212,35.225224,0
            -118.568334,35.225602,0
            -118.568382,35.225864,0
            -118.568569,35.229028,0
            -118.568693,35.229553,0
            -118.568844,35.22991,0
            -118.568996,35.230183,0
            -118.569274,35.230564,0
            -118.569503,35.230805,0
            -118.569843,35.231099,0
            -118.570221,35.231357,0
            -118.574156,35.233398,0
            -118.574659,35.233764,0
            -118.575003,35.234107,0
            -118.575271,35.234457,0
            -118.577106,35.237802,0
            -118.577349,35.238161,0
            -118.577517,35.238361,0
            -118.577819,35.238651,0
            -118.578203,35.238944,0
            -118.578759,35.239258,0
            -118.57906,35.239385,0
            -118.579566,35.239549,0
            -118.579896,35.239622,0
            -118.586194,35.240595,0
            -118.586515,35.240669,0
            -118.587165,35.240893,0
            -118.587768,35.241218,0
            -118.588202,35.241543,0
            -118.588457,35.241798,0
            -118.588747,35.242165,0
            -118.589732,35.243627,0
            -118.590142,35.244064,0
            -118.590496,35.244345,0
            -118.592013,35.245288,0
            -118.592362,35.245542,0
            -118.592834,35.245967,0
            -118.593968,35.247312,0
            -118.59426,35.247614,0
            -118.594739,35.247995,0
            -118.595204,35.248265,0
            -118.595853,35.248526,0
            -118.600958,35.249775,0
            -118.601313,35.249892,0
            -118.601625,35.250037,0
            -118.601983,35.250244,0
            -118.60384,35.251533,0
            -118.608357,35.255322,0
            -118.608756,35.255563,0
            -118.609379,35.255831,0
            -118.609757,35.255943,0
            -118.611442,35.256302,0
            -118.612003,35.256465,0
            -118.612504,35.256688,0
            -118.61309,35.257071,0
            -118.614828,35.258472,0
            -118.61574,35.25909,0
            -118.617792,35.260186,0
            -118.618325,35.260509,0
            -118.620226,35.261833,0
            -118.620496,35.261986,0
            -118.621082,35.262232,0
            -118.621546,35.262364,0
            -118.624427,35.262894,0
            -118.627157,35.263704,0
            -118.627559,35.263787,0
            -118.628205,35.263854,0
            -118.634469,35.263748,0
            -118.635032,35.263699,0
            -118.635886,35.263573,0
            -118.63847,35.262999,0
            -118.639482,35.262859,0
            -118.640121,35.262827,0
            -118.641289,35.262869,0
            -118.642089,35.262977,0
            -118.644846,35.263613,0
            -118.645615,35.263742,0
            -118.646568,35.26383,0
            -118.657692,35.26425,0
            -118.658937,35.264356,0
            -118.659921,35.264497,0
            -118.661279,35.264773,0
            -118.676872,35.269331,0
            -118.67809,35.269612,0
            -118.679662,35.269853,0
            -118.680537,35.269929,0
            -118.685395,35.270173,0
            -118.686108,35.270174,0
            -118.68747,35.270079,0
            -118.688561,35.269919,0
            -118.689185,35.26979,0
            -118.690094,35.269549,0
            -118.692743,35.268671,0
            -118.693391,35.268521,0
            -118.694013,35.268422,0
            -118.695127,35.268338,0
            -118.695927,35.268354,0
            -118.697034,35.268484,0
            -118.697955,35.268689,0
            -118.698544,35.268872,0
            -118.699198,35.269126,0
            -118.699972,35.269505,0
            -118.71081,35.275862,0
            -118.712318,35.27659,0
            -118.713149,35.27692,0
            -118.714108,35.277248,0
            -118.715412,35.277607,0
            -118.716348,35.277802,0
            -118.720486,35.278423,0
            -118.72183,35.278746,0
            -118.72326,35.279203,0
            -118.724304,35.279621,0
            -118.725156,35.280023,0
            -118.733443,35.284768,0
            -118.73501,35.285501,0
            -118.765785,35.297859,0
            -118.766449,35.298175,0
            -118.767454,35.298733,0
            -118.768499,35.299408,0
            -118.769445,35.300126,0
            -118.8001,35.326624,0
            -118.801247,35.327427,0
            -118.801898,35.327814,0
            -118.803119,35.328439,0
            -118.804588,35.329034,0
            -118.806343,35.329573,0
            -118.863335,35.343276,0
            -118.879498,35.345851,0
            -118.880884,35.346175,0
            -118.882966,35.346778,0
            -118.883162,35.346853,0
            -118.897046,35.350891,0
            -118.898384,35.351184,0
            -118.899833,35.351397,0
            -118.908992,35.352079,0
            -118.909097,35.352133,0
            -118.909204,35.352161,0
            -118.910837,35.352416,0
            -118.911416,35.352616,0
            -118.913091,35.353347,0
            -118.913309,35.353389,0
            -118.914107,35.353426,0
            -118.914086,35.354385,0
            -118.910912,35.354398,0
            -118.910913,35.354679,0
          </coordinates>
        </LineString>
      </Placemark>
      <Placemark>
        <name>Subway</name>
        <description><![CDATA[description: <br>Category: Sandwich<br>Distance: 0]]></description>
        <styleUrl>#icon-1739-0288D1</styleUrl>
        <ExtendedData>
          <Data name="description">
            <value/>
          </Data>
          <Data name="Category">
            <value>Sandwich</value>
          </Data>
          <Data name="Distance">
            <value>0</value>
          </Data>
        </ExtendedData>
        <Point>
          <coordinates>
            -118.91136,35.354698,0
          </coordinates>
        </Point>
      </Placemark>
      <Placemark>
        <name>Driving</name>
        <description><![CDATA[description: <br>Category: Driving<br>Distance: 355]]></description>
        <styleUrl>#line-7CB342-5000</styleUrl>
        <ExtendedData>
          <Data name="description">
            <value/>
          </Data>
          <Data name="Category">
            <value>Driving</value>
          </Data>
          <Data name="Distance">
            <value>355</value>
          </Data>
        </ExtendedData>
        <LineString>
          <tessellate>1</tessellate>
          <coordinates>
            -118.911362,35.354395,0
            -118.912108,35.354391,0
            -118.912889,35.354386,0
            -118.913151,35.354386,0
            -118.913505,35.354385,0
            -118.914086,35.354385,0
            -118.914267,35.354356,0
            -118.914281,35.353852,0
            -118.914286,35.353629,0
          </coordinates>
        </LineString>
      </Placemark>
      <Placemark>
        <name>Starbucks</name>
        <description><![CDATA[description: <br>Category: Coffee shop<br>Distance: 0]]></description>
        <styleUrl>#icon-1739-0288D1</styleUrl>
        <ExtendedData>
          <Data name="description">
            <value/>
          </Data>
          <Data name="Category">
            <value>Coffee shop</value>
          </Data>
          <Data name="Distance">
            <value>0</value>
          </Data>
        </ExtendedData>
        <Point>
          <coordinates>
            -118.91471,35.353532,0
          </coordinates>
        </Point>
      </Placemark>
      <Placemark>
        <name>Driving</name>
        <description><![CDATA[description: <br>Category: Driving<br>Distance: 440935]]></description>
        <styleUrl>#line-7CB342-5000</styleUrl>
        <ExtendedData>
          <Data name="description">
            <value/>
          </Data>
          <Data name="Category">
            <value>Driving</value>
          </Data>
          <Data name="Distance">
            <value>440935</value>
          </Data>
        </ExtendedData>
        <LineString>
          <tessellate>1</tessellate>
          <coordinates>
            -118.914287,35.353569,0
            -118.914316,35.353526,0
            -118.914334,35.35337,0
            -118.914357,35.353317,0
            -118.914479,35.353178,0
            -118.914593,35.353104,0
            -118.914757,35.353051,0
            -118.917468,35.352675,0
            -118.918736,35.352578,0
            -118.918806,35.352557,0
            -118.91886,35.352517,0
            -118.95038,35.35239,0
            -118.95375,35.352504,0
            -118.961478,35.353001,0
            -118.966259,35.35317,0
            -118.968485,35.353128,0
            -118.969642,35.353052,0
            -118.974297,35.35263,0
            -118.976263,35.352554,0
            -118.993866,35.352523,0
            -119.029596,35.352749,0
            -119.029732,35.352762,0
            -119.033243,35.352763,0
            -119.033346,35.352795,0
            -119.033449,35.352811,0
            -119.03674,35.352992,0
            -119.037218,35.353076,0
            -119.037505,35.353159,0
            -119.037988,35.353375,0
            -119.038206,35.353514,0
            -119.038623,35.353859,0
            -119.0388,35.354087,0
            -119.038993,35.354397,0
            -119.039113,35.354661,0
            -119.039206,35.355256,0
            -119.039233,35.355587,0
            -119.039266,35.355767,0
            -119.039296,35.356586,0
            -119.039372,35.356756,0
            -119.039368,35.35732,0
            -119.039381,35.35743,0
            -119.039336,35.358222,0
            -119.039332,35.360979,0
            -119.039372,35.361571,0
            -119.039411,35.361734,0
            -119.039518,35.362493,0
            -119.039655,35.363181,0
            -119.039883,35.364015,0
            -119.040105,35.364665,0
            -119.040102,35.364827,0
            -119.040234,35.365187,0
            -119.040253,35.365306,0
            -119.040577,35.366231,0
            -119.040591,35.366343,0
            -119.040575,35.366619,0
            -119.04055,35.366742,0
            -119.040481,35.366938,0
            -119.040259,35.36809,0
            -119.040279,35.368508,0
            -119.039914,35.368546,0
            -119.038764,35.368549,0
            -119.038672,35.371446,0
            -119.038676,35.373537,0
            -119.039138,35.373582,0
            -119.04032,35.373584,0
            -119.040556,35.373599,0
            -119.040827,35.373638,0
            -119.041902,35.373884,0
            -119.042168,35.373913,0
            -119.042391,35.373919,0
            -119.042685,35.373907,0
            -119.043072,35.373849,0
            -119.044828,35.373506,0
            -119.045809,35.373223,0
            -119.046204,35.373141,0
            -119.046683,35.373071,0
            -119.047351,35.373025,0
            -119.049343,35.373008,0
            -119.050734,35.372946,0
            -119.052066,35.372783,0
            -119.052767,35.372659,0
            -119.054045,35.372354,0
            -119.054855,35.37211,0
            -119.055502,35.371875,0
            -119.056003,35.371661,0
            -119.056129,35.371661,0
            -119.056257,35.371641,0
            -119.057115,35.371354,0
            -119.057373,35.371291,0
            -119.057635,35.371279,0
            -119.057844,35.371291,0
            -119.061737,35.371795,0
            -119.062351,35.371846,0
            -119.063773,35.371895,0
            -119.064729,35.371856,0
            -119.066165,35.371701,0
            -119.067195,35.371516,0
            -119.068393,35.371179,0
            -119.069118,35.370916,0
            -119.075162,35.368281,0
            -119.07596,35.367981,0
            -119.076631,35.367782,0
            -119.07732,35.367623,0
            -119.078288,35.367471,0
            -119.079237,35.367397,0
            -119.080027,35.367399,0
            -119.080936,35.367458,0
            -119.081577,35.367542,0
            -119.082511,35.367735,0
            -119.084924,35.368355,0
            -119.085392,35.368454,0
            -119.085917,35.368538,0
            -119.086422,35.36859,0
            -119.086896,35.368614,0
            -119.087892,35.368584,0
            -119.08862,35.368499,0
            -119.089055,35.368419,0
            -119.089662,35.368272,0
            -119.090559,35.367972,0
            -119.09089,35.367833,0
            -119.091617,35.367468,0
            -119.092397,35.366945,0
            -119.092944,35.366492,0
            -119.093368,35.366071,0
            -119.094823,35.364343,0
            -119.095397,35.363812,0
            -119.096093,35.363309,0
            -119.096549,35.363039,0
            -119.097328,35.362661,0
            -119.097925,35.362436,0
            -119.098584,35.36225,0
            -119.099408,35.362089,0
            -119.099789,35.362042,0
            -119.100568,35.361991,0
            -119.132268,35.362095,0
            -119.132284,35.362087,0
            -119.132449,35.362074,0
            -119.139123,35.362097,0
            -119.139833,35.362075,0
            -119.140677,35.362013,0
            -119.141657,35.361896,0
            -119.15189,35.359935,0
            -119.152844,35.359806,0
            -119.153846,35.359727,0
            -119.163148,35.359712,0
            -119.164613,35.359623,0
            -119.1654,35.359533,0
            -119.166496,35.35936,0
            -119.167257,35.359208,0
            -119.168026,35.359018,0
            -119.169439,35.358591,0
            -119.170301,35.358272,0
            -119.171145,35.35791,0
            -119.172354,35.357316,0
            -119.175571,35.3554,0
            -119.176167,35.355149,0
            -119.176784,35.35493,0
            -119.177161,35.354818,0
            -119.177985,35.354639,0
            -119.17884,35.354542,0
            -119.184688,35.354498,0
            -119.185359,35.354438,0
            -119.250269,35.354354,0
            -119.250376,35.354382,0
            -119.251108,35.354486,0
            -119.251267,35.354492,0
            -119.251668,35.354472,0
            -119.251908,35.354488,0
            -119.251958,35.354546,0
            -119.252003,35.354576,0
            -119.252053,35.354598,0
            -119.252109,35.354611,0
            -119.252166,35.354614,0
            -119.252223,35.354609,0
            -119.252313,35.354577,0
            -119.252332,35.354575,0
            -119.252661,35.354454,0
            -119.252846,35.354429,0
            -119.254033,35.354405,0
            -119.254069,35.354391,0
            -119.332532,35.354857,0
            -119.332884,35.35488,0
            -119.337053,35.356127,0
            -119.337271,35.356214,0
            -119.337566,35.356372,0
            -119.338182,35.356785,0
            -119.338378,35.356837,0
            -119.363643,35.374734,0
            -119.389591,35.393426,0
            -119.511134,35.481945,0
            -119.511412,35.482125,0
            -119.528283,35.494402,0
            -119.529782,35.495615,0
            -119.610039,35.569291,0
            -119.611803,35.570976,0
            -119.644045,35.604568,0
            -119.645223,35.605869,0
            -119.646584,35.607535,0
            -119.731928,35.722243,0
            -119.732093,35.722503,0
            -119.734462,35.725713,0
            -119.735652,35.727113,0
            -119.737046,35.728937,0
            -119.737193,35.729166,0
            -119.744552,35.739033,0
            -119.744926,35.739692,0
            -119.749448,35.745713,0
            -119.749985,35.746305,0
            -119.75359,35.751126,0
            -119.754349,35.752346,0
            -119.814986,35.833474,0
            -119.828409,35.849985,0
            -119.830271,35.85211,0
            -119.86433,35.888066,0
            -119.962731,35.984294,0
            -119.981225,36.003663,0
            -119.98206,36.004466,0
            -119.982759,36.005081,0
            -119.983873,36.005974,0
            -119.985185,36.006904,0
            -120.01814,36.028113,0
            -120.01982,36.029121,0
            -120.053003,36.047419,0
            -120.102232,36.077116,0
            -120.103101,36.077718,0
            -120.104748,36.079005,0
            -120.10562,36.079796,0
            -120.106835,36.08103,0
            -120.111651,36.086309,0
            -120.111658,36.086387,0
            -120.112445,36.087455,0
            -120.112511,36.08757,0
            -120.112607,36.087825,0
            -120.112633,36.088145,0
            -120.11258,36.088737,0
            -120.11259,36.088784,0
            -120.112628,36.088867,0
            -120.112572,36.088999,0
            -120.112564,36.089086,0
            -120.112606,36.089373,0
            -120.112693,36.089618,0
            -120.112776,36.089749,0
            -120.112952,36.089949,0
            -120.11309,36.090061,0
            -120.113247,36.090158,0
            -120.113422,36.090241,0
            -120.113596,36.090303,0
            -120.113829,36.090349,0
            -120.114564,36.090386,0
            -120.114789,36.090422,0
            -120.115028,36.090495,0
            -120.115132,36.090539,0
            -120.115332,36.090653,0
            -120.115745,36.091004,0
            -120.116607,36.091842,0
            -120.116767,36.091909,0
            -120.195348,36.177881,0
            -120.19641,36.179201,0
            -120.197053,36.180116,0
            -120.271973,36.299027,0
            -120.272986,36.300442,0
            -120.273669,36.301304,0
            -120.288511,36.318471,0
            -120.289898,36.319999,0
            -120.298483,36.328999,0
            -120.407867,36.451259,0
            -120.428688,36.473081,0
            -120.444821,36.491817,0
            -120.44639,36.493509,0
            -120.44774,36.494876,0
            -120.473724,36.520056,0
            -120.475513,36.521563,0
            -120.607857,36.621547,0
            -120.608832,36.622348,0
            -120.609447,36.622899,0
            -120.610607,36.624042,0
            -120.611593,36.625171,0
            -120.682216,36.71721,0
            -120.683863,36.719504,0
            -120.799731,36.887975,0
            -120.801386,36.89009,0
            -120.820985,36.912542,0
            -120.822324,36.913872,0
            -120.823549,36.914964,0
            -120.828138,36.918671,0
            -120.829246,36.919641,0
            -120.839152,36.929268,0
            -120.842108,36.931876,0
            -120.8874,36.968972,0
            -120.888154,36.969666,0
            -120.889285,36.970812,0
            -120.890646,36.97229,0
            -120.917177,37.002546,0
            -120.969209,37.056339,0
            -120.969235,37.056496,0
            -120.969255,37.056546,0
            -120.969697,37.057075,0
            -120.969754,37.057249,0
            -120.969733,37.057378,0
            -120.969685,37.05746,0
            -120.969606,37.057543,0
            -120.969501,37.057605,0
            -120.969368,37.057642,0
            -120.969195,37.057644,0
            -120.969125,37.057632,0
            -120.96901,37.057587,0
            -120.968905,37.057515,0
            -120.968848,37.05745,0
            -120.968811,37.057365,0
            -120.968795,37.057272,0
            -120.968812,37.057167,0
            -120.96883,37.057122,0
            -120.968882,37.057047,0
            -120.968982,37.056959,0
            -120.969078,37.056912,0
            -120.96926,37.056861,0
            -120.969378,37.056796,0
            -120.97529,37.056823,0
            -120.975471,37.056811,0
            -121.040723,37.057021,0
            -121.041686,37.057103,0
            -121.051223,37.058438,0
            -121.052044,37.058595,0
            -121.052665,37.058749,0
            -121.053351,37.058959,0
            -121.054495,37.059396,0
            -121.055347,37.059806,0
            -121.093957,37.08235,0
            -121.094351,37.082515,0
            -121.094828,37.082671,0
            -121.095166,37.08275,0
            -121.099882,37.083481,0
            -121.101064,37.083752,0
            -121.109961,37.086099,0
            -121.110385,37.086247,0
            -121.110974,37.08652,0
            -121.115279,37.089183,0
            -121.115941,37.089626,0
            -121.116261,37.089903,0
            -121.116888,37.090597,0
            -121.120381,37.095702,0
            -121.120589,37.096131,0
            -121.12239,37.100621,0
            -121.122687,37.101105,0
            -121.123174,37.101664,0
            -121.123561,37.101993,0
            -121.124061,37.10231,0
            -121.127985,37.104414,0
            -121.128651,37.104661,0
            -121.129199,37.104791,0
            -121.129767,37.104866,0
            -121.130252,37.104893,0
            -121.130598,37.104881,0
            -121.131221,37.104814,0
            -121.131429,37.104777,0
            -121.131865,37.104669,0
            -121.132199,37.104558,0
            -121.151477,37.097114,0
            -121.151954,37.096898,0
            -121.152473,37.096598,0
            -121.152932,37.096246,0
            -121.153141,37.096058,0
            -121.153594,37.095567,0
            -121.158538,37.089705,0
            -121.158609,37.08964,0
            -121.158977,37.089211,0
            -121.159259,37.088924,0
            -121.159733,37.088513,0
            -121.16038,37.088033,0
            -121.161367,37.087496,0
            -121.162106,37.087182,0
            -121.162699,37.086988,0
            -121.163333,37.086826,0
            -121.164431,37.086645,0
            -121.165112,37.086599,0
            -121.165767,37.086598,0
            -121.166404,37.086637,0
            -121.171203,37.087191,0
            -121.172008,37.087249,0
            -121.172861,37.087244,0
            -121.173921,37.087132,0
            -121.17448,37.087032,0
            -121.181975,37.084967,0
            -121.182644,37.084826,0
            -121.182823,37.084804,0
            -121.183658,37.084764,0
            -121.188974,37.084911,0
            -121.189576,37.084882,0
            -121.190122,37.084795,0
            -121.190536,37.084693,0
            -121.191009,37.084536,0
            -121.191688,37.084244,0
            -121.19223,37.083936,0
            -121.192419,37.083801,0
            -121.193296,37.08303,0
            -121.197347,37.078844,0
            -121.197857,37.078441,0
            -121.198224,37.078211,0
            -121.198712,37.077959,0
            -121.199208,37.077764,0
            -121.19984,37.077587,0
            -121.200309,37.077504,0
            -121.200618,37.077468,0
            -121.205073,37.077371,0
            -121.205746,37.077307,0
            -121.206585,37.077125,0
            -121.207188,37.076932,0
            -121.207693,37.07669,0
            -121.208173,37.076408,0
            -121.208582,37.076102,0
            -121.208924,37.075799,0
            -121.209202,37.075493,0
            -121.209623,37.074844,0
            -121.212025,37.0697,0
            -121.212185,37.06942,0
            -121.212496,37.068998,0
            -121.212735,37.068755,0
            -121.213246,37.068337,0
            -121.213703,37.068053,0
            -121.214101,37.06786,0
            -121.214331,37.067772,0
            -121.214846,37.067622,0
            -121.224389,37.065344,0
            -121.225467,37.065036,0
            -121.226382,37.064699,0
            -121.241859,37.057558,0
            -121.243208,37.056837,0
            -121.247154,37.054482,0
            -121.24781,37.054124,0
            -121.248415,37.053862,0
            -121.249037,37.053662,0
            -121.24964,37.053514,0
            -121.251903,37.053114,0
            -121.252375,37.052993,0
            -121.252809,37.052855,0
            -121.253331,37.052654,0
            -121.254091,37.052275,0
            -121.254736,37.051855,0
            -121.256921,37.050087,0
            -121.257243,37.049775,0
            -121.257896,37.049024,0
            -121.259912,37.046173,0
            -121.260333,37.045726,0
            -121.260659,37.045478,0
            -121.260916,37.045313,0
            -121.261188,37.045169,0
            -121.261478,37.045041,0
            -121.261928,37.044891,0
            -121.262239,37.044817,0
            -121.26256,37.044762,0
            -121.263048,37.044722,0
            -121.26338,37.044722,0
            -121.263712,37.044743,0
            -121.267387,37.04549,0
            -121.267814,37.045547,0
            -121.26817,37.04556,0
            -121.268662,37.045543,0
            -121.268995,37.045504,0
            -121.271073,37.045086,0
            -121.271369,37.045046,0
            -121.271798,37.045026,0
            -121.272153,37.045035,0
            -121.272512,37.045072,0
            -121.272987,37.045166,0
            -121.273326,37.045264,0
            -121.276046,37.046223,0
            -121.276479,37.046347,0
            -121.277035,37.046466,0
            -121.2817,37.047069,0
            -121.282562,37.047124,0
            -121.283294,37.047099,0
            -121.283616,37.04707,0
            -121.284422,37.04694,0
            -121.284917,37.046818,0
            -121.285332,37.046692,0
            -121.286183,37.046348,0
            -121.286729,37.046053,0
            -121.288768,37.044737,0
            -121.289321,37.04429,0
            -121.289699,37.043911,0
            -121.289996,37.043567,0
            -121.292508,37.039966,0
            -121.292763,37.03964,0
            -121.292955,37.039445,0
            -121.293288,37.039168,0
            -121.293536,37.038994,0
            -121.29381,37.03883,0
            -121.29411,37.038679,0
            -121.294493,37.038524,0
            -121.294919,37.038393,0
            -121.295462,37.038279,0
            -121.295969,37.038228,0
            -121.296403,37.038226,0
            -121.296772,37.038252,0
            -121.299567,37.038629,0
            -121.300051,37.03866,0
            -121.300523,37.038647,0
            -121.301234,37.038567,0
            -121.307594,37.03738,0
            -121.309009,37.037047,0
            -121.310154,37.036705,0
            -121.312976,37.035747,0
            -121.315911,37.034911,0
            -121.318899,37.034222,0
            -121.319511,37.034057,0
            -121.322829,37.032822,0
            -121.323399,37.032576,0
            -121.323814,37.032351,0
            -121.32431,37.032011,0
            -121.324542,37.031822,0
            -121.324869,37.031511,0
            -121.326754,37.029209,0
            -121.327009,37.028858,0
            -121.32723,37.028501,0
            -121.327481,37.028008,0
            -121.327633,37.027634,0
            -121.327785,37.027123,0
            -121.327866,37.026731,0
            -121.328083,37.025036,0
            -121.328225,37.024526,0
            -121.328441,37.024024,0
            -121.32872,37.023554,0
            -121.328981,37.02321,0
            -121.329485,37.022693,0
            -121.34,37.01445,0
            -121.340464,37.014136,0
            -121.341107,37.013785,0
            -121.341845,37.013479,0
            -121.342608,37.013252,0
            -121.343086,37.01315,0
            -121.349111,37.012156,0
            -121.350129,37.011914,0
            -121.359722,37.009212,0
            -121.3603,37.008999,0
            -121.364924,37.006923,0
            -121.365091,37.00683,0
            -121.366658,37.006123,0
            -121.367492,37.005707,0
            -121.368042,37.005382,0
            -121.368519,37.005066,0
            -121.369151,37.004593,0
            -121.369907,37.003925,0
            -121.374622,36.999172,0
            -121.375034,36.998808,0
            -121.375403,36.998531,0
            -121.377543,36.997105,0
            -121.378128,36.996629,0
            -121.378754,36.996007,0
            -121.383644,36.990088,0
            -121.38395,36.989644,0
            -121.384224,36.989138,0
            -121.384503,36.988504,0
            -121.384632,36.988128,0
            -121.384751,36.987584,0
            -121.384788,36.987205,0
            -121.384798,36.986802,0
            -121.384751,36.986142,0
            -121.384682,36.985759,0
            -121.384549,36.985245,0
            -121.383453,36.982485,0
            -121.383321,36.982218,0
            -121.382969,36.981623,0
            -121.381917,36.98007,0
            -121.381614,36.979507,0
            -121.381463,36.979137,0
            -121.381363,36.978818,0
            -121.381291,36.978497,0
            -121.381241,36.978083,0
            -121.381235,36.977715,0
            -121.381304,36.977053,0
            -121.382689,36.970843,0
            -121.383061,36.969703,0
            -121.383139,36.969525,0
            -121.383324,36.969227,0
            -121.383548,36.968944,0
            -121.38366,36.968831,0
            -121.384161,36.968416,0
            -121.384273,36.968346,0
            -121.384526,36.968226,0
            -121.391538,36.965629,0
            -121.39257,36.965139,0
            -121.395336,36.963647,0
            -121.395975,36.963244,0
            -121.398002,36.961797,0
            -121.398432,36.961553,0
            -121.398916,36.961336,0
            -121.399621,36.961123,0
            -121.400279,36.961004,0
            -121.400857,36.960964,0
            -121.401684,36.960972,0
            -121.402286,36.961036,0
            -121.403187,36.961217,0
            -121.404011,36.961461,0
            -121.404549,36.961663,0
            -121.405125,36.961927,0
            -121.405792,36.962285,0
            -121.406113,36.962491,0
            -121.406713,36.962941,0
            -121.412532,36.968149,0
            -121.412998,36.968488,0
            -121.413581,36.968853,0
            -121.41409,36.969117,0
            -121.41578,36.969893,0
            -121.416887,36.970341,0
            -121.41694,36.970377,0
            -121.41789,36.97081,0
            -121.41877,36.971138,0
            -121.419121,36.971239,0
            -121.420736,36.971613,0
            -121.420924,36.971637,0
            -121.421826,36.97186,0
            -121.424942,36.972896,0
            -121.425223,36.972952,0
            -121.425738,36.973009,0
            -121.426107,36.973018,0
            -121.426539,36.972986,0
            -121.429355,36.972397,0
            -121.42987,36.972324,0
            -121.430446,36.9723,0
            -121.430934,36.972319,0
            -121.431317,36.972359,0
            -121.431938,36.972478,0
            -121.432495,36.972641,0
            -121.432953,36.972832,0
            -121.433518,36.973138,0
            -121.433738,36.973282,0
            -121.434009,36.973488,0
            -121.434308,36.973754,0
            -121.434603,36.974061,0
            -121.434835,36.974373,0
            -121.436274,36.976997,0
            -121.436526,36.977301,0
            -121.437477,36.978265,0
            -121.437673,36.978503,0
            -121.437829,36.978738,0
            -121.437952,36.978989,0
            -121.438882,36.98184,0
            -121.438983,36.982066,0
            -121.439187,36.982435,0
            -121.439542,36.982908,0
            -121.441046,36.984476,0
            -121.441402,36.984751,0
            -121.44879,36.988727,0
            -121.449007,36.988824,0
            -121.44954,36.988995,0
            -121.449879,36.989065,0
            -121.450309,36.989114,0
            -121.450631,36.989122,0
            -121.451207,36.989071,0
            -121.451569,36.988998,0
            -121.451922,36.988891,0
            -121.452241,36.988762,0
            -121.453675,36.988071,0
            -121.454076,36.987906,0
            -121.454373,36.987819,0
            -121.454866,36.987723,0
            -121.455348,36.987694,0
            -121.457354,36.98776,0
            -121.457562,36.987746,0
            -121.457961,36.987691,0
            -121.458237,36.987627,0
            -121.458658,36.987495,0
            -121.458992,36.987347,0
            -121.46315,36.985255,0
            -121.463368,36.985107,0
            -121.464456,36.984134,0
            -121.464959,36.983771,0
            -121.465326,36.983575,0
            -121.465699,36.983439,0
            -121.466045,36.983336,0
            -121.466419,36.983268,0
            -121.466823,36.983228,0
            -121.469573,36.983299,0
            -121.470461,36.983382,0
            -121.478878,36.984656,0
            -121.482552,36.985382,0
            -121.483264,36.985562,0
            -121.484491,36.985951,0
            -121.485056,36.98616,0
            -121.487847,36.987332,0
            -121.487979,36.987412,0
            -121.490877,36.988644,0
            -121.49257,36.989297,0
            -121.49334,36.989557,0
            -121.493406,36.989564,0
            -121.493675,36.989683,0
            -121.494042,36.989889,0
            -121.494384,36.990127,0
            -121.496906,36.992486,0
            -121.496948,36.992547,0
            -121.498131,36.993729,0
            -121.500483,36.995874,0
            -121.500818,36.996213,0
            -121.500943,36.996298,0
            -121.503577,36.99914,0
            -121.505849,37.001088,0
            -121.510958,37.005964,0
            -121.515021,37.009637,0
            -121.515215,37.009753,0
            -121.515396,37.009822,0
            -121.51563,37.009879,0
            -121.515746,37.009891,0
            -121.515996,37.010527,0
            -121.520077,37.016953,0
            -121.52009,37.01702,0
            -121.520723,37.018067,0
            -121.521138,37.018647,0
            -121.521232,37.018852,0
            -121.521472,37.019133,0
            -121.522095,37.019968,0
            -121.522139,37.019988,0
            -121.526354,37.026029,0
            -121.526359,37.026076,0
            -121.527307,37.027502,0
            -121.528146,37.028646,0
            -121.528207,37.028682,0
            -121.529593,37.030661,0
            -121.529611,37.030725,0
            -121.530029,37.031306,0
            -121.530977,37.032199,0
            -121.53105,37.032234,0
            -121.532902,37.033974,0
            -121.533147,37.034143,0
            -121.533356,37.034247,0
            -121.533646,37.034354,0
            -121.533827,37.034402,0
            -121.534125,37.034453,0
            -121.534561,37.034472,0
            -121.534808,37.034451,0
            -121.535148,37.034382,0
            -121.535795,37.03418,0
            -121.535871,37.034176,0
            -121.536969,37.03382,0
            -121.538997,37.033023,0
            -121.539056,37.03298,0
            -121.552311,37.02789,0
            -121.552473,37.027861,0
            -121.555827,37.026602,0
            -121.555915,37.026552,0
            -121.561136,37.02457,0
            -121.561223,37.024563,0
            -121.5638,37.023569,0
            -121.564845,37.023119,0
            -121.565502,37.022887,0
            -121.565925,37.02292,0
            -121.566079,37.022963,0
            -121.56619,37.023013,0
            -121.566323,37.02312,0
            -121.566875,37.023851,0
            -121.568591,37.026529,0
            -121.568608,37.026544,0
            -121.568678,37.026581,0
            -121.568735,37.026596,0
            -121.574903,37.037952,0
            -121.576412,37.041039,0
            -121.588899,37.069793,0
            -121.590321,37.072695,0
            -121.603909,37.097354,0
            -121.60434,37.098047,0
            -121.605228,37.099268,0
            -121.605879,37.10003,0
            -121.606662,37.100844,0
            -121.607317,37.101454,0
            -121.607954,37.101992,0
            -121.619658,37.111163,0
            -121.619841,37.111285,0
            -121.62111,37.112332,0
            -121.621877,37.11306,0
            -121.622608,37.113847,0
            -121.623367,37.114787,0
            -121.62423,37.11606,0
            -121.626803,37.120421,0
            -121.626808,37.120495,0
            -121.635301,37.134812,0
            -121.636169,37.136091,0
            -121.636868,37.136982,0
            -121.637432,37.137638,0
            -121.656891,37.157654,0
            -121.657747,37.158458,0
            -121.658666,37.159238,0
            -121.66242,37.162036,0
            -121.663245,37.162733,0
            -121.664274,37.163715,0
            -121.665256,37.164778,0
            -121.668561,37.168745,0
            -121.669306,37.169566,0
            -121.670291,37.170559,0
            -121.671123,37.171328,0
            -121.678161,37.177347,0
            -121.679152,37.178259,0
            -121.679982,37.179091,0
            -121.680858,37.180049,0
            -121.6847,37.184516,0
            -121.685448,37.185245,0
            -121.686565,37.1862,0
            -121.687229,37.186703,0
            -121.703987,37.198452,0
            -121.706873,37.200276,0
            -121.720625,37.208087,0
            -121.721677,37.208776,0
            -121.722316,37.209248,0
            -121.722807,37.20965,0
            -121.723624,37.21039,0
            -121.729444,37.216351,0
            -121.730634,37.217435,0
            -121.742313,37.226637,0
            -121.743712,37.227607,0
            -121.744647,37.228196,0
            -121.765655,37.240256,0
            -121.768978,37.242067,0
            -121.776309,37.246305,0
            -121.794535,37.256164,0
            -121.795131,37.256538,0
            -121.795789,37.256998,0
            -121.796882,37.257882,0
            -121.797904,37.258901,0
            -121.798493,37.259582,0
            -121.798862,37.260059,0
            -121.799382,37.260806,0
            -121.799947,37.261764,0
            -121.800342,37.262579,0
            -121.800628,37.263292,0
            -121.804721,37.275844,0
            -121.80499,37.276486,0
            -121.805361,37.277228,0
            -121.808431,37.282051,0
            -121.808637,37.282471,0
            -121.808931,37.283237,0
            -121.809077,37.283768,0
            -121.809211,37.284541,0
            -121.80978,37.294057,0
            -121.809875,37.294593,0
            -121.810073,37.295362,0
            -121.810349,37.296079,0
            -121.810609,37.296593,0
            -121.810963,37.297175,0
            -121.811644,37.298058,0
            -121.839064,37.326423,0
            -121.842263,37.329918,0
            -121.84808,37.335733,0
            -121.848108,37.335751,0
            -121.855352,37.343257,0
            -121.855457,37.343414,0
            -121.855866,37.343842,0
            -121.856026,37.343954,0
            -121.856219,37.344157,0
            -121.856271,37.344262,0
            -121.858916,37.346973,0
            -121.862924,37.351425,0
            -121.863486,37.351968,0
            -121.868713,37.356615,0
            -121.869619,37.357357,0
            -121.871237,37.35852,0
            -121.872612,37.359342,0
            -121.873611,37.359859,0
            -121.87502,37.360478,0
            -121.876234,37.360918,0
            -121.876978,37.361152,0
            -121.877951,37.361415,0
            -121.879167,37.361696,0
            -121.880616,37.361937,0
            -121.889474,37.362949,0
            -121.899693,37.363863,0
            -121.900617,37.364006,0
            -121.901588,37.364224,0
            -121.902259,37.364421,0
            -121.903172,37.364779,0
            -121.904246,37.365311,0
            -121.904973,37.365777,0
            -121.906358,37.366824,0
            -121.908322,37.36849,0
            -121.908765,37.368827,0
            -121.909597,37.369355,0
            -121.910355,37.369757,0
            -121.911225,37.370155,0
            -121.912045,37.370454,0
            -121.915703,37.371599,0
            -121.916778,37.371846,0
            -121.923732,37.372897,0
            -121.924516,37.37306,0
            -121.933971,37.375309,0
            -121.94535,37.377548,0
            -121.945798,37.377654,0
            -121.950868,37.378635,0
            -121.950903,37.378656,0
            -121.954098,37.379346,0
            -121.954952,37.379564,0
            -121.993395,37.390508,0
            -121.996054,37.39132,0
            -121.996274,37.391407,0
            -122.002117,37.393115,0
            -122.008657,37.394856,0
            -122.014567,37.396153,0
            -122.014756,37.396213,0
            -122.028596,37.399247,0
            -122.02903,37.399317,0
            -122.05075,37.404078,0
            -122.055177,37.40526,0
            -122.067437,37.407974,0
            -122.068482,37.408275,0
            -122.069124,37.408506,0
            -122.080936,37.413221,0
            -122.081983,37.413733,0
            -122.083185,37.414436,0
            -122.084316,37.415188,0
            -122.096782,37.424243,0
            -122.09841,37.425579,0
            -122.104273,37.431154,0
            -122.104443,37.431292,0
            -122.106147,37.432915,0
            -122.106288,37.433082,0
            -122.124787,37.45071,0
            -122.125355,37.451204,0
            -122.12622,37.451889,0
            -122.127596,37.452773,0
            -122.138022,37.458899,0
            -122.138349,37.459069,0
            -122.145685,37.463366,0
            -122.145949,37.463543,0
            -122.176061,37.481198,0
            -122.177778,37.482158,0
            -122.178961,37.48274,0
            -122.180261,37.483283,0
            -122.181204,37.483636,0
            -122.183318,37.484308,0
            -122.183477,37.484372,0
            -122.185441,37.484879,0
            -122.187891,37.485367,0
            -122.188898,37.485519,0
            -122.206915,37.487747,0
            -122.208949,37.488074,0
            -122.21108,37.488532,0
            -122.21302,37.489068,0
            -122.214342,37.489501,0
            -122.215928,37.490096,0
            -122.224233,37.493727,0
            -122.225721,37.494277,0
            -122.22693,37.494673,0
            -122.233218,37.496462,0
            -122.235778,37.497262,0
            -122.23683,37.497688,0
            -122.2374,37.497971,0
            -122.237929,37.49827,0
            -122.238717,37.498784,0
            -122.239405,37.499316,0
            -122.259366,37.516943,0
            -122.259611,37.517185,0
            -122.265243,37.522121,0
            -122.265456,37.522286,0
            -122.274217,37.530062,0
            -122.275704,37.531526,0
            -122.292081,37.549192,0
            -122.292052,37.549321,0
            -122.29329,37.550929,0
            -122.293297,37.550968,0
            -122.293686,37.551604,0
            -122.29378,37.551804,0
            -122.293826,37.552022,0
            -122.293827,37.552151,0
            -122.293797,37.55235,0
            -122.293757,37.552464,0
            -122.293638,37.552683,0
            -122.293452,37.552884,0
            -122.293283,37.553016,0
            -122.293012,37.553159,0
            -122.291583,37.553758,0
            -122.291541,37.553841,0
            -122.288986,37.554708,0
            -122.288064,37.555053,0
            -122.286667,37.555632,0
            -122.285,37.556401,0
            -122.284239,37.5568,0
            -122.282709,37.557677,0
            -122.276136,37.561804,0
            -122.275956,37.561818,0
            -122.275075,37.562276,0
            -122.274441,37.562568,0
            -122.274242,37.562642,0
            -122.274093,37.562676,0
            -122.27396,37.56269,0
            -122.273817,37.562691,0
            -122.273694,37.562675,0
            -122.273474,37.562612,0
            -122.273296,37.562521,0
            -122.272916,37.562209,0
            -122.272501,37.561804,0
            -122.272161,37.562024,0
            -122.272104,37.562072,0
            -122.271679,37.562543,0
            -122.271465,37.562612,0
            -122.271281,37.562634,0
            -122.270584,37.562256,0
            -122.269935,37.561792,0
            -122.26946,37.561486,0
            -122.266056,37.559573,0
            -122.265935,37.55952,0
            -122.260223,37.556303,0
          </coordinates>
        </LineString>
      </Placemark>
      <Placemark>
        <name>Home</name>
        <description><![CDATA[description: <br>Category: <br>Distance: ]]></description>
        <styleUrl>#icon-1603-0288D1</styleUrl>
        <ExtendedData>
          <Data name="description">
            <value/>
          </Data>
          <Data name="Category">
            <value/>
          </Data>
          <Data name="Distance">
            <value/>
          </Data>
        </ExtendedData>
        <Point>
          <coordinates>
            -122.260223,37.556303,0
          </coordinates>
        </Point>
      </Placemark>
    </Folder>
    <Folder>
      <name>2020-09-06</name>
      <Placemark>
        <name>Hampton Inn Tropicana</name>
        <description><![CDATA[description: <br>Category: Hotel<br>Distance: 0]]></description>
        <styleUrl>#icon-1602-0288D1</styleUrl>
        <ExtendedData>
          <Data name="description">
            <value/>
          </Data>
          <Data name="Category">
            <value>Hotel</value>
          </Data>
          <Data name="Distance">
            <value>0</value>
          </Data>
        </ExtendedData>
        <Point>
          <coordinates>
            -115.183377,36.099668,0
          </coordinates>
        </Point>
      </Placemark>
      <Placemark>
        <name>Driving</name>
        <description><![CDATA[description: <br>Category: Driving<br>Distance: 44557]]></description>
        <styleUrl>#line-FFEA00-5000</styleUrl>
        <ExtendedData>
          <Data name="description">
            <value/>
          </Data>
          <Data name="Category">
            <value>Driving</value>
          </Data>
          <Data name="Distance">
            <value>44557</value>
          </Data>
        </ExtendedData>
        <LineString>
          <tessellate>1</tessellate>
          <coordinates>
            -115.183136,36.099825,0
            -115.182883,36.099567,0
            -115.182532,36.099786,0
            -115.182632,36.099893,0
            -115.182636,36.099994,0
            -115.182949,36.100328,0
            -115.182978,36.100568,0
            -115.181823,36.100568,0
            -115.18152,36.100462,0
            -115.181281,36.100249,0
            -115.18108,36.099018,0
            -115.181103,36.093751,0
            -115.181043,36.093688,0
            -115.181078,36.089225,0
            -115.181333,36.087021,0
            -115.181362,36.085602,0
            -115.18113,36.082752,0
            -115.18117,36.07039,0
            -115.181826,36.06841,0
            -115.181821,36.068343,0
            -115.182324,36.066852,0
            -115.182538,36.066416,0
            -115.182539,36.066293,0
            -115.183376,36.06489,0
            -115.183518,36.064417,0
            -115.18355,36.063825,0
            -115.183396,36.06326,0
            -115.183145,36.062754,0
            -115.182753,36.062285,0
            -115.182375,36.061973,0
            -115.181781,36.061642,0
            -115.181351,36.061485,0
            -115.180605,36.061336,0
            -115.179741,36.061345,0
            -115.179214,36.061441,0
            -115.178752,36.061587,0
            -115.17665,36.06275,0
            -115.175467,36.063128,0
            -115.174477,36.063267,0
            -115.172795,36.06336,0
            -115.172636,36.063442,0
            -115.156587,36.06359,0
            -115.154164,36.063448,0
            -115.151282,36.063029,0
            -115.149447,36.062608,0
            -115.147411,36.062003,0
            -115.146402,36.061623,0
            -115.145068,36.06101,0
            -115.14358,36.060134,0
            -115.142603,36.059429,0
            -115.141352,36.05831,0
            -115.140457,36.057258,0
            -115.136753,36.051626,0
            -115.135579,36.0493,0
            -115.135071,36.047953,0
            -115.134476,36.04574,0
            -115.134304,36.044649,0
            -115.134065,36.039266,0
            -115.13391,36.038003,0
            -115.133396,36.035761,0
            -115.131798,36.030595,0
            -115.131416,36.029724,0
            -115.130431,36.028198,0
            -115.129823,36.027489,0
            -115.129009,36.026705,0
            -115.128064,36.025972,0
            -115.12712,36.025389,0
            -115.125947,36.024797,0
            -115.124138,36.024156,0
            -115.122221,36.023759,0
            -115.120937,36.02364,0
            -115.092968,36.0234,0
            -115.090859,36.0235,0
            -115.081797,36.024911,0
            -115.034212,36.030936,0
            -115.034046,36.030994,0
            -115.029787,36.031785,0
            -115.021692,36.032787,0
            -115.021463,36.032738,0
            -115.01829,36.032877,0
            -115.015921,36.03319,0
            -115.01549,36.033205,0
            -115.014993,36.033148,0
            -115.014326,36.032936,0
            -115.013917,36.032704,0
            -115.010753,36.029989,0
            -115.010528,36.029907,0
            -115.008181,36.027762,0
            -114.992078,36.014345,0
            -114.991305,36.01357,0
            -114.990732,36.01284,0
            -114.98778,36.008081,0
            -114.986042,36.006054,0
            -114.984767,36.004897,0
            -114.983527,36.00395,0
            -114.98233,36.003175,0
            -114.980346,36.002122,0
            -114.97855,36.001376,0
            -114.977471,36.001012,0
            -114.975119,36.000405,0
            -114.972315,35.999983,0
            -114.970905,35.99989,0
            -114.948704,35.999901,0
            -114.946862,35.999722,0
            -114.944636,35.999317,0
            -114.942565,35.998735,0
            -114.933116,35.99492,0
            -114.931646,35.994154,0
            -114.930775,35.993602,0
            -114.929605,35.99271,0
            -114.92097,35.984978,0
            -114.918854,35.982622,0
            -114.917794,35.98117,0
            -114.916273,35.978535,0
            -114.915326,35.976346,0
            -114.914884,35.975004,0
            -114.914361,35.972847,0
            -114.914308,35.972744,0
            -114.913578,35.969858,0
            -114.913624,35.969788,0
            -114.91309,35.966452,0
            -114.91301,35.966207,0
            -114.911404,35.966516,0
            -114.91104,35.966644,0
            -114.910747,35.966815,0
            -114.91046,35.967069,0
            -114.910251,35.967404,0
            -114.91014,35.967863,0
            -114.909257,35.967816,0
            -114.904797,35.967874,0
            -114.90469,35.967911,0
            -114.881978,35.966674,0
            -114.878354,35.966715,0
            -114.860461,35.968352,0
            -114.85909,35.968605,0
            -114.858979,35.968705,0
            -114.85572,35.969352,0
            -114.853323,35.970108,0
            -114.851626,35.970826,0
            -114.849461,35.971999,0
            -114.848141,35.972858,0
            -114.847976,35.972905,0
            -114.846041,35.974195,0
            -114.84612,35.974261,0
            -114.846417,35.974821,0
            -114.846465,35.975129,0
            -114.846411,35.975421,0
            -114.845185,35.977537,0
            -114.84491,35.978245,0
            -114.844253,35.981179,0
            -114.843782,35.982097,0
            -114.843369,35.98265,0
            -114.842715,35.983305,0
            -114.841689,35.984022,0
            -114.831259,35.989402,0
            -114.830099,35.990105,0
            -114.828159,35.991617,0
            -114.827351,35.992406,0
            -114.821881,35.99904,0
            -114.821801,35.999217,0
            -114.817427,36.004536,0
            -114.816679,36.005184,0
            -114.816146,36.005534,0
            -114.815311,36.005953,0
            -114.814436,36.006264,0
            -114.804573,36.008101,0
            -114.80429,36.008109,0
            -114.800459,36.008788,0
            -114.800348,36.008865,0
            -114.799991,36.008939,0
            -114.799885,36.008989,0
            -114.799845,36.009028,0
            -114.799956,36.009534,0
            -114.799948,36.009662,0
            -114.799854,36.009892,0
            -114.799661,36.010105,0
            -114.799331,36.010275,0
            -114.799139,36.010317,0
            -114.797422,36.010462,0
            -114.796496,36.010713,0
            -114.795742,36.011057,0
            -114.794944,36.011618,0
            -114.794396,36.012201,0
            -114.793857,36.013096,0
            -114.793653,36.013685,0
            -114.793548,36.014374,0
            -114.793645,36.015595,0
            -114.793854,36.016314,0
            -114.795745,36.020076,0
            -114.795748,36.020347,0
            -114.79618,36.021262,0
            -114.796512,36.021672,0
            -114.79703,36.022749,0
            -114.797031,36.022888,0
            -114.796907,36.023036,0
            -114.79618,36.023261,0
            -114.795799,36.023304,0
            -114.795384,36.02329,0
            -114.794724,36.023168,0
            -114.793064,36.022444,0
            -114.792645,36.022355,0
            -114.792027,36.022349,0
            -114.791456,36.022505,0
            -114.787567,36.024234,0
            -114.783286,36.026334,0
            -114.783433,36.02655,0
            -114.783489,36.026732,0
            -114.783434,36.02686,0
            -114.783216,36.02707,0
            -114.783058,36.027363,0
            -114.783037,36.027621,0
            -114.783138,36.027902,0
            -114.78337,36.028164,0
            -114.783115,36.028353,0
            -114.783009,36.028536,0
            -114.782966,36.028721,0
            -114.782954,36.029197,0
            -114.782666,36.030157,0
            -114.782217,36.030905,0
            -114.781445,36.031682,0
            -114.781041,36.032745,0
            -114.779826,36.033902,0
            -114.779404,36.03416,0
            -114.779253,36.034396,0
          </coordinates>
        </LineString>
      </Placemark>
      <Placemark>
        <name>Hemenway Fishing Pier</name>
        <description><![CDATA[description: <br>Category: Fishing pier<br>Distance: 0]]></description>
        <styleUrl>#icon-1739-0288D1</styleUrl>
        <ExtendedData>
          <Data name="description">
            <value/>
          </Data>
          <Data name="Category">
            <value>Fishing pier</value>
          </Data>
          <Data name="Distance">
            <value>0</value>
          </Data>
        </ExtendedData>
        <Point>
          <coordinates>
            -114.777199,36.035267,0
          </coordinates>
        </Point>
      </Placemark>
      <Placemark>
        <name>Driving</name>
        <description><![CDATA[description: <br>Category: Driving<br>Distance: 7625]]></description>
        <styleUrl>#line-FFEA00-5000</styleUrl>
        <ExtendedData>
          <Data name="description">
            <value/>
          </Data>
          <Data name="Category">
            <value>Driving</value>
          </Data>
          <Data name="Distance">
            <value>7625</value>
          </Data>
        </ExtendedData>
        <LineString>
          <tessellate>1</tessellate>
          <coordinates>
            -114.779252,36.034395,0
            -114.779404,36.03416,0
            -114.779826,36.033902,0
            -114.78104,36.032745,0
            -114.781445,36.031682,0
            -114.782217,36.030905,0
            -114.782666,36.030157,0
            -114.782954,36.029197,0
            -114.783009,36.028536,0
            -114.783115,36.028353,0
            -114.78337,36.028164,0
            -114.783138,36.027902,0
            -114.783037,36.027621,0
            -114.783057,36.027363,0
            -114.783216,36.02707,0
            -114.783434,36.02686,0
            -114.783489,36.026732,0
            -114.783286,36.026334,0
            -114.791456,36.022505,0
            -114.792027,36.022349,0
            -114.792645,36.022355,0
            -114.793064,36.022444,0
            -114.794724,36.023168,0
            -114.795384,36.02329,0
            -114.79618,36.023261,0
            -114.797239,36.022932,0
            -114.796645,36.021792,0
            -114.796508,36.021142,0
            -114.795809,36.020116,0
            -114.795745,36.020076,0
            -114.793854,36.016314,0
            -114.793645,36.015595,0
            -114.793548,36.014374,0
            -114.793857,36.013096,0
            -114.794372,36.012269,0
            -114.795297,36.011456,0
            -114.796126,36.010971,0
            -114.797462,36.010547,0
            -114.799225,36.01039,0
            -114.799552,36.010277,0
            -114.799994,36.009883,0
            -114.800076,36.009572,0
            -114.799941,36.009008,0
            -114.799885,36.008989,0
            -114.799142,36.009081,0
            -114.799038,36.009055,0
            -114.79807,36.009161,0
            -114.796283,36.009069,0
            -114.793438,36.008387,0
            -114.791672,36.0082,0
            -114.790079,36.008238,0
            -114.779539,36.010169,0
            -114.778914,36.010188,0
            -114.777306,36.009919,0
            -114.776972,36.009938,0
            -114.775397,36.010657,0
            -114.774297,36.010828,0
            -114.77426,36.010753,0
            -114.774184,36.010703,0
            -114.773976,36.010714,0
            -114.773907,36.010806,0
            -114.773897,36.01091,0
            -114.774195,36.011175,0
            -114.77473,36.012056,0
            -114.774699,36.012198,0
            -114.77457,36.012306,0
            -114.771473,36.012565,0
            -114.770722,36.012465,0
            -114.768172,36.011384,0
            -114.767904,36.011335,0
            -114.767002,36.01135,0
            -114.766607,36.011248,0
            -114.766295,36.011069,0
            -114.765662,36.010508,0
            -114.765366,36.010397,0
            -114.76504,36.010365,0
            -114.764728,36.01041,0
            -114.764399,36.01059,0
            -114.763965,36.011024,0
            -114.763576,36.011189,0
            -114.762734,36.011338,0
            -114.762442,36.011544,0
            -114.761892,36.012443,0
            -114.761563,36.01266,0
            -114.760825,36.012931,0
            -114.760535,36.013123,0
            -114.760342,36.013361,0
            -114.75988,36.014572,0
            -114.760032,36.014733,0
            -114.760032,36.014794,0
            -114.759885,36.015044,0
            -114.759846,36.015266,0
            -114.759993,36.015559,0
            -114.760126,36.015636,0
            -114.761171,36.015883,0
            -114.761419,36.016011,0
            -114.761995,36.016624,0
            -114.762032,36.016716,0
            -114.761997,36.016812,0
            -114.761888,36.016916,0
          </coordinates>
        </LineString>
      </Placemark>
      <Placemark>
        <name>Lake Mead - Lakeview Overlook</name>
        <description><![CDATA[description: <br>Category: Observation deck<br>Distance: 0]]></description>
        <styleUrl>#icon-1739-0288D1</styleUrl>
        <ExtendedData>
          <Data name="description">
            <value/>
          </Data>
          <Data name="Category">
            <value>Observation deck</value>
          </Data>
          <Data name="Distance">
            <value>0</value>
          </Data>
        </ExtendedData>
        <Point>
          <coordinates>
            -114.761977,36.017014,0
          </coordinates>
        </Point>
      </Placemark>
      <Placemark>
        <name>Driving</name>
        <description><![CDATA[description: <br>Category: Driving<br>Distance: 316452]]></description>
        <styleUrl>#line-FFEA00-5000</styleUrl>
        <ExtendedData>
          <Data name="description">
            <value/>
          </Data>
          <Data name="Category">
            <value>Driving</value>
          </Data>
          <Data name="Distance">
            <value>316452</value>
          </Data>
        </ExtendedData>
        <LineString>
          <tessellate>1</tessellate>
          <coordinates>
            -114.761888,36.016916,0
            -114.761807,36.016989,0
            -114.761753,36.017053,0
            -114.761739,36.017082,0
            -114.761734,36.017112,0
            -114.761741,36.017146,0
            -114.761798,36.017168,0
            -114.76185,36.017172,0
            -114.761909,36.017158,0
            -114.762076,36.017087,0
            -114.762193,36.016997,0
            -114.762204,36.016982,0
            -114.762219,36.016922,0
            -114.762216,36.016875,0
            -114.762202,36.016847,0
            -114.762169,36.016813,0
            -114.762033,36.016716,0
            -114.761995,36.016624,0
            -114.761939,36.016552,0
            -114.761419,36.016011,0
            -114.761325,36.015946,0
            -114.761259,36.015914,0
            -114.761171,36.015883,0
            -114.760126,36.015636,0
            -114.76004,36.015591,0
            -114.759993,36.015559,0
            -114.759958,36.015524,0
            -114.759889,36.015422,0
            -114.759867,36.015369,0
            -114.759846,36.015266,0
            -114.759843,36.015205,0
            -114.75985,36.015157,0
            -114.759885,36.015045,0
            -114.760013,36.014836,0
            -114.760032,36.014794,0
            -114.760036,36.014769,0
            -114.760032,36.014733,0
            -114.759985,36.014654,0
            -114.759881,36.014572,0
            -114.75997,36.014401,0
            -114.760064,36.014154,0
            -114.760225,36.013604,0
            -114.760342,36.013361,0
            -114.760428,36.013238,0
            -114.760535,36.013123,0
            -114.76061,36.013065,0
            -114.760825,36.012931,0
            -114.760919,36.01289,0
            -114.761405,36.012728,0
            -114.761564,36.01266,0
            -114.761739,36.012562,0
            -114.761892,36.012443,0
            -114.762021,36.012302,0
            -114.762108,36.012164,0
            -114.762289,36.011753,0
            -114.762442,36.011544,0
            -114.762571,36.01143,0
            -114.762734,36.011338,0
            -114.762844,36.011297,0
            -114.762946,36.01127,0
            -114.763109,36.011241,0
            -114.763483,36.011206,0
            -114.763577,36.011189,0
            -114.763688,36.011159,0
            -114.763834,36.011101,0
            -114.763966,36.011024,0
            -114.764033,36.01097,0
            -114.764399,36.01059,0
            -114.764499,36.010519,0
            -114.764578,36.010473,0
            -114.764729,36.01041,0
            -114.764834,36.010384,0
            -114.76504,36.010365,0
            -114.765151,36.010368,0
            -114.765366,36.010397,0
            -114.765473,36.010428,0
            -114.765582,36.010469,0
            -114.765662,36.010508,0
            -114.765842,36.010629,0
            -114.766156,36.010948,0
            -114.766295,36.011069,0
            -114.766496,36.011196,0
            -114.766607,36.011248,0
            -114.766814,36.011315,0
            -114.767002,36.01135,0
            -114.767234,36.011363,0
            -114.767747,36.011328,0
            -114.767904,36.011335,0
            -114.768173,36.011385,0
            -114.768358,36.011445,0
            -114.770469,36.012373,0
            -114.770722,36.012465,0
            -114.770997,36.01253,0
            -114.771323,36.012564,0
            -114.771473,36.012565,0
            -114.77444,36.012331,0
            -114.774873,36.012245,0
            -114.774781,36.012079,0
            -114.774653,36.011898,0
            -114.774559,36.011797,0
            -114.774756,36.011689,0
            -114.776388,36.011071,0
            -114.776932,36.010828,0
            -114.777254,36.010661,0
            -114.777749,36.010363,0
            -114.778606,36.009743,0
            -114.778725,36.00962,0
            -114.779308,36.009122,0
            -114.779579,36.00885,0
            -114.779892,36.008502,0
            -114.780098,36.008242,0
            -114.78038,36.007839,0
            -114.781514,36.006076,0
            -114.781818,36.005698,0
            -114.782288,36.005192,0
            -114.782814,36.004757,0
            -114.783156,36.004515,0
            -114.783786,36.004143,0
            -114.784643,36.003759,0
            -114.78547,36.003503,0
            -114.786154,36.00337,0
            -114.786755,36.003291,0
            -114.787126,36.003265,0
            -114.791181,36.003242,0
            -114.791508,36.003225,0
            -114.79216,36.003149,0
            -114.792401,36.003109,0
            -114.792785,36.003023,0
            -114.793813,36.002724,0
            -114.794266,36.002547,0
            -114.794987,36.002177,0
            -114.7954,36.001918,0
            -114.795695,36.001709,0
            -114.796204,36.001288,0
            -114.796574,36.000922,0
            -114.796893,36.000546,0
            -114.79892,35.997658,0
            -114.799163,35.997239,0
            -114.799384,35.996762,0
            -114.799549,35.996342,0
            -114.799693,35.995892,0
            -114.799857,35.995203,0
            -114.799977,35.994408,0
            -114.799985,35.993647,0
            -114.799912,35.992959,0
            -114.799766,35.992301,0
            -114.799609,35.991807,0
            -114.799401,35.99126,0
            -114.799237,35.990904,0
            -114.79873,35.990036,0
            -114.79708,35.987769,0
            -114.796372,35.986721,0
            -114.793518,35.9821,0
            -114.793162,35.98141,0
            -114.79287,35.980702,0
            -114.792686,35.980139,0
            -114.792492,35.979306,0
            -114.792424,35.978856,0
            -114.792373,35.978284,0
            -114.792363,35.977651,0
            -114.792386,35.977204,0
            -114.792501,35.976326,0
            -114.792624,35.975781,0
            -114.79285,35.975038,0
            -114.793015,35.974609,0
            -114.793247,35.974097,0
            -114.810244,35.941241,0
            -114.81042,35.940969,0
            -114.811015,35.940174,0
            -114.81144,35.939657,0
            -114.811917,35.939137,0
            -114.812477,35.938597,0
            -114.813023,35.938128,0
            -114.813733,35.937587,0
            -114.814524,35.937056,0
            -114.815159,35.936692,0
            -114.815947,35.936292,0
            -114.816393,35.936089,0
            -114.817183,35.935772,0
            -114.818068,35.935475,0
            -114.818947,35.935229,0
            -114.81961,35.935078,0
            -114.820933,35.934857,0
            -114.822159,35.934746,0
            -114.853124,35.934095,0
            -114.855163,35.934132,0
            -114.856251,35.934193,0
            -114.85801,35.934349,0
            -114.859543,35.934536,0
            -114.861245,35.934839,0
            -114.862553,35.935118,0
            -114.86348,35.935344,0
            -114.864867,35.935726,0
            -114.865877,35.936039,0
            -114.86692,35.936394,0
            -114.868571,35.937026,0
            -114.869551,35.937442,0
            -114.896526,35.949832,0
            -114.896585,35.949923,0
            -114.898006,35.95067,0
            -114.89826,35.950829,0
            -114.898615,35.951106,0
            -114.898941,35.951433,0
            -114.8991,35.951639,0
            -114.899215,35.951811,0
            -114.899586,35.952466,0
            -114.899741,35.952661,0
            -114.899838,35.952756,0
            -114.899998,35.952878,0
            -114.900095,35.95294,0
            -114.900479,35.953138,0
            -114.900894,35.953311,0
            -114.90107,35.953294,0
            -114.902328,35.950906,0
            -114.902721,35.9501,0
            -114.910783,35.934838,0
            -114.910947,35.934489,0
            -114.910956,35.93444,0
            -114.910952,35.934319,0
            -114.915709,35.925221,0
            -114.91631,35.923984,0
            -114.916716,35.922991,0
            -114.91716,35.921782,0
            -114.917373,35.921109,0
            -114.917686,35.919972,0
            -114.918043,35.918242,0
            -114.918129,35.91814,0
            -114.918138,35.918119,0
            -114.918811,35.914677,0
            -114.936668,35.832426,0
            -114.93788,35.826118,0
            -114.961218,35.718277,0
            -114.961319,35.717696,0
            -114.961514,35.716098,0
            -114.961581,35.714935,0
            -114.961573,35.713076,0
            -114.959883,35.672417,0
            -114.959809,35.671465,0
            -114.959504,35.669317,0
            -114.959297,35.668362,0
            -114.958957,35.667099,0
            -114.95832,35.665231,0
            -114.95799,35.664434,0
            -114.957549,35.663474,0
            -114.956914,35.662247,0
            -114.956402,35.661361,0
            -114.955596,35.660123,0
            -114.920977,35.611106,0
            -114.920189,35.609927,0
            -114.919477,35.608669,0
            -114.919106,35.607957,0
            -114.918233,35.605968,0
            -114.917807,35.604784,0
            -114.917607,35.604148,0
            -114.917284,35.602954,0
            -114.916994,35.601623,0
            -114.916809,35.600435,0
            -114.913284,35.560516,0
            -114.913238,35.559292,0
            -114.913281,35.557881,0
            -114.915636,35.517069,0
            -114.915584,35.516809,0
            -114.915716,35.515234,0
            -114.916228,35.506364,0
            -114.916339,35.502368,0
            -114.91642,35.501316,0
            -114.916636,35.49977,0
            -114.916931,35.498319,0
            -114.917215,35.49724,0
            -114.917654,35.495881,0
            -114.918013,35.494936,0
            -114.922249,35.485121,0
            -114.922563,35.484274,0
            -114.922718,35.483763,0
            -114.922874,35.483109,0
            -114.924363,35.474083,0
            -114.924409,35.473264,0
            -114.924383,35.472707,0
            -114.924312,35.472139,0
            -114.924141,35.471409,0
            -114.923968,35.470861,0
            -114.923798,35.470458,0
            -114.923514,35.469894,0
            -114.923179,35.469344,0
            -114.92291,35.468965,0
            -114.9223,35.468236,0
            -114.921078,35.466971,0
            -114.920547,35.466219,0
            -114.920277,35.465773,0
            -114.919852,35.464914,0
            -114.919693,35.464478,0
            -114.919569,35.464064,0
            -114.918979,35.460895,0
            -114.918723,35.459994,0
            -114.918484,35.459332,0
            -114.915413,35.452481,0
            -114.915082,35.451622,0
            -114.914851,35.450864,0
            -114.913757,35.446353,0
            -114.913825,35.446239,0
            -114.913833,35.446138,0
            -114.913666,35.445236,0
            -114.913304,35.44285,0
            -114.913028,35.441459,0
            -114.884393,35.321526,0
            -114.884194,35.320826,0
            -114.883338,35.318191,0
            -114.882824,35.316321,0
            -114.882425,35.314688,0
            -114.88237,35.314563,0
            -114.882349,35.314537,0
            -114.882288,35.314483,0
            -114.881834,35.312646,0
            -114.881745,35.312162,0
            -114.877557,35.294503,0
            -114.877566,35.294328,0
            -114.877197,35.292467,0
            -114.876927,35.290713,0
            -114.876562,35.288706,0
            -114.876095,35.286585,0
            -114.857493,35.208509,0
            -114.857011,35.206855,0
            -114.856555,35.205461,0
            -114.856099,35.203833,0
            -114.855747,35.202379,0
            -114.855693,35.202325,0
            -114.852455,35.188523,0
            -114.850615,35.181348,0
            -114.847951,35.170054,0
            -114.847714,35.169191,0
            -114.847483,35.168509,0
            -114.847157,35.167671,0
            -114.84669,35.166653,0
            -114.846463,35.166224,0
            -114.846112,35.165646,0
            -114.830733,35.142735,0
            -114.83053,35.1424,0
            -114.830274,35.14186,0
            -114.830086,35.141249,0
            -114.829998,35.140794,0
            -114.829923,35.139786,0
            -114.827842,35.055622,0
            -114.827688,35.051661,0
            -114.827584,35.046719,0
            -114.827554,35.046244,0
            -114.827486,35.04577,0
            -114.827423,35.04547,0
            -114.827272,35.045024,0
            -114.824678,35.039165,0
            -114.824493,35.038679,0
            -114.824393,35.038352,0
            -114.824323,35.037942,0
            -114.824306,35.037612,0
            -114.824319,35.037214,0
            -114.82436,35.036907,0
            -114.824432,35.036583,0
            -114.824564,35.036176,0
            -114.82466,35.035956,0
            -114.824803,35.035686,0
            -114.824974,35.035406,0
            -114.830595,35.027542,0
            -114.830957,35.026965,0
            -114.831169,35.026522,0
            -114.831317,35.026082,0
            -114.8314,35.02554,0
            -114.832855,34.98025,0
            -114.832843,34.980014,0
            -114.833218,34.968557,0
            -114.833213,34.968242,0
            -114.833177,34.967934,0
            -114.833115,34.96763,0
            -114.832981,34.967188,0
            -114.825322,34.945785,0
            -114.82442,34.942232,0
            -114.830166,34.941352,0
            -114.838711,34.939859,0
            -114.839772,34.939646,0
            -114.851285,34.937023,0
            -114.851527,34.936979,0
            -114.851949,34.936926,0
            -114.85247,34.936889,0
            -114.862128,34.936511,0
            -114.862907,34.936452,0
            -114.872751,34.935372,0
            -114.873324,34.935267,0
            -114.874204,34.935042,0
            -114.874777,34.934859,0
            -114.878995,34.933252,0
            -114.879889,34.932976,0
            -114.880676,34.932795,0
            -114.881176,34.932716,0
            -114.889483,34.931921,0
            -114.890032,34.931839,0
            -114.890785,34.93168,0
            -114.896053,34.93009,0
            -114.896864,34.929823,0
            -114.897936,34.929426,0
            -114.914791,34.922259,0
            -114.916717,34.921486,0
            -114.917633,34.921162,0
            -114.923524,34.919283,0
            -114.924139,34.919109,0
            -114.924835,34.918949,0
            -114.925381,34.918859,0
            -114.926111,34.918796,0
            -114.959111,34.917485,0
            -114.959655,34.917425,0
            -114.959917,34.917375,0
            -114.960377,34.917243,0
            -114.960891,34.917054,0
            -114.964557,34.915534,0
            -114.964826,34.915445,0
            -114.965287,34.915334,0
            -114.965738,34.915271,0
            -114.989938,34.913614,0
            -114.990529,34.913606,0
            -114.990914,34.91363,0
            -115.022078,34.916549,0
            -115.022754,34.916589,0
            -115.038724,34.916297,0
            -115.047797,34.915782,0
            -115.04853,34.915787,0
            -115.049092,34.915838,0
            -115.060728,34.91805,0
            -115.060929,34.918116,0
            -115.061573,34.918381,0
            -115.061933,34.918567,0
            -115.062258,34.918768,0
            -115.062678,34.919056,0
            -115.062828,34.919214,0
            -115.063143,34.919637,0
            -115.063308,34.919827,0
            -115.063359,34.919863,0
            -115.06342,34.919891,0
            -115.063484,34.91991,0
            -115.063549,34.919917,0
            -115.063724,34.919907,0
            -115.067049,34.919356,0
            -115.067684,34.91923,0
            -115.069158,34.918868,0
            -115.070622,34.918423,0
            -115.071196,34.91819,0
            -115.071563,34.918004,0
            -115.071961,34.917758,0
            -115.073529,34.916705,0
            -115.074269,34.916077,0
            -115.092441,34.898521,0
            -115.092941,34.897956,0
            -115.093274,34.89748,0
            -115.098791,34.887406,0
            -115.098961,34.887146,0
            -115.099416,34.88653,0
            -115.111267,34.872928,0
            -115.117575,34.864867,0
            -115.11834,34.864062,0
            -115.130565,34.85234,0
            -115.133361,34.850111,0
            -115.134368,34.849356,0
            -115.16562,34.827561,0
            -115.168504,34.825492,0
            -115.1699,34.824547,0
            -115.176895,34.819394,0
            -115.177234,34.819176,0
            -115.177595,34.818971,0
            -115.177945,34.818804,0
            -115.178554,34.818581,0
            -115.179146,34.81841,0
            -115.179573,34.818332,0
            -115.182785,34.817866,0
            -115.185311,34.817541,0
            -115.185843,34.81744,0
            -115.186559,34.817221,0
            -115.186881,34.817091,0
            -115.187125,34.816976,0
            -115.187571,34.816728,0
            -115.188093,34.816374,0
            -115.188404,34.816123,0
            -115.188894,34.815625,0
            -115.189191,34.815241,0
            -115.18946,34.81482,0
            -115.189542,34.814667,0
            -115.189753,34.814191,0
            -115.189874,34.813823,0
            -115.190025,34.813126,0
            -115.190168,34.813103,0
            -115.1941,34.812172,0
            -115.194853,34.812025,0
            -115.194929,34.811993,0
            -115.194971,34.811968,0
            -115.194993,34.811945,0
            -115.200628,34.811283,0
            -115.205097,34.810842,0
            -115.315977,34.801475,0
            -115.318008,34.801382,0
            -115.320245,34.801374,0
            -115.322175,34.801452,0
            -115.323625,34.801562,0
            -115.343148,34.80358,0
            -115.344746,34.803714,0
            -115.349053,34.803969,0
            -115.351783,34.804046,0
            -115.354659,34.804074,0
            -115.365704,34.804034,0
            -115.366818,34.803983,0
            -115.368422,34.803856,0
            -115.369104,34.803767,0
            -115.371063,34.803424,0
            -115.37259,34.803089,0
            -115.373544,34.80284,0
            -115.374557,34.802534,0
            -115.381709,34.8001,0
            -115.383965,34.799414,0
            -115.386593,34.798743,0
            -115.408692,34.794189,0
            -115.410047,34.793813,0
            -115.410503,34.793661,0
            -115.411681,34.793214,0
            -115.412107,34.79303,0
            -115.413345,34.792421,0
            -115.413983,34.792048,0
            -115.417694,34.789636,0
            -115.419418,34.788638,0
            -115.420653,34.788004,0
            -115.421937,34.787405,0
            -115.423378,34.786803,0
            -115.425154,34.786158,0
            -115.432315,34.783693,0
            -115.433512,34.78331,0
            -115.462974,34.773223,0
            -115.463924,34.772851,0
            -115.464925,34.772425,0
            -115.466186,34.771835,0
            -115.467422,34.771199,0
            -115.468627,34.770517,0
            -115.480518,34.763236,0
            -115.481144,34.762887,0
            -115.482325,34.762274,0
            -115.483257,34.761831,0
            -115.484724,34.761197,0
            -115.555449,34.734458,0
            -115.557205,34.733872,0
            -115.558571,34.733485,0
            -115.559981,34.733151,0
            -115.561052,34.732938,0
            -115.562454,34.732711,0
            -115.563559,34.73257,0
            -115.565049,34.732439,0
            -115.578973,34.731814,0
            -115.580407,34.731725,0
            -115.581995,34.731587,0
            -115.583174,34.731457,0
            -115.6376,34.723884,0
            -115.638408,34.723806,0
            -115.639834,34.723707,0
            -115.641566,34.723659,0
            -115.642738,34.723669,0
            -115.652672,34.724042,0
            -115.653222,34.724045,0
            -115.654162,34.724016,0
            -115.654955,34.723958,0
            -115.65559,34.723887,0
            -115.656357,34.723772,0
            -115.660873,34.72292,0
            -115.662543,34.722689,0
            -115.663514,34.722587,0
            -115.673389,34.721772,0
            -115.673453,34.721803,0
            -115.673479,34.721809,0
            -115.67432,34.721798,0
            -115.675886,34.721849,0
            -115.678284,34.722012,0
            -115.678499,34.722016,0
            -115.67819,34.714023,0
            -115.677892,34.700677,0
            -115.674988,34.643533,0
            -115.674889,34.64285,0
            -115.674794,34.642452,0
            -115.67432,34.640949,0
            -115.672748,34.636547,0
            -115.669662,34.629099,0
            -115.66908,34.627848,0
            -115.667844,34.625411,0
            -115.666905,34.62371,0
            -115.665898,34.622003,0
            -115.661602,34.615339,0
            -115.661194,34.614656,0
            -115.645804,34.585772,0
            -115.645678,34.585481,0
            -115.645597,34.585228,0
            -115.645555,34.585048,0
            -115.642338,34.560193,0
            -115.748016,34.558243,0
            -115.748372,34.558213,0
            -115.748675,34.558159,0
            -115.748951,34.558094,0
            -115.749167,34.558026,0
            -115.749496,34.5579,0
            -115.749697,34.557803,0
            -115.749931,34.557666,0
            -115.750074,34.557565,0
            -115.750342,34.557345,0
            -115.751874,34.555808,0
            -115.752047,34.555654,0
            -115.752396,34.555396,0
            -115.752653,34.555253,0
            -115.752871,34.555159,0
            -115.753053,34.555096,0
            -115.753274,34.555036,0
            -115.753607,34.554978,0
            -115.753849,34.554954,0
            -115.754178,34.554955,0
            -115.754423,34.554984,0
            -115.754703,34.555042,0
            -115.756236,34.55545,0
            -115.756326,34.555181,0
            -115.756356,34.555051,0
            -115.756366,34.554924,0
            -115.756345,34.554719,0
            -115.75632,34.554639,0
            -115.75628,34.554553,0
            -115.756241,34.554491,0
            -115.756129,34.554359,0
            -115.756005,34.554256,0
            -115.755847,34.554171,0
            -115.755768,34.55414,0
            -115.747704,34.551948,0
            -115.747311,34.551813,0
            -115.74704,34.55169,0
            -115.746766,34.551536,0
            -115.746598,34.551424,0
            -115.746293,34.551175,0
            -115.746091,34.550964,0
            -115.745914,34.550739,0
            -115.745774,34.550519,0
            -115.745688,34.550356,0
            -115.745552,34.550024,0
            -115.745516,34.54988,0
            -115.745471,34.549572,0
            -115.745211,34.546579,0
            -115.744237,34.539322,0
            -115.744055,34.536531,0
            -115.74408,34.531483,0
            -115.744573,34.526201,0
            -115.744526,34.522999,0
            -115.7445,34.522597,0
            -115.743867,34.517286,0
            -115.743406,34.476475,0
            -115.743343,34.476092,0
            -115.743263,34.475841,0
            -115.742099,34.473339,0
            -115.741995,34.473082,0
            -115.74186,34.472657,0
            -115.741825,34.472478,0
            -115.741787,34.472164,0
            -115.741778,34.471788,0
            -115.742299,34.462059,0
            -115.742285,34.461782,0
            -115.741063,34.455146,0
            -115.740934,34.454137,0
            -115.740947,34.450828,0
            -115.740924,34.450434,0
            -115.740854,34.449877,0
            -115.740701,34.449142,0
            -115.740243,34.447508,0
            -115.740129,34.447179,0
            -115.739994,34.446876,0
            -115.739911,34.446727,0
            -115.73981,34.446577,0
            -115.739669,34.446397,0
            -115.739417,34.446143,0
            -115.739191,34.445958,0
            -115.738829,34.445716,0
            -115.730747,34.441574,0
            -115.725242,34.438962,0
            -115.722397,34.437522,0
            -115.721436,34.436962,0
            -115.721026,34.436688,0
            -115.720753,34.436474,0
            -115.720309,34.436061,0
            -115.719814,34.435527,0
            -115.719505,34.435149,0
            -115.719328,34.434889,0
            -115.71917,34.434622,0
            -115.708992,34.415212,0
            -115.70772,34.412539,0
            -115.707466,34.412064,0
            -115.704912,34.407887,0
            -115.704331,34.406671,0
            -115.702171,34.402549,0
            -115.701958,34.402104,0
            -115.699672,34.396568,0
            -115.699372,34.395948,0
            -115.698264,34.393844,0
            -115.695229,34.38745,0
            -115.695044,34.387009,0
            -115.694797,34.386332,0
            -115.694345,34.384859,0
            -115.693038,34.379446,0
            -115.692906,34.378763,0
            -115.692515,34.375945,0
            -115.691513,34.367062,0
            -115.690322,34.358722,0
            -115.690276,34.358179,0
            -115.690233,34.355012,0
            -115.690289,34.353184,0
            -115.690546,34.349182,0
            -115.690548,34.347867,0
            -115.690491,34.346144,0
            -115.690526,34.343181,0
            -115.690588,34.342299,0
            -115.690918,34.340362,0
            -115.691227,34.339145,0
            -115.69169,34.337666,0
            -115.691803,34.337167,0
            -115.691947,34.336287,0
            -115.692406,34.333982,0
            -115.692739,34.332671,0
            -115.693301,34.330744,0
            -115.693464,34.33007,0
            -115.69412,34.326356,0
            -115.694231,34.325936,0
            -115.694404,34.325506,0
            -115.695531,34.323285,0
            -115.696807,34.32063,0
            -115.698222,34.317421,0
            -115.698751,34.316299,0
            -115.700221,34.313481,0
            -115.703477,34.307914,0
            -115.70445,34.306124,0
            -115.705389,34.304509,0
            -115.706133,34.303305,0
            -115.707035,34.301556,0
            -115.707163,34.301248,0
            -115.707314,34.300772,0
            -115.707671,34.29929,0
            -115.707874,34.298619,0
            -115.713582,34.276303,0
            -115.718456,34.257843,0
            -115.718514,34.257687,0
            -115.718643,34.25743,0
            -115.718825,34.257152,0
            -115.719707,34.256123,0
            -115.719903,34.255852,0
            -115.720908,34.254313,0
            -115.721435,34.253427,0
            -115.722394,34.251501,0
            -115.722532,34.251115,0
            -115.722764,34.250005,0
            -115.722834,34.24981,0
            -115.723453,34.248509,0
            -115.723685,34.247929,0
            -115.723749,34.247716,0
            -115.723794,34.247508,0
            -115.723835,34.247216,0
            -115.723889,34.246327,0
            -115.723884,34.245946,0
            -115.723854,34.245748,0
            -115.723783,34.245498,0
            -115.723368,34.244347,0
            -115.722893,34.242202,0
            -115.722769,34.241163,0
            -115.722763,34.240857,0
            -115.72285,34.239108,0
            -115.72283,34.238854,0
            -115.722745,34.238459,0
            -115.72255,34.237771,0
            -115.722407,34.236903,0
            -115.721522,34.232932,0
            -115.721282,34.231692,0
            -115.721075,34.230343,0
            -115.720645,34.228531,0
            -115.720584,34.228091,0
            -115.720557,34.227115,0
            -115.72049,34.226735,0
            -115.720395,34.226332,0
            -115.72031,34.225768,0
            -115.720288,34.225221,0
            -115.7203,34.224879,0
            -115.720374,34.224338,0
            -115.720438,34.221814,0
            -115.7204,34.221385,0
            -115.719794,34.217038,0
            -115.719711,34.216216,0
            -115.719711,34.215025,0
            -115.720015,34.211113,0
            -115.720133,34.207669,0
            -115.720171,34.204249,0
            -115.720432,34.201857,0
            -115.720507,34.201498,0
            -115.720553,34.201362,0
            -115.720719,34.201021,0
            -115.721629,34.199633,0
            -115.722315,34.19869,0
            -115.722446,34.19847,0
            -115.722545,34.198271,0
            -115.722635,34.198046,0
            -115.722681,34.197891,0
            -115.722735,34.197613,0
            -115.723152,34.193218,0
            -115.723248,34.19273,0
            -115.723426,34.192215,0
            -115.723528,34.191987,0
            -115.72371,34.191653,0
            -115.72382,34.191489,0
            -115.724236,34.190953,0
            -115.724936,34.189917,0
            -115.726731,34.186826,0
            -115.727535,34.185283,0
            -115.73165,34.178201,0
            -115.734035,34.1739,0
            -115.737971,34.167404,0
            -115.738179,34.167097,0
            -115.73827,34.166982,0
            -115.73844,34.166803,0
            -115.738614,34.166653,0
            -115.738818,34.166512,0
            -115.739112,34.16635,0
            -115.739543,34.16616,0
            -115.740007,34.165994,0
            -115.740859,34.165724,0
            -115.741581,34.165544,0
            -115.741987,34.165474,0
            -115.742286,34.165449,0
            -115.913834,34.165547,0
            -115.931298,34.165691,0
            -115.931243,34.136657,0
            -116.036697,34.135874,0
            -116.048959,34.135686,0
          </coordinates>
        </LineString>
      </Placemark>
      <Placemark>
        <name>Circle K</name>
        <description><![CDATA[description: <br>Category: Convenience store<br>Distance: 0]]></description>
        <styleUrl>#icon-1739-0288D1</styleUrl>
        <ExtendedData>
          <Data name="description">
            <value/>
          </Data>
          <Data name="Category">
            <value>Convenience store</value>
          </Data>
          <Data name="Distance">
            <value>0</value>
          </Data>
        </ExtendedData>
        <Point>
          <coordinates>
            -116.048879,34.135463,0
          </coordinates>
        </Point>
      </Placemark>
      <Placemark>
        <name>Driving</name>
        <description><![CDATA[description: <br>Category: Driving<br>Distance: 49652]]></description>
        <styleUrl>#line-FFEA00-5000</styleUrl>
        <ExtendedData>
          <Data name="description">
            <value/>
          </Data>
          <Data name="Category">
            <value>Driving</value>
          </Data>
          <Data name="Distance">
            <value>49652</value>
          </Data>
        </ExtendedData>
        <LineString>
          <tessellate>1</tessellate>
          <coordinates>
            -116.048959,34.135686,0
            -116.036697,34.135874,0
            -116.036693,34.122688,0
            -116.036717,34.122626,0
            -116.036494,34.074983,0
            -116.036293,34.074481,0
            -116.035923,34.074028,0
            -116.03558,34.07377,0
            -116.025286,34.069246,0
            -116.024855,34.068872,0
            -116.024619,34.068542,0
            -116.024421,34.067955,0
            -116.023999,34.061528,0
            -116.024048,34.061247,0
            -116.024215,34.060832,0
            -116.025218,34.059633,0
            -116.025388,34.059293,0
            -116.02547,34.058938,0
            -116.025462,34.058566,0
            -116.025148,34.0573,0
            -116.025199,34.056933,0
            -116.025463,34.056423,0
            -116.026495,34.055429,0
            -116.026706,34.055088,0
            -116.026875,34.054537,0
            -116.026869,34.054078,0
            -116.026611,34.052595,0
            -116.026622,34.052225,0
            -116.026799,34.051311,0
            -116.027594,34.04964,0
            -116.027704,34.049161,0
            -116.027723,34.048717,0
            -116.02767,34.048392,0
            -116.02722,34.047239,0
            -116.027108,34.046724,0
            -116.027028,34.04535,0
            -116.026685,34.044299,0
            -116.026475,34.04298,0
            -116.026297,34.042422,0
            -116.025935,34.041864,0
            -116.025253,34.041145,0
            -116.023712,34.040196,0
            -116.022731,34.039313,0
            -116.022444,34.038885,0
            -116.022181,34.038003,0
            -116.022133,34.036893,0
            -116.02186,34.035074,0
            -116.021989,34.032963,0
            -116.021906,34.032292,0
            -116.020543,34.02969,0
            -116.020392,34.029133,0
            -116.020379,34.0288,0
            -116.020423,34.0286,0
            -116.021052,34.027188,0
            -116.021069,34.02615,0
            -116.020972,34.025617,0
            -116.0208,34.025214,0
            -116.020516,34.024856,0
            -116.019439,34.023948,0
            -116.019188,34.023567,0
            -116.0188,34.022146,0
            -116.018852,34.021727,0
            -116.019182,34.021062,0
            -116.020516,34.019706,0
            -116.020969,34.019395,0
            -116.021493,34.01918,0
            -116.025808,34.018336,0
            -116.0263,34.01817,0
            -116.026671,34.017972,0
            -116.027264,34.01747,0
            -116.028303,34.016171,0
            -116.028921,34.015705,0
            -116.030478,34.01507,0
            -116.035521,34.01203,0
            -116.03667,34.011068,0
            -116.041231,34.008457,0
            -116.043333,34.007516,0
            -116.048124,34.004762,0
            -116.04931,34.003911,0
            -116.050211,34.003405,0
            -116.052383,34.002511,0
            -116.056511,34.000128,0
            -116.060474,33.997564,0
            -116.062361,33.995993,0
            -116.064052,33.994944,0
            -116.065362,33.993943,0
            -116.068307,33.992132,0
            -116.069946,33.991272,0
            -116.07261,33.990868,0
            -116.073108,33.990924,0
            -116.073392,33.99101,0
            -116.073772,33.991204,0
            -116.073993,33.991369,0
            -116.075345,33.992917,0
            -116.075747,33.993528,0
            -116.076059,33.994254,0
            -116.076512,33.996699,0
            -116.076687,33.997135,0
            -116.077487,33.998432,0
            -116.077839,33.998831,0
            -116.079302,33.999817,0
            -116.079682,34.000365,0
            -116.080021,34.001313,0
            -116.080332,34.001881,0
            -116.08178,34.003803,0
            -116.083223,34.005212,0
            -116.084089,34.005818,0
            -116.085388,34.006419,0
            -116.088277,34.007218,0
            -116.091217,34.008412,0
            -116.092687,34.008793,0
            -116.094929,34.009666,0
            -116.095845,34.009889,0
            -116.098022,34.010128,0
            -116.100353,34.010171,0
            -116.102164,34.010334,0
            -116.104333,34.010243,0
            -116.105537,34.010029,0
            -116.111358,34.007783,0
            -116.113163,34.006839,0
            -116.117182,34.005442,0
            -116.118103,34.005025,0
            -116.119731,34.004099,0
            -116.121455,34.002746,0
            -116.121869,34.002521,0
            -116.122938,34.002143,0
            -116.12354,34.002022,0
            -116.124267,34.002027,0
            -116.125889,34.002441,0
            -116.127125,34.002503,0
            -116.128476,34.002765,0
            -116.130517,34.002591,0
            -116.133047,34.002835,0
            -116.134665,34.003177,0
            -116.136176,34.003302,0
            -116.136639,34.003271,0
            -116.137849,34.003049,0
            -116.138292,34.002898,0
            -116.139382,34.002337,0
            -116.140805,34.002062,0
            -116.141328,34.001829,0
            -116.141751,34.001461,0
            -116.142355,34.000677,0
            -116.146166,33.997136,0
            -116.149314,33.99347,0
            -116.150156,33.992665,0
            -116.151863,33.990466,0
            -116.153436,33.989193,0
            -116.15404,33.988884,0
            -116.154587,33.988752,0
            -116.156241,33.988539,0
            -116.156947,33.988606,0
            -116.157704,33.988902,0
            -116.158982,33.989689,0
            -116.1601,33.99013,0
            -116.1614,33.990428,0
            -116.161919,33.990611,0
            -116.162776,33.991202,0
            -116.163275,33.99178,0
            -116.163953,33.991438,0
            -116.164236,33.991204,0
            -116.164525,33.990676,0
            -116.164583,33.990278,0
            -116.164175,33.988572,0
            -116.164188,33.988022,0
            -116.164561,33.986155,0
            -116.16505,33.985079,0
            -116.165362,33.98272,0
            -116.165372,33.982038,0
            -116.164598,33.976185,0
            -116.1646,33.975022,0
            -116.166499,33.971429,0
            -116.169014,33.968186,0
            -116.170728,33.966319,0
            -116.172262,33.964969,0
            -116.172996,33.964003,0
            -116.173125,33.963477,0
            -116.173072,33.963202,0
            -116.172522,33.961751,0
            -116.172391,33.961002,0
            -116.172578,33.959439,0
            -116.173212,33.95636,0
            -116.173084,33.954978,0
            -116.173174,33.953738,0
            -116.172958,33.95222,0
            -116.17327,33.950359,0
            -116.173193,33.94973,0
            -116.172595,33.948502,0
            -116.172301,33.945643,0
            -116.172329,33.945324,0
            -116.173042,33.942858,0
            -116.173556,33.942037,0
            -116.173804,33.94143,0
            -116.174128,33.939751,0
            -116.174134,33.938365,0
            -116.173818,33.937544,0
            -116.173741,33.936877,0
            -116.1738,33.936512,0
            -116.174294,33.935257,0
            -116.174391,33.934746,0
            -116.17414,33.93314,0
            -116.174202,33.932527,0
            -116.174709,33.931208,0
            -116.174743,33.930777,0
            -116.174678,33.930521,0
            -116.17439,33.930078,0
            -116.17396,33.929689,0
            -116.173467,33.929113,0
            -116.173383,33.928788,0
            -116.173397,33.928654,0
            -116.173496,33.928441,0
            -116.174263,33.927357,0
            -116.174846,33.926914,0
            -116.17524,33.926774,0
            -116.177436,33.926434,0
            -116.178271,33.926407,0
            -116.179002,33.926586,0
            -116.179269,33.926596,0
            -116.180192,33.926494,0
            -116.181122,33.926584,0
            -116.181458,33.92674,0
            -116.181985,33.9271,0
            -116.182292,33.927245,0
            -116.183123,33.927434,0
            -116.183882,33.927437,0
            -116.184531,33.927176,0
            -116.18528,33.926964,0
            -116.185594,33.926937,0
            -116.186046,33.927002,0
            -116.186702,33.927227,0
            -116.187316,33.927222,0
            -116.187419,33.927176,0
            -116.187447,33.927086,0
            -116.187386,33.926991,0
            -116.187215,33.926946,0
            -116.186433,33.927037,0
            -116.186377,33.927096,0
            -116.185594,33.926937,0
            -116.18528,33.926964,0
            -116.184531,33.927176,0
            -116.183882,33.927437,0
            -116.183123,33.927434,0
            -116.182292,33.927245,0
            -116.181985,33.9271,0
            -116.181458,33.92674,0
            -116.181122,33.926584,0
            -116.180192,33.926494,0
            -116.179269,33.926596,0
            -116.179002,33.926586,0
            -116.178271,33.926407,0
            -116.177436,33.926434,0
            -116.17524,33.926774,0
            -116.174846,33.926914,0
            -116.174263,33.927357,0
            -116.173496,33.928441,0
            -116.173397,33.928654,0
            -116.173383,33.928788,0
            -116.173467,33.929113,0
            -116.17396,33.929689,0
            -116.17439,33.930078,0
            -116.174678,33.930521,0
            -116.174743,33.930777,0
            -116.174709,33.931208,0
            -116.174202,33.932527,0
            -116.17414,33.93314,0
            -116.174391,33.934746,0
            -116.174294,33.935257,0
            -116.1738,33.936512,0
            -116.173741,33.936877,0
            -116.173818,33.937544,0
            -116.174134,33.938365,0
            -116.174128,33.939751,0
            -116.173804,33.94143,0
            -116.173556,33.942037,0
            -116.173042,33.942858,0
            -116.172329,33.945324,0
            -116.172301,33.945643,0
            -116.172595,33.948502,0
            -116.173193,33.94973,0
            -116.17327,33.950359,0
            -116.172958,33.95222,0
            -116.173174,33.953738,0
            -116.173084,33.954978,0
            -116.173212,33.95636,0
            -116.172578,33.959439,0
            -116.172391,33.961002,0
            -116.172522,33.961751,0
            -116.173072,33.963202,0
            -116.173125,33.963477,0
            -116.172996,33.964003,0
            -116.172262,33.964969,0
            -116.170728,33.966319,0
            -116.169014,33.968186,0
            -116.166499,33.971429,0
            -116.1646,33.975022,0
            -116.164598,33.976185,0
            -116.165372,33.982038,0
            -116.165362,33.98272,0
            -116.16505,33.985079,0
            -116.164561,33.986155,0
            -116.164188,33.988022,0
            -116.164175,33.988572,0
            -116.164583,33.990278,0
            -116.164525,33.990676,0
            -116.164236,33.991204,0
            -116.163953,33.991438,0
            -116.163275,33.99178,0
            -116.163677,33.992635,0
            -116.163705,33.99326,0
            -116.16314,33.996354,0
            -116.16311,33.996993,0
            -116.163608,33.999705,0
            -116.163909,34.003616,0
            -116.163756,34.005653,0
            -116.163343,34.006858,0
            -116.163115,34.008203,0
            -116.162744,34.009074,0
            -116.162037,34.010124,0
            -116.161844,34.01054,0
            -116.161519,34.011718,0
            -116.161527,34.012177,0
            -116.161689,34.012753,0
            -116.162078,34.013359,0
            -116.162627,34.013834,0
            -116.162327,34.014127,0
            -116.16143,34.014672,0
            -116.16122,34.014876,0
            -116.160428,34.016175,0
            -116.159441,34.017241,0
            -116.159265,34.017516,0
            -116.158925,34.018326,0
            -116.156917,34.021119,0
            -116.156299,34.021527,0
            -116.155754,34.021732,0
            -116.155335,34.021785,0
            -116.154557,34.021682,0
            -116.152213,34.021164,0
            -116.151651,34.021115,0
            -116.14997,34.021179,0
            -116.149094,34.021049,0
            -116.148486,34.021116,0
            -116.146949,34.021757,0
            -116.142768,34.024042,0
            -116.142531,34.02457,0
            -116.142336,34.024745,0
            -116.14236,34.024894,0
            -116.142295,34.024975,0
            -116.141815,34.025073,0
          </coordinates>
        </LineString>
      </Placemark>
      <Placemark>
        <name>Walking</name>
        <description><![CDATA[description: <br>Category: Walking<br>Distance: 0]]></description>
        <styleUrl>#line-FFEA00-5000</styleUrl>
        <ExtendedData>
          <Data name="description">
            <value/>
          </Data>
          <Data name="Category">
            <value>Walking</value>
          </Data>
          <Data name="Distance">
            <value>0</value>
          </Data>
        </ExtendedData>
        <LineString>
          <tessellate>1</tessellate>
          <coordinates>
            -116.141815,34.025073,0
            -116.141968,34.025057,0
            -116.142105,34.02529,0
            -116.142209,34.025408,0
            -116.14226,34.025528,0
            -116.1423,34.025568,0
            -116.142547,34.026148,0
            -116.142645,34.026187,0
            -116.142921,34.026533,0
            -116.143151,34.027023,0
            -116.14323,34.0271,0
            -116.143231,34.027163,0
            -116.14329,34.027238,0
            -116.143307,34.027287,0
            -116.143372,34.027329,0
            -116.143356,34.027409,0
            -116.143409,34.027526,0
            -116.143408,34.027557,0
            -116.143444,34.027642,0
            -116.143431,34.027694,0
            -116.14353,34.027832,0
            -116.143545,34.027919,0
            -116.143613,34.027992,0
            -116.143664,34.028086,0
            -116.143717,34.028316,0
            -116.143794,34.028412,0
            -116.143986,34.028878,0
            -116.144001,34.029,0
            -116.144122,34.029182,0
            -116.144107,34.029296,0
            -116.144299,34.029618,0
            -116.144303,34.029672,0
            -116.144376,34.029818,0
            -116.144417,34.029854,0
            -116.144454,34.029978,0
            -116.144602,34.030213,0
            -116.144745,34.030266,0
            -116.144969,34.030274,0
            -116.145109,34.030224,0
            -116.145365,34.030295,0
            -116.145576,34.030226,0
            -116.145655,34.030225,0
            -116.145776,34.030309,0
            -116.145854,34.030422,0
            -116.145871,34.030477,0
            -116.145976,34.030599,0
            -116.146074,34.030664,0
            -116.146132,34.03067,0
            -116.146182,34.030652,0
            -116.146228,34.030656,0
            -116.146296,34.030684,0
            -116.146355,34.03067,0
            -116.146533,34.030682,0
            -116.146566,34.030666,0
            -116.146584,34.030582,0
            -116.146682,34.030522,0
            -116.146945,34.030154,0
            -116.147119,34.030011,0
            -116.147329,34.029666,0
            -116.147401,34.029457,0
            -116.147667,34.02922,0
            -116.147753,34.029176,0
            -116.147778,34.029133,0
            -116.147801,34.028944,0
            -116.147788,34.028871,0
            -116.147654,34.028753,0
            -116.147235,34.028186,0
            -116.146975,34.027476,0
            -116.14679,34.027131,0
            -116.146809,34.026935,0
            -116.146928,34.026568,0
            -116.146931,34.026511,0
            -116.146913,34.026462,0
            -116.14667,34.02673,0
            -116.146485,34.026862,0
            -116.146069,34.026997,0
            -116.145929,34.026966,0
            -116.145835,34.026997,0
            -116.145573,34.026915,0
            -116.145425,34.026813,0
            -116.145251,34.026788,0
            -116.144674,34.026521,0
            -116.144586,34.026513,0
            -116.144476,34.026593,0
            -116.144288,34.026619,0
            -116.144049,34.026733,0
            -116.143826,34.026883,0
            -116.143735,34.02688,0
            -116.143664,34.026986,0
            -116.143572,34.027039,0
            -116.143301,34.027106,0
            -116.14323,34.0271,0
            -116.143151,34.027023,0
            -116.142921,34.026533,0
            -116.142645,34.026187,0
            -116.142547,34.026148,0
            -116.1423,34.025568,0
            -116.14226,34.025528,0
            -116.142209,34.025408,0
            -116.142111,34.025297,0
          </coordinates>
        </LineString>
      </Placemark>
      <Placemark>
        <name>Driving</name>
        <description><![CDATA[description: <br>Category: Driving<br>Distance: 32802]]></description>
        <styleUrl>#line-FFEA00-5000</styleUrl>
        <ExtendedData>
          <Data name="description">
            <value/>
          </Data>
          <Data name="Category">
            <value>Driving</value>
          </Data>
          <Data name="Distance">
            <value>32802</value>
          </Data>
        </ExtendedData>
        <LineString>
          <tessellate>1</tessellate>
          <coordinates>
            -116.1418,34.025074,0
            -116.142295,34.024975,0
            -116.14236,34.024894,0
            -116.142336,34.024745,0
            -116.142531,34.02457,0
            -116.142768,34.024042,0
            -116.146949,34.021757,0
            -116.148486,34.021116,0
            -116.149094,34.021049,0
            -116.14997,34.021179,0
            -116.151651,34.021114,0
            -116.155335,34.021785,0
            -116.155754,34.021732,0
            -116.156299,34.021526,0
            -116.156917,34.021119,0
            -116.158925,34.018326,0
            -116.159441,34.017241,0
            -116.160428,34.016175,0
            -116.16122,34.014876,0
            -116.162627,34.013834,0
            -116.166167,34.015898,0
            -116.1669,34.016505,0
            -116.167684,34.017458,0
            -116.168481,34.018945,0
            -116.169343,34.01977,0
            -116.172644,34.021672,0
            -116.173164,34.0223,0
            -116.173805,34.024257,0
            -116.175485,34.026935,0
            -116.176433,34.027792,0
            -116.17772,34.028657,0
            -116.180222,34.029619,0
            -116.180779,34.029961,0
            -116.181203,34.030573,0
            -116.182574,34.036366,0
            -116.182994,34.037326,0
            -116.185003,34.039791,0
            -116.185465,34.040105,0
            -116.186106,34.04037,0
            -116.187299,34.040458,0
            -116.19303,34.038999,0
            -116.19448,34.038928,0
            -116.195238,34.039046,0
            -116.195774,34.039316,0
            -116.196259,34.039797,0
            -116.1967,34.040869,0
            -116.197648,34.041962,0
            -116.198084,34.04317,0
            -116.199103,34.044824,0
            -116.199473,34.04514,0
            -116.200362,34.045487,0
            -116.200687,34.045755,0
            -116.201205,34.046929,0
            -116.201876,34.047614,0
            -116.204953,34.049419,0
            -116.208736,34.05237,0
            -116.210843,34.053394,0
            -116.21354,34.054165,0
            -116.215062,34.054328,0
            -116.21669,34.054086,0
            -116.217128,34.054145,0
            -116.223732,34.057565,0
            -116.224785,34.058813,0
            -116.225231,34.059797,0
            -116.22789,34.062044,0
            -116.228717,34.063184,0
            -116.229159,34.064977,0
            -116.230549,34.066725,0
            -116.23139,34.0673,0
            -116.232927,34.069007,0
            -116.234123,34.069744,0
            -116.235102,34.070142,0
            -116.235751,34.070645,0
            -116.237467,34.073061,0
            -116.238097,34.074866,0
            -116.239649,34.07665,0
            -116.240317,34.077135,0
            -116.241686,34.079247,0
            -116.241887,34.080245,0
            -116.242217,34.080754,0
            -116.24265,34.081089,0
            -116.243356,34.081349,0
            -116.245407,34.081605,0
            -116.247131,34.081419,0
            -116.249417,34.080918,0
            -116.250096,34.080958,0
            -116.250637,34.081105,0
            -116.251565,34.08163,0
            -116.251953,34.081737,0
            -116.252912,34.081731,0
            -116.254946,34.082484,0
            -116.255254,34.082722,0
            -116.256785,34.085168,0
            -116.257482,34.087077,0
            -116.259594,34.091066,0
            -116.260002,34.091382,0
            -116.265347,34.093683,0
            -116.266237,34.093753,0
            -116.267638,34.093476,0
            -116.269261,34.093401,0
            -116.270643,34.093001,0
            -116.272199,34.093134,0
            -116.27403,34.093073,0
            -116.275534,34.092737,0
            -116.275887,34.092762,0
            -116.278734,34.093741,0
            -116.27924,34.093775,0
            -116.280977,34.093563,0
            -116.285513,34.093586,0
            -116.286516,34.093828,0
            -116.287627,34.093812,0
            -116.287991,34.093722,0
            -116.289621,34.092878,0
            -116.289988,34.092855,0
            -116.290736,34.093055,0
            -116.29166,34.093016,0
            -116.292353,34.093158,0
            -116.292823,34.093369,0
            -116.293671,34.094129,0
            -116.294052,34.094326,0
            -116.296238,34.094567,0
            -116.298137,34.095508,0
            -116.300697,34.097419,0
            -116.302134,34.098999,0
            -116.30346,34.101034,0
            -116.303614,34.101541,0
            -116.303573,34.10291,0
            -116.303733,34.103395,0
            -116.304499,34.104659,0
            -116.305796,34.109011,0
            -116.30633,34.109932,0
            -116.307519,34.111205,0
            -116.308059,34.112558,0
            -116.308427,34.112999,0
            -116.309016,34.113368,0
            -116.309668,34.113602,0
            -116.312326,34.114074,0
            -116.313639,34.114913,0
            -116.314268,34.115567,0
            -116.314989,34.116896,0
            -116.315176,34.134965,0
            -116.247206,34.135155,0
            -116.24723,34.164161,0
            -116.261854,34.164356,0
          </coordinates>
        </LineString>
      </Placemark>
      <Placemark>
        <name>The Castle House - Estate</name>
        <description><![CDATA[description: <br>Category: Hotel<br>Distance: 0]]></description>
        <styleUrl>#icon-1602-0288D1</styleUrl>
        <ExtendedData>
          <Data name="description">
            <value/>
          </Data>
          <Data name="Category">
            <value>Hotel</value>
          </Data>
          <Data name="Distance">
            <value>0</value>
          </Data>
        </ExtendedData>
        <Point>
          <coordinates>
            -116.261766,34.165329,0
          </coordinates>
        </Point>
      </Placemark>
      <Placemark>
        <name>Driving</name>
        <description><![CDATA[description: <br>Category: Driving<br>Distance: 9749]]></description>
        <styleUrl>#line-FFEA00-5000</styleUrl>
        <ExtendedData>
          <Data name="description">
            <value/>
          </Data>
          <Data name="Category">
            <value>Driving</value>
          </Data>
          <Data name="Distance">
            <value>9749</value>
          </Data>
        </ExtendedData>
        <LineString>
          <tessellate>1</tessellate>
          <coordinates>
            -116.261792,34.164355,0
            -116.260175,34.164324,0
            -116.258018,34.164307,0
            -116.257584,34.164302,0
            -116.257366,34.164299,0
            -116.257149,34.164296,0
            -116.255857,34.164279,0
            -116.251592,34.164223,0
            -116.248413,34.164177,0
            -116.24723,34.164161,0
            -116.247234,34.162985,0
            -116.247233,34.161827,0
            -116.247226,34.160531,0
            -116.247231,34.159635,0
            -116.247225,34.158726,0
            -116.247217,34.156923,0
            -116.247219,34.156204,0
            -116.247221,34.155124,0
            -116.247224,34.154032,0
            -116.247223,34.153278,0
            -116.247216,34.152014,0
            -116.247201,34.151455,0
            -116.247205,34.149682,0
            -116.247215,34.148905,0
            -116.247205,34.148285,0
            -116.247204,34.148051,0
            -116.247197,34.146073,0
            -116.247188,34.142108,0
            -116.247187,34.140355,0
            -116.247172,34.139334,0
            -116.247175,34.13806,0
            -116.247181,34.136965,0
            -116.24718,34.136681,0
            -116.247196,34.13642,0
            -116.247202,34.136198,0
            -116.247206,34.135155,0
            -116.247637,34.135149,0
            -116.251542,34.135142,0
            -116.25588,34.135134,0
            -116.256352,34.135133,0
            -116.257004,34.13513,0
            -116.257222,34.13513,0
            -116.257439,34.135129,0
            -116.258525,34.135125,0
            -116.258743,34.135124,0
            -116.260264,34.135119,0
            -116.261607,34.135117,0
            -116.264655,34.135102,0
            -116.266834,34.135102,0
            -116.268589,34.135097,0
            -116.269055,34.135099,0
            -116.273473,34.135085,0
            -116.273937,34.135085,0
            -116.276219,34.135086,0
            -116.276726,34.135081,0
            -116.277229,34.135077,0
            -116.277957,34.135074,0
            -116.27971,34.135066,0
            -116.28221,34.135057,0
            -116.282569,34.135059,0
            -116.287734,34.13504,0
            -116.290862,34.135036,0
            -116.29103,34.135036,0
            -116.291154,34.135034,0
            -116.292116,34.13503,0
            -116.292333,34.135029,0
            -116.293202,34.135026,0
            -116.294282,34.135023,0
            -116.294746,34.135027,0
            -116.29501,34.135024,0
            -116.298395,34.135012,0
            -116.299822,34.135014,0
            -116.301081,34.13501,0
            -116.304059,34.134999,0
            -116.305016,34.134996,0
            -116.30552,34.134994,0
            -116.305817,34.134994,0
            -116.306309,34.134992,0
            -116.306996,34.134988,0
            -116.307464,34.134988,0
            -116.307952,34.134987,0
            -116.308439,34.134984,0
            -116.30857,34.134986,0
            -116.308904,34.134986,0
            -116.30923,34.134985,0
            -116.309659,34.134986,0
            -116.310058,34.134983,0
            -116.310332,34.134985,0
            -116.310751,34.134983,0
            -116.311151,34.134983,0
            -116.311454,34.134981,0
            -116.311844,34.134977,0
            -116.312945,34.134977,0
            -116.313205,34.134974,0
            -116.313488,34.134974,0
            -116.314067,34.134972,0
            -116.314352,34.134969,0
            -116.314761,34.13497,0
            -116.315176,34.134965,0
            -116.315192,34.135427,0
          </coordinates>
        </LineString>
      </Placemark>
      <Placemark>
        <name>Subway</name>
        <description><![CDATA[description: <br>Category: Sandwich<br>Distance: 0]]></description>
        <styleUrl>#icon-1739-0288D1</styleUrl>
        <ExtendedData>
          <Data name="description">
            <value/>
          </Data>
          <Data name="Category">
            <value>Sandwich</value>
          </Data>
          <Data name="Distance">
            <value>0</value>
          </Data>
        </ExtendedData>
        <Point>
          <coordinates>
            -116.315478,34.135553,0
          </coordinates>
        </Point>
      </Placemark>
      <Placemark>
        <name>Driving</name>
        <description><![CDATA[description: <br>Category: Driving<br>Distance: 10014]]></description>
        <styleUrl>#line-FFEA00-5000</styleUrl>
        <ExtendedData>
          <Data name="description">
            <value/>
          </Data>
          <Data name="Category">
            <value>Driving</value>
          </Data>
          <Data name="Distance">
            <value>10014</value>
          </Data>
        </ExtendedData>
        <LineString>
          <tessellate>1</tessellate>
          <coordinates>
            -116.315192,34.135427,0
            -116.315176,34.134965,0
            -116.314761,34.13497,0
            -116.314352,34.134969,0
            -116.314067,34.134972,0
            -116.313488,34.134974,0
            -116.313205,34.134974,0
            -116.312945,34.134977,0
            -116.311844,34.134977,0
            -116.311454,34.134981,0
            -116.311151,34.134983,0
            -116.310751,34.134983,0
            -116.310332,34.134985,0
            -116.310058,34.134983,0
            -116.309659,34.134986,0
            -116.30923,34.134985,0
            -116.308904,34.134986,0
            -116.30857,34.134986,0
            -116.308439,34.134984,0
            -116.307952,34.134987,0
            -116.307464,34.134988,0
            -116.306996,34.134988,0
            -116.306309,34.134992,0
            -116.305817,34.134994,0
            -116.30552,34.134994,0
            -116.305016,34.134996,0
            -116.304059,34.134999,0
            -116.301081,34.13501,0
            -116.299822,34.135014,0
            -116.298395,34.135012,0
            -116.29501,34.135024,0
            -116.294746,34.135027,0
            -116.294282,34.135023,0
            -116.293202,34.135026,0
            -116.292333,34.135029,0
            -116.292116,34.13503,0
            -116.291154,34.135034,0
            -116.29103,34.135036,0
            -116.290862,34.135036,0
            -116.287734,34.13504,0
            -116.282569,34.135059,0
            -116.28221,34.135057,0
            -116.27971,34.135066,0
            -116.277957,34.135074,0
            -116.277229,34.135077,0
            -116.276726,34.135081,0
            -116.276219,34.135086,0
            -116.273937,34.135085,0
            -116.273473,34.135085,0
            -116.269055,34.135099,0
            -116.268589,34.135097,0
            -116.266834,34.135102,0
            -116.264655,34.135102,0
            -116.261607,34.135117,0
            -116.260264,34.135119,0
            -116.258743,34.135124,0
            -116.258525,34.135125,0
            -116.257439,34.135129,0
            -116.257222,34.13513,0
            -116.257004,34.13513,0
            -116.256352,34.135132,0
            -116.25588,34.135134,0
            -116.251542,34.135142,0
            -116.247637,34.135149,0
            -116.247206,34.135155,0
            -116.247202,34.136198,0
            -116.247196,34.13642,0
            -116.24718,34.136681,0
            -116.247181,34.136965,0
            -116.247175,34.13806,0
            -116.247172,34.139334,0
            -116.247187,34.140355,0
            -116.247188,34.142108,0
            -116.247197,34.146073,0
            -116.247204,34.148051,0
            -116.247205,34.148285,0
            -116.247215,34.148905,0
            -116.247205,34.149682,0
            -116.247201,34.151455,0
            -116.247216,34.152014,0
            -116.247223,34.153278,0
            -116.247224,34.154032,0
            -116.247221,34.155124,0
            -116.247219,34.156204,0
            -116.247217,34.156923,0
            -116.247225,34.158726,0
            -116.247231,34.159635,0
            -116.247226,34.160531,0
            -116.247233,34.161827,0
            -116.247235,34.162985,0
            -116.24723,34.164161,0
            -116.248413,34.164177,0
            -116.251592,34.164223,0
            -116.255857,34.164279,0
            -116.257149,34.164296,0
            -116.257367,34.164299,0
            -116.257584,34.164301,0
            -116.258019,34.164307,0
            -116.260175,34.164324,0
            -116.261792,34.164355,0
          </coordinates>
        </LineString>
      </Placemark>
      <Placemark>
        <name>The Castle House - Estate</name>
        <description><![CDATA[description: <br>Category: Hotel<br>Distance: 0]]></description>
        <styleUrl>#icon-1602-0288D1</styleUrl>
        <ExtendedData>
          <Data name="description">
            <value/>
          </Data>
          <Data name="Category">
            <value>Hotel</value>
          </Data>
          <Data name="Distance">
            <value>0</value>
          </Data>
        </ExtendedData>
        <Point>
          <coordinates>
            -116.261766,34.165329,0
          </coordinates>
        </Point>
      </Placemark>
    </Folder>
    <Folder>
      <name>2020-09-05</name>
      <Placemark>
        <name><![CDATA[Holiday Inn Express & Suites Bakersfield Airport, an IHG Hotel]]></name>
        <description><![CDATA[description: <br>Category: Hotel<br>Distance: 0]]></description>
        <styleUrl>#icon-1602-0288D1</styleUrl>
        <ExtendedData>
          <Data name="description">
            <value/>
          </Data>
          <Data name="Category">
            <value>Hotel</value>
          </Data>
          <Data name="Distance">
            <value>0</value>
          </Data>
        </ExtendedData>
        <Point>
          <coordinates>
            -119.08172,35.442972,0
          </coordinates>
        </Point>
      </Placemark>
      <Placemark>
        <name>Driving</name>
        <description><![CDATA[description: <br>Category: Driving<br>Distance: 14373]]></description>
        <styleUrl>#line-F9A825-5000</styleUrl>
        <ExtendedData>
          <Data name="description">
            <value/>
          </Data>
          <Data name="Category">
            <value>Driving</value>
          </Data>
          <Data name="Distance">
            <value>14373</value>
          </Data>
        </ExtendedData>
        <LineString>
          <tessellate>1</tessellate>
          <coordinates>
            -119.082306,35.443162,0
            -119.082665,35.442983,0
            -119.082266,35.442626,0
            -119.082141,35.442474,0
            -119.08205,35.442328,0
            -119.081938,35.442039,0
            -119.081918,35.44195,0
            -119.081891,35.44132,0
            -119.081723,35.441285,0
            -119.079742,35.441315,0
            -119.074798,35.441274,0
            -119.074829,35.439836,0
            -119.07488,35.439127,0
            -119.074882,35.438063,0
            -119.074913,35.437579,0
            -119.074969,35.437257,0
            -119.075101,35.436794,0
            -119.075959,35.435055,0
            -119.076058,35.43455,0
            -119.076052,35.434116,0
            -119.076012,35.433877,0
            -119.075928,35.43358,0
            -119.075698,35.433119,0
            -119.075497,35.432835,0
            -119.075226,35.432539,0
            -119.074977,35.432322,0
            -119.074706,35.432133,0
            -119.073183,35.431246,0
            -119.072995,35.431106,0
            -119.072717,35.43086,0
            -119.072141,35.430288,0
            -119.072006,35.430177,0
            -119.071843,35.430128,0
            -119.070989,35.429322,0
            -119.07022,35.428684,0
            -119.069554,35.428196,0
            -119.068377,35.427452,0
            -119.067508,35.426984,0
            -119.064923,35.425813,0
            -119.064092,35.425339,0
            -119.06364,35.425022,0
            -119.063295,35.424748,0
            -119.062816,35.424301,0
            -119.062452,35.423899,0
            -119.061991,35.423291,0
            -119.061814,35.423017,0
            -119.0615,35.422419,0
            -119.061319,35.421978,0
            -119.060389,35.418563,0
            -119.060146,35.417896,0
            -119.059951,35.417445,0
            -119.059607,35.416796,0
            -119.059115,35.416066,0
            -119.058629,35.415478,0
            -119.058181,35.415018,0
            -119.050566,35.408287,0
            -119.047448,35.405432,0
            -119.047084,35.40505,0
            -119.046632,35.404509,0
            -119.046326,35.40409,0
            -119.045758,35.403126,0
            -119.04563,35.402853,0
            -119.045345,35.402107,0
            -119.045131,35.401321,0
            -119.044996,35.4004,0
            -119.044732,35.392566,0
            -119.044525,35.376089,0
            -119.044397,35.374833,0
            -119.044283,35.374221,0
            -119.044043,35.373284,0
            -119.043715,35.372351,0
            -119.040435,35.364846,0
            -119.040214,35.364264,0
            -119.039857,35.363001,0
            -119.039676,35.361989,0
            -119.039586,35.36112,0
            -119.039643,35.348621,0
            -119.039676,35.348473,0
            -119.039748,35.331996,0
            -119.039716,35.331335,0
            -119.039563,35.330178,0
            -119.039441,35.329594,0
            -119.037241,35.321169,0
            -119.037335,35.321078,0
            -119.037138,35.319773,0
            -119.037133,35.319622,0
            -119.037174,35.319355,0
            -119.037258,35.3191,0
            -119.037684,35.318391,0
            -119.037743,35.318231,0
            -119.037796,35.317764,0
            -119.03888,35.317769,0
            -119.038889,35.318542,0
            -119.038914,35.318618,0
            -119.038978,35.318731,0
            -119.038969,35.324754,0
            -119.038897,35.32483,0
            -119.038884,35.324943,0
            -119.039281,35.324947,0
            -119.039284,35.325194,0
          </coordinates>
        </LineString>
      </Placemark>
      <Placemark>
        <name>Bakersfield</name>
        <description><![CDATA[description: <br>Category: <br>Distance: 0]]></description>
        <styleUrl>#icon-1739-0288D1</styleUrl>
        <ExtendedData>
          <Data name="description">
            <value/>
          </Data>
          <Data name="Category">
            <value/>
          </Data>
          <Data name="Distance">
            <value>0</value>
          </Data>
        </ExtendedData>
        <Point>
          <coordinates>
            -119.018712,35.373292,0
          </coordinates>
        </Point>
      </Placemark>
      <Placemark>
        <name>Driving</name>
        <description><![CDATA[description: <br>Category: Driving<br>Distance: 174664]]></description>
        <styleUrl>#line-F9A825-5000</styleUrl>
        <ExtendedData>
          <Data name="description">
            <value/>
          </Data>
          <Data name="Category">
            <value>Driving</value>
          </Data>
          <Data name="Distance">
            <value>174664</value>
          </Data>
        </ExtendedData>
        <LineString>
          <tessellate>1</tessellate>
          <coordinates>
            -119.039284,35.325194,0
            -119.039035,35.325191,0
            -119.039027,35.324834,0
            -119.038969,35.324754,0
            -119.038978,35.318731,0
            -119.039063,35.318661,0
            -119.03906,35.317632,0
            -119.038884,35.317603,0
            -119.035497,35.317615,0
            -119.035409,35.317555,0
            -119.035049,35.317432,0
            -119.034908,35.31732,0
            -119.034854,35.317208,0
            -119.034842,35.317098,0
            -119.034872,35.316991,0
            -119.034935,35.316899,0
            -119.035018,35.316831,0
            -119.035161,35.316766,0
            -119.03532,35.316756,0
            -119.035446,35.316777,0
            -119.035578,35.316837,0
            -119.035688,35.316948,0
            -119.035905,35.317452,0
            -119.036045,35.317521,0
            -119.039299,35.330029,0
            -119.039501,35.331597,0
            -119.039439,35.346828,0
            -119.039377,35.346898,0
            -119.039172,35.349956,0
            -119.038899,35.350706,0
            -119.038688,35.35101,0
            -119.03837,35.351352,0
            -119.038026,35.351596,0
            -119.03763,35.351802,0
            -119.037319,35.351909,0
            -119.036954,35.351983,0
            -119.03124,35.352432,0
            -118.975119,35.352309,0
            -118.968429,35.352834,0
            -118.9657,35.352895,0
            -118.950392,35.352099,0
            -118.914286,35.352142,0
            -118.899224,35.351041,0
            -118.897124,35.350621,0
            -118.880622,35.345835,0
            -118.879543,35.345594,0
            -118.86261,35.342861,0
            -118.80608,35.329226,0
            -118.803848,35.328468,0
            -118.802639,35.327896,0
            -118.801169,35.327055,0
            -118.799776,35.326089,0
            -118.769355,35.299817,0
            -118.767835,35.298753,0
            -118.766396,35.297953,0
            -118.734356,35.285055,0
            -118.733118,35.284462,0
            -118.725318,35.279973,0
            -118.723772,35.279277,0
            -118.721852,35.278634,0
            -118.720316,35.278276,0
            -118.715724,35.277562,0
            -118.713446,35.276912,0
            -118.711736,35.276206,0
            -118.699752,35.269256,0
            -118.698845,35.268858,0
            -118.697505,35.268461,0
            -118.696439,35.268283,0
            -118.695477,35.268227,0
            -118.694369,35.26827,0
            -118.693113,35.268467,0
            -118.688866,35.269744,0
            -118.687671,35.269944,0
            -118.685769,35.270067,0
            -118.68017,35.26979,0
            -118.678225,35.269522,0
            -118.676857,35.269207,0
            -118.660928,35.264557,0
            -118.658401,35.264172,0
            -118.646593,35.263721,0
            -118.645388,35.263596,0
            -118.641881,35.262831,0
            -118.641179,35.262747,0
            -118.639751,35.262727,0
            -118.638801,35.262826,0
            -118.635728,35.263469,0
            -118.634154,35.263632,0
            -118.628117,35.263729,0
            -118.627149,35.263574,0
            -118.623873,35.262643,0
            -118.621513,35.262234,0
            -118.620691,35.261931,0
            -118.620308,35.261727,0
            -118.618136,35.260229,0
            -118.615757,35.258946,0
            -118.615042,35.258468,0
            -118.612995,35.256824,0
            -118.612424,35.2565,0
            -118.611505,35.256184,0
            -118.609751,35.255817,0
            -118.609034,35.255555,0
            -118.608355,35.255156,0
            -118.603692,35.251249,0
            -118.602025,35.250106,0
            -118.601483,35.249829,0
            -118.601025,35.249661,0
            -118.596013,35.248432,0
            -118.595392,35.248202,0
            -118.594724,35.247814,0
            -118.594364,35.247521,0
            -118.592966,35.245906,0
            -118.592376,35.245376,0
            -118.590422,35.244117,0
            -118.5899,35.243611,0
            -118.588695,35.241847,0
            -118.588324,35.241464,0
            -118.587546,35.240928,0
            -118.58705,35.240704,0
            -118.586525,35.240538,0
            -118.579953,35.239499,0
            -118.579298,35.239333,0
            -118.578897,35.239175,0
            -118.578085,35.238689,0
            -118.577599,35.238231,0
            -118.577356,35.237919,0
            -118.575463,35.234495,0
            -118.575189,35.234107,0
            -118.574723,35.233633,0
            -118.574271,35.233307,0
            -118.57038,35.231289,0
            -118.570004,35.231048,0
            -118.569566,35.230669,0
            -118.569088,35.230045,0
            -118.568846,35.229526,0
            -118.568722,35.229012,0
            -118.568531,35.225926,0
            -118.568369,35.225243,0
            -118.568189,35.224847,0
            -118.567855,35.22435,0
            -118.567438,35.223917,0
            -118.566738,35.223431,0
            -118.566136,35.223158,0
            -118.565545,35.22298,0
            -118.560741,35.222361,0
            -118.559589,35.222025,0
            -118.55879,35.221627,0
            -118.554191,35.218409,0
            -118.553779,35.218059,0
            -118.553359,35.217602,0
            -118.551786,35.215511,0
            -118.551533,35.215256,0
            -118.550851,35.214758,0
            -118.540429,35.20947,0
            -118.535695,35.20773,0
            -118.535169,35.207435,0
            -118.530488,35.203802,0
            -118.529624,35.203306,0
            -118.52029,35.199242,0
            -118.519237,35.198675,0
            -118.506351,35.189854,0
            -118.505745,35.189321,0
            -118.505339,35.188866,0
            -118.504106,35.187073,0
            -118.503607,35.186523,0
            -118.503193,35.186157,0
            -118.499998,35.184091,0
            -118.495903,35.182187,0
            -118.495246,35.182002,0
            -118.489964,35.181355,0
            -118.489302,35.181194,0
            -118.488519,35.180843,0
            -118.486992,35.179752,0
            -118.485916,35.179146,0
            -118.483339,35.17813,0
            -118.482522,35.177705,0
            -118.482062,35.177391,0
            -118.481413,35.17681,0
            -118.48104,35.176374,0
            -118.479485,35.173957,0
            -118.478883,35.173331,0
            -118.477342,35.172002,0
            -118.474447,35.169034,0
            -118.474044,35.168463,0
            -118.473799,35.167866,0
            -118.47337,35.163903,0
            -118.473439,35.163255,0
            -118.473923,35.161327,0
            -118.473976,35.16081,0
            -118.4739,35.157132,0
            -118.473791,35.156486,0
            -118.473525,35.155843,0
            -118.469827,35.150316,0
            -118.469524,35.149423,0
            -118.469434,35.148639,0
            -118.469477,35.147976,0
            -118.469892,35.146167,0
            -118.469991,35.145343,0
            -118.469895,35.144416,0
            -118.469487,35.143335,0
            -118.468836,35.142421,0
            -118.468428,35.142013,0
            -118.467587,35.141394,0
            -118.466979,35.141064,0
            -118.466135,35.140738,0
            -118.465678,35.140617,0
            -118.460497,35.13975,0
            -118.459152,35.139653,0
            -118.436337,35.139611,0
            -118.435352,35.139544,0
            -118.434152,35.139316,0
            -118.433395,35.139089,0
            -118.414373,35.130838,0
            -118.413851,35.130535,0
            -118.413025,35.129899,0
            -118.412624,35.129495,0
            -118.412197,35.12895,0
            -118.41181,35.128297,0
            -118.410869,35.126089,0
            -118.410351,35.125307,0
            -118.409315,35.124256,0
            -118.408586,35.123727,0
            -118.4079,35.12333,0
            -118.406451,35.122755,0
            -118.378816,35.11543,0
            -118.377269,35.115206,0
            -118.367693,35.11487,0
            -118.366456,35.114684,0
            -118.352774,35.110808,0
            -118.351057,35.110476,0
            -118.349094,35.11028,0
            -118.324309,35.110208,0
            -118.32307,35.11004,0
            -118.322202,35.109815,0
            -118.321085,35.109374,0
            -118.320558,35.109094,0
            -118.310735,35.102437,0
            -118.309891,35.10165,0
            -118.308206,35.099269,0
            -118.307517,35.098544,0
            -118.306673,35.097938,0
            -118.306126,35.097649,0
            -118.305247,35.097316,0
            -118.304159,35.09708,0
            -118.302869,35.097021,0
            -118.302094,35.097096,0
            -118.273348,35.104092,0
            -118.269613,35.104736,0
            -118.266061,35.105017,0
            -118.264003,35.105035,0
            -118.259034,35.104828,0
            -118.256787,35.104949,0
            -118.255374,35.10514,0
            -118.253379,35.105572,0
            -118.249413,35.106715,0
            -118.248373,35.107089,0
            -118.226707,35.117038,0
            -118.225122,35.117611,0
            -118.223917,35.1179,0
            -118.222296,35.118118,0
            -118.220795,35.118154,0
            -118.190495,35.11583,0
            -118.186071,35.115159,0
            -118.183076,35.114557,0
            -118.17841,35.113376,0
            -118.175434,35.112458,0
            -118.172004,35.111231,0
            -118.168215,35.109644,0
            -118.15013,35.101278,0
            -118.150057,35.101189,0
            -118.148978,35.10055,0
            -118.146572,35.098073,0
            -118.145605,35.097507,0
            -118.145385,35.097511,0
            -118.145169,35.097605,0
            -118.100976,35.154639,0
            -118.097171,35.158985,0
            -118.054606,35.213644,0
            -118.054088,35.214469,0
            -118.053362,35.215923,0
            -118.0343,35.267823,0
            -118.033512,35.269409,0
            -118.032905,35.270344,0
            -118.03212,35.271344,0
            -118.021156,35.283025,0
            -118.020301,35.283818,0
            -118.005936,35.295564,0
            -118.005913,35.295649,0
            -118.00516,35.296297,0
            -118.004999,35.29636,0
            -117.991038,35.308032,0
            -117.986838,35.312175,0
            -117.986413,35.312278,0
            -117.973169,35.318844,0
            -117.951721,35.333765,0
            -117.873653,35.374569,0
            -117.87187,35.375364,0
            -117.869734,35.376071,0
            -117.797492,35.393066,0
            -117.796969,35.393256,0
            -117.796433,35.3936,0
            -117.795722,35.394232,0
            -117.792302,35.397984,0
            -117.791222,35.399724,0
            -117.790191,35.403057,0
            -117.78995,35.403567,0
            -117.789666,35.404002,0
            -117.788097,35.405735,0
            -117.786525,35.407235,0
            -117.786156,35.407722,0
            -117.785421,35.40932,0
            -117.784901,35.410221,0
            -117.784641,35.410567,0
            -117.784325,35.410838,0
            -117.784121,35.410959,0
            -117.783442,35.411201,0
            -117.780683,35.411895,0
            -117.777354,35.413123,0
            -117.776945,35.413434,0
            -117.77555,35.415484,0
            -117.775062,35.415917,0
            -117.774621,35.416143,0
            -117.773287,35.416582,0
            -117.772706,35.416676,0
            -117.770645,35.416781,0
            -117.769636,35.41696,0
            -117.765015,35.418093,0
            -117.76443,35.418285,0
            -117.763343,35.418755,0
            -117.762795,35.418837,0
            -117.762366,35.418813,0
            -117.76059,35.418402,0
            -117.758059,35.418147,0
            -117.754721,35.418247,0
            -117.751046,35.418592,0
            -117.732144,35.422684,0
            -117.731074,35.423073,0
            -117.72646,35.425459,0
            -117.725194,35.426006,0
            -117.723462,35.426479,0
            -117.722066,35.42666,0
            -117.700359,35.426392,0
            -117.692543,35.425766,0
            -117.688325,35.425765,0
            -117.687261,35.425849,0
            -117.686653,35.42596,0
            -117.684388,35.426782,0
            -117.681536,35.428025,0
            -117.681244,35.428195,0
            -117.680444,35.428814,0
            -117.679961,35.429298,0
            -117.678454,35.431473,0
            -117.678175,35.431696,0
            -117.677763,35.431889,0
            -117.676078,35.432317,0
            -117.674429,35.432548,0
            -117.673893,35.432677,0
            -117.672472,35.43329,0
            -117.672184,35.433358,0
            -117.671711,35.43337,0
            -117.671473,35.434278,0
            -117.671223,35.434926,0
            -117.67077,35.435793,0
            -117.670242,35.436552,0
            -117.65735,35.450349,0
            -117.655379,35.451855,0
            -117.654959,35.452328,0
            -117.654623,35.452863,0
            -117.654291,35.453804,0
            -117.654221,35.454366,0
            -117.654266,35.455002,0
            -117.655392,35.460462,0
            -117.6554,35.460958,0
            -117.653954,35.473346,0
            -117.653712,35.473367,0
            -117.652783,35.473315,0
            -117.652222,35.47335,0
            -117.651827,35.473422,0
            -117.651108,35.473668,0
            -117.65068,35.4739,0
            -117.650215,35.474268,0
            -117.644483,35.481546,0
            -117.644139,35.481809,0
            -117.635316,35.486524,0
            -117.634338,35.487262,0
            -117.633617,35.487953,0
            -117.622548,35.500543,0
            -117.583746,35.540263,0
            -117.58321,35.540647,0
            -117.582782,35.540885,0
            -117.582237,35.541114,0
            -117.581923,35.541201,0
            -117.581671,35.541232,0
            -117.580949,35.541201,0
            -117.580605,35.543361,0
            -117.580378,35.544142,0
            -117.579853,35.545265,0
            -117.577321,35.548595,0
            -117.560789,35.5672,0
            -117.560015,35.567869,0
            -117.556001,35.57066,0
          </coordinates>
        </LineString>
      </Placemark>
      <Placemark>
        <name>Driving</name>
        <description><![CDATA[description: <br>Category: Driving<br>Distance: ]]></description>
        <styleUrl>#line-F9A825-5000</styleUrl>
        <ExtendedData>
          <Data name="description">
            <value/>
          </Data>
          <Data name="Category">
            <value>Driving</value>
          </Data>
          <Data name="Distance">
            <value/>
          </Data>
        </ExtendedData>
        <LineString>
          <tessellate>1</tessellate>
          <coordinates>
            -117.556,35.57066,0
            -117.55553,35.57099,0
            -117.55536,35.5711,0
            -117.55435,35.5718,0
            -117.55419,35.57192,0
            -117.55238,35.57317,0
            -117.55184,35.57356,0
            -117.55172,35.57363,0
            -117.55128,35.57397,0
            -117.55106,35.57416,0
            -117.55098,35.57422,0
            -117.5506,35.57456,0
            -117.55054,35.57462,0
            -117.55036,35.57478,0
            -117.54996,35.57516,0
            -117.54954,35.57559,0
            -117.5495,35.57564,0
            -117.54934,35.57581,0
            -117.54922,35.57596,0
            -117.54919,35.57599,0
            -117.54875,35.57652,0
            -117.54872,35.57655,0
            -117.54837,35.57701,0
            -117.54826,35.57717,0
            -117.54757,35.57809,0
            -117.5469,35.57902,0
            -117.54678,35.57917,0
            -117.546,35.58026,0
            -117.54588,35.58041,0
            -117.54552,35.58092,0
            -117.54543,35.58103,0
            -117.54186,35.586,0
            -117.54161,35.58633,0
            -117.54049,35.58793,0
            -117.53831,35.59125,0
            -117.5383,35.59127,0
            -117.5353,35.59588,0
            -117.53519,35.59603,0
            -117.53253,35.60013,0
            -117.53251,35.60017,0
            -117.5324,35.60033,0
            -117.53137,35.60192,0
            -117.53123,35.60215,0
            -117.53106,35.6024,0
            -117.53086,35.60272,0
            -117.53039,35.60342,0
            -117.53034,35.60351,0
            -117.53023,35.60367,0
            -117.52284,35.61505,0
            -117.52261,35.61539,0
            -117.52179,35.61667,0
            -117.52158,35.61698,0
            -117.52148,35.61714,0
            -117.52137,35.6173,0
            -117.52117,35.61762,0
            -117.5211,35.61772,0
            -117.51982,35.61969,0
            -117.51971,35.61984,0
            -117.51944,35.62027,0
            -117.5194,35.62032,0
            -117.5192,35.62064,0
            -117.51909,35.6208,0
            -117.51757,35.62316,0
            -117.51738,35.62344,0
            -117.51708,35.62392,0
            -117.51697,35.62408,0
            -117.516,35.62558,0
            -117.516,35.62559,0
            -117.51597,35.62562,0
            -117.51574,35.62599,0
            -117.51547,35.62648,0
            -117.51535,35.62672,0
            -117.51529,35.62687,0
            -117.51527,35.6269,0
            -117.51521,35.62704,0
            -117.51506,35.62744,0
            -117.51496,35.62779,0
            -117.51491,35.62793,0
            -117.51461,35.62892,0
            -117.51401,35.63102,0
            -117.514,35.63103,0
            -117.5132,35.63383,0
            -117.51316,35.63394,0
            -117.51315,35.634,0
            -117.51234,35.6368,0
            -117.51228,35.63698,0
            -117.51208,35.63768,0
            -117.51208,35.6377,0
            -117.51138,35.64013,0
            -117.51127,35.64048,0
            -117.51072,35.6424,0
            -117.51072,35.64241,0
            -117.51053,35.64303,0
            -117.51045,35.64334,0
            -117.51041,35.64366,0
            -117.51038,35.64381,0
            -117.51036,35.644,0
            -117.51028,35.64452,0
            -117.51026,35.64479,0
            -117.51026,35.64527,0
            -117.51027,35.6453,0
            -117.51029,35.6456,0
            -117.51038,35.64622,0
            -117.51045,35.64655,0
            -117.51049,35.64679,0
            -117.5105,35.64689,0
            -117.51052,35.64698,0
            -117.50846,35.6472,0
            -117.50837,35.64723,0
            -117.50789,35.64727,0
            -117.50734,35.64734,0
            -117.48665,35.64877,0
            -117.4861,35.64882,0
            -117.48177,35.6491,0
            -117.47938,35.6492,0
            -117.47916,35.6492,0
            -117.47695,35.64929,0
            -117.47673,35.64929,0
            -117.47477,35.64937,0
            -117.47436,35.64941,0
            -117.47386,35.64951,0
            -117.47366,35.64956,0
            -117.47035,35.6506,0
            -117.47014,35.65066,0
            -117.46844,35.6512,0
            -117.46771,35.65145,0
            -117.46715,35.6517,0
            -117.4671,35.65173,0
            -117.46696,35.6518,0
            -117.46692,35.65183,0
            -117.46663,35.652,0
            -117.46648,35.6521,0
            -117.46621,35.65226,0
            -117.46358,35.65396,0
            -117.46307,35.65427,0
            -117.46292,35.65434,0
            -117.46247,35.65453,0
            -117.4622,35.65461,0
            -117.46204,35.65465,0
            -117.46175,35.6547,0
            -117.46159,35.65472,0
            -117.46157,35.65472,0
            -117.46139,35.65474,0
            -117.46135,35.65475,0
            -117.46116,35.65475,0
            -117.46104,35.65476,0
            -117.46093,35.65476,0
            -117.45971,35.65468,0
            -117.45928,35.65464,0
            -117.45847,35.6546,0
            -117.45835,35.65458,0
            -117.45827,35.65458,0
            -117.45814,35.65457,0
            -117.45805,35.65457,0
            -117.458,35.65456,0
            -117.45774,35.65456,0
            -117.45763,35.65457,0
            -117.4576,35.65457,0
            -117.45722,35.65461,0
            -117.45704,35.65464,0
            -117.45695,35.65466,0
            -117.45689,35.65468,0
            -117.45659,35.65476,0
            -117.45633,35.65485,0
            -117.45619,35.65491,0
            -117.45613,35.65494,0
            -117.45536,35.65528,0
            -117.45533,35.6553,0
            -117.45516,35.65537,0
            -117.45488,35.6555,0
            -117.4548,35.65553,0
            -117.45467,35.65557,0
            -117.45457,35.65561,0
            -117.45436,35.65567,0
            -117.45411,35.65573,0
            -117.45371,35.65579,0
            -117.45353,35.6558,0
            -117.4534,35.65582,0
            -117.45311,35.65584,0
            -117.45286,35.65584,0
            -117.45246,35.65581,0
            -117.45155,35.6557,0
            -117.45151,35.65569,0
            -117.45129,35.65567,0
            -117.45108,35.65564,0
            -117.45103,35.65564,0
            -117.44888,35.65539,0
            -117.44829,35.65535,0
            -117.44806,35.65535,0
            -117.448,35.65536,0
            -117.44791,35.65536,0
            -117.44774,35.65538,0
            -117.44766,35.65538,0
            -117.44757,35.6554,0
            -117.44742,35.65542,0
            -117.4472,35.65546,0
            -117.44713,35.65548,0
            -117.44694,35.65552,0
            -117.44616,35.65578,0
            -117.4447,35.65635,0
            -117.44464,35.65637,0
            -117.44331,35.6569,0
            -117.44311,35.65697,0
            -117.44211,35.65736,0
            -117.44191,35.65743,0
            -117.4409,35.65782,0
            -117.4407,35.65789,0
            -117.44054,35.65796,0
            -117.43484,35.66017,0
            -117.43472,35.66023,0
            -117.43452,35.66031,0
            -117.43433,35.6604,0
            -117.4342,35.66045,0
            -117.43389,35.66059,0
            -117.43375,35.66066,0
            -117.43278,35.6611,0
            -117.43012,35.66236,0
            -117.42954,35.66265,0
            -117.42947,35.66268,0
            -117.4293,35.66278,0
            -117.42906,35.66294,0
            -117.42883,35.66312,0
            -117.42863,35.66332,0
            -117.42852,35.66342,0
            -117.42799,35.66404,0
            -117.42794,35.66411,0
            -117.42782,35.66437,0
            -117.42761,35.66487,0
            -117.42755,35.66504,0
            -117.42706,35.66623,0
            -117.42704,35.66629,0
            -117.42693,35.66653,0
            -117.42683,35.66673,0
            -117.42678,35.66681,0
            -117.42671,35.6669,0
            -117.42662,35.66703,0
            -117.42649,35.6672,0
            -117.42636,35.66735,0
            -117.42619,35.66752,0
            -117.42594,35.66774,0
            -117.42578,35.66786,0
            -117.42576,35.66788,0
            -117.42567,35.66794,0
            -117.42545,35.66807,0
            -117.4254,35.66809,0
            -117.42515,35.66822,0
            -117.42483,35.66835,0
            -117.42482,35.66835,0
            -117.42466,35.66841,0
            -117.42442,35.66848,0
            -117.42441,35.66848,0
            -117.42377,35.66863,0
            -117.42355,35.66867,0
            -117.42352,35.66868,0
            -117.42248,35.6689,0
            -117.42205,35.66898,0
            -117.42184,35.66903,0
            -117.42141,35.66911,0
            -117.42119,35.66916,0
            -117.41959,35.66948,0
            -117.41947,35.66951,0
            -117.4189,35.66962,0
            -117.41883,35.66964,0
            -117.41835,35.66975,0
            -117.41824,35.66978,0
            -117.4182,35.6698,0
            -117.41792,35.66988,0
            -117.41712,35.67017,0
            -117.41579,35.6707,0
            -117.41531,35.67092,0
            -117.41492,35.67111,0
            -117.41364,35.6717,0
            -117.41309,35.67197,0
            -117.41157,35.67268,0
            -117.41155,35.67268,0
            -117.4106,35.67312,0
            -117.41025,35.67327,0
            -117.40905,35.67382,0
            -117.40886,35.6739,0
            -117.4082,35.67421,0
            -117.40778,35.67439,0
            -117.4075,35.67452,0
            -117.40731,35.6746,0
            -117.40702,35.67474,0
            -117.40576,35.67531,0
            -117.40563,35.67536,0
            -117.40321,35.67646,0
            -117.40286,35.67661,0
            -117.40276,35.67666,0
            -117.40092,35.67748,0
            -117.40072,35.67756,0
            -117.40053,35.67765,0
            -117.40014,35.67782,0
            -117.39993,35.67792,0
            -117.39975,35.67799,0
            -117.39894,35.67836,0
            -117.39859,35.67851,0
            -117.39856,35.67852,0
            -117.39722,35.67911,0
            -117.39702,35.67919,0
            -117.39699,35.67921,0
            -117.396,35.67963,0
            -117.39572,35.67976,0
            -117.39566,35.67978,0
            -117.39474,35.68018,0
            -117.39468,35.68021,0
            -117.39258,35.68111,0
            -117.39252,35.68113,0
            -117.39196,35.68137,0
            -117.39183,35.68142,0
            -117.38901,35.68265,0
            -117.38895,35.68268,0
            -117.38892,35.68269,0
            -117.38878,35.68276,0
            -117.38857,35.68285,0
            -117.38805,35.6831,0
            -117.38785,35.68318,0
            -117.38782,35.6832,0
            -117.38708,35.68353,0
            -117.38703,35.68356,0
            -117.38697,35.68359,0
            -117.38669,35.68371,0
            -117.38666,35.68372,0
            -117.38659,35.68376,0
            -117.3865,35.6838,0
            -117.38646,35.68381,0
            -117.38641,35.68383,0
            -117.38633,35.68387,0
            -117.3863,35.68388,0
            -117.38568,35.68417,0
            -117.38563,35.68419,0
            -117.38553,35.68424,0
            -117.3855,35.68425,0
            -117.38509,35.68444,0
            -117.38482,35.68459,0
            -117.38456,35.68477,0
            -117.3845,35.68482,0
            -117.38446,35.68486,0
            -117.38444,35.68487,0
            -117.38433,35.68498,0
            -117.38431,35.68499,0
            -117.38429,35.68502,0
            -117.38424,35.68507,0
            -117.38418,35.68514,0
            -117.38407,35.6853,0
            -117.38399,35.68546,0
            -117.38397,35.68549,0
            -117.38396,35.68553,0
            -117.38393,35.68558,0
            -117.38362,35.68635,0
            -117.38361,35.68635,0
            -117.38355,35.68652,0
            -117.38353,35.68655,0
            -117.3835,35.68662,0
            -117.38349,35.68666,0
            -117.38347,35.6867,0
            -117.38341,35.68686,0
            -117.38335,35.687,0
            -117.38334,35.68704,0
            -117.38333,35.68706,0
            -117.38323,35.68737,0
            -117.38321,35.68747,0
            -117.38319,35.68752,0
            -117.38319,35.68753,0
            -117.38315,35.68779,0
            -117.38311,35.68814,0
            -117.38311,35.68823,0
            -117.38309,35.68841,0
            -117.38309,35.68846,0
            -117.38308,35.68859,0
            -117.38308,35.68865,0
            -117.38303,35.68953,0
            -117.38303,35.68967,0
            -117.38301,35.69003,0
            -117.38301,35.69012,0
            -117.38297,35.69093,0
            -117.38296,35.69095,0
            -117.38296,35.69111,0
            -117.38284,35.69326,0
            -117.38284,35.69341,0
            -117.38283,35.69344,0
            -117.38283,35.69356,0
            -117.38282,35.69362,0
            -117.3828,35.69398,0
            -117.3828,35.69413,0
            -117.38274,35.69528,0
            -117.38274,35.69573,0
            -117.38275,35.69578,0
            -117.38275,35.69588,0
            -117.38278,35.69606,0
            -117.38284,35.69631,0
            -117.3829,35.69648,0
            -117.38296,35.69662,0
            -117.38297,35.69666,0
            -117.38303,35.6968,0
            -117.38305,35.69682,0
            -117.38311,35.69695,0
            -117.38314,35.69699,0
            -117.38319,35.69708,0
            -117.38326,35.69719,0
            -117.38336,35.6973,0
            -117.38351,35.6975,0
            -117.38393,35.69789,0
            -117.38406,35.69799,0
            -117.38429,35.69815,0
            -117.38472,35.69839,0
            -117.3851,35.69856,0
            -117.38517,35.69858,0
            -117.38537,35.69865,0
            -117.38579,35.69877,0
            -117.386,35.69884,0
            -117.38608,35.69886,0
            -117.3862,35.6989,0
            -117.38683,35.69908,0
            -117.38692,35.6991,0
            -117.38788,35.69937,0
            -117.38789,35.69937,0
            -117.39039,35.70005,0
            -117.39143,35.70037,0
            -117.39166,35.70046,0
            -117.39213,35.70068,0
            -117.39258,35.70092,0
            -117.39301,35.70119,0
            -117.39321,35.70134,0
            -117.39351,35.70158,0
            -117.39385,35.70191,0
            -117.3939,35.70195,0
            -117.39396,35.70202,0
            -117.39399,35.70205,0
            -117.3943,35.70243,0
            -117.39438,35.70252,0
            -117.39496,35.70336,0
            -117.39546,35.70412,0
            -117.39554,35.70426,0
            -117.39569,35.70462,0
            -117.39572,35.70473,0
            -117.39581,35.70514,0
            -117.39582,35.70529,0
            -117.39582,35.70551,0
            -117.39581,35.70569,0
            -117.39576,35.70598,0
            -117.39572,35.70631,0
            -117.39571,35.7066,0
            -117.39573,35.70686,0
            -117.39575,35.70695,0
            -117.39577,35.70707,0
            -117.39581,35.70721,0
            -117.39584,35.70729,0
            -117.39599,35.7076,0
            -117.39616,35.70788,0
            -117.39695,35.70906,0
            -117.39718,35.70944,0
            -117.39738,35.70981,0
            -117.39742,35.70991,0
            -117.39743,35.70991,0
            -117.3975,35.71007,0
            -117.3975,35.71008,0
            -117.3976,35.71029,0
            -117.39772,35.71059,0
            -117.39798,35.7113,0
            -117.39814,35.7118,0
            -117.39859,35.71341,0
            -117.39902,35.71479,0
            -117.39932,35.71567,0
            -117.39952,35.71618,0
            -117.39952,35.71619,0
            -117.39999,35.71738,0
            -117.40003,35.71751,0
            -117.40008,35.71763,0
            -117.40037,35.71841,0
            -117.40038,35.71842,0
            -117.40063,35.71909,0
            -117.40063,35.71911,0
            -117.40067,35.7192,0
            -117.40069,35.71926,0
            -117.4007,35.71928,0
            -117.40114,35.72049,0
            -117.40121,35.72077,0
            -117.40127,35.72124,0
            -117.40129,35.72191,0
            -117.40128,35.72375,0
            -117.4013,35.72436,0
            -117.40132,35.72465,0
            -117.40134,35.72483,0
            -117.40134,35.72489,0
            -117.40151,35.72699,0
            -117.40154,35.72725,0
            -117.40154,35.72734,0
            -117.40162,35.72825,0
            -117.40171,35.72955,0
            -117.4018,35.73118,0
            -117.4018,35.73167,0
            -117.40179,35.73179,0
            -117.40179,35.73187,0
            -117.40177,35.73204,0
            -117.40169,35.7325,0
            -117.40163,35.73276,0
            -117.40138,35.73363,0
            -117.40134,35.73379,0
            -117.40085,35.73535,0
            -117.4007,35.73578,0
            -117.40059,35.73604,0
            -117.40054,35.73614,0
            -117.40047,35.73631,0
            -117.39998,35.73729,0
            -117.39993,35.73741,0
            -117.39946,35.73842,0
            -117.39837,35.74061,0
            -117.39813,35.74106,0
            -117.39758,35.74215,0
            -117.39754,35.74224,0
            -117.39744,35.74242,0
            -117.39733,35.74265,0
            -117.39706,35.74314,0
            -117.39697,35.74335,0
            -117.3968,35.74368,0
            -117.39671,35.74384,0
            -117.39591,35.7454,0
            -117.39583,35.74557,0
            -117.39574,35.74573,0
            -117.39566,35.7459,0
            -117.39554,35.74611,0
            -117.3955,35.7462,0
            -117.39538,35.74639,0
            -117.39535,35.74643,0
            -117.3953,35.74651,0
            -117.39528,35.74655,0
            -117.39501,35.74686,0
            -117.39495,35.74692,0
            -117.3949,35.74698,0
            -117.39446,35.74742,0
            -117.39441,35.74746,0
            -117.39396,35.74786,0
            -117.39365,35.74812,0
            -117.39332,35.74835,0
            -117.393,35.74856,0
            -117.39293,35.74859,0
            -117.39269,35.74872,0
            -117.3924,35.74883,0
            -117.39225,35.74886,0
            -117.39211,35.74888,0
            -117.39184,35.7489,0
            -117.39181,35.74889,0
            -117.39154,35.74888,0
            -117.39104,35.74888,0
            -117.39064,35.74887,0
            -117.39027,35.7489,0
            -117.39006,35.74895,0
            -117.3898,35.74904,0
            -117.38962,35.74915,0
            -117.38952,35.74922,0
            -117.38943,35.74929,0
            -117.3894,35.74931,0
            -117.38733,35.75114,0
            -117.38728,35.75119,0
            -117.38724,35.75122,0
            -117.3872,35.75126,0
            -117.38682,35.75158,0
            -117.38676,35.75164,0
            -117.38592,35.75237,0
            -117.38577,35.75251,0
            -117.38501,35.75316,0
            -117.38498,35.75319,0
            -117.38443,35.75368,0
            -117.38406,35.75399,0
            -117.384,35.75405,0
            -117.3837,35.75432,0
            -117.38367,35.75434,0
            -117.38358,35.75442,0
            -117.38342,35.75455,0
            -117.38332,35.75461,0
            -117.38304,35.7548,0
            -117.38239,35.75518,0
            -117.37809,35.75755,0
            -117.37792,35.75763,0
            -117.37781,35.75769,0
            -117.37763,35.75775,0
            -117.37739,35.75782,0
            -117.37623,35.75805,0
            -117.37509,35.75824,0
            -117.37486,35.7583,0
            -117.37474,35.75834,0
            -117.37467,35.75835,0
            -117.37451,35.75841,0
            -117.37447,35.75842,0
            -117.37431,35.7585,0
            -117.37401,35.75867,0
            -117.37397,35.75868,0
            -117.37375,35.75884,0
            -117.37359,35.75898,0
            -117.37331,35.75929,0
            -117.37318,35.75948,0
            -117.3731,35.75963,0
            -117.37301,35.75983,0
            -117.37288,35.76018,0
            -117.37287,35.76022,0
            -117.3727,35.76063,0
            -117.37196,35.76264,0
            -117.37184,35.76299,0
            -117.37127,35.76451,0
            -117.37115,35.76486,0
            -117.37108,35.76503,0
            -117.37052,35.76657,0
            -117.37034,35.76703,0
            -117.36982,35.76845,0
            -117.36972,35.76885,0
            -117.36943,35.76968,0
            -117.36893,35.77104,0
            -117.36888,35.77116,0
            -117.3688,35.7714,0
            -117.36794,35.77369,0
            -117.36776,35.77409,0
            -117.36572,35.77968,0
            -117.36571,35.77972,0
            -117.36526,35.78094,0
            -117.36523,35.78101,0
            -117.3647,35.78247,0
            -117.36461,35.7827,0
            -117.36447,35.783,0
            -117.36426,35.78338,0
            -117.36393,35.78385,0
            -117.36333,35.78454,0
            -117.36272,35.78521,0
            -117.36214,35.78587,0
            -117.36056,35.78786,0
            -117.35938,35.78954,0
            -117.35928,35.7897,0
            -117.35863,35.79064,0
            -117.35713,35.79265,0
            -117.35623,35.79389,0
            -117.35618,35.79397,0
            -117.35547,35.79495,0
            -117.35534,35.79514,0
            -117.35523,35.79527,0
            -117.35495,35.79563,0
            -117.35198,35.79975,0
            -117.35147,35.80048,0
            -117.35135,35.80063,0
            -117.35005,35.80251,0
            -117.34804,35.8053,0
            -117.34755,35.80596,0
            -117.34751,35.80603,0
            -117.34575,35.80848,0
            -117.34533,35.80904,0
            -117.34478,35.80983,0
            -117.34467,35.81,0
            -117.34443,35.8104,0
            -117.34422,35.81081,0
            -117.34385,35.81165,0
            -117.34355,35.8126,0
            -117.34313,35.81405,0
            -117.34298,35.81452,0
            -117.34251,35.81618,0
            -117.34228,35.8169,0
            -117.34194,35.81803,0
            -117.34191,35.81815,0
            -117.34167,35.81893,0
            -117.34155,35.81937,0
            -117.33991,35.82492,0
            -117.33947,35.82632,0
            -117.33834,35.83013,0
            -117.33828,35.83031,0
            -117.33753,35.83285,0
            -117.33749,35.83303,0
            -117.33748,35.83305,0
            -117.33735,35.83375,0
            -117.33727,35.83432,0
            -117.33719,35.83511,0
            -117.33718,35.83517,0
            -117.33713,35.83587,0
            -117.33694,35.83789,0
            -117.33688,35.8387,0
            -117.33687,35.83876,0
            -117.3368,35.83966,0
            -117.33679,35.83971,0
            -117.33676,35.84001,0
            -117.33675,35.84019,0
            -117.33645,35.84342,0
            -117.33636,35.84456,0
            -117.3363,35.84504,0
            -117.33598,35.84872,0
            -117.33594,35.84908,0
            -117.33575,35.85124,0
            -117.33574,35.85142,0
            -117.33572,35.85159,0
            -117.33547,35.85447,0
            -117.33543,35.85482,0
            -117.33542,35.855,0
            -117.33524,35.85698,0
            -117.33523,35.85716,0
            -117.33506,35.85907,0
            -117.33505,35.85913,0
            -117.33495,35.86031,0
            -117.33492,35.86056,0
            -117.33492,35.86059,0
            -117.3346,35.86421,0
            -117.33459,35.86439,0
            -117.33439,35.86654,0
            -117.33438,35.86672,0
            -117.33416,35.86923,0
            -117.33412,35.86959,0
            -117.33387,35.8724,0
            -117.33387,35.87248,0
            -117.33329,35.87892,0
            -117.33328,35.8791,0
            -117.33299,35.88233,0
            -117.33298,35.88251,0
            -117.33276,35.88491,0
            -117.33255,35.88759,0
            -117.33248,35.88867,0
            -117.33246,35.88885,0
            -117.33228,35.89154,0
            -117.33226,35.89172,0
            -117.33224,35.89204,0
            -117.33196,35.89513,0
            -117.33195,35.89531,0
            -117.33177,35.89728,0
            -117.33176,35.89746,0
            -117.33161,35.89908,0
            -117.3316,35.89925,0
            -117.33153,35.89997,0
            -117.33152,35.90015,0
            -117.33151,35.90022,0
            -117.33131,35.90248,0
            -117.33131,35.90253,0
            -117.33122,35.90344,0
            -117.33119,35.90386,0
            -117.3311,35.90482,0
            -117.33109,35.905,0
            -117.33102,35.90571,0
            -117.33101,35.90589,0
            -117.33093,35.9067,0
            -117.33093,35.90679,0
            -117.33066,35.90984,0
            -117.33066,35.90988,0
            -117.33064,35.91002,0
            -117.33054,35.9111,0
            -117.33053,35.91127,0
            -117.33028,35.91397,0
            -117.33011,35.91606,0
            -117.32974,35.91998,0
            -117.32972,35.92039,0
            -117.32973,35.92097,0
            -117.32978,35.92146,0
            -117.32984,35.92189,0
            -117.32998,35.92244,0
            -117.33003,35.92259,0
            -117.33006,35.92271,0
            -117.33008,35.92277,0
            -117.33012,35.92294,0
            -117.33215,35.93032,0
            -117.33236,35.93102,0
            -117.33273,35.93242,0
            -117.33275,35.93248,0
            -117.33311,35.93383,0
            -117.33313,35.93389,0
            -117.33368,35.93584,0
            -117.33399,35.93701,0
            -117.33404,35.93716,0
            -117.33418,35.93769,0
            -117.33432,35.93816,0
            -117.33433,35.93821,0
            -117.33435,35.93827,0
            -117.33503,35.94078,0
            -117.33504,35.9408,0
            -117.33521,35.94147,0
            -117.33589,35.94396,0
            -117.3359,35.94397,0
            -117.33593,35.9441,0
            -117.33628,35.94537,0
            -117.33628,35.9454,0
            -117.33629,35.94547,0
            -117.3363,35.94559,0
            -117.33631,35.94591,0
            -117.33626,35.9462,0
            -117.33618,35.94653,0
            -117.33599,35.94699,0
            -117.33584,35.94729,0
            -117.33577,35.94746,0
            -117.33569,35.94762,0
            -117.33456,35.95005,0
            -117.33438,35.95046,0
            -117.33428,35.95066,0
            -117.33421,35.95083,0
            -117.3341,35.95105,0
            -117.33398,35.95134,0
            -117.33387,35.95156,0
            -117.33282,35.95387,0
            -117.33265,35.95436,0
            -117.33265,35.95439,0
            -117.33263,35.95455,0
            -117.33262,35.95475,0
            -117.33261,35.95484,0
            -117.33261,35.95502,0
            -117.33264,35.95523,0
            -117.33269,35.95544,0
            -117.3328,35.95581,0
            -117.33286,35.95598,0
            -117.33315,35.95692,0
            -117.33332,35.95725,0
            -117.33339,35.95735,0
            -117.33345,35.95746,0
            -117.33361,35.95766,0
            -117.33425,35.9584,0
            -117.33468,35.95887,0
            -117.33481,35.95904,0
            -117.33492,35.95922,0
            -117.33495,35.95931,0
            -117.33499,35.95941,0
            -117.33504,35.95963,0
            -117.33505,35.95966,0
            -117.33508,35.95984,0
            -117.33508,35.95988,0
            -117.33513,35.96023,0
            -117.33515,35.96049,0
            -117.33518,35.96059,0
            -117.33519,35.96065,0
            -117.33532,35.96093,0
            -117.33538,35.96104,0
            -117.33544,35.96112,0
            -117.33554,35.9612,0
            -117.33564,35.96127,0
            -117.33579,35.96135,0
            -117.33593,35.96141,0
            -117.33594,35.96141,0
            -117.33621,35.96152,0
            -117.33634,35.96158,0
            -117.33652,35.96165,0
            -117.33682,35.9618,0
            -117.33691,35.96185,0
            -117.33695,35.96188,0
            -117.33705,35.96193,0
            -117.33721,35.962,0
            -117.33758,35.96214,0
            -117.33769,35.96219,0
            -117.33778,35.96222,0
            -117.33789,35.96227,0
            -117.33795,35.96229,0
            -117.33814,35.96237,0
            -117.33847,35.96253,0
            -117.33863,35.96263,0
            -117.33877,35.96271,0
            -117.33896,35.96286,0
            -117.33905,35.96295,0
            -117.3393,35.96313,0
            -117.3395,35.9633,0
            -117.3398,35.96359,0
            -117.33989,35.96369,0
            -117.34002,35.96382,0
            -117.34007,35.96389,0
            -117.34012,35.96397,0
            -117.34022,35.96409,0
            -117.34029,35.96416,0
            -117.34044,35.96433,0
            -117.34054,35.96447,0
            -117.34057,35.96452,0
            -117.34059,35.96456,0
            -117.34069,35.96485,0
            -117.34072,35.96491,0
            -117.34074,35.96499,0
            -117.34075,35.96507,0
            -117.34077,35.96517,0
            -117.34076,35.96528,0
            -117.34076,35.9654,0
            -117.34075,35.96546,0
            -117.3407,35.96636,0
            -117.3407,35.96654,0
            -117.34069,35.96667,0
            -117.34072,35.96696,0
            -117.34077,35.96711,0
            -117.34091,35.96732,0
            -117.34103,35.96757,0
            -117.34107,35.96768,0
            -117.34108,35.96774,0
            -117.34109,35.96777,0
            -117.3411,35.96787,0
            -117.34107,35.96801,0
            -117.34104,35.96806,0
            -117.34095,35.96819,0
            -117.34089,35.96826,0
            -117.34085,35.96829,0
            -117.34074,35.96836,0
            -117.34073,35.96837,0
            -117.34054,35.96844,0
            -117.34033,35.96848,0
            -117.34028,35.96848,0
            -117.34004,35.96851,0
            -117.33993,35.96854,0
            -117.33982,35.96859,0
            -117.33974,35.96864,0
            -117.33966,35.96871,0
            -117.33959,35.9688,0
            -117.33955,35.96887,0
            -117.33953,35.96895,0
            -117.33952,35.96902,0
            -117.33952,35.96911,0
            -117.33953,35.96915,0
            -117.33954,35.96917,0
            -117.33955,35.9692,0
            -117.33959,35.96928,0
            -117.33973,35.96948,0
            -117.3399,35.96984,0
            -117.34004,35.97006,0
            -117.34015,35.9702,0
            -117.34022,35.97027,0
            -117.34023,35.97027,0
            -117.34025,35.97029,0
            -117.34029,35.97031,0
            -117.34036,35.97036,0
            -117.3404,35.97038,0
            -117.34046,35.97042,0
            -117.34051,35.97046,0
            -117.34054,35.9705,0
            -117.34056,35.97056,0
            -117.34057,35.97061,0
            -117.34059,35.97066,0
            -117.34061,35.97074,0
            -117.34062,35.97081,0
            -117.34062,35.97087,0
            -117.34061,35.97091,0
            -117.34055,35.97103,0
            -117.3405,35.97109,0
            -117.34045,35.97114,0
            -117.34031,35.97122,0
            -117.3402,35.97125,0
            -117.34005,35.9713,0
            -117.34,35.97132,0
            -117.33957,35.97142,0
            -117.33941,35.97149,0
            -117.33929,35.97157,0
            -117.33921,35.97167,0
            -117.33918,35.97173,0
            -117.33917,35.97184,0
            -117.33918,35.97192,0
            -117.3392,35.97199,0
            -117.33921,35.972,0
            -117.33923,35.97204,0
            -117.33928,35.97209,0
            -117.33934,35.97216,0
            -117.33944,35.97221,0
            -117.33951,35.97225,0
            -117.33961,35.97227,0
            -117.33973,35.97228,0
            -117.34005,35.97228,0
            -117.34016,35.97229,0
            -117.34019,35.97229,0
            -117.34034,35.97232,0
            -117.34052,35.9724,0
            -117.34061,35.97246,0
            -117.34083,35.97266,0
            -117.34093,35.97274,0
            -117.34176,35.9735,0
            -117.34234,35.97409,0
            -117.34248,35.97425,0
            -117.34253,35.9743,0
            -117.34261,35.97439,0
            -117.34263,35.9744,0
            -117.3431,35.97489,0
            -117.34323,35.97504,0
            -117.3434,35.97528,0
            -117.34392,35.97587,0
            -117.34411,35.97601,0
            -117.34479,35.97643,0
            -117.34506,35.97663,0
            -117.34514,35.97671,0
            -117.34524,35.97682,0
            -117.34539,35.97702,0
            -117.34546,35.97715,0
            -117.34555,35.97736,0
            -117.34557,35.97739,0
            -117.34561,35.97752,0
            -117.34561,35.97753,0
            -117.34565,35.97771,0
            -117.34566,35.97771,0
            -117.34578,35.9786,0
            -117.34589,35.97931,0
            -117.34591,35.97949,0
            -117.34597,35.97985,0
            -117.34604,35.98041,0
            -117.34606,35.98071,0
            -117.34605,35.98097,0
            -117.34603,35.9812,0
            -117.346,35.98142,0
            -117.3459,35.98181,0
            -117.34586,35.98199,0
            -117.34585,35.98201,0
            -117.34482,35.98542,0
            -117.34469,35.9858,0
            -117.34455,35.98615,0
            -117.34437,35.98655,0
            -117.34409,35.98707,0
            -117.34375,35.98758,0
            -117.34374,35.9876,0
            -117.34208,35.98994,0
            -117.34179,35.99033,0
            -117.34019,35.99259,0
            -117.34016,35.99262,0
            -117.34007,35.99274,0
            -117.33997,35.9929,0
            -117.33964,35.99337,0
            -117.33919,35.99398,0
            -117.33919,35.99399,0
            -117.33816,35.99544,0
            -117.33809,35.99555,0
            -117.33786,35.99586,0
            -117.33735,35.99659,0
            -117.33731,35.99664,0
            -117.33426,36.00093,0
            -117.33422,36.00098,0
            -117.33387,36.00149,0
            -117.33344,36.00225,0
            -117.33329,36.00259,0
            -117.33295,36.00347,0
            -117.33281,36.0038,0
            -117.33178,36.00639,0
            -117.33171,36.00655,0
            -117.3311,36.00809,0
            -117.33057,36.00935,0
            -117.33044,36.00962,0
            -117.33044,36.00963,0
            -117.32991,36.01061,0
            -117.32952,36.01124,0
            -117.32951,36.01125,0
            -117.32934,36.01152,0
            -117.32749,36.01417,0
            -117.32721,36.01454,0
            -117.327,36.0148,0
            -117.32664,36.01519,0
            -117.32634,36.01547,0
            -117.32612,36.01566,0
            -117.3252,36.01636,0
            -117.32465,36.01675,0
            -117.32464,36.01676,0
            -117.32398,36.01724,0
            -117.32382,36.01737,0
            -117.32358,36.01755,0
            -117.32323,36.01784,0
            -117.32267,36.01834,0
            -117.32231,36.01869,0
            -117.32216,36.01882,0
            -117.32207,36.01891,0
            -117.32155,36.01932,0
            -117.32121,36.01955,0
            -117.32119,36.01956,0
            -117.32097,36.0197,0
            -117.32058,36.0199,0
            -117.31995,36.02018,0
            -117.3193,36.02042,0
            -117.31926,36.02044,0
            -117.31905,36.02051,0
            -117.31799,36.02092,0
            -117.31718,36.02129,0
            -117.31546,36.02214,0
            -117.31537,36.02218,0
            -117.31423,36.02274,0
            -117.31404,36.02284,0
            -117.3129,36.0234,0
            -117.31281,36.02345,0
            -117.31271,36.02349,0
            -117.30879,36.02542,0
            -117.30872,36.02545,0
            -117.3083,36.02567,0
            -117.30746,36.02608,0
            -117.30648,36.0265,0
            -117.30601,36.02668,0
            -117.30553,36.02685,0
            -117.30473,36.02708,0
            -117.3039,36.02726,0
            -117.30278,36.02745,0
            -117.30078,36.02766,0
            -117.30056,36.02769,0
            -117.29241,36.02858,0
            -117.29237,36.02858,0
            -117.29064,36.02877,0
            -117.28984,36.02888,0
            -117.2891,36.02894,0
            -117.28844,36.02902,0
            -117.2884,36.02902,0
            -117.28823,36.02906,0
            -117.28782,36.02914,0
            -117.28739,36.02924,0
            -117.28656,36.02948,0
            -117.28633,36.02957,0
            -117.28613,36.02966,0
            -117.28574,36.02982,0
            -117.2856,36.02987,0
            -117.28526,36.03004,0
            -117.28477,36.03031,0
            -117.28452,36.03047,0
            -117.28392,36.03089,0
            -117.28344,36.03128,0
            -117.28318,36.03152,0
            -117.28294,36.03176,0
            -117.28279,36.03192,0
            -117.28232,36.03248,0
            -117.28209,36.03284,0
            -117.2819,36.03312,0
            -117.28164,36.03364,0
            -117.28149,36.03402,0
            -117.28127,36.03474,0
            -117.28119,36.03506,0
            -117.2809,36.03661,0
            -117.2809,36.03664,0
            -117.28068,36.03788,0
            -117.28064,36.03806,0
            -117.28058,36.03842,0
            -117.28058,36.03844,0
            -117.28035,36.03966,0
            -117.28031,36.03992,0
            -117.2801,36.04098,0
            -117.27951,36.04429,0
            -117.27942,36.04487,0
            -117.27938,36.04521,0
            -117.27937,36.04536,0
            -117.27936,36.04572,0
            -117.27938,36.04626,0
            -117.27939,36.04632,0
            -117.27939,36.04644,0
            -117.27944,36.04697,0
            -117.2795,36.04734,0
            -117.2795,36.04735,0
            -117.28022,36.05137,0
            -117.28026,36.05154,0
            -117.28038,36.05226,0
            -117.28042,36.05243,0
            -117.28042,36.05244,0
            -117.28067,36.05395,0
            -117.28133,36.0576,0
            -117.28137,36.05777,0
            -117.28166,36.05941,0
            -117.28178,36.06018,0
            -117.28309,36.06753,0
            -117.2831,36.06757,0
            -117.28433,36.07469,0
            -117.28461,36.0762,0
            -117.28465,36.07647,0
            -117.28551,36.08128,0
            -117.28556,36.0815,0
            -117.28767,36.09352,0
            -117.28767,36.09357,0
            -117.2887,36.09934,0
            -117.28875,36.09956,0
            -117.28886,36.10025,0
            -117.28886,36.10026,0
            -117.28911,36.10158,0
            -117.28912,36.10167,0
            -117.28946,36.10347,0
            -117.29147,36.11493,0
            -117.29151,36.11511,0
            -117.2921,36.1185,0
            -117.29214,36.11867,0
            -117.29402,36.12936,0
            -117.29406,36.12954,0
            -117.2955,36.13773,0
            -117.29554,36.1379,0
            -117.2961,36.14111,0
            -117.29614,36.14129,0
            -117.29648,36.14325,0
            -117.29652,36.14342,0
            -117.30045,36.16568,0
            -117.30053,36.16628,0
            -117.30053,36.16634,0
            -117.30055,36.16664,0
            -117.30055,36.1673,0
            -117.30054,36.16752,0
            -117.30049,36.16796,0
            -117.30038,36.1686,0
            -117.30028,36.169,0
            -117.30113,36.16913,0
            -117.30161,36.16924,0
            -117.30207,36.16939,0
            -117.30251,36.16958,0
            -117.30293,36.1698,0
            -117.30336,36.17009,0
            -117.30384,36.17055,0
            -117.30435,36.1712,0
            -117.30439,36.17126,0
            -117.30741,36.1753,0
            -117.30753,36.17545,0
            -117.30971,36.17838,0
            -117.30983,36.17853,0
            -117.30986,36.17858,0
            -117.31053,36.17945,0
            -117.31135,36.1806,0
            -117.31174,36.18103,0
            -117.31184,36.18112,0
            -117.31217,36.18136,0
            -117.3134,36.18214,0
            -117.31448,36.18277,0
            -117.31467,36.18287,0
            -117.31487,36.18299,0
            -117.31577,36.18348,0
            -117.31588,36.18353,0
            -117.31596,36.18358,0
            -117.31743,36.18439,0
            -117.31761,36.1845,0
            -117.31834,36.1849,0
            -117.31842,36.18495,0
            -117.32109,36.18644,0
            -117.32127,36.18655,0
            -117.32159,36.18672,0
            -117.32255,36.18727,0
            -117.32421,36.18817,0
            -117.32481,36.18853,0
            -117.32527,36.18883,0
            -117.32545,36.18894,0
            -117.32578,36.18918,0
            -117.32578,36.18919,0
            -117.32629,36.18961,0
            -117.32654,36.18984,0
            -117.32668,36.18996,0
            -117.32689,36.19018,0
            -117.32751,36.1909,0
            -117.32816,36.19179,0
            -117.32862,36.19239,0
            -117.32863,36.1924,0
            -117.32933,36.1933,0
            -117.32944,36.19346,0
            -117.32957,36.19362,0
            -117.33002,36.19423,0
            -117.3301,36.19433,0
            -117.33013,36.19438,0
            -117.33048,36.19485,0
            -117.33109,36.1958,0
            -117.33111,36.19584,0
            -117.33217,36.19758,0
            -117.3322,36.19762,0
            -117.33297,36.19887,0
            -117.33298,36.19889,0
            -117.33437,36.20112,0
            -117.33448,36.20131,0
            -117.33525,36.20253,0
            -117.33572,36.20334,0
            -117.33604,36.20399,0
            -117.33621,36.20439,0
            -117.3376,36.20741,0
            -117.33761,36.20742,0
            -117.3381,36.20851,0
            -117.33831,36.20894,0
            -117.33838,36.20911,0
            -117.33859,36.20954,0
            -117.33892,36.21043,0
            -117.33931,36.2122,0
            -117.33936,36.21238,0
            -117.33972,36.21393,0
            -117.33984,36.2145,0
            -117.33988,36.21466,0
            -117.33988,36.21468,0
            -117.3404,36.21683,0
            -117.34087,36.21892,0
            -117.34088,36.21895,0
            -117.34133,36.22098,0
            -117.34151,36.22157,0
            -117.34157,36.22174,0
            -117.34158,36.22179,0
            -117.34163,36.22191,0
            -117.34169,36.22208,0
            -117.34213,36.22298,0
            -117.34245,36.22358,0
            -117.34296,36.22458,0
            -117.34304,36.22475,0
            -117.3439,36.22641,0
            -117.34399,36.22657,0
            -117.34404,36.22667,0
            -117.34407,36.22674,0
            -117.34443,36.2274,0
            -117.34451,36.22757,0
            -117.34482,36.22813,0
            -117.34486,36.22823,0
            -117.34554,36.22956,0
            -117.34563,36.22972,0
            -117.34566,36.22979,0
            -117.3464,36.23122,0
            -117.34648,36.23139,0
            -117.34784,36.23405,0
            -117.3483,36.23538,0
            -117.34831,36.23543,0
            -117.34856,36.23614,0
            -117.34872,36.23665,0
            -117.34938,36.23862,0
            -117.34947,36.23891,0
            -117.34994,36.2403,0
            -117.34994,36.24032,0
            -117.35023,36.24117,0
            -117.35028,36.24134,0
            -117.35104,36.2436,0
            -117.35109,36.24377,0
            -117.35196,36.24638,0
            -117.35226,36.24724,0
            -117.35231,36.24742,0
            -117.35267,36.24846,0
            -117.35492,36.25525,0
            -117.35529,36.25632,0
            -117.35534,36.25649,0
            -117.35554,36.25706,0
            -117.35767,36.26349,0
            -117.35786,36.26402,0
            -117.35811,36.2646,0
            -117.35836,36.26506,0
            -117.35871,36.26561,0
            -117.35874,36.26564,0
            -117.35883,36.26576,0
            -117.35883,36.26578,0
            -117.35898,36.26598,0
            -117.35906,36.26607,0
            -117.35908,36.2661,0
            -117.35919,36.26622,0
            -117.35937,36.26644,0
            -117.37172,36.28018,0
            -117.37177,36.28023,0
            -117.37696,36.286,0
            -117.3771,36.28614,0
            -117.38544,36.29504,0
            -117.38557,36.29519,0
            -117.3892,36.29906,0
            -117.38934,36.2992,0
            -117.38947,36.29935,0
            -117.39108,36.30107,0
            -117.39112,36.3011,0
            -117.39325,36.30339,0
            -117.39391,36.30408,0
            -117.39404,36.30423,0
            -117.39432,36.30451,0
            -117.39704,36.30742,0
            -117.42346,36.33924,0
            -117.42361,36.33941,0
            -117.42361,36.33943,0
            -117.42362,36.33944,0
            -117.42364,36.33951,0
            -117.42254,36.33959,0
            -117.42248,36.33959,0
            -117.40763,36.34063,0
            -117.40735,36.34064,0
            -117.40717,36.34066,0
            -117.40082,36.34109,0
            -117.40079,36.34109,0
            -117.39145,36.34174,0
            -117.39122,36.34175,0
            -117.38153,36.34243,0
            -117.38097,36.34246,0
            -117.37963,36.34256,0
            -117.37954,36.34256,0
            -117.37697,36.34274,0
            -117.37671,36.34275,0
            -117.37583,36.34282,0
            -117.37406,36.34293,0
            -117.37289,36.34303,0
            -117.37153,36.34312,0
            -117.37122,36.34313,0
            -117.37113,36.34314,0
            -117.36814,36.34334,0
            -117.36794,36.34336,0
            -117.36394,36.34364,0
            -117.36303,36.34369,0
            -117.36282,36.34371,0
            -117.35971,36.34392,0
            -117.35904,36.34398,0
            -117.35882,36.34402,0
            -117.3586,36.34405,0
            -117.35832,36.34412,0
            -117.3571,36.34439,0
            -117.35666,36.34447,0
            -117.35549,36.34473,0
            -117.35517,36.34481,0
            -117.35498,36.34485,0
            -117.35453,36.34496,0
            -117.35408,36.34504,0
            -117.35384,36.34507,0
            -117.35348,36.34509,0
            -117.35332,36.34509,0
            -117.35317,36.34508,0
            -117.35301,36.34508,0
            -117.35286,36.34507,0
            -117.35251,36.34503,0
            -117.35242,36.34501,0
            -117.35234,36.345,0
            -117.35225,36.34498,0
            -117.35217,36.34497,0
            -117.35209,36.34495,0
            -117.3512,36.34479,0
            -117.35111,36.34477,0
            -117.35103,36.34476,0
            -117.35095,36.34474,0
            -117.35087,36.34473,0
            -117.35061,36.34468,0
            -117.35056,36.34468,0
            -117.35053,36.34467,0
            -117.3502,36.34464,0
            -117.35014,36.34463,0
            -117.35008,36.34463,0
            -117.34997,36.34462,0
            -117.34986,36.34462,0
            -117.34975,36.34461,0
            -117.34952,36.34461,0
            -117.3494,36.34462,0
            -117.34929,36.34462,0
            -117.34923,36.34463,0
            -117.34917,36.34463,0
            -117.34905,36.34464,0
            -117.34894,36.34466,0
            -117.34883,36.34467,0
            -117.34859,36.34471,0
            -117.34853,36.34473,0
            -117.34847,36.34474,0
            -117.34671,36.34521,0
            -117.34496,36.34565,0
            -117.3448,36.34568,0
            -117.34403,36.34585,0
            -117.34351,36.34595,0
            -117.34254,36.34617,0
            -117.34249,36.34619,0
            -117.34243,36.3462,0
            -117.34227,36.34626,0
            -117.34221,36.34627,0
            -117.34196,36.34636,0
            -117.3405,36.34681,0
            -117.34029,36.34689,0
            -117.34007,36.34696,0
            -117.33992,36.347,0
            -117.33921,36.34727,0
            -117.33912,36.34731,0
            -117.33903,36.34736,0
            -117.33895,36.34739,0
            -117.33768,36.34806,0
            -117.33722,36.34829,0
            -117.33719,36.3483,0
            -117.33718,36.34831,0
            -117.33716,36.34831,0
            -117.33711,36.34834,0
            -117.33671,36.34849,0
            -117.33617,36.34863,0
            -117.33596,36.34867,0
            -117.33534,36.34873,0
            -117.33499,36.34873,0
            -117.33492,36.34872,0
            -117.33479,36.34871,0
            -117.33474,36.34871,0
            -117.33452,36.34868,0
            -117.33428,36.34866,0
            -117.33263,36.34846,0
            -117.32891,36.34806,0
            -117.32872,36.34805,0
            -117.32864,36.34804,0
            -117.32862,36.34804,0
            -117.32857,36.34803,0
            -117.32789,36.348,0
            -117.32705,36.348,0
            -117.32685,36.34799,0
            -117.32675,36.34799,0
            -117.32661,36.34798,0
            -117.32643,36.34798,0
            -117.32624,36.34797,0
            -117.32594,36.34794,0
            -117.32533,36.34785,0
            -117.32507,36.3478,0
            -117.3247,36.34771,0
            -117.32444,36.34766,0
            -117.32354,36.34744,0
            -117.3225,36.34721,0
            -117.32229,36.34718,0
            -117.32227,36.34717,0
            -117.32224,36.34717,0
            -117.3182,36.34633,0
            -117.31799,36.34628,0
            -117.31745,36.34618,0
            -117.31732,36.34615,0
            -117.31723,36.34612,0
            -117.3171,36.34609,0
            -117.31688,36.34601,0
            -117.31666,36.34591,0
            -117.3165,36.34583,0
            -117.31622,36.34566,0
            -117.31609,36.34555,0
            -117.31603,36.34551,0
            -117.31593,36.34541,0
            -117.31589,36.34536,0
            -117.31576,36.34523,0
            -117.31574,36.3452,0
            -117.3157,36.34516,0
            -117.31564,36.34508,0
            -117.31554,36.34492,0
            -117.31528,36.34456,0
            -117.31518,36.34441,0
            -117.315,36.34416,0
            -117.31497,36.34413,0
            -117.31492,36.34405,0
            -117.31489,36.34402,0
            -117.31487,36.34398,0
            -117.31473,36.34378,0
            -117.31452,36.3435,0
            -117.31441,36.34337,0
            -117.31433,36.3433,0
            -117.31426,36.34322,0
            -117.31419,36.34316,0
            -117.31391,36.34295,0
            -117.3137,36.34283,0
            -117.31341,36.3427,0
            -117.31302,36.34256,0
            -117.31263,36.34248,0
            -117.31249,36.34246,0
            -117.31217,36.34244,0
            -117.31198,36.34244,0
            -117.31181,36.34245,0
            -117.31127,36.34253,0
            -117.31118,36.34255,0
            -117.31086,36.34265,0
            -117.31074,36.3427,0
            -117.3105,36.34282,0
            -117.31028,36.34294,0
            -117.30996,36.34317,0
            -117.30973,36.3434,0
            -117.30961,36.34354,0
            -117.30954,36.34363,0
            -117.30952,36.34367,0
            -117.3095,36.34369,0
            -117.30934,36.34401,0
            -117.30924,36.34433,0
            -117.30918,36.34459,0
            -117.3091,36.34484,0
            -117.30908,36.34488,0
            -117.309,36.3452,0
            -117.30889,36.34557,0
            -117.30882,36.34574,0
            -117.30877,36.34583,0
            -117.30865,36.34602,0
            -117.30851,36.3462,0
            -117.30844,36.34628,0
            -117.30838,36.34633,0
            -117.30824,36.34647,0
            -117.3081,36.34658,0
            -117.3078,36.34678,0
            -117.30768,36.34685,0
            -117.30749,36.34694,0
            -117.30704,36.34709,0
            -117.30685,36.34714,0
            -117.30677,36.34715,0
            -117.30664,36.34718,0
            -117.30651,36.34719,0
            -117.30638,36.34719,0
            -117.30624,36.3472,0
            -117.30596,36.3472,0
            -117.30588,36.34719,0
            -117.30581,36.34719,0
            -117.3055,36.34715,0
            -117.30349,36.34669,0
            -117.30338,36.34668,0
            -117.30333,36.34667,0
            -117.3031,36.34664,0
            -117.3027,36.34664,0
            -117.30257,36.34665,0
            -117.30242,36.34667,0
            -117.30209,36.34673,0
            -117.30192,36.34677,0
            -117.30142,36.34696,0
            -117.30123,36.34707,0
            -117.30093,36.34726,0
            -117.30086,36.34731,0
            -117.3006,36.34755,0
            -117.30051,36.34765,0
            -117.30026,36.34797,0
            -117.30016,36.34812,0
            -117.29949,36.34902,0
            -117.29924,36.34939,0
            -117.29918,36.34947,0
            -117.29916,36.34949,0
            -117.299,36.34969,0
            -117.29891,36.34978,0
            -117.29887,36.34983,0
            -117.29875,36.34995,0
            -117.2987,36.34999,0
            -117.29866,36.35004,0
            -117.29857,36.35011,0
            -117.29849,36.35019,0
            -117.29817,36.35044,0
            -117.29798,36.35057,0
            -117.29782,36.35067,0
            -117.29769,36.35074,0
            -117.29654,36.35142,0
            -117.29648,36.35146,0
            -117.29608,36.35169,0
            -117.29558,36.352,0
            -117.29545,36.35209,0
            -117.29532,36.35219,0
            -117.29531,36.35219,0
            -117.29526,36.35223,0
            -117.29516,36.35232,0
            -117.29512,36.35237,0
            -117.29506,36.35242,0
            -117.29502,36.35246,0
            -117.29485,36.35266,0
            -117.29479,36.35274,0
            -117.29471,36.35286,0
            -117.29456,36.35314,0
            -117.29453,36.35322,0
            -117.29445,36.35338,0
            -117.29423,36.35395,0
            -117.29359,36.35549,0
            -117.29349,36.3557,0
            -117.29337,36.35592,0
            -117.29319,36.35618,0
            -117.29316,36.35621,0
            -117.2931,36.35629,0
            -117.29283,36.35658,0
            -117.2927,36.3567,0
            -117.29246,36.3569,0
            -117.29235,36.35698,0
            -117.29221,36.35706,0
            -117.29197,36.35721,0
            -117.29175,36.35732,0
            -117.29151,36.35743,0
            -117.29138,36.35748,0
            -117.29052,36.35785,0
            -117.29017,36.35804,0
            -117.28992,36.35821,0
            -117.28987,36.35824,0
            -117.28978,36.35832,0
            -117.28968,36.3584,0
            -117.28951,36.35856,0
            -117.28932,36.35878,0
            -117.28916,36.35901,0
            -117.28904,36.35923,0
            -117.28898,36.35936,0
            -117.28885,36.35978,0
            -117.28879,36.36016,0
            -117.28878,36.36032,0
            -117.28874,36.36052,0
            -117.28869,36.36086,0
            -117.2886,36.36121,0
            -117.28846,36.36158,0
            -117.28835,36.36181,0
            -117.28826,36.36197,0
            -117.28797,36.3624,0
            -117.28785,36.36256,0
            -117.28775,36.36268,0
            -117.28696,36.36354,0
            -117.28672,36.36382,0
            -117.28665,36.36392,0
            -117.2866,36.36398,0
            -117.28655,36.36406,0
            -117.28642,36.36434,0
            -117.28637,36.36447,0
            -117.28634,36.36457,0
            -117.28631,36.3647,0
            -117.28629,36.36483,0
            -117.28628,36.36496,0
            -117.28628,36.36511,0
            -117.28629,36.36529,0
            -117.28631,36.36545,0
            -117.28634,36.36558,0
            -117.28637,36.36568,0
            -117.28641,36.36579,0
            -117.28695,36.3671,0
            -117.287,36.36725,0
            -117.28704,36.36739,0
            -117.28706,36.36751,0
            -117.28706,36.36764,0
            -117.28707,36.36771,0
            -117.28706,36.36783,0
            -117.28706,36.36791,0
            -117.28704,36.36803,0
            -117.287,36.36822,0
            -117.2869,36.36851,0
            -117.28673,36.36881,0
            -117.28654,36.36912,0
            -117.2864,36.36933,0
            -117.28631,36.36949,0
            -117.28614,36.36976,0
            -117.28596,36.37007,0
            -117.28591,36.37017,0
            -117.28582,36.3704,0
            -117.28574,36.37073,0
            -117.2857,36.37103,0
            -117.2857,36.37135,0
            -117.28571,36.37161,0
            -117.28571,36.37192,0
            -117.28573,36.37246,0
            -117.28574,36.37313,0
            -117.28572,36.3736,0
            -117.28567,36.3741,0
            -117.28552,36.37502,0
            -117.28545,36.37534,0
            -117.28532,36.37605,0
            -117.28524,36.3764,0
            -117.28508,36.37727,0
            -117.28494,36.37793,0
            -117.28486,36.37836,0
            -117.28474,36.3789,0
            -117.2846,36.37944,0
            -117.28443,36.37996,0
            -117.28334,36.38268,0
            -117.28321,36.38308,0
            -117.28307,36.38361,0
            -117.28303,36.38383,0
            -117.28301,36.38391,0
            -117.28261,36.38607,0
            -117.28259,36.38625,0
            -117.28239,36.38732,0
            -117.28236,36.38753,0
            -117.28202,36.38944,0
            -117.28195,36.38978,0
            -117.28133,36.3932,0
            -117.28128,36.39354,0
            -117.28121,36.39387,0
            -117.28104,36.39487,0
            -117.28098,36.39515,0
            -117.2808,36.3962,0
            -117.28079,36.39628,0
            -117.28076,36.3964,0
            -117.2805,36.39788,0
            -117.28041,36.39833,0
            -117.28013,36.39993,0
            -117.28011,36.40002,0
            -117.28003,36.4005,0
            -117.28,36.40064,0
            -117.28,36.40068,0
            -117.27996,36.40085,0
            -117.27984,36.40157,0
            -117.2797,36.40227,0
            -117.27955,36.40281,0
            -117.27949,36.40297,0
            -117.2794,36.40326,0
            -117.27912,36.404,0
            -117.27896,36.40451,0
            -117.27878,36.40524,0
            -117.27875,36.40534,0
            -117.27871,36.40544,0
            -117.27866,36.40554,0
            -117.27861,36.40566,0
            -117.27843,36.40594,0
            -117.27836,36.40604,0
            -117.27818,36.40625,0
            -117.27793,36.40651,0
            -117.27746,36.40703,0
            -117.2772,36.40739,0
            -117.27711,36.40753,0
            -117.27707,36.4076,0
            -117.277,36.4077,0
            -117.27684,36.40803,0
            -117.27619,36.40963,0
            -117.27605,36.40992,0
            -117.27584,36.41032,0
            -117.27567,36.41067,0
            -117.27545,36.41108,0
            -117.27531,36.41137,0
            -117.27521,36.41164,0
            -117.27514,36.41181,0
            -117.27472,36.4131,0
            -117.27466,36.41331,0
            -117.27462,36.41341,0
            -117.27459,36.41352,0
            -117.27454,36.41367,0
            -117.27451,36.41374,0
            -117.27449,36.41382,0
            -117.27433,36.4143,0
            -117.27422,36.41459,0
            -117.27415,36.41473,0
            -117.27396,36.415,0
            -117.27389,36.41509,0
            -117.27381,36.41518,0
            -117.27375,36.41527,0
            -117.27332,36.41582,0
            -117.27331,36.41584,0
            -117.27324,36.41591,0
            -117.27319,36.41598,0
            -117.27317,36.416,0
            -117.27303,36.41618,0
            -117.27295,36.41627,0
            -117.27289,36.41635,0
            -117.27284,36.4164,0
            -117.27282,36.41643,0
            -117.27276,36.4165,0
            -117.2727,36.41658,0
            -117.27264,36.41665,0
            -117.27258,36.41673,0
            -117.27247,36.41686,0
            -117.27245,36.41689,0
            -117.27216,36.41724,0
            -117.27207,36.41736,0
            -117.27188,36.41759,0
            -117.2717,36.41783,0
            -117.27147,36.41811,0
            -117.27096,36.41877,0
            -117.2709,36.41884,0
            -117.27072,36.41912,0
            -117.2707,36.41916,0
            -117.27068,36.41918,0
            -117.27068,36.41919,0
            -117.27064,36.41925,0
            -117.27062,36.41929,0
            -117.2706,36.41932,0
            -117.27059,36.41934,0
            -117.27056,36.41937,0
            -117.27053,36.41941,0
            -117.27038,36.41956,0
            -117.27026,36.41965,0
            -117.27021,36.41968,0
            -117.27014,36.41971,0
            -117.27001,36.41978,0
            -117.26988,36.41982,0
            -117.26971,36.41986,0
            -117.26959,36.41988,0
            -117.26941,36.4199,0
            -117.26936,36.4199,0
            -117.2693,36.41991,0
            -117.269,36.41991,0
            -117.26898,36.4199,0
            -117.2689,36.4199,0
            -117.26889,36.41989,0
            -117.26884,36.41989,0
            -117.26883,36.41988,0
            -117.26881,36.41988,0
            -117.26879,36.41987,0
            -117.26876,36.41987,0
            -117.26874,36.41986,0
            -117.26873,36.41986,0
            -117.26871,36.41985,0
            -117.26869,36.41985,0
            -117.26868,36.41984,0
            -117.26866,36.41984,0
            -117.26865,36.41983,0
            -117.26863,36.41983,0
            -117.26862,36.41982,0
            -117.2686,36.41982,0
            -117.26859,36.41981,0
            -117.26857,36.41981,0
            -117.26856,36.4198,0
            -117.26854,36.4198,0
            -117.26852,36.41979,0
            -117.2685,36.41979,0
            -117.26849,36.41978,0
            -117.26847,36.41977,0
            -117.26845,36.41977,0
            -117.26843,36.41976,0
            -117.26841,36.41976,0
            -117.26825,36.41972,0
            -117.2681,36.41967,0
            -117.26805,36.41966,0
            -117.26798,36.41966,0
            -117.26796,36.41965,0
            -117.26779,36.41965,0
            -117.26775,36.41966,0
            -117.26771,36.41966,0
            -117.26768,36.41967,0
            -117.26764,36.41967,0
            -117.26749,36.41971,0
            -117.26746,36.41973,0
            -117.26739,36.41975,0
            -117.26735,36.41977,0
            -117.26732,36.41978,0
            -117.26728,36.4198,0
            -117.26723,36.41982,0
            -117.26718,36.41985,0
            -117.26714,36.41987,0
            -117.26713,36.41988,0
            -117.26688,36.42003,0
            -117.26682,36.42008,0
            -117.2668,36.4201,0
            -117.26676,36.42012,0
            -117.2667,36.42017,0
            -117.26664,36.42023,0
            -117.26659,36.42027,0
            -117.26654,36.42032,0
            -117.26651,36.42036,0
            -117.26649,36.42038,0
            -117.26641,36.42048,0
            -117.26638,36.42053,0
            -117.26635,36.42057,0
            -117.26626,36.42072,0
            -117.26624,36.42077,0
            -117.26621,36.42082,0
            -117.26605,36.42123,0
            -117.26599,36.4214,0
            -117.26595,36.42154,0
            -117.26592,36.42162,0
            -117.26591,36.42169,0
            -117.2659,36.42171,0
            -117.2659,36.42173,0
            -117.26588,36.42187,0
            -117.26589,36.42194,0
            -117.26589,36.42201,0
            -117.26592,36.42225,0
            -117.26593,36.42228,0
            -117.26594,36.42236,0
            -117.26594,36.42249,0
            -117.26593,36.42258,0
            -117.26592,36.4226,0
            -117.26592,36.42262,0
            -117.26589,36.4227,0
            -117.26586,36.42281,0
            -117.26571,36.42307,0
            -117.26559,36.42323,0
            -117.26555,36.42326,0
            -117.26542,36.4234,0
            -117.26506,36.42376,0
            -117.26499,36.42382,0
            -117.26485,36.42396,0
            -117.26478,36.42404,0
            -117.26471,36.4241,0
            -117.264,36.42481,0
            -117.26388,36.42495,0
            -117.26377,36.42506,0
            -117.26375,36.42509,0
            -117.26374,36.42509,0
            -117.26366,36.42519,0
            -117.26356,36.42535,0
            -117.26352,36.4254,0
            -117.26332,36.42572,0
            -117.26323,36.42585,0
            -117.26322,36.42588,0
            -117.26311,36.42604,0
            -117.2631,36.42606,0
            -117.26275,36.42659,0
            -117.2627,36.42668,0
            -117.2626,36.42684,0
            -117.26252,36.42695,0
            -117.26228,36.42732,0
            -117.26213,36.4275,0
            -117.26202,36.4276,0
            -117.26202,36.42761,0
            -117.26193,36.4277,0
            -117.26188,36.42774,0
            -117.26184,36.42779,0
            -117.26173,36.42788,0
            -117.26171,36.4279,0
            -117.26114,36.42839,0
            -117.26096,36.42852,0
            -117.26095,36.42853,0
            -117.26084,36.42861,0
            -117.26061,36.42875,0
            -117.2606,36.42875,0
            -117.26039,36.42885,0
            -117.26024,36.42891,0
            -117.26021,36.42891,0
            -117.26021,36.42892,0
            -117.25966,36.4291,0
            -117.2596,36.42913,0
            -117.25894,36.42939,0
            -117.25862,36.42954,0
            -117.25775,36.42999,0
            -117.25774,36.43,0
            -117.25766,36.43005,0
            -117.25693,36.43045,0
            -117.25676,36.43055,0
            -117.25447,36.43179,0
            -117.25382,36.43216,0
            -117.25323,36.43247,0
            -117.25294,36.43264,0
            -117.25277,36.43275,0
            -117.25245,36.43298,0
            -117.25134,36.43395,0
            -117.25102,36.43429,0
            -117.25075,36.43463,0
            -117.25026,36.43534,0
            -117.25009,36.4356,0
            -117.24977,36.4362,0
            -117.2497,36.43637,0
            -117.24948,36.43707,0
            -117.24939,36.43733,0
            -117.24935,36.43739,0
            -117.2493,36.4375,0
            -117.24916,36.43775,0
            -117.24888,36.43817,0
            -117.24809,36.43926,0
            -117.24762,36.43997,0
            -117.24706,36.44085,0
            -117.2453,36.44378,0
            -117.24529,36.44381,0
            -117.24502,36.44424,0
            -117.24501,36.44427,0
            -117.24498,36.44431,0
            -117.24494,36.44439,0
            -117.24491,36.44443,0
            -117.24434,36.44541,0
            -117.24383,36.4464,0
            -117.24376,36.44655,0
            -117.24341,36.44742,0
            -117.24324,36.44788,0
            -117.24311,36.44817,0
            -117.24283,36.44888,0
            -117.24273,36.44911,0
            -117.24264,36.44937,0
            -117.24218,36.45093,0
            -117.242,36.45137,0
            -117.24184,36.4517,0
            -117.2418,36.4518,0
            -117.24157,36.45224,0
            -117.24123,36.45295,0
            -117.24078,36.45405,0
            -117.2403,36.45504,0
            -117.24017,36.45536,0
            -117.24008,36.45562,0
            -117.24005,36.45568,0
            -117.24001,36.45581,0
            -117.23997,36.45591,0
            -117.23992,36.45606,0
            -117.2395,36.45687,0
            -117.23888,36.458,0
            -117.23844,36.45884,0
            -117.23836,36.45901,0
            -117.23834,36.45906,0
            -117.23832,36.45909,0
            -117.23828,36.45917,0
            -117.23826,36.45923,0
            -117.23737,36.4611,0
            -117.23736,36.46113,0
            -117.23638,36.46321,0
            -117.23624,36.46358,0
            -117.23608,36.4641,0
            -117.23602,36.46449,0
            -117.23596,36.46498,0
            -117.23584,36.46581,0
            -117.2358,36.46598,0
            -117.23569,36.46658,0
            -117.23539,36.46799,0
            -117.23533,36.46833,0
            -117.23523,36.46899,0
            -117.23521,36.46906,0
            -117.23521,36.46912,0
            -117.2352,36.46915,0
            -117.23517,36.4693,0
            -117.23479,36.47084,0
            -117.23452,36.47187,0
            -117.23414,36.47301,0
            -117.23412,36.4731,0
            -117.2341,36.47314,0
            -117.23403,36.47337,0
            -117.23397,36.47353,0
            -117.23397,36.47355,0
            -117.23394,36.47362,0
            -117.23371,36.47432,0
            -117.23365,36.47448,0
            -117.23343,36.47519,0
            -117.23333,36.47547,0
            -117.23274,36.47736,0
            -117.23273,36.47737,0
            -117.23273,36.47739,0
            -117.23144,36.48128,0
            -117.23143,36.48133,0
            -117.23139,36.48145,0
            -117.23138,36.48147,0
            -117.23137,36.48151,0
            -117.23127,36.48179,0
            -117.23116,36.48215,0
            -117.23108,36.48238,0
            -117.23107,36.4824,0
            -117.22968,36.48638,0
            -117.2286,36.48977,0
            -117.22703,36.49497,0
            -117.22697,36.49525,0
            -117.22695,36.49538,0
            -117.22695,36.4954,0
            -117.22693,36.4955,0
            -117.22693,36.49561,0
            -117.22691,36.49588,0
            -117.2269,36.497,0
            -117.22686,36.49816,0
            -117.22685,36.49831,0
            -117.22685,36.49836,0
            -117.2268,36.49867,0
            -117.22672,36.49907,0
            -117.22671,36.49914,0
            -117.22668,36.49924,0
            -117.22667,36.49931,0
            -117.22655,36.49977,0
            -117.22647,36.50013,0
            -117.22645,36.5002,0
            -117.22613,36.50154,0
            -117.2259,36.50242,0
            -117.22589,36.50249,0
            -117.22572,36.50312,0
            -117.22572,36.50315,0
            -117.2248,36.50646,0
            -117.22479,36.50654,0
            -117.2246,36.50718,0
            -117.22431,36.50826,0
            -117.22431,36.50829,0
            -117.22428,36.50839,0
            -117.22416,36.50895,0
            -117.22414,36.50907,0
            -117.22409,36.50953,0
            -117.22409,36.50964,0
            -117.22407,36.50983,0
            -117.22406,36.51011,0
            -117.224,36.51086,0
            -117.224,36.5109,0
            -117.22397,36.51134,0
            -117.22395,36.5118,0
            -117.22393,36.51198,0
            -117.22393,36.51208,0
            -117.22388,36.51288,0
            -117.22386,36.51306,0
            -117.22386,36.51317,0
            -117.22385,36.51323,0
            -117.22383,36.51351,0
            -117.22382,36.5138,0
            -117.22378,36.5142,0
            -117.22378,36.51431,0
            -117.22371,36.51494,0
            -117.22367,36.51519,0
            -117.22367,36.51521,0
            -117.22365,36.51528,0
            -117.22364,36.51538,0
            -117.22352,36.51601,0
            -117.22349,36.5162,0
            -117.22347,36.51627,0
            -117.22346,36.51634,0
            -117.22335,36.51689,0
            -117.22332,36.51707,0
            -117.2233,36.51716,0
            -117.22328,36.51723,0
            -117.22326,36.51734,0
            -117.22324,36.51741,0
            -117.22318,36.51778,0
            -117.22314,36.51796,0
            -117.22302,36.51861,0
            -117.22296,36.51885,0
            -117.22291,36.51915,0
            -117.22287,36.51929,0
            -117.22282,36.51954,0
            -117.22278,36.51965,0
            -117.22276,36.51972,0
            -117.22276,36.51973,0
            -117.22264,36.52009,0
            -117.22246,36.52058,0
            -117.22225,36.52108,0
            -117.22166,36.52257,0
            -117.22164,36.52263,0
            -117.22158,36.52276,0
            -117.2211,36.52396,0
            -117.22073,36.52497,0
            -117.2207,36.52504,0
            -117.22041,36.52591,0
            -117.22037,36.52601,0
            -117.22035,36.52608,0
            -117.22031,36.52618,0
            -117.2203,36.52622,0
            -117.22014,36.52671,0
            -117.22011,36.52678,0
            -117.21984,36.52757,0
            -117.21965,36.52809,0
            -117.21963,36.52816,0
            -117.21935,36.52896,0
            -117.21932,36.52902,0
            -117.21929,36.52913,0
            -117.21911,36.52962,0
            -117.21881,36.53021,0
            -117.21866,36.53048,0
            -117.21862,36.53054,0
            -117.21857,36.53064,0
            -117.21847,36.5308,0
            -117.21821,36.53125,0
            -117.21799,36.53161,0
            -117.21796,36.53168,0
            -117.21776,36.532,0
            -117.21771,36.53209,0
            -117.2177,36.5321,0
            -117.21729,36.5328,0
            -117.21729,36.53282,0
            -117.21723,36.53291,0
            -117.21706,36.53321,0
            -117.2169,36.53347,0
            -117.21685,36.53357,0
            -117.21619,36.53471,0
            -117.21615,36.53477,0
            -117.21426,36.53803,0
            -117.21422,36.53809,0
            -117.21397,36.53853,0
            -117.21364,36.53908,0
            -117.21357,36.53921,0
            -117.21275,36.54062,0
            -117.21271,36.5407,0
            -117.2127,36.54071,0
            -117.21234,36.54136,0
            -117.21233,36.54137,0
            -117.21172,36.54244,0
            -117.21162,36.5426,0
            -117.21115,36.54342,0
            -117.21105,36.54358,0
            -117.21039,36.54472,0
            -117.2103,36.54489,0
            -117.20993,36.5455,0
            -117.20991,36.54554,0
            -117.20919,36.5468,0
            -117.20916,36.54684,0
            -117.20868,36.54766,0
            -117.20807,36.54875,0
            -117.20732,36.55003,0
            -117.20728,36.55011,0
            -117.20709,36.55043,0
            -117.20697,36.55065,0
            -117.2069,36.55076,0
            -117.20681,36.55092,0
            -117.20601,36.55225,0
            -117.20585,36.55255,0
            -117.2052,36.55369,0
            -117.205,36.55401,0
            -117.20484,36.55431,0
            -117.20472,36.5545,0
            -117.20424,36.55532,0
            -117.20395,36.55584,0
            -117.20372,36.55622,0
            -117.20368,36.5563,0
            -117.20264,36.55809,0
            -117.20255,36.55826,0
            -117.20123,36.56054,0
            -117.20118,36.56064,0
            -117.20105,36.56087,0
            -117.20077,36.56133,0
            -117.20076,36.56136,0
            -117.20031,36.56214,0
            -117.20008,36.56252,0
            -117.20002,36.56263,0
            -117.19984,36.56292,0
            -117.19974,36.56306,0
            -117.19969,36.56314,0
            -117.19965,36.56319,0
            -117.19935,36.56361,0
            -117.19924,36.56374,0
            -117.19911,36.56391,0
            -117.19874,36.56436,0
            -117.19868,36.56441,0
            -117.19854,36.56458,0
            -117.19779,36.56534,0
            -117.19777,36.56535,0
            -117.19734,36.56575,0
            -117.19733,36.56575,0
            -117.19729,36.56579,0
            -117.19704,36.56601,0
            -117.19658,36.56638,0
            -117.19643,36.56651,0
            -117.19552,36.56723,0
            -117.19537,36.56734,0
            -117.19523,36.56746,0
            -117.19508,36.56757,0
            -117.1948,36.56779,0
            -117.19478,36.56781,0
            -117.19463,36.56792,0
            -117.1937,36.56866,0
            -117.19343,36.56886,0
            -117.1933,36.56897,0
            -117.19317,36.56907,0
            -117.19304,36.56918,0
            -117.19299,36.56921,0
            -117.1929,36.56929,0
            -117.19288,36.5693,0
            -117.19244,36.56966,0
            -117.19182,36.57014,0
            -117.19177,36.57019,0
            -117.19161,36.57031,0
            -117.19145,36.57044,0
            -117.19099,36.57079,0
            -117.19096,36.57081,0
            -117.19077,36.57097,0
            -117.19016,36.57144,0
            -117.19008,36.57151,0
            -117.18916,36.57223,0
            -117.18902,36.57235,0
            -117.18887,36.57246,0
            -117.18842,36.57282,0
            -117.18841,36.57283,0
            -117.18827,36.57294,0
            -117.18825,36.57296,0
            -117.18812,36.57305,0
            -117.18798,36.57317,0
            -117.18474,36.57574,0
            -117.18458,36.57586,0
            -117.18427,36.57611,0
            -117.18402,36.5763,0
            -117.18259,36.57745,0
            -117.18235,36.57763,0
            -117.18234,36.57763,0
            -117.18219,36.57776,0
            -117.18092,36.57877,0
            -117.18089,36.57879,0
            -117.17488,36.58355,0
            -117.17486,36.58357,0
            -117.17335,36.58476,0
            -117.17321,36.58486,0
            -117.17305,36.585,0
            -117.17294,36.58508,0
            -117.17135,36.58634,0
            -117.1712,36.58647,0
            -117.16915,36.58808,0
            -117.16912,36.58811,0
            -117.16896,36.58823,0
            -117.1688,36.58836,0
            -117.16864,36.58848,0
            -117.16794,36.58905,0
            -117.16745,36.58943,0
            -117.16738,36.58949,0
            -117.16552,36.59096,0
            -117.16541,36.59104,0
            -117.16286,36.59307,0
            -117.16275,36.59315,0
            -117.1619,36.59382,0
            -117.16183,36.59388,0
            -117.16067,36.59479,0
            -117.16031,36.59509,0
            -117.1602,36.59517,0
            -117.1602,36.59518,0
            -117.15749,36.59732,0
            -117.15744,36.59737,0
            -117.15739,36.5974,0
            -117.15543,36.59895,0
            -117.15541,36.59896,0
            -117.15296,36.60089,0
            -117.15257,36.60121,0
            -117.15238,36.60135,0
            -117.15234,36.60139,0
            -117.15232,36.6014,0
            -117.15219,36.6015,0
            -117.15216,36.60152,0
            -117.15105,36.60241,0
            -117.1509,36.60252,0
            -117.15078,36.60262,0
            -117.14963,36.60351,0
            -117.14961,36.60354,0
            -117.14912,36.60391,0
            -117.14897,36.60404,0
            -117.14882,36.60418,0
            -117.14859,36.60441,0
            -117.14844,36.60459,0
            -117.1483,36.60477,0
            -117.14815,36.60499,0
            -117.14813,36.60501,0
            -117.14799,36.60522,0
            -117.14798,36.60524,0
            -117.14777,36.60555,0
            -117.14757,36.60582,0
            -117.14744,36.60595,0
            -117.14703,36.60632,0
            -117.14664,36.60663,0
            -117.14616,36.60698,0
            -117.14587,36.60717,0
            -117.14557,36.60734,0
            -117.14547,36.60739,0
            -117.14535,36.60744,0
            -117.14518,36.60752,0
            -117.1446,36.60771,0
            -117.14438,36.60777,0
            -117.14405,36.60784,0
            -117.14371,36.6079,0
            -117.14363,36.60791,0
            -117.14357,36.60791,0
            -117.14345,36.60793,0
            -117.14319,36.60794,0
            -117.14282,36.60794,0
            -117.1426,36.60793,0
            -117.14249,36.60792,0
            -117.14245,36.60792,0
            -117.14227,36.6079,0
            -117.14223,36.60789,0
            -117.142,36.60787,0
            -117.13956,36.60755,0
            -117.13713,36.6072,0
            -117.13671,36.60713,0
            -117.13636,36.60705,0
            -117.13541,36.60678,0
            -117.13485,36.60657,0
            -117.13425,36.60632,0
            -117.13409,36.60624,0
            -117.13296,36.60572,0
            -117.13239,36.60547,0
            -117.13206,36.60531,0
            -117.12992,36.60434,0
            -117.12973,36.60426,0
            -117.12945,36.60413,0
            -117.12895,36.60392,0
            -117.12859,36.60379,0
            -117.12823,36.60369,0
            -117.12772,36.60359,0
            -117.12696,36.60353,0
            -117.12679,36.60353,0
            -117.12663,36.60354,0
            -117.12645,36.60354,0
            -117.12638,36.60355,0
            -117.12633,36.60355,0
            -117.12617,36.60356,0
            -117.12604,36.60358,0
            -117.12558,36.60367,0
            -117.12418,36.604,0
            -117.12416,36.604,0
            -117.11993,36.60498,0
            -117.11986,36.605,0
            -117.1186,36.60529,0
            -117.11819,36.60537,0
            -117.11745,36.60548,0
            -117.11695,36.60552,0
            -117.1169,36.60552,0
            -117.11671,36.60554,0
            -117.11631,36.60555,0
            -117.11268,36.6055,0
            -117.11259,36.60549,0
            -117.1117,36.60544,0
            -117.11065,36.60534,0
            -117.10949,36.60517,0
            -117.10796,36.60489,0
            -117.10674,36.60464,0
            -117.1058,36.60441,0
            -117.10471,36.60409,0
            -117.1045,36.60402,0
            -117.10421,36.60391,0
            -117.10375,36.60375,0
            -117.10339,36.6036,0
            -117.10328,36.60356,0
            -117.10321,36.60353,0
            -117.10317,36.60352,0
            -117.10279,36.60335,0
            -117.10269,36.60331,0
            -117.10026,36.60218,0
            -117.10008,36.60209,0
            -117.1,36.60206,0
            -117.09929,36.60172,0
            -117.09901,36.6016,0
            -117.09855,36.60144,0
            -117.09806,36.60131,0
            -117.09785,36.60127,0
            -117.09763,36.60124,0
            -117.09761,36.60123,0
            -117.09732,36.60119,0
            -117.09703,36.60118,0
            -117.09684,36.60116,0
            -117.09657,36.60117,0
            -117.09629,36.60117,0
            -117.09568,36.60125,0
            -117.09538,36.60131,0
            -117.09512,36.60138,0
            -117.09493,36.60144,0
            -117.09429,36.6017,0
            -117.09405,36.60182,0
            -117.09368,36.60204,0
            -117.09333,36.60229,0
            -117.09151,36.60376,0
            -117.0914,36.60384,0
            -117.09063,36.60448,0
            -117.09047,36.6046,0
            -117.08809,36.60653,0
            -117.08801,36.60659,0
            -117.08667,36.60768,0
            -117.08651,36.6078,0
            -117.08604,36.60819,0
            -117.08588,36.60831,0
            -117.08556,36.60857,0
            -117.08541,36.6087,0
            -117.0827,36.61089,0
            -117.08245,36.61108,0
            -117.0821,36.6113,0
            -117.08204,36.61133,0
            -117.0819,36.61141,0
            -117.08163,36.61153,0
            -117.08147,36.61159,0
            -117.08134,36.61165,0
            -117.0812,36.61169,0
            -117.0809,36.61179,0
            -117.08049,36.61188,0
            -117.07977,36.61202,0
            -117.07966,36.61206,0
            -117.07937,36.61215,0
            -117.07912,36.61226,0
            -117.07896,36.61234,0
            -117.07884,36.61241,0
            -117.07875,36.61247,0
            -117.07859,36.61256,0
            -117.07831,36.61275,0
            -117.07825,36.6128,0
            -117.07792,36.61304,0
            -117.07778,36.61313,0
            -117.07603,36.61438,0
            -117.07565,36.61463,0
            -117.07514,36.61493,0
            -117.07503,36.615,0
            -117.07476,36.61514,0
            -117.0742,36.61539,0
            -117.07346,36.61568,0
            -117.07221,36.61614,0
            -117.07214,36.61616,0
            -117.06997,36.61696,0
            -117.06976,36.61703,0
            -117.06887,36.61737,0
            -117.06836,36.6176,0
            -117.06776,36.6179,0
            -117.06734,36.61817,0
            -117.06727,36.61822,0
            -117.0672,36.61826,0
            -117.06352,36.62071,0
            -117.06313,36.62098,0
            -117.05887,36.62382,0
            -117.05882,36.62385,0
            -117.05831,36.6242,0
            -117.05813,36.62431,0
            -117.05791,36.62447,0
            -117.05507,36.62636,0
            -117.05503,36.62638,0
            -117.05486,36.6265,0
            -117.05028,36.62955,0
            -117.05027,36.62955,0
            -117.05025,36.62957,0
            -117.0502,36.6296,0
            -117.04769,36.63128,0
            -117.04767,36.63129,0
            -117.04752,36.63139,0
            -117.0475,36.63141,0
            -117.047,36.63174,0
            -117.04698,36.63175,0
            -117.04681,36.63187,0
            -117.04338,36.63415,0
            -117.04336,36.63417,0
            -117.0423,36.63487,0
            -117.04226,36.6349,0
            -117.04008,36.63635,0
            -117.03991,36.63647,0
            -117.03974,36.63658,0
            -117.03957,36.6367,0
            -117.03836,36.6375,0
            -117.03812,36.63767,0
            -117.03664,36.63865,0
            -117.03647,36.63877,0
            -117.03591,36.63914,0
            -117.0356,36.63932,0
            -117.03504,36.63958,0
            -117.0344,36.63979,0
            -117.03432,36.63981,0
            -117.03429,36.63982,0
            -117.03411,36.63986,0
            -117.03396,36.6399,0
            -117.03389,36.63991,0
            -117.03381,36.63993,0
            -117.03325,36.64001,0
            -117.03323,36.64001,0
            -117.03302,36.64003,0
            -117.03282,36.64004,0
            -117.0323,36.64004,0
            -117.03218,36.64003,0
            -117.03211,36.64003,0
            -117.03179,36.64,0
            -117.03126,36.63992,0
            -117.03102,36.63987,0
            -117.03101,36.63987,0
            -117.03096,36.63985,0
            -117.03083,36.63982,0
            -117.03038,36.63968,0
            -117.02998,36.63952,0
            -117.02997,36.63952,0
            -117.02959,36.63934,0
            -117.02927,36.63915,0
            -117.02906,36.63901,0
            -117.02874,36.63876,0
            -117.02849,36.63855,0
            -117.02808,36.63812,0
            -117.02777,36.63777,0
            -117.02772,36.63772,0
            -117.02764,36.63762,0
            -117.02751,36.63748,0
            -117.02742,36.63737,0
            -117.02596,36.63571,0
            -117.02528,36.63498,0
            -117.02515,36.63485,0
            -117.02515,36.63484,0
            -117.02511,36.63481,0
            -117.0251,36.63479,0
            -117.02501,36.63471,0
            -117.02481,36.63451,0
            -117.02446,36.63418,0
            -117.02433,36.63407,0
            -117.02429,36.63402,0
            -117.02421,36.63396,0
            -117.02397,36.63375,0
            -117.02379,36.63361,0
            -117.02371,36.63354,0
            -117.02353,36.6334,0
            -117.0235,36.63338,0
            -117.02343,36.63332,0
            -117.02311,36.63308,0
            -117.02277,36.63284,0
            -117.02267,36.63278,0
            -117.02235,36.63256,0
            -117.02163,36.6321,0
            -117.02159,36.63208,0
            -117.02098,36.6317,0
            -117.02037,36.63128,0
            -117.02023,36.63119,0
            -117.01873,36.63011,0
            -117.01866,36.63005,0
            -117.01851,36.62995,0
            -117.01849,36.62993,0
            -117.01832,36.62982,0
            -117.01823,36.62975,0
            -117.01774,36.62941,0
            -117.01755,36.62929,0
            -117.01749,36.62924,0
            -117.0174,36.62919,0
            -117.01684,36.62885,0
            -117.01609,36.62843,0
            -117.01547,36.62812,0
            -117.01533,36.62806,0
            -117.01515,36.62797,0
            -117.01462,36.62773,0
            -117.01456,36.62771,0
            -117.01436,36.62762,0
            -117.01415,36.62754,0
            -117.01405,36.62749,0
            -117.0137,36.62736,0
            -117.01356,36.6273,0
            -117.01346,36.62727,0
            -117.01339,36.62724,0
            -117.01335,36.62723,0
            -117.01264,36.62698,0
            -117.01253,36.62695,0
            -117.01248,36.62693,0
            -117.01243,36.62692,0
            -117.01232,36.62688,0
            -117.01172,36.62671,0
            -117.01168,36.62669,0
            -117.01165,36.62669,0
            -117.01159,36.62667,0
            -117.011,36.62652,0
            -117.00899,36.6261,0
            -117.00898,36.62609,0
            -117.00878,36.62605,0
            -117.00877,36.62605,0
            -117.00815,36.62589,0
            -117.00793,36.62582,0
            -117.00791,36.62581,0
            -117.00772,36.62575,0
            -117.00771,36.62574,0
            -117.00761,36.62571,0
            -117.00741,36.62564,0
            -117.00673,36.62535,0
            -117.00672,36.62534,0
            -117.006,36.62498,0
            -117.00547,36.62464,0
            -117.00511,36.62438,0
            -117.00508,36.62435,0
            -117.00504,36.62432,0
            -117.00502,36.62431,0
            -117.00498,36.62427,0
            -117.00489,36.62421,0
            -117.00486,36.62418,0
            -117.0046,36.62398,0
            -117.00432,36.62374,0
            -117.00428,36.62371,0
            -117.00425,36.62368,0
            -117.00423,36.62367,0
            -117.00417,36.62361,0
            -117.00385,36.62334,0
            -117.0028,36.62241,0
            -116.99952,36.61958,0
            -116.99952,36.61957,0
            -116.99945,36.61952,0
            -116.99933,36.61941,0
            -116.99903,36.61916,0
            -116.99869,36.61886,0
            -116.99447,36.61539,0
            -116.99382,36.61488,0
            -116.99345,36.61457,0
            -116.99326,36.61443,0
            -116.99145,36.61299,0
            -116.99134,36.61291,0
            -116.99127,36.61285,0
            -116.9883,36.61057,0
            -116.98827,36.61055,0
            -116.9882,36.61049,0
            -116.98811,36.61043,0
            -116.98787,36.61024,0
            -116.9868,36.60944,0
            -116.98673,36.60938,0
            -116.98582,36.6087,0
            -116.98576,36.60866,0
            -116.98411,36.60742,0
            -116.98402,36.60736,0
            -116.98345,36.60693,0
            -116.98336,36.60687,0
            -116.98164,36.60559,0
            -116.98158,36.60554,0
            -116.98155,36.60552,0
            -116.98148,36.60546,0
            -116.98139,36.6054,0
            -116.98115,36.60521,0
            -116.98114,36.6052,0
            -116.98107,36.60515,0
            -116.98106,36.60514,0
            -116.98074,36.6049,0
            -116.98004,36.60432,0
            -116.97962,36.60395,0
            -116.97842,36.60284,0
            -116.97813,36.60256,0
            -116.97798,36.60243,0
            -116.9771,36.60161,0
            -116.97695,36.60148,0
            -116.97695,36.60147,0
            -116.97611,36.6007,0
            -116.97607,36.60067,0
            -116.97592,36.60053,0
            -116.97514,36.59989,0
            -116.97514,36.59988,0
            -116.97416,36.59917,0
            -116.97374,36.59889,0
            -116.97346,36.59869,0
            -116.97341,36.59866,0
            -116.97203,36.59773,0
            -116.97122,36.59724,0
            -116.97119,36.59723,0
            -116.97068,36.59695,0
            -116.96997,36.59658,0
            -116.96972,36.59646,0
            -116.96941,36.59633,0
            -116.96927,36.59626,0
            -116.96913,36.59621,0
            -116.96907,36.59618,0
            -116.96818,36.59582,0
            -116.96656,36.59521,0
            -116.96589,36.59498,0
            -116.96571,36.59491,0
            -116.96478,36.59462,0
            -116.96464,36.59459,0
            -116.96362,36.59432,0
            -116.96234,36.59402,0
            -116.96199,36.59396,0
            -116.96188,36.59393,0
            -116.96064,36.59369,0
            -116.96047,36.59365,0
            -116.95982,36.59353,0
            -116.95899,36.59336,0
            -116.95818,36.59321,0
            -116.95786,36.59314,0
            -116.95691,36.59296,0
            -116.95656,36.59288,0
            -116.95628,36.59283,0
            -116.95611,36.59279,0
            -116.95594,36.59276,0
            -116.95532,36.59263,0
            -116.95526,36.59261,0
            -116.95476,36.59247,0
            -116.95454,36.5924,0
            -116.95406,36.59222,0
            -116.95382,36.59212,0
            -116.95354,36.59199,0
            -116.9531,36.59177,0
            -116.9527,36.59155,0
            -116.95113,36.59056,0
            -116.95072,36.59034,0
            -116.95053,36.59025,0
            -116.95052,36.59024,0
            -116.95034,36.59015,0
            -116.94936,36.58974,0
            -116.94907,36.58964,0
            -116.94887,36.58958,0
            -116.94842,36.58942,0
            -116.94831,36.58939,0
            -116.94652,36.5888,0
            -116.94645,36.58877,0
            -116.94626,36.58872,0
            -116.94591,36.58861,0
            -116.94526,36.58844,0
            -116.94384,36.58813,0
            -116.94279,36.58785,0
            -116.94267,36.5878,0
            -116.94248,36.58774,0
            -116.94199,36.58751,0
            -116.94175,36.58738,0
            -116.94167,36.58732,0
            -116.9415,36.58721,0
            -116.94133,36.58709,0
            -116.94129,36.58707,0
            -116.94129,36.58706,0
            -116.94005,36.58611,0
            -116.94004,36.58611,0
            -116.94003,36.5861,0
            -116.93988,36.586,0
            -116.93979,36.58593,0
            -116.93972,36.58589,0
            -116.93955,36.58578,0
            -116.93951,36.58576,0
            -116.93935,36.58566,0
            -116.93901,36.58547,0
            -116.93896,36.58545,0
            -116.93852,36.58522,0
            -116.93659,36.58435,0
            -116.93629,36.5842,0
            -116.93611,36.5841,0
            -116.93577,36.58389,0
            -116.93573,36.58387,0
            -116.93572,36.58386,0
            -116.93512,36.58347,0
            -116.93498,36.58336,0
            -116.93489,36.58328,0
            -116.93487,36.58327,0
            -116.93464,36.58309,0
            -116.93395,36.5825,0
            -116.93382,36.58238,0
            -116.9338,36.58237,0
            -116.93365,36.58224,0
            -116.93364,36.58222,0
            -116.9332,36.58184,0
            -116.93311,36.58175,0
            -116.93299,36.58164,0
            -116.93275,36.58144,0
            -116.93234,36.58103,0
            -116.93199,36.58065,0
            -116.93147,36.58006,0
            -116.93091,36.5794,0
            -116.9309,36.57938,0
            -116.93078,36.57925,0
            -116.93052,36.57894,0
            -116.93048,36.5789,0
            -116.92975,36.57804,0
            -116.92958,36.57787,0
            -116.9295,36.57778,0
            -116.92948,36.57777,0
            -116.92935,36.57762,0
            -116.92903,36.57732,0
            -116.92886,36.57717,0
            -116.92861,36.57697,0
            -116.92794,36.57649,0
            -116.9277,36.57634,0
            -116.92747,36.57621,0
            -116.92731,36.57611,0
            -116.9271,36.57599,0
            -116.92702,36.57596,0
            -116.92683,36.57586,0
            -116.92447,36.57478,0
            -116.92411,36.57464,0
            -116.92408,36.57462,0
            -116.92389,36.57454,0
            -116.92277,36.57411,0
            -116.92233,36.57396,0
            -116.92128,36.57365,0
            -116.92038,36.57342,0
            -116.92036,36.57342,0
            -116.92019,36.57337,0
            -116.91917,36.57313,0
            -116.91844,36.57294,0
            -116.91768,36.57271,0
            -116.91739,36.57261,0
            -116.91702,36.57246,0
            -116.91688,36.57241,0
            -116.91679,36.57237,0
            -116.91675,36.57236,0
            -116.91632,36.57216,0
            -116.91575,36.57185,0
            -116.91497,36.57135,0
            -116.9148,36.57125,0
            -116.91478,36.57123,0
            -116.9147,36.57119,0
            -116.91464,36.57114,0
            -116.91458,36.57111,0
            -116.91435,36.57098,0
            -116.91408,36.57084,0
            -116.91358,36.57064,0
            -116.9133,36.57055,0
            -116.91325,36.57054,0
            -116.91323,36.57053,0
            -116.91238,36.57028,0
            -116.91197,36.57013,0
            -116.91181,36.57005,0
            -116.9118,36.57005,0
            -116.91179,36.57004,0
            -116.91164,36.56997,0
            -116.91135,36.5698,0
            -116.91093,36.56952,0
            -116.91075,36.56938,0
            -116.91074,36.56937,0
            -116.91053,36.56921,0
            -116.91018,36.5689,0
            -116.90976,36.56849,0
            -116.90966,36.56838,0
            -116.90945,36.56813,0
            -116.90931,36.56794,0
            -116.90917,36.56773,0
            -116.90904,36.56749,0
            -116.909,36.56743,0
            -116.90892,36.56728,0
            -116.90877,36.56692,0
            -116.9086,36.56646,0
            -116.90828,36.56547,0
            -116.90817,36.56522,0
            -116.90814,36.56513,0
            -116.90805,36.56495,0
            -116.90798,36.56479,0
            -116.90784,36.56456,0
            -116.9077,36.56436,0
            -116.9074,36.564,0
            -116.90739,36.56398,0
            -116.90726,36.56383,0
            -116.90721,36.56378,0
            -116.907,36.56354,0
            -116.90693,36.56347,0
            -116.90689,36.56342,0
            -116.90654,36.56305,0
            -116.90606,36.56261,0
            -116.90571,36.56231,0
            -116.9053,36.56201,0
            -116.9048,36.56168,0
            -116.90447,36.56149,0
            -116.90391,36.56119,0
            -116.90316,36.56082,0
            -116.90312,36.56081,0
            -116.903,36.56074,0
            -116.9003,36.55943,0
            -116.89976,36.55919,0
            -116.89973,36.55918,0
            -116.89943,36.55905,0
            -116.89878,36.55879,0
            -116.89813,36.55855,0
            -116.89812,36.55855,0
            -116.8981,36.55854,0
            -116.8975,36.55833,0
            -116.89629,36.55787,0
            -116.89626,36.55787,0
            -116.8961,36.5578,0
            -116.89606,36.55779,0
            -116.89598,36.55776,0
            -116.89567,36.55762,0
            -116.89533,36.55745,0
            -116.89515,36.55733,0
            -116.89514,36.55732,0
            -116.89512,36.55731,0
            -116.8948,36.55709,0
            -116.89468,36.55699,0
            -116.89444,36.55677,0
            -116.89415,36.55648,0
            -116.89375,36.55592,0
            -116.89362,36.55569,0
            -116.89358,36.55561,0
            -116.89357,36.5556,0
            -116.89349,36.55544,0
            -116.89347,36.55542,0
            -116.8932,36.55489,0
            -116.89307,36.55461,0
            -116.89305,36.55458,0
            -116.89289,36.55423,0
            -116.89281,36.55403,0
            -116.89276,36.55387,0
            -116.89268,36.55357,0
            -116.89267,36.55355,0
            -116.89264,36.5534,0
            -116.89261,36.5533,0
            -116.89245,36.55232,0
            -116.89245,36.5523,0
            -116.89235,36.55171,0
            -116.89234,36.55162,0
            -116.89233,36.55159,0
            -116.8922,36.55106,0
            -116.89212,36.55085,0
            -116.89208,36.55073,0
            -116.89207,36.55072,0
            -116.89202,36.55056,0
            -116.89201,36.55054,0
            -116.89196,36.55041,0
            -116.89187,36.55021,0
            -116.8916,36.54969,0
            -116.89144,36.54941,0
            -116.89142,36.54938,0
            -116.8914,36.54933,0
            -116.89101,36.54871,0
            -116.89051,36.54796,0
            -116.88985,36.54706,0
            -116.88984,36.54704,0
            -116.88955,36.54669,0
            -116.88907,36.54615,0
            -116.88856,36.54563,0
            -116.88818,36.54527,0
            -116.88811,36.54521,0
            -116.88807,36.54518,0
            -116.88742,36.54459,0
            -116.88715,36.54433,0
            -116.88694,36.54414,0
            -116.88681,36.544,0
            -116.88677,36.54395,0
            -116.88671,36.54389,0
            -116.88652,36.54367,0
            -116.88621,36.54326,0
            -116.88603,36.543,0
            -116.88575,36.54254,0
            -116.88555,36.54214,0
            -116.88543,36.54185,0
            -116.88529,36.54148,0
            -116.88515,36.54102,0
            -116.88512,36.54089,0
            -116.8851,36.54083,0
            -116.88376,36.53564,0
            -116.88373,36.53555,0
            -116.88359,36.53502,0
            -116.88342,36.5345,0
            -116.88341,36.53446,0
            -116.88338,36.53437,0
            -116.88336,36.53433,0
            -116.88281,36.53286,0
            -116.88277,36.53272,0
            -116.88274,36.53264,0
            -116.88272,36.53254,0
            -116.88266,36.53231,0
            -116.88259,36.53189,0
            -116.88259,36.53185,0
            -116.88255,36.5314,0
            -116.88255,36.53069,0
            -116.88256,36.53049,0
            -116.88258,36.53032,0
            -116.88258,36.53027,0
            -116.88281,36.52853,0
            -116.88288,36.52771,0
            -116.88288,36.52759,0
            -116.8829,36.52723,0
            -116.8829,36.52662,0
            -116.88289,36.52639,0
            -116.88288,36.52633,0
            -116.8828,36.52532,0
            -116.88273,36.52471,0
            -116.88273,36.52468,0
            -116.88263,36.52381,0
            -116.88263,36.52378,0
            -116.8825,36.52298,0
            -116.88233,36.52221,0
            -116.88232,36.52218,0
            -116.88229,36.52206,0
            -116.88229,36.52204,0
            -116.88209,36.52133,0
            -116.88209,36.52131,0
            -116.88161,36.51968,0
            -116.88154,36.51939,0
            -116.88144,36.51884,0
            -116.88142,36.51869,0
            -116.88142,36.51862,0
            -116.8814,36.5184,0
            -116.8814,36.51777,0
            -116.88142,36.51762,0
            -116.88142,36.51753,0
            -116.88152,36.5168,0
            -116.88163,36.51637,0
            -116.88163,36.51634,0
            -116.88176,36.51584,0
            -116.8818,36.51566,0
            -116.8818,36.51562,0
            -116.88182,36.51554,0
            -116.8819,36.51502,0
            -116.88192,36.51472,0
            -116.88191,36.5144,0
            -116.88187,36.514,0
            -116.88178,36.51353,0
            -116.88177,36.51352,0
            -116.88172,36.51334,0
            -116.88168,36.51317,0
            -116.88151,36.51266,0
            -116.88127,36.51206,0
            -116.88122,36.51196,0
            -116.88099,36.51143,0
            -116.88057,36.51062,0
            -116.88055,36.51059,0
            -116.87955,36.50882,0
            -116.87952,36.50875,0
            -116.8794,36.50855,0
            -116.87771,36.50557,0
            -116.87723,36.50484,0
            -116.87704,36.5046,0
            -116.87693,36.50445,0
            -116.87627,36.50363,0
            -116.87611,36.50341,0
            -116.87609,36.50339,0
            -116.87598,36.50321,0
            -116.8758,36.50287,0
            -116.87569,36.50262,0
            -116.87557,36.50229,0
            -116.87542,36.5017,0
            -116.87538,36.50128,0
            -116.87534,36.50048,0
            -116.87534,36.49995,0
            -116.87533,36.49961,0
            -116.87531,36.4993,0
            -116.87524,36.49879,0
            -116.87516,36.49842,0
            -116.87507,36.49807,0
            -116.87507,36.49806,0
            -116.87496,36.49772,0
            -116.87472,36.49716,0
            -116.87461,36.49693,0
            -116.87452,36.49677,0
            -116.87444,36.49661,0
            -116.87422,36.49627,0
            -116.87406,36.49604,0
            -116.87351,36.4953,0
            -116.8734,36.49514,0
            -116.87328,36.49499,0
            -116.87321,36.49488,0
            -116.87247,36.49388,0
            -116.8719,36.49314,0
            -116.87179,36.49298,0
            -116.87132,36.49237,0
            -116.87,36.49059,0
            -116.86988,36.49044,0
            -116.86977,36.49028,0
            -116.86949,36.48991,0
            -116.86929,36.48962,0
            -116.86924,36.48953,0
            -116.86912,36.48934,0
            -116.86911,36.48933,0
            -116.86899,36.48909,0
            -116.86855,36.48793,0
            -116.86851,36.4878,0
            -116.86848,36.48768,0
            -116.86844,36.48744,0
            -116.86844,36.48722,0
            -116.86845,36.48712,0
            -116.86845,36.48708,0
            -116.86846,36.48701,0
            -116.86849,36.48691,0
            -116.86849,36.48688,0
            -116.86858,36.48662,0
            -116.86862,36.48654,0
            -116.86867,36.48646,0
            -116.86872,36.48637,0
            -116.86885,36.48617,0
            -116.86893,36.48609,0
            -116.86896,36.48605,0
            -116.86901,36.486,0
            -116.86907,36.48595,0
            -116.86922,36.4858,0
            -116.86954,36.48554,0
            -116.86983,36.48527,0
            -116.86998,36.48512,0
            -116.87024,36.48483,0
            -116.87036,36.48468,0
            -116.87042,36.48462,0
            -116.87105,36.48382,0
            -116.87118,36.48361,0
            -116.87129,36.48338,0
            -116.87132,36.4833,0
            -116.87134,36.48326,0
            -116.87139,36.48296,0
            -116.87139,36.48273,0
            -116.87138,36.48255,0
            -116.87135,36.48237,0
            -116.87131,36.4822,0
            -116.87127,36.48209,0
            -116.87125,36.48202,0
            -116.87121,36.48193,0
            -116.87117,36.48186,0
            -116.87114,36.48179,0
            -116.87108,36.48169,0
            -116.8709,36.48145,0
            -116.87074,36.48127,0
            -116.86957,36.4801,0
            -116.86937,36.47989,0
            -116.86925,36.47979,0
            -116.86916,36.4797,0
            -116.86911,36.47964,0
            -116.869,36.47946,0
            -116.86898,36.47944,0
            -116.86892,36.47933,0
            -116.86873,36.47889,0
            -116.86861,36.47853,0
            -116.86853,36.47826,0
            -116.86834,36.4775,0
            -116.86777,36.47462,0
            -116.86776,36.47453,0
            -116.86773,36.47442,0
            -116.86772,36.47436,0
            -116.86772,36.47433,0
            -116.8677,36.47425,0
            -116.86759,36.47371,0
            -116.86758,36.47362,0
            -116.86757,36.47357,0
            -116.86756,36.47354,0
            -116.86756,36.47353,0
            -116.86749,36.47316,0
            -116.86734,36.47247,0
            -116.86716,36.47148,0
            -116.86716,36.47143,0
            -116.86715,36.47142,0
            -116.86711,36.47108,0
            -116.86711,36.47107,0
            -116.86707,36.47074,0
            -116.86703,36.47031,0
            -116.86699,36.46964,0
            -116.86699,36.46958,0
            -116.86696,36.46927,0
            -116.86694,36.46894,0
            -116.86694,36.46888,0
            -116.86689,36.46827,0
            -116.86689,36.4682,0
            -116.86687,36.46806,0
            -116.86682,36.46784,0
            -116.86669,36.46745,0
            -116.86654,36.46706,0
            -116.86653,36.46702,0
            -116.86637,36.46664,0
            -116.86624,36.46629,0
            -116.86572,36.46502,0
            -116.86567,36.46483,0
            -116.86563,36.4647,0
            -116.86563,36.46466,0
            -116.8656,36.46448,0
            -116.8656,36.46447,0
            -116.86558,36.46433,0
            -116.86557,36.46417,0
            -116.86557,36.46239,0
            -116.8654,36.46006,0
            -116.86539,36.45982,0
            -116.86536,36.45951,0
            -116.86526,36.45813,0
            -116.86524,36.45796,0
            -116.86524,36.4579,0
            -116.86513,36.45666,0
            -116.86507,36.45629,0
            -116.86505,36.45611,0
            -116.86502,36.45596,0
            -116.86502,36.45594,0
            -116.86497,36.45571,0
            -116.86491,36.45549,0
            -116.86471,36.45487,0
            -116.86457,36.45448,0
            -116.86456,36.45447,0
            -116.86449,36.45429,0
            -116.86434,36.45398,0
            -116.86423,36.4538,0
            -116.8642,36.45373,0
            -116.86414,36.45364,0
            -116.86411,36.45358,0
            -116.86388,36.45324,0
            -116.86358,36.45282,0
            -116.86324,36.45242,0
            -116.86289,36.45205,0
            -116.8627,36.45187,0
            -116.86221,36.45145,0
            -116.86192,36.45123,0
            -116.86168,36.45106,0
            -116.86145,36.45091,0
            -116.86141,36.45088,0
            -116.86069,36.45045,0
            -116.86032,36.45025,0
            -116.86007,36.45014,0
            -116.85993,36.45007,0
            -116.8597,36.44998,0
            -116.85958,36.44994,0
            -116.85945,36.44989,0
            -116.85896,36.44973,0
            -116.85891,36.44971,0
            -116.85792,36.44939,0
            -116.85787,36.44938,0
            -116.85542,36.44861,0
            -116.85501,36.44847,0
            -116.8548,36.44841,0
            -116.85475,36.4484,0
            -116.85466,36.44837,0
            -116.85451,36.44833,0
            -116.8544,36.44831,0
            -116.85436,36.44831,0
            -116.85418,36.44828,0
            -116.85389,36.44826,0
            -116.85366,36.44826,0
            -116.85363,36.44827,0
            -116.85352,36.44827,0
            -116.85339,36.44829,0
            -116.85327,36.4483,0
            -116.85324,36.44831,0
            -116.85295,36.44837,0
            -116.85277,36.44843,0
            -116.85251,36.44855,0
            -116.85232,36.44867,0
            -116.85224,36.44874,0
            -116.85203,36.44896,0
            -116.85181,36.44923,0
            -116.85163,36.44948,0
            -116.85146,36.44969,0
            -116.85123,36.44995,0
            -116.85106,36.4501,0
            -116.85098,36.45016,0
            -116.85093,36.45019,0
            -116.85084,36.45026,0
            -116.85073,36.45033,0
            -116.8506,36.45043,0
            -116.85044,36.45053,0
            -116.85022,36.45068,0
            -116.84978,36.45096,0
            -116.84973,36.451,0
            -116.84945,36.45117,0
            -116.84917,36.45132,0
            -116.84909,36.45134,0
            -116.84899,36.45138,0
            -116.84898,36.45138,0
            -116.84872,36.45142,0
            -116.84809,36.45142,0
            -116.84767,36.45139,0
            -116.84764,36.45139,0
            -116.84742,36.45136,0
            -116.84738,36.45136,0
            -116.84562,36.4509,0
            -116.84418,36.4505,0
            -116.84399,36.45043,0
            -116.84391,36.45039,0
            -116.84387,36.45038,0
            -116.84381,36.45035,0
            -116.84376,36.45032,0
            -116.84368,36.45028,0
            -116.84366,36.45026,0
            -116.84363,36.45024,0
            -116.8435,36.45014,0
            -116.84342,36.45006,0
            -116.84337,36.45002,0
            -116.84333,36.44996,0
            -116.84323,36.44984,0
            -116.84317,36.44974,0
            -116.84313,36.44965,0
            -116.84304,36.44948,0
            -116.84304,36.44947,0
            -116.84217,36.44766,0
            -116.84216,36.44765,0
            -116.84216,36.44763,0
            -116.8419,36.44708,0
            -116.84186,36.44697,0
            -116.84175,36.44673,0
            -116.84173,36.4467,0
            -116.84166,36.44654,0
            -116.8415,36.44627,0
            -116.84146,36.44621,0
            -116.84142,36.44614,0
            -116.84136,36.44606,0
            -116.84135,36.44605,0
            -116.84129,36.44596,0
            -116.84121,36.44588,0
            -116.84102,36.44573,0
            -116.84091,36.44567,0
            -116.84088,36.44565,0
            -116.8408,36.44561,0
            -116.84071,36.44558,0
            -116.8407,36.44557,0
            -116.84061,36.44554,0
            -116.8405,36.44551,0
            -116.84042,36.44548,0
            -116.83999,36.44536,0
            -116.83979,36.44529,0
            -116.8397,36.44525,0
            -116.83958,36.44521,0
            -116.83941,36.44512,0
            -116.83936,36.4451,0
            -116.8393,36.44506,0
            -116.83929,36.44505,0
            -116.83915,36.44496,0
            -116.83908,36.44491,0
            -116.83897,36.44482,0
            -116.83891,36.44478,0
            -116.83872,36.44459,0
            -116.83864,36.44449,0
            -116.8386,36.44445,0
            -116.83854,36.44438,0
            -116.8385,36.44434,0
            -116.83839,36.44421,0
            -116.8383,36.44408,0
            -116.83822,36.44399,0
            -116.83789,36.44355,0
            -116.83784,36.44349,0
            -116.83783,36.44347,0
            -116.83772,36.44336,0
            -116.83766,36.44331,0
            -116.83761,36.44326,0
            -116.83748,36.44315,0
            -116.83653,36.44243,0
            -116.83623,36.44222,0
            -116.83617,36.44219,0
            -116.83611,36.44215,0
            -116.83604,36.44212,0
            -116.83591,36.44205,0
            -116.8358,36.442,0
            -116.83553,36.44189,0
            -116.83545,36.44187,0
            -116.83544,36.44186,0
            -116.83484,36.44169,0
            -116.83482,36.44169,0
            -116.83475,36.44166,0
            -116.83465,36.44163,0
            -116.83421,36.44146,0
            -116.83343,36.44111,0
            -116.83325,36.44104,0
            -116.83295,36.44091,0
            -116.83283,36.44087,0
            -116.83281,36.44087,0
            -116.83268,36.44083,0
            -116.83257,36.44079,0
            -116.83136,36.44045,0
            -116.83135,36.44045,0
            -116.83077,36.44024,0
            -116.82968,36.43979,0
            -116.82965,36.43978,0
            -116.82935,36.43965,0
            -116.82934,36.43965,0
            -116.82894,36.4395,0
            -116.82866,36.43938,0
            -116.8286,36.43936,0
            -116.82647,36.43852,0
            -116.82638,36.43849,0
            -116.82567,36.4382,0
            -116.8256,36.43818,0
            -116.82547,36.43812,0
            -116.82075,36.43627,0
            -116.82051,36.43616,0
            -116.81987,36.43583,0
            -116.81955,36.43564,0
            -116.81939,36.43553,0
            -116.81933,36.4355,0
            -116.81916,36.43538,0
            -116.81899,36.43527,0
            -116.81887,36.43518,0
            -116.81883,36.43514,0
            -116.81874,36.43508,0
            -116.81852,36.43489,0
            -116.81803,36.43441,0
            -116.81783,36.4342,0
            -116.81739,36.43367,0
            -116.81643,36.43229,0
            -116.81547,36.43083,0
            -116.81539,36.43073,0
            -116.81532,36.43061,0
            -116.81521,36.43045,0
            -116.81519,36.43044,0
            -116.81518,36.43041,0
            -116.81455,36.42947,0
            -116.81455,36.42946,0
            -116.81316,36.4274,0
            -116.81306,36.42724,0
            -116.81274,36.42677,0
            -116.81231,36.42611,0
            -116.81216,36.4259,0
            -116.81119,36.42443,0
            -116.81117,36.42439,0
            -116.80961,36.42207,0
            -116.80909,36.42136,0
            -116.80901,36.42126,0
            -116.8088,36.42103,0
            -116.80863,36.42083,0
            -116.80832,36.42054,0
            -116.8059,36.4186,0
            -116.80564,36.41836,0
            -116.80554,36.41826,0
            -116.8054,36.4181,0
            -116.80532,36.418,0
            -116.80531,36.418,0
            -116.80528,36.41795,0
            -116.80489,36.41747,0
            -116.80454,36.41697,0
            -116.80426,36.41662,0
            -116.80407,36.41636,0
            -116.80403,36.41632,0
            -116.80293,36.41491,0
            -116.80271,36.41467,0
            -116.80258,36.41454,0
            -116.80214,36.41414,0
            -116.80195,36.41401,0
            -116.80176,36.41387,0
            -116.80137,36.41361,0
            -116.80135,36.4136,0
            -116.80124,36.41353,0
            -116.79704,36.41106,0
            -116.79684,36.41095,0
            -116.79515,36.40992,0
            -116.79498,36.40983,0
            -116.7929,36.40862,0
            -116.79245,36.40834,0
            -116.79238,36.40829,0
            -116.79204,36.40809,0
            -116.79079,36.40743,0
            -116.7903,36.4072,0
            -116.78991,36.40704,0
            -116.78959,36.40692,0
            -116.78841,36.40652,0
            -116.78302,36.40486,0
            -116.78284,36.40481,0
            -116.78222,36.40461,0
            -116.78066,36.40414,0
            -116.78045,36.40407,0
            -116.77443,36.40223,0
            -116.77406,36.40208,0
            -116.77369,36.40191,0
            -116.77333,36.40172,0
            -116.77273,36.40133,0
            -116.77247,36.40113,0
            -116.77226,36.40094,0
            -116.77196,36.40065,0
            -116.77176,36.40043,0
            -116.7716,36.4002,0
            -116.7714,36.39988,0
            -116.77135,36.39977,0
            -116.77114,36.39936,0
            -116.77108,36.39922,0
            -116.77096,36.39898,0
            -116.77089,36.39886,0
            -116.77084,36.39876,0
            -116.77062,36.39842,0
            -116.77036,36.39809,0
            -116.77015,36.39788,0
            -116.76987,36.39763,0
            -116.76978,36.39756,0
            -116.76965,36.39747,0
            -116.76959,36.39742,0
            -116.76953,36.39739,0
            -116.76942,36.39732,0
            -116.76908,36.39714,0
            -116.76897,36.39709,0
            -116.76877,36.39701,0
            -116.76864,36.39695,0
            -116.76733,36.39645,0
            -116.76703,36.39631,0
            -116.76639,36.39598,0
            -116.76606,36.39576,0
            -116.76282,36.39336,0
            -116.76262,36.3932,0
            -116.76234,36.39296,0
            -116.76218,36.3928,0
            -116.76177,36.39234,0
            -116.76164,36.39217,0
            -116.76125,36.39155,0
            -116.76118,36.39145,0
            -116.76099,36.39115,0
            -116.76086,36.39098,0
            -116.76075,36.39082,0
            -116.76035,36.39032,0
            -116.76008,36.39003,0
            -116.75998,36.38994,0
            -116.75967,36.38964,0
            -116.75899,36.38914,0
            -116.75776,36.38837,0
            -116.75736,36.38815,0
            -116.75686,36.38793,0
            -116.75685,36.38793,0
            -116.75652,36.38781,0
            -116.75608,36.38767,0
            -116.75574,36.38758,0
            -116.75507,36.38742,0
            -116.7539,36.38718,0
            -116.74987,36.38644,0
            -116.74943,36.38637,0
            -116.74936,36.38635,0
            -116.746,36.38574,0
            -116.74541,36.38562,0
            -116.74508,36.38554,0
            -116.74487,36.38548,0
            -116.74437,36.38527,0
            -116.74393,36.38505,0
            -116.74372,36.38492,0
            -116.74348,36.38476,0
            -116.74315,36.38449,0
            -116.74304,36.38439,0
            -116.74274,36.38409,0
            -116.74135,36.38255,0
            -116.74128,36.38248,0
            -116.74122,36.38241,0
            -116.74118,36.38237,0
            -116.74082,36.38197,0
            -116.74073,36.38188,0
            -116.74068,36.38182,0
            -116.74064,36.38179,0
            -116.74025,36.38135,0
            -116.74015,36.38125,0
            -116.74012,36.38121,0
            -116.7387,36.37966,0
            -116.73866,36.37961,0
            -116.73863,36.37958,0
            -116.73853,36.37946,0
            -116.73696,36.37778,0
            -116.73655,36.37736,0
            -116.73642,36.37721,0
            -116.7361,36.37688,0
            -116.73557,36.37637,0
            -116.73553,36.37634,0
            -116.73522,36.37606,0
            -116.73499,36.37583,0
            -116.73484,36.37569,0
            -116.73439,36.37523,0
            -116.73436,36.37519,0
            -116.73429,36.37513,0
            -116.73416,36.37499,0
            -116.73406,36.37486,0
            -116.7338,36.37455,0
            -116.73367,36.37437,0
            -116.73366,36.37435,0
            -116.73353,36.37418,0
            -116.73343,36.37402,0
            -116.73311,36.37357,0
            -116.73301,36.37341,0
            -116.73292,36.37329,0
            -116.7329,36.37325,0
            -116.73288,36.37323,0
            -116.73281,36.37313,0
            -116.73271,36.37297,0
            -116.73267,36.37292,0
            -116.73258,36.37278,0
            -116.73254,36.37271,0
            -116.73197,36.37189,0
            -116.73195,36.37187,0
            -116.7318,36.37166,0
            -116.73146,36.37122,0
            -116.73124,36.37096,0
            -116.7312,36.3709,0
            -116.73106,36.37073,0
            -116.73054,36.37018,0
            -116.73041,36.37003,0
            -116.72866,36.36833,0
            -116.72864,36.36832,0
            -116.72862,36.3683,0
            -116.7286,36.36827,0
            -116.72858,36.36826,0
            -116.7276,36.36734,0
            -116.7273,36.36707,0
            -116.72719,36.36698,0
            -116.72713,36.36692,0
            -116.72704,36.36685,0
            -116.72696,36.3668,0
            -116.7267,36.36661,0
            -116.7267,36.3666,0
            -116.72663,36.36656,0
            -116.72639,36.3664,0
            -116.72564,36.36595,0
            -116.72546,36.36585,0
            -116.7254,36.36581,0
            -116.72499,36.36561,0
            -116.7247,36.36549,0
            -116.72448,36.36542,0
            -116.71947,36.36399,0
            -116.71859,36.36372,0
            -116.71473,36.36264,0
            -116.71425,36.36254,0
            -116.71418,36.36252,0
            -116.71389,36.36247,0
            -116.71319,36.36239,0
            -116.71302,36.36238,0
            -116.71289,36.36238,0
            -116.71276,36.36237,0
            -116.71263,36.36238,0
            -116.71206,36.36238,0
            -116.71156,36.3624,0
            -116.71136,36.36242,0
            -116.7111,36.36246,0
            -116.71064,36.36256,0
            -116.71063,36.36257,0
            -116.71027,36.36268,0
            -116.70972,36.36287,0
            -116.70921,36.36307,0
            -116.70748,36.36385,0
            -116.7074,36.36389,0
            -116.70685,36.36413,0
            -116.70655,36.36428,0
            -116.70652,36.3643,0
            -116.70633,36.3644,0
            -116.7063,36.36441,0
            -116.70624,36.36445,0
            -116.70615,36.3645,0
            -116.70608,36.36455,0
            -116.70606,36.36456,0
            -116.70598,36.36462,0
            -116.7057,36.36481,0
            -116.70452,36.36565,0
            -116.70438,36.36574,0
            -116.702,36.36741,0
            -116.70183,36.36752,0
            -116.70087,36.3682,0
            -116.70056,36.36843,0
            -116.69905,36.3696,0
            -116.69895,36.36969,0
            -116.69825,36.37025,0
            -116.69769,36.37072,0
            -116.69706,36.37127,0
            -116.69662,36.37171,0
            -116.6966,36.37174,0
            -116.69651,36.37184,0
            -116.69649,36.37185,0
            -116.69535,36.37319,0
            -116.6947,36.37392,0
            -116.69356,36.37526,0
            -116.69317,36.37564,0
            -116.69298,36.37581,0
            -116.69254,36.37616,0
            -116.6923,36.3763,0
            -116.69208,36.37641,0
            -116.69194,36.37646,0
            -116.69174,36.37651,0
            -116.69172,36.37651,0
            -116.69169,36.37652,0
            -116.69162,36.37653,0
            -116.6915,36.37653,0
            -116.69142,36.37654,0
            -116.69132,36.37654,0
            -116.69111,36.37652,0
            -116.69097,36.37649,0
            -116.69048,36.37636,0
            -116.69022,36.3763,0
            -116.68958,36.37609,0
            -116.68946,36.37604,0
            -116.68938,36.37602,0
            -116.68917,36.37594,0
            -116.68858,36.37578,0
            -116.6877,36.37565,0
            -116.68766,36.37564,0
            -116.68664,36.37552,0
            -116.68611,36.37547,0
            -116.68604,36.37547,0
            -116.68589,36.37545,0
            -116.68255,36.37515,0
            -116.68198,36.37511,0
            -116.68005,36.37506,0
            -116.67993,36.37505,0
            -116.67988,36.37504,0
            -116.67954,36.37501,0
            -116.67913,36.37494,0
            -116.6756,36.37445,0
            -116.67548,36.37444,0
            -116.67526,36.3744,0
            -116.67366,36.37416,0
            -116.66514,36.37217,0
            -116.66459,36.372,0
            -116.66455,36.37198,0
            -116.66392,36.37172,0
            -116.66337,36.37144,0
            -116.66171,36.37032,0
            -116.66036,36.36938,0
            -116.65971,36.36891,0
            -116.65969,36.3689,0
            -116.65952,36.36878,0
            -116.65896,36.36841,0
            -116.65759,36.36745,0
            -116.65688,36.36692,0
            -116.65684,36.36688,0
            -116.65653,36.36662,0
            -116.65598,36.36613,0
            -116.65559,36.36574,0
            -116.65552,36.36566,0
            -116.65545,36.3656,0
            -116.65512,36.36524,0
            -116.65391,36.36377,0
            -116.65353,36.36328,0
            -116.65227,36.36174,0
            -116.65197,36.36134,0
            -116.65194,36.36132,0
            -116.65182,36.36117,0
            -116.65146,36.36077,0
            -116.65123,36.36054,0
            -116.65113,36.36046,0
            -116.65108,36.3604,0
            -116.65053,36.35991,0
            -116.64893,36.35861,0
            -116.64871,36.35841,0
            -116.64854,36.35827,0
            -116.64819,36.35796,0
            -116.64804,36.35785,0
            -116.64793,36.35776,0
            -116.64782,36.35766,0
            -116.64773,36.35759,0
            -116.6433,36.35387,0
            -116.64313,36.35374,0
            -116.64301,36.35364,0
            -116.64273,36.35343,0
            -116.64234,36.35319,0
            -116.64197,36.35299,0
            -116.64157,36.3528,0
            -116.64137,36.35272,0
            -116.64117,36.35265,0
            -116.64105,36.3526,0
            -116.64086,36.35254,0
            -116.63918,36.35207,0
            -116.63868,36.35192,0
            -116.63696,36.35144,0
            -116.63675,36.35139,0
            -116.63527,36.35098,0
            -116.63515,36.35094,0
            -116.6349,36.35088,0
            -116.63457,36.35078,0
            -116.63342,36.35047,0
            -116.63337,36.35046,0
            -116.63287,36.35031,0
            -116.63232,36.35016,0
            -116.63223,36.35014,0
            -116.63168,36.34998,0
            -116.63147,36.34993,0
            -116.62938,36.34935,0
            -116.62915,36.34928,0
            -116.61762,36.34608,0
            -116.61756,36.34606,0
            -116.61751,36.34605,0
            -116.61582,36.34558,0
            -116.61577,36.34557,0
            -116.61572,36.34555,0
            -116.61566,36.34554,0
            -116.61561,36.34552,0
            -116.61138,36.34435,0
            -116.61117,36.3443,0
            -116.60082,36.34143,0
            -116.59815,36.34065,0
            -116.59774,36.3405,0
            -116.5972,36.34032,0
            -116.5957,36.33976,0
            -116.59428,36.33916,0
            -116.59253,36.33836,0
            -116.59234,36.33828,0
            -116.58514,36.33501,0
            -116.58494,36.33493,0
            -116.58484,36.33488,0
            -116.58246,36.3338,0
            -116.58181,36.33352,0
            -116.58072,36.33301,0
            -116.58066,36.33299,0
            -116.57677,36.33122,0
            -116.57657,36.33114,0
            -116.57135,36.32877,0
            -116.57132,36.32875,0
            -116.57112,36.32867,0
            -116.56723,36.3269,0
            -116.56704,36.32682,0
            -116.5647,36.32576,0
            -116.56468,36.32574,0
            -116.56451,36.32567,0
            -116.55897,36.32316,0
            -116.55887,36.32311,0
            -116.55867,36.32303,0
            -116.55775,36.32262,0
            -116.55744,36.32247,0
            -116.55023,36.31921,0
            -116.54914,36.3187,0
            -116.54417,36.31646,0
            -116.54407,36.31642,0
            -116.54175,36.31535,0
            -116.54167,36.31532,0
            -116.54041,36.31476,0
            -116.53694,36.31317,0
            -116.53688,36.31315,0
            -116.53522,36.31239,0
            -116.53451,36.31208,0
            -116.52859,36.30939,0
            -116.52854,36.30936,0
            -116.52761,36.30896,0
            -116.52755,36.30894,0
            -116.52691,36.30868,0
            -116.52595,36.30831,0
            -116.52483,36.30792,0
            -116.5232,36.30741,0
            -116.52176,36.30704,0
            -116.52092,36.30684,0
            -116.5207,36.3068,0
            -116.52042,36.30673,0
            -116.5129,36.30506,0
            -116.51274,36.30503,0
            -116.51231,36.30493,0
            -116.51227,36.30493,0
            -116.51209,36.30488,0
            -116.51124,36.30468,0
            -116.50799,36.30397,0
            -116.50791,36.30396,0
            -116.50715,36.30379,0
            -116.50687,36.30374,0
            -116.50683,36.30373,0
            -116.50598,36.30357,0
            -116.50403,36.30328,0
            -116.50221,36.30308,0
            -116.50117,36.30301,0
            -116.50018,36.30297,0
            -116.4991,36.30295,0
            -116.49612,36.30299,0
            -116.49334,36.30306,0
            -116.49308,36.30306,0
            -116.49289,36.30307,0
            -116.48553,36.30322,0
            -116.48549,36.30323,0
            -116.48516,36.30323,0
            -116.47505,36.30344,0
            -116.475,36.30345,0
            -116.47103,36.30352,0
            -116.47099,36.30353,0
            -116.4688,36.30357,0
          </coordinates>
        </LineString>
      </Placemark>
      <Placemark>
        <name>Amargosa Opera House</name>
        <description><![CDATA[description: <br>Category: Hotel<br>Distance: 0]]></description>
        <styleUrl>#icon-1739-0288D1</styleUrl>
        <ExtendedData>
          <Data name="description">
            <value/>
          </Data>
          <Data name="Category">
            <value>Hotel</value>
          </Data>
          <Data name="Distance">
            <value>0</value>
          </Data>
        </ExtendedData>
        <Point>
          <coordinates>
            -116.414658,36.302203,0
          </coordinates>
        </Point>
      </Placemark>
      <Placemark>
        <name>Driving</name>
        <description><![CDATA[description: <br>Category: Driving<br>Distance: 32887]]></description>
        <styleUrl>#line-F9A825-5000</styleUrl>
        <ExtendedData>
          <Data name="description">
            <value/>
          </Data>
          <Data name="Category">
            <value>Driving</value>
          </Data>
          <Data name="Distance">
            <value>32887</value>
          </Data>
        </ExtendedData>
        <LineString>
          <tessellate>1</tessellate>
          <coordinates>
            -116.468798,36.303571,0
            -116.415206,36.304646,0
            -116.414378,36.302082,0
            -116.41356,36.302288,0
            -116.413477,36.302317,0
            -116.41306,36.302536,0
            -116.407743,36.305642,0
            -116.405891,36.306631,0
            -116.325446,36.346471,0
            -116.324428,36.346996,0
            -116.320899,36.348732,0
            -116.320577,36.348871,0
            -116.319724,36.349176,0
            -116.319227,36.349315,0
            -116.318738,36.349432,0
            -116.318186,36.34953,0
            -116.317509,36.349622,0
            -116.316851,36.349667,0
            -116.316113,36.349677,0
            -116.315552,36.349651,0
            -116.314729,36.349566,0
            -116.292119,36.346349,0
            -116.29094,36.346106,0
            -116.290047,36.345876,0
            -116.288937,36.34553,0
            -116.288216,36.345263,0
            -116.287628,36.345022,0
            -116.287058,36.344766,0
            -116.278765,36.340676,0
            -116.278322,36.340432,0
            -116.278036,36.34024,0
            -116.277658,36.339938,0
            -116.277466,36.339752,0
            -116.277168,36.33941,0
            -116.276856,36.338956,0
            -116.273036,36.332801,0
            -116.272768,36.332422,0
            -116.272401,36.331972,0
            -116.272268,36.331825,0
            -116.271664,36.331232,0
            -116.271356,36.330969,0
            -116.270893,36.330619,0
            -116.270619,36.33043,0
            -116.270082,36.330098,0
            -116.269571,36.329823,0
            -116.258429,36.324939,0
            -116.258076,36.324798,0
            -116.257161,36.324468,0
            -116.256674,36.324311,0
            -116.255339,36.323944,0
            -116.238777,36.320015,0
            -116.200931,36.307965,0
            -116.199918,36.30757,0
            -116.198956,36.307127,0
            -116.19807,36.306659,0
            -116.197184,36.306121,0
            -116.170095,36.286633,0
            -116.169677,36.286378,0
            -116.169268,36.286162,0
            -116.168976,36.286032,0
            -116.168834,36.285978,0
            -116.168321,36.285817,0
            -116.167907,36.285703,0
            -116.167425,36.285606,0
            -116.167197,36.285571,0
            -116.164786,36.285343,0
            -116.164382,36.285318,0
            -116.163842,36.285303,0
            -116.163203,36.285325,0
            -116.162689,36.285389,0
            -116.160605,36.285746,0
            -116.16022,36.285829,0
            -116.159472,36.286043,0
            -116.155916,36.287207,0
            -116.155513,36.287317,0
            -116.155301,36.287356,0
            -116.155015,36.287391,0
            -116.1547,36.287411,0
            -116.154387,36.2874,0
            -116.15416,36.287374,0
            -116.153848,36.287317,0
            -116.153581,36.287249,0
            -116.153211,36.287114,0
            -116.149995,36.285663,0
            -116.148824,36.285122,0
            -116.148383,36.284883,0
            -116.148087,36.284705,0
            -116.147784,36.284493,0
            -116.147568,36.284322,0
            -116.147076,36.283871,0
            -116.142752,36.27907,0
            -116.142417,36.278743,0
            -116.142131,36.278501,0
            -116.141851,36.278287,0
            -116.141353,36.277968,0
            -116.134478,36.27425,0
            -116.13399,36.274031,0
            -116.133646,36.273906,0
            -116.133274,36.273793,0
            -116.1329,36.273699,0
            -116.13264,36.273647,0
            -116.13221,36.273581,0
            -116.131726,36.273529,0
            -116.123594,36.273116,0
            -116.122915,36.273055,0
            -116.122296,36.27295,0
            -116.121631,36.272788,0
            -116.121181,36.272625,0
            -116.120787,36.272455,0
            -116.104237,36.26437,0
            -116.103826,36.264213,0
            -116.103361,36.264069,0
            -116.103075,36.263997,0
            -116.102484,36.263886,0
            -116.102141,36.263847,0
            -116.101628,36.263814,0
            -116.086438,36.263611,0
            -116.068124,36.263826,0
            -116.050369,36.263825,0
            -116.050385,36.264191,0
          </coordinates>
        </LineString>
      </Placemark>
      <Placemark>
        <name>Fastrip Gasoline</name>
        <description><![CDATA[description: <br>Category: Gas station<br>Distance: 0]]></description>
        <styleUrl>#icon-1739-0288D1</styleUrl>
        <ExtendedData>
          <Data name="description">
            <value/>
          </Data>
          <Data name="Category">
            <value>Gas station</value>
          </Data>
          <Data name="Distance">
            <value>0</value>
          </Data>
        </ExtendedData>
        <Point>
          <coordinates>
            -116.050797,36.264184,0
          </coordinates>
        </Point>
      </Placemark>
      <Placemark>
        <name>Driving</name>
        <description><![CDATA[description: <br>Category: Driving<br>Distance: 79971]]></description>
        <styleUrl>#line-F9A825-5000</styleUrl>
        <ExtendedData>
          <Data name="description">
            <value/>
          </Data>
          <Data name="Category">
            <value>Driving</value>
          </Data>
          <Data name="Distance">
            <value>79971</value>
          </Data>
        </ExtendedData>
        <LineString>
          <tessellate>1</tessellate>
          <coordinates>
            -116.050385,36.264194,0
            -116.050369,36.263825,0
            -116.00313,36.263744,0
            -116.004962,36.256244,0
            -116.005164,36.255018,0
            -116.005229,36.253658,0
            -116.005182,36.252743,0
            -116.005003,36.251536,0
            -116.004728,36.250486,0
            -115.995367,36.223168,0
            -115.995404,36.223046,0
            -115.992755,36.215379,0
            -115.992325,36.214592,0
            -115.99226,36.214509,0
            -115.992127,36.214438,0
            -115.991912,36.214136,0
            -115.991394,36.213538,0
            -115.991001,36.213156,0
            -115.9904,36.212676,0
            -115.986444,36.210097,0
            -115.986425,36.210005,0
            -115.983475,36.208087,0
            -115.983331,36.20808,0
            -115.98121,36.206584,0
            -115.980395,36.205867,0
            -115.962849,36.188755,0
            -115.962099,36.1881,0
            -115.9607,36.187042,0
            -115.958955,36.186011,0
            -115.957886,36.185534,0
            -115.956345,36.184983,0
            -115.956092,36.184923,0
            -115.916379,36.170919,0
            -115.914829,36.17022,0
            -115.913066,36.169193,0
            -115.91181,36.168266,0
            -115.911111,36.167663,0
            -115.907111,36.163539,0
            -115.907041,36.163432,0
            -115.90035,36.156537,0
            -115.900261,36.156408,0
            -115.894871,36.15085,0
            -115.893598,36.149703,0
            -115.892358,36.148714,0
            -115.892309,36.148707,0
            -115.89063,36.147498,0
            -115.889442,36.146743,0
            -115.889393,36.146678,0
            -115.886773,36.145079,0
            -115.886694,36.145072,0
            -115.866897,36.133034,0
            -115.866817,36.132959,0
            -115.860746,36.12905,0
            -115.659736,36.006481,0
            -115.658911,36.006028,0
            -115.657222,36.005268,0
            -115.655704,36.00474,0
            -115.654643,36.004453,0
            -115.653173,36.004159,0
            -115.651546,36.003956,0
            -115.649926,36.003881,0
            -115.590063,36.006717,0
            -115.588286,36.006939,0
            -115.586719,36.007274,0
            -115.584769,36.00788,0
            -115.554388,36.021086,0
            -115.553395,36.021441,0
            -115.551698,36.021914,0
            -115.545059,36.02322,0
            -115.543038,36.023443,0
            -115.533755,36.023651,0
            -115.532455,36.023607,0
            -115.526541,36.023159,0
            -115.518192,36.022755,0
            -115.517228,36.022661,0
            -115.516718,36.022557,0
            -115.516211,36.022413,0
            -115.513784,36.021566,0
            -115.513088,36.021386,0
            -115.511012,36.020974,0
            -115.510564,36.020812,0
            -115.510107,36.020562,0
            -115.509699,36.020248,0
            -115.508708,36.01927,0
            -115.508065,36.018748,0
            -115.507701,36.01852,0
            -115.504949,36.017319,0
            -115.504515,36.01708,0
            -115.504094,36.016797,0
            -115.500295,36.013566,0
            -115.500004,36.013424,0
            -115.499825,36.0133,0
            -115.499025,36.012919,0
            -115.497619,36.01237,0
            -115.497295,36.012208,0
            -115.495728,36.011111,0
            -115.49505,36.010807,0
            -115.494403,36.010643,0
            -115.492529,36.010341,0
            -115.4921,36.010225,0
            -115.491226,36.009827,0
            -115.490484,36.009264,0
            -115.489657,36.008434,0
            -115.48914,36.007792,0
            -115.488741,36.007013,0
            -115.488256,36.003824,0
            -115.488094,36.003291,0
            -115.487605,36.002483,0
            -115.487454,36.002316,0
            -115.487,36.001968,0
            -115.486385,36.001631,0
            -115.485654,36.001366,0
            -115.485072,36.001254,0
            -115.481331,36.000957,0
            -115.480523,36.000782,0
            -115.480343,36.000718,0
            -115.475973,35.998434,0
            -115.475122,35.998063,0
            -115.474299,35.997846,0
            -115.473865,35.997784,0
            -115.472941,35.997581,0
            -115.472244,35.997511,0
            -115.47189,35.997441,0
            -115.471677,35.997371,0
            -115.470043,35.996602,0
            -115.466045,35.994482,0
            -115.465473,35.994285,0
            -115.464263,35.993999,0
            -115.463298,35.993856,0
            -115.462468,35.993785,0
            -115.461795,35.993785,0
            -115.460655,35.993888,0
            -115.459322,35.994175,0
            -115.45246,35.996369,0
            -115.451436,35.996755,0
            -115.449652,35.997603,0
            -115.446213,35.99968,0
            -115.444749,36.000778,0
            -115.443972,36.001469,0
            -115.440753,36.004906,0
            -115.439865,36.005679,0
            -115.43898,36.006336,0
            -115.437749,36.007119,0
            -115.436818,36.007619,0
            -115.435876,36.008056,0
            -115.428633,36.01088,0
            -115.427215,36.011592,0
            -115.425907,36.0124,0
            -115.424899,36.013147,0
            -115.420459,36.016928,0
            -115.418993,36.017932,0
            -115.418055,36.018459,0
            -115.417155,36.0189,0
            -115.403934,36.024643,0
            -115.402816,36.0253,0
            -115.402013,36.025949,0
            -115.401506,36.026491,0
            -115.401001,36.027242,0
            -115.400034,36.029179,0
            -115.399658,36.029775,0
            -115.398741,36.030797,0
            -115.398166,36.031256,0
            -115.397547,36.031651,0
            -115.396839,36.032019,0
            -115.396178,36.032288,0
            -115.395335,36.032536,0
            -115.394737,36.032655,0
            -115.393991,36.032743,0
            -115.393228,36.032769,0
            -115.38531,36.032507,0
            -115.383895,36.032545,0
            -115.361338,36.0347,0
            -115.361211,36.034693,0
            -115.354937,36.035245,0
            -115.353283,36.035243,0
            -115.352127,36.035161,0
            -115.350248,36.03489,0
            -115.336695,36.031431,0
            -115.326104,36.02813,0
            -115.325009,36.027697,0
            -115.324331,36.027359,0
            -115.319785,36.024761,0
            -115.318867,36.02432,0
            -115.318123,36.024026,0
            -115.314401,36.023015,0
            -115.307128,36.02165,0
            -115.298399,36.020452,0
            -115.296521,36.020356,0
            -115.26125,36.02005,0
            -115.259052,36.020121,0
            -115.255431,36.020385,0
            -115.252721,36.020766,0
            -115.22302,36.025918,0
            -115.221653,36.026313,0
            -115.188171,36.041286,0
            -115.184393,36.042874,0
            -115.1833,36.042963,0
            -115.182893,36.042948,0
            -115.181714,36.042744,0
            -115.18144,36.04274,0
            -115.181004,36.042802,0
            -115.180744,36.042882,0
            -115.180507,36.042991,0
            -115.180142,36.043247,0
            -115.179982,36.043411,0
            -115.179814,36.043657,0
            -115.179731,36.043841,0
            -115.179694,36.043991,0
            -115.179684,36.04428,0
            -115.179751,36.044591,0
            -115.179973,36.045044,0
            -115.180133,36.045278,0
            -115.180334,36.045679,0
            -115.180395,36.045866,0
            -115.180539,36.04909,0
            -115.18065,36.049298,0
            -115.180586,36.08079,0
            -115.180489,36.080901,0
            -115.180398,36.081873,0
            -115.180156,36.083368,0
            -115.180125,36.083858,0
            -115.180073,36.083961,0
            -115.180048,36.0862,0
            -115.18011,36.087291,0
            -115.180408,36.08969,0
            -115.180398,36.094433,0
            -115.180353,36.094538,0
            -115.180261,36.09795,0
            -115.180016,36.100462,0
            -115.180027,36.100813,0
            -115.181112,36.10082,0
            -115.183121,36.100711,0
            -115.183077,36.100313,0
            -115.182971,36.100144,0
            -115.182837,36.099995,0
            -115.184321,36.099968,0
            -115.184367,36.099951,0
            -115.184447,36.099892,0
            -115.184478,36.09984,0
            -115.18448,36.099667,0
          </coordinates>
        </LineString>
      </Placemark>
      <Placemark>
        <name>Hampton Inn Tropicana</name>
        <description><![CDATA[description: <br>Category: Hotel<br>Distance: 0]]></description>
        <styleUrl>#icon-1602-0288D1</styleUrl>
        <ExtendedData>
          <Data name="description">
            <value/>
          </Data>
          <Data name="Category">
            <value>Hotel</value>
          </Data>
          <Data name="Distance">
            <value>0</value>
          </Data>
        </ExtendedData>
        <Point>
          <coordinates>
            -115.183377,36.099668,0
          </coordinates>
        </Point>
      </Placemark>
      <Placemark>
        <name>Driving</name>
        <description><![CDATA[description: <br>Category: Driving<br>Distance: 0]]></description>
        <styleUrl>#line-F9A825-5000</styleUrl>
        <ExtendedData>
          <Data name="description">
            <value/>
          </Data>
          <Data name="Category">
            <value>Driving</value>
          </Data>
          <Data name="Distance">
            <value>0</value>
          </Data>
        </ExtendedData>
        <LineString>
          <tessellate>1</tessellate>
          <coordinates>
            -115.184479,36.099648,0
            -115.184477,36.09961,0
            -115.184469,36.099579,0
            -115.184458,36.099556,0
            -115.184386,36.09948,0
            -115.184197,36.099319,0
            -115.184123,36.099272,0
            -115.184084,36.09926,0
            -115.184054,36.099255,0
            -115.183703,36.099263,0
            -115.183365,36.099262,0
            -115.183276,36.099279,0
            -115.183172,36.09933,0
            -115.182883,36.099567,0
            -115.182532,36.099786,0
            -115.182632,36.099893,0
            -115.182636,36.099994,0
            -115.182845,36.100188,0
            -115.182925,36.100288,0
            -115.182949,36.100328,0
            -115.182955,36.100374,0
            -115.182961,36.100394,0
            -115.182978,36.100568,0
            -115.18298,36.100711,0
            -115.182951,36.10103,0
            -115.182899,36.101212,0
            -115.182825,36.101377,0
            -115.182783,36.101458,0
            -115.18271,36.10158,0
            -115.182695,36.10161,0
            -115.182681,36.101644,0
            -115.182656,36.101747,0
            -115.182658,36.101773,0
            -115.182524,36.101931,0
            -115.182469,36.101992,0
            -115.182333,36.102113,0
            -115.182099,36.101954,0
            -115.182461,36.101587,0
            -115.182786,36.101728,0
            -115.182996,36.101402,0
            -115.183123,36.10101,0
            -115.183121,36.100711,0
            -115.183106,36.100571,0
            -115.181823,36.100568,0
            -115.181137,36.100587,0
            -115.181097,36.100586,0
            -115.180677,36.1006,0
            -115.179582,36.100603,0
            -115.1791,36.100614,0
            -115.178581,36.100667,0
            -115.177724,36.100706,0
            -115.177635,36.100716,0
            -115.177047,36.100702,0
            -115.176141,36.100708,0
            -115.175669,36.100718,0
            -115.175256,36.100736,0
            -115.173086,36.100746,0
            -115.172814,36.100762,0
            -115.172819,36.10094,0
            -115.172788,36.101789,0
            -115.17278,36.103847,0
            -115.172798,36.103945,0
            -115.172809,36.104204,0
            -115.172784,36.104821,0
            -115.172768,36.106184,0
            -115.172782,36.106616,0
            -115.172781,36.107081,0
            -115.172809,36.107652,0
            -115.172816,36.108559,0
            -115.172807,36.10875,0
            -115.172801,36.109618,0
            -115.172815,36.109907,0
            -115.17283,36.111062,0
            -115.172819,36.111205,0
            -115.172813,36.113137,0
            -115.17276,36.114175,0
            -115.172751,36.114598,0
            -115.172752,36.115361,0
            -115.172779,36.11612,0
            -115.172772,36.116207,0
            -115.172818,36.117318,0
            -115.17281,36.1175,0
            -115.172808,36.117626,0
            -115.172783,36.117995,0
            -115.172736,36.118408,0
            -115.172639,36.119001,0
            -115.172515,36.11949,0
            -115.172395,36.119908,0
            -115.172255,36.120324,0
            -115.171833,36.121367,0
            -115.171738,36.12154,0
            -115.171445,36.122029,0
            -115.171422,36.122072,0
            -115.171264,36.122296,0
            -115.170926,36.122876,0
            -115.170774,36.123104,0
            -115.170612,36.123332,0
            -115.170464,36.123473,0
            -115.169761,36.124636,0
            -115.16927,36.1254,0
            -115.169171,36.125546,0
            -115.168955,36.125831,0
            -115.168768,36.126098,0
            -115.168446,36.126598,0
            -115.167795,36.127573,0
            -115.167707,36.127698,0
            -115.167295,36.128352,0
            -115.167028,36.128733,0
            -115.16625,36.129961,0
            -115.166145,36.130136,0
            -115.166098,36.130223,0
            -115.165647,36.13091,0
            -115.165557,36.131017,0
            -115.165479,36.131127,0
            -115.16532,36.131375,0
            -115.16528,36.131414,0
            -115.165033,36.131789,0
            -115.164603,36.132474,0
            -115.164544,36.13255,0
            -115.162957,36.135011,0
            -115.162059,36.136345,0
            -115.161768,36.136817,0
            -115.160535,36.138703,0
            -115.1607,36.138767,0
            -115.162216,36.136408,0
            -115.162264,36.136325,0
            -115.163086,36.135071,0
            -115.16342,36.134544,0
            -115.163515,36.134424,0
            -115.163854,36.133884,0
            -115.164182,36.133383,0
            -115.164711,36.132619,0
            -115.164755,36.132546,0
            -115.165091,36.132034,0
            -115.165205,36.131823,0
            -115.165651,36.131137,0
            -115.16568,36.131097,0
            -115.165759,36.131002,0
            -115.166417,36.129996,0
            -115.166488,36.129867,0
            -115.16717,36.128813,0
            -115.167364,36.128555,0
            -115.167977,36.127658,0
            -115.168054,36.127553,0
            -115.168234,36.12726,0
            -115.168534,36.126796,0
            -115.16856,36.126751,0
            -115.168706,36.126542,0
            -115.170058,36.124524,0
            -115.170764,36.12343,0
            -115.170954,36.123148,0
            -115.170983,36.123111,0
            -115.171044,36.123015,0
            -115.171628,36.122156,0
            -115.171666,36.122108,0
            -115.171966,36.121586,0
            -115.171981,36.121554,0
            -115.17221,36.121015,0
            -115.172311,36.120706,0
            -115.17246,36.120303,0
            -115.172565,36.120067,0
            -115.172611,36.119807,0
            -115.172653,36.119628,0
            -115.172752,36.119273,0
            -115.172831,36.118952,0
            -115.172926,36.118365,0
            -115.172984,36.117409,0
            -115.173007,36.117252,0
            -115.173015,36.117018,0
            -115.173005,36.116172,0
            -115.172966,36.115963,0
            -115.172947,36.115271,0
            -115.172959,36.114772,0
            -115.172956,36.114604,0
            -115.172974,36.114283,0
            -115.172979,36.114251,0
            -115.172984,36.114093,0
            -115.173057,36.11284,0
            -115.173088,36.111676,0
            -115.173116,36.111073,0
            -115.173119,36.110747,0
            -115.173131,36.110447,0
            -115.173132,36.109457,0
            -115.173153,36.1088,0
            -115.17316,36.108206,0
            -115.17315,36.106634,0
            -115.173172,36.10644,0
            -115.173167,36.106006,0
            -115.173158,36.105826,0
            -115.173149,36.105289,0
            -115.173161,36.104955,0
            -115.173185,36.10469,0
            -115.173169,36.103947,0
            -115.173172,36.103821,0
            -115.173161,36.1032,0
            -115.173132,36.102687,0
            -115.1731,36.101355,0
            -115.173213,36.101156,0
            -115.173237,36.101122,0
            -115.173265,36.10109,0
            -115.173299,36.10106,0
            -115.173345,36.10103,0
            -115.173516,36.100933,0
            -115.174294,36.10094,0
            -115.175372,36.100926,0
            -115.176009,36.100941,0
            -115.176623,36.100963,0
            -115.176805,36.100964,0
            -115.176964,36.100974,0
            -115.177637,36.100957,0
            -115.178123,36.10093,0
            -115.178776,36.100874,0
            -115.179008,36.10085,0
            -115.179269,36.100846,0
            -115.179664,36.100829,0
            -115.179773,36.10082,0
            -115.180027,36.100813,0
            -115.181112,36.10082,0
            -115.182979,36.100711,0
            -115.18312,36.100711,0
            -115.183077,36.100313,0
            -115.183053,36.100264,0
            -115.182971,36.100144,0
            -115.182836,36.099995,0
            -115.183027,36.099984,0
            -115.183866,36.099972,0
            -115.184203,36.099979,0
            -115.184321,36.099968,0
            -115.184343,36.099962,0
            -115.184367,36.09995,0
            -115.184447,36.099892,0
            -115.184468,36.099868,0
            -115.184478,36.09984,0
            -115.184481,36.099685,0
            -115.18448,36.099669,0
          </coordinates>
        </LineString>
      </Placemark>
      <Placemark>
        <name>Hampton Inn Tropicana</name>
        <description><![CDATA[description: <br>Category: Hotel<br>Distance: 0]]></description>
        <styleUrl>#icon-1602-0288D1</styleUrl>
        <ExtendedData>
          <Data name="description">
            <value/>
          </Data>
          <Data name="Category">
            <value>Hotel</value>
          </Data>
          <Data name="Distance">
            <value>0</value>
          </Data>
        </ExtendedData>
        <Point>
          <coordinates>
            -115.183377,36.099668,0
          </coordinates>
        </Point>
      </Placemark>
    </Folder>
    <Folder>
      <name>2020-09-04</name>
      <Placemark>
        <name>Driving</name>
        <description><![CDATA[description: <br>Category: Driving<br>Distance: 432444]]></description>
        <styleUrl>#line-A52714-5000</styleUrl>
        <ExtendedData>
          <Data name="description">
            <value/>
          </Data>
          <Data name="Category">
            <value>Driving</value>
          </Data>
          <Data name="Distance">
            <value>432444</value>
          </Data>
        </ExtendedData>
        <LineString>
          <tessellate>1</tessellate>
          <coordinates>
            -122.260158,37.556399,0
            -122.260595,37.556653,0
            -122.260703,37.556722,0
            -122.267573,37.560583,0
            -122.267996,37.560849,0
            -122.269622,37.561786,0
            -122.270358,37.562283,0
            -122.27036,37.562287,0
            -122.271509,37.562941,0
            -122.272012,37.562418,0
            -122.272138,37.562304,0
            -122.272522,37.56198,0
            -122.27308,37.562513,0
            -122.27314,37.562585,0
            -122.27318,37.562643,0
            -122.27323,37.562733,0
            -122.273272,37.562835,0
            -122.273283,37.562876,0
            -122.273299,37.562964,0
            -122.273305,37.563086,0
            -122.273297,37.563201,0
            -122.273278,37.563292,0
            -122.273221,37.563445,0
            -122.273174,37.56353,0
            -122.273139,37.563582,0
            -122.273107,37.563621,0
            -122.272504,37.564214,0
            -122.27239,37.564314,0
            -122.272385,37.56432,0
            -122.272383,37.564327,0
            -122.272368,37.564468,0
            -122.26922,37.567317,0
            -122.269131,37.567386,0
            -122.268171,37.568269,0
            -122.268082,37.568359,0
            -122.24507,37.589366,0
            -122.244939,37.589477,0
            -122.244587,37.589752,0
            -122.244038,37.590128,0
            -122.243553,37.590401,0
            -122.24314,37.590607,0
            -122.242995,37.590672,0
            -122.242506,37.590871,0
            -122.242127,37.591001,0
            -122.220018,37.597598,0
            -122.219599,37.597735,0
            -122.174807,37.611043,0
            -122.17467,37.611078,0
            -122.155569,37.616749,0
            -122.154807,37.616948,0
            -122.153005,37.617361,0
            -122.152421,37.617518,0
            -122.151445,37.617825,0
            -122.149858,37.618415,0
            -122.148103,37.619023,0
            -122.121346,37.62801,0
            -122.120794,37.628176,0
            -122.112853,37.630842,0
            -122.112428,37.631,0
            -122.111948,37.631201,0
            -122.111674,37.631328,0
            -122.109517,37.632437,0
            -122.108852,37.632745,0
            -122.108125,37.633053,0
            -122.104803,37.634379,0
            -122.104483,37.634497,0
            -122.104398,37.634533,0
            -122.104233,37.634622,0
            -122.104055,37.634614,0
            -122.102911,37.634962,0
            -122.102602,37.635066,0
            -122.100311,37.635929,0
            -122.100051,37.636047,0
            -122.09973,37.636206,0
            -122.099495,37.636332,0
            -122.099039,37.636613,0
            -122.098692,37.63686,0
            -122.098438,37.637065,0
            -122.098065,37.637405,0
            -122.097946,37.637526,0
            -122.097617,37.6379,0
            -122.097313,37.638307,0
            -122.097135,37.638594,0
            -122.096351,37.640019,0
            -122.095296,37.641733,0
            -122.095126,37.641953,0
            -122.095023,37.642065,0
            -122.094824,37.642252,0
            -122.094702,37.642352,0
            -122.094578,37.642444,0
            -122.093966,37.642857,0
            -122.093826,37.642961,0
            -122.093707,37.643062,0
            -122.093604,37.643164,0
            -122.093512,37.643269,0
            -122.093428,37.643376,0
            -122.093343,37.643501,0
            -122.09325,37.643674,0
            -122.093194,37.643804,0
            -122.093152,37.643929,0
            -122.09312,37.644057,0
            -122.093091,37.644253,0
            -122.093085,37.644377,0
            -122.093098,37.644586,0
            -122.093132,37.644773,0
            -122.093183,37.644941,0
            -122.093232,37.645064,0
            -122.093315,37.645225,0
            -122.093501,37.645494,0
            -122.093575,37.645579,0
            -122.093706,37.645709,0
            -122.094364,37.646291,0
            -122.09487,37.64672,0
            -122.095025,37.646898,0
            -122.09536,37.647311,0
            -122.095378,37.647328,0
            -122.095416,37.647356,0
            -122.095437,37.647366,0
            -122.095542,37.6474,0
            -122.096577,37.648838,0
            -122.097146,37.649673,0
            -122.097738,37.650591,0
            -122.102676,37.658567,0
            -122.102996,37.659046,0
            -122.107032,37.665604,0
            -122.107062,37.665668,0
            -122.108325,37.667721,0
            -122.108904,37.668619,0
            -122.109335,37.669353,0
            -122.110076,37.670542,0
            -122.110257,37.670806,0
            -122.110654,37.67134,0
            -122.110917,37.671653,0
            -122.111282,37.672059,0
            -122.111783,37.672559,0
            -122.112193,37.67293,0
            -122.11262,37.673282,0
            -122.11308,37.673627,0
            -122.114272,37.674455,0
            -122.114724,37.674784,0
            -122.116805,37.676364,0
            -122.117446,37.676816,0
            -122.118025,37.677193,0
            -122.119781,37.678277,0
            -122.120403,37.678684,0
            -122.123286,37.680678,0
            -122.123553,37.680874,0
            -122.127844,37.68384,0
            -122.13014,37.685379,0
            -122.130508,37.68564,0
            -122.13052,37.685786,0
            -122.130522,37.685789,0
            -122.132164,37.687091,0
            -122.132897,37.687651,0
            -122.132996,37.687718,0
            -122.133355,37.687988,0
            -122.133517,37.688127,0
            -122.13361,37.688222,0
            -122.13368,37.688311,0
            -122.133769,37.688451,0
            -122.133846,37.68862,0
            -122.13387,37.688684,0
            -122.133905,37.688818,0
            -122.133921,37.688926,0
            -122.133928,37.689041,0
            -122.13392,37.689171,0
            -122.1339,37.689287,0
            -122.133849,37.68946,0
            -122.133807,37.689561,0
            -122.133728,37.689701,0
            -122.133659,37.689802,0
            -122.133563,37.689914,0
            -122.133458,37.690016,0
            -122.133333,37.690116,0
            -122.133212,37.690197,0
            -122.133079,37.69027,0
            -122.132883,37.690356,0
            -122.132757,37.690403,0
            -122.132553,37.690455,0
            -122.131969,37.690547,0
            -122.131872,37.690573,0
            -122.131799,37.690604,0
            -122.130908,37.69073,0
            -122.130352,37.690774,0
            -122.129851,37.690788,0
            -122.129639,37.690788,0
            -122.12919,37.690767,0
            -122.129104,37.690776,0
            -122.127443,37.690655,0
            -122.126577,37.690579,0
            -122.125967,37.690508,0
            -122.124683,37.690336,0
            -122.117561,37.689213,0
            -122.114612,37.688662,0
            -122.113693,37.688533,0
            -122.113284,37.688491,0
            -122.112897,37.688467,0
            -122.111968,37.688432,0
            -122.110692,37.688471,0
            -122.110241,37.688501,0
            -122.095102,37.69018,0
            -122.092497,37.690385,0
            -122.089897,37.690484,0
            -122.083917,37.690526,0
            -122.078115,37.690513,0
            -122.076543,37.690544,0
            -122.072995,37.690573,0
            -122.071779,37.690617,0
            -122.070695,37.690693,0
            -122.069001,37.690886,0
            -122.068034,37.691075,0
            -122.067869,37.691119,0
            -122.066733,37.69136,0
            -122.066395,37.691449,0
            -122.066227,37.691501,0
            -122.0599,37.693266,0
            -122.059477,37.693373,0
            -122.059255,37.693418,0
            -122.058101,37.693544,0
            -122.057442,37.693591,0
            -122.057019,37.693605,0
            -122.056486,37.693592,0
            -122.055954,37.693562,0
            -122.053225,37.693266,0
            -122.052858,37.693242,0
            -122.052369,37.693226,0
            -122.05178,37.693228,0
            -122.051151,37.693256,0
            -122.050463,37.693328,0
            -122.050123,37.693374,0
            -122.049349,37.693513,0
            -122.04902,37.693589,0
            -122.048402,37.693753,0
            -122.047803,37.693948,0
            -122.04719,37.694181,0
            -122.046691,37.694401,0
            -122.046356,37.694568,0
            -122.045938,37.694794,0
            -122.045703,37.69493,0
            -122.04519,37.695254,0
            -122.044845,37.695498,0
            -122.043661,37.69651,0
            -122.041063,37.698934,0
            -122.040498,37.699434,0
            -122.039994,37.699828,0
            -122.039752,37.699997,0
            -122.039123,37.700401,0
            -122.038452,37.700764,0
            -122.038176,37.700896,0
            -122.037458,37.701191,0
            -122.036917,37.701383,0
            -122.036328,37.701554,0
            -122.035852,37.701674,0
            -122.035204,37.701806,0
            -122.034954,37.701847,0
            -122.033803,37.701965,0
            -122.033176,37.701992,0
            -122.032852,37.70199,0
            -122.032277,37.701968,0
            -122.031808,37.70193,0
            -122.03124,37.701863,0
            -122.030725,37.701782,0
            -122.03037,37.701713,0
            -122.030034,37.701637,0
            -122.027744,37.70101,0
            -122.02749,37.700951,0
            -122.026927,37.700845,0
            -122.026249,37.70075,0
            -122.025841,37.70071,0
            -122.025196,37.700671,0
            -122.024868,37.700663,0
            -122.024319,37.700667,0
            -122.023755,37.700694,0
            -122.023178,37.700748,0
            -122.022543,37.700836,0
            -122.02209,37.700918,0
            -122.021613,37.701023,0
            -122.021121,37.701151,0
            -122.020595,37.701312,0
            -122.020261,37.701428,0
            -122.018559,37.702066,0
            -122.018103,37.702217,0
            -122.017794,37.702309,0
            -122.017208,37.702457,0
            -122.0165,37.702598,0
            -122.016183,37.702649,0
            -122.01556,37.702722,0
            -122.015286,37.702742,0
            -122.00276,37.703337,0
            -122.001491,37.70336,0
            -122.000343,37.703326,0
            -121.999193,37.703229,0
            -121.998377,37.703135,0
            -121.99763,37.703021,0
            -121.99657,37.702802,0
            -121.995769,37.702616,0
            -121.994986,37.702394,0
            -121.994045,37.702088,0
            -121.993268,37.701799,0
            -121.992821,37.701617,0
            -121.989892,37.700339,0
            -121.989428,37.700157,0
            -121.988937,37.699987,0
            -121.988497,37.699855,0
            -121.98787,37.699696,0
            -121.987405,37.699598,0
            -121.986929,37.699517,0
            -121.986567,37.699467,0
            -121.983462,37.699119,0
            -121.981882,37.698892,0
            -121.973342,37.697427,0
            -121.972329,37.697291,0
            -121.971083,37.697164,0
            -121.970166,37.697101,0
            -121.96929,37.697064,0
            -121.968228,37.697048,0
            -121.967363,37.697057,0
            -121.966079,37.697109,0
            -121.965656,37.697138,0
            -121.964254,37.697267,0
            -121.96296,37.697437,0
            -121.961008,37.697773,0
            -121.960826,37.697811,0
            -121.958945,37.698137,0
            -121.958103,37.698222,0
            -121.957546,37.69826,0
            -121.957133,37.698268,0
            -121.937038,37.69811,0
            -121.93615,37.698119,0
            -121.935635,37.698136,0
            -121.934948,37.69818,0
            -121.93428,37.698251,0
            -121.933804,37.698313,0
            -121.933005,37.698457,0
            -121.932168,37.698642,0
            -121.929992,37.699164,0
            -121.926543,37.699932,0
            -121.923124,37.700731,0
            -121.920158,37.701384,0
            -121.91935,37.701526,0
            -121.91825,37.701663,0
            -121.917685,37.701703,0
            -121.917044,37.701729,0
            -121.912539,37.701689,0
            -121.909905,37.701604,0
            -121.900472,37.701436,0
            -121.894774,37.701388,0
            -121.89234,37.701404,0
            -121.884096,37.701353,0
            -121.883424,37.701363,0
            -121.880617,37.701357,0
            -121.880467,37.701362,0
            -121.879406,37.701366,0
            -121.879293,37.701372,0
            -121.874381,37.701355,0
            -121.870174,37.701303,0
            -121.868956,37.701307,0
            -121.856147,37.70117,0
            -121.856009,37.701173,0
            -121.855038,37.701165,0
            -121.854609,37.701172,0
            -121.847931,37.70114,0
            -121.841685,37.701067,0
            -121.840661,37.701068,0
            -121.839576,37.701051,0
            -121.839282,37.701054,0
            -121.838138,37.701037,0
            -121.837356,37.701037,0
            -121.836702,37.701024,0
            -121.836183,37.701025,0
            -121.835068,37.700993,0
            -121.823305,37.700893,0
            -121.822048,37.7009,0
            -121.810731,37.700805,0
            -121.810285,37.700793,0
            -121.808838,37.700795,0
            -121.79517,37.700661,0
            -121.794482,37.700619,0
            -121.794312,37.7006,0
            -121.793998,37.700555,0
            -121.793662,37.700491,0
            -121.792132,37.700137,0
            -121.789998,37.699684,0
            -121.789513,37.699594,0
            -121.788817,37.6995,0
            -121.788338,37.699456,0
            -121.787986,37.699433,0
            -121.78791,37.699443,0
            -121.787206,37.699437,0
            -121.786443,37.69947,0
            -121.776883,37.70031,0
            -121.77575,37.700449,0
            -121.771104,37.701183,0
            -121.764229,37.702323,0
            -121.76311,37.702494,0
            -121.761742,37.702654,0
            -121.760904,37.702725,0
            -121.759343,37.702797,0
            -121.758301,37.702806,0
            -121.756677,37.702769,0
            -121.744484,37.702253,0
            -121.74349,37.702233,0
            -121.742422,37.702271,0
            -121.74074,37.702438,0
            -121.74001,37.702554,0
            -121.73921,37.702717,0
            -121.738791,37.702819,0
            -121.737866,37.703077,0
            -121.737081,37.703334,0
            -121.736596,37.703511,0
            -121.728412,37.706957,0
            -121.728328,37.706978,0
            -121.72654,37.707742,0
            -121.725906,37.708028,0
            -121.719583,37.710705,0
            -121.716453,37.711995,0
            -121.716005,37.712199,0
            -121.712751,37.713572,0
            -121.707209,37.715964,0
            -121.706729,37.716155,0
            -121.706196,37.716343,0
            -121.705092,37.716695,0
            -121.704088,37.716965,0
            -121.703662,37.717063,0
            -121.687467,37.720404,0
            -121.686191,37.720695,0
            -121.682811,37.721534,0
            -121.682382,37.721617,0
            -121.681946,37.721682,0
            -121.681414,37.721728,0
            -121.680996,37.721747,0
            -121.680353,37.721742,0
            -121.679939,37.721712,0
            -121.67684,37.721388,0
            -121.676425,37.721331,0
            -121.676193,37.72129,0
            -121.675798,37.721208,0
            -121.675589,37.721155,0
            -121.675201,37.721044,0
            -121.674714,37.720876,0
            -121.67444,37.720766,0
            -121.673999,37.720564,0
            -121.673626,37.720366,0
            -121.673345,37.7202,0
            -121.672087,37.719352,0
            -121.671616,37.719065,0
            -121.67135,37.71892,0
            -121.670981,37.718742,0
            -121.670581,37.718569,0
            -121.670042,37.718368,0
            -121.669762,37.718279,0
            -121.669435,37.718186,0
            -121.668972,37.718073,0
            -121.668555,37.717993,0
            -121.668244,37.717944,0
            -121.6676,37.717871,0
            -121.667102,37.717841,0
            -121.666768,37.717835,0
            -121.666319,37.717844,0
            -121.665779,37.71788,0
            -121.66529,37.717937,0
            -121.664944,37.717991,0
            -121.664284,37.718124,0
            -121.657741,37.719965,0
            -121.656972,37.720201,0
            -121.64695,37.72343,0
            -121.646545,37.723583,0
            -121.637219,37.726666,0
            -121.636929,37.72677,0
            -121.6366,37.726899,0
            -121.636285,37.727039,0
            -121.635955,37.7272,0
            -121.635553,37.727419,0
            -121.635133,37.727693,0
            -121.634997,37.727794,0
            -121.634738,37.728008,0
            -121.634337,37.728408,0
            -121.634047,37.728733,0
            -121.63282,37.730233,0
            -121.632609,37.73047,0
            -121.632401,37.730684,0
            -121.631948,37.731117,0
            -121.631626,37.731405,0
            -121.631378,37.731609,0
            -121.631,37.731888,0
            -121.630739,37.732067,0
            -121.630216,37.732404,0
            -121.629943,37.732566,0
            -121.629562,37.732773,0
            -121.629201,37.73295,0
            -121.628906,37.733078,0
            -121.628624,37.733186,0
            -121.628295,37.733296,0
            -121.627972,37.73339,0
            -121.627646,37.733471,0
            -121.627312,37.733539,0
            -121.62698,37.733593,0
            -121.626641,37.733634,0
            -121.626294,37.733665,0
            -121.623026,37.733868,0
            -121.61425,37.734484,0
            -121.612176,37.734653,0
            -121.610998,37.734815,0
            -121.609163,37.735167,0
            -121.607975,37.735437,0
            -121.607192,37.735641,0
            -121.601321,37.737272,0
            -121.600119,37.737562,0
            -121.598944,37.73781,0
            -121.589248,37.739646,0
            -121.58347,37.7407,0
            -121.579226,37.741299,0
            -121.577509,37.741477,0
            -121.573913,37.741751,0
            -121.573811,37.741689,0
            -121.573807,37.741688,0
            -121.570118,37.741828,0
            -121.569411,37.741832,0
            -121.568953,37.741817,0
            -121.568053,37.741764,0
            -121.567304,37.741681,0
            -121.564372,37.741279,0
            -121.562755,37.7411,0
            -121.562086,37.741005,0
            -121.561579,37.740904,0
            -121.561091,37.740785,0
            -121.56077,37.740689,0
            -121.560431,37.740571,0
            -121.559941,37.740378,0
            -121.5594,37.740124,0
            -121.558816,37.739801,0
            -121.55801,37.739279,0
            -121.557618,37.738999,0
            -121.557242,37.738711,0
            -121.552593,37.73484,0
            -121.551189,37.733584,0
            -121.550213,37.732678,0
            -121.537931,37.721624,0
            -121.53763,37.721367,0
            -121.53742,37.721174,0
            -121.536965,37.72078,0
            -121.536271,37.720209,0
            -121.535322,37.719477,0
            -121.534338,37.718779,0
            -121.533543,37.71825,0
            -121.533005,37.717908,0
            -121.524959,37.713039,0
            -121.524913,37.713015,0
            -121.523054,37.711886,0
            -121.522663,37.711632,0
            -121.521087,37.710701,0
            -121.487036,37.690097,0
            -121.486372,37.689708,0
            -121.416662,37.647438,0
            -121.414561,37.646186,0
            -121.413944,37.645778,0
            -121.413609,37.645619,0
            -121.413257,37.645391,0
            -121.41064,37.643782,0
            -121.410135,37.643492,0
            -121.374763,37.622018,0
            -121.37306,37.620916,0
            -121.371396,37.619749,0
            -121.370822,37.619324,0
            -121.2786,37.548295,0
            -121.278487,37.5482,0
            -121.27838,37.548127,0
            -121.262633,37.53598,0
            -121.262608,37.535965,0
            -121.260368,37.534232,0
            -121.258985,37.533113,0
            -121.225942,37.505041,0
            -121.223973,37.503471,0
            -121.212729,37.49522,0
            -121.212238,37.494842,0
            -121.211215,37.493998,0
            -121.210226,37.493107,0
            -121.204462,37.487432,0
            -121.203574,37.486509,0
            -121.198942,37.481922,0
            -121.198521,37.481487,0
            -121.18114,37.464214,0
            -121.180363,37.463398,0
            -121.179857,37.462828,0
            -121.179259,37.46212,0
            -121.178265,37.460817,0
            -121.17075,37.450158,0
            -121.168918,37.447641,0
            -121.163168,37.439907,0
            -121.163012,37.439685,0
            -121.162167,37.438401,0
            -121.161583,37.437578,0
            -121.161431,37.437347,0
            -121.160901,37.436378,0
            -121.160553,37.43564,0
            -121.150394,37.415281,0
            -121.149573,37.413701,0
            -121.149101,37.412867,0
            -121.14858,37.412007,0
            -121.147832,37.410853,0
            -121.130742,37.386319,0
            -121.130512,37.385959,0
            -121.130084,37.385238,0
            -121.129622,37.384376,0
            -121.129293,37.383695,0
            -121.128997,37.383016,0
            -121.128665,37.382139,0
            -121.107118,37.316006,0
            -121.106679,37.314594,0
            -121.106115,37.312567,0
            -121.102344,37.297856,0
            -121.102283,37.297649,0
            -121.10162,37.294996,0
            -121.101508,37.29461,0
            -121.098651,37.28346,0
            -121.098599,37.283321,0
            -121.098542,37.283119,0
            -121.097908,37.280481,0
            -121.097725,37.279839,0
            -121.085136,37.230682,0
            -121.084989,37.23005,0
            -121.077409,37.200436,0
            -121.077115,37.199467,0
            -121.076537,37.197994,0
            -121.076144,37.197087,0
            -121.075932,37.196664,0
            -121.075629,37.196104,0
            -121.07534,37.195605,0
            -121.074765,37.194688,0
            -121.031077,37.127821,0
            -121.030947,37.127609,0
            -121.027452,37.122247,0
            -121.027225,37.121917,0
            -121.023521,37.116236,0
            -121.023118,37.115643,0
            -121.022377,37.114487,0
            -121.021306,37.11292,0
            -121.020622,37.111991,0
            -121.020009,37.111193,0
            -121.010587,37.099623,0
            -121.010542,37.09956,0
            -121.006062,37.094076,0
            -121.004943,37.092783,0
            -121.003774,37.091511,0
            -120.9937,37.081112,0
            -120.993308,37.080724,0
            -120.970521,37.057204,0
            -120.970303,37.056967,0
            -120.968047,37.054647,0
            -120.96747,37.054077,0
            -120.942911,37.028698,0
            -120.942572,37.028369,0
            -120.925517,37.010715,0
            -120.925335,37.010538,0
            -120.920999,37.006068,0
            -120.91981,37.004783,0
            -120.91709,37.001959,0
            -120.916313,37.001101,0
            -120.909624,36.993469,0
            -120.908825,36.992593,0
            -120.889879,36.970925,0
            -120.889067,36.97008,0
            -120.888445,36.969482,0
            -120.887639,36.968752,0
            -120.887241,36.968411,0
            -120.842591,36.931848,0
            -120.841004,36.930501,0
            -120.839571,36.929226,0
            -120.838168,36.927928,0
            -120.832571,36.922391,0
            -120.828572,36.918496,0
            -120.826102,36.916175,0
            -120.819843,36.910517,0
            -120.819311,36.910003,0
            -120.818691,36.909375,0
            -120.817622,36.908221,0
            -120.801714,36.889956,0
            -120.801263,36.889412,0
            -120.800375,36.888286,0
            -120.799528,36.887131,0
            -120.770831,36.845453,0
            -120.769113,36.843002,0
            -120.729353,36.785181,0
            -120.727519,36.782465,0
            -120.715185,36.764575,0
            -120.714592,36.763671,0
            -120.698165,36.739715,0
            -120.697915,36.739373,0
            -120.683751,36.718741,0
            -120.68265,36.717248,0
            -120.681437,36.715683,0
            -120.680521,36.714426,0
            -120.642859,36.665329,0
            -120.639779,36.66138,0
            -120.611926,36.62504,0
            -120.611589,36.624634,0
            -120.611159,36.624144,0
            -120.610464,36.623409,0
            -120.609842,36.622802,0
            -120.609489,36.622476,0
            -120.608751,36.621839,0
            -120.608284,36.621458,0
            -120.589463,36.607254,0
            -120.589445,36.607237,0
            -120.550929,36.578172,0
            -120.550919,36.578166,0
            -120.475943,36.521481,0
            -120.475064,36.520779,0
            -120.473973,36.519837,0
            -120.473296,36.519201,0
            -120.449714,36.495828,0
            -120.448985,36.495082,0
            -120.44813,36.494173,0
            -120.446921,36.492828,0
            -120.437752,36.482259,0
            -120.434298,36.47844,0
            -120.407979,36.450885,0
            -120.382003,36.421897,0
            -120.381249,36.421026,0
            -120.376925,36.416237,0
            -120.372684,36.411457,0
            -120.371998,36.41072,0
            -120.354547,36.391218,0
            -120.35341,36.389911,0
            -120.35086,36.387103,0
            -120.299707,36.329844,0
            -120.298295,36.328225,0
            -120.284083,36.31123,0
            -120.282725,36.309675,0
            -120.273762,36.299879,0
            -120.272879,36.298864,0
            -120.271929,36.297825,0
            -120.271335,36.297113,0
            -120.271038,36.296734,0
            -120.270628,36.296181,0
            -120.270127,36.295447,0
            -120.204326,36.191049,0
            -120.203087,36.189031,0
            -120.197451,36.180099,0
            -120.196954,36.179367,0
            -120.196371,36.178586,0
            -120.195807,36.177892,0
            -120.191502,36.1732,0
            -120.189711,36.171189,0
            -120.139332,36.116101,0
            -120.138013,36.114628,0
            -120.135837,36.112296,0
            -120.10728,36.081016,0
            -120.106487,36.08018,0
            -120.106074,36.079773,0
            -120.105181,36.078951,0
            -120.104547,36.078419,0
            -120.104085,36.078052,0
            -120.103486,36.077598,0
            -120.102686,36.07704,0
            -120.102294,36.07678,0
            -120.101378,36.076203,0
            -120.07296,36.059057,0
            -120.070727,36.057737,0
            -120.053563,36.047388,0
            -120.052396,36.046708,0
            -120.050661,36.04573,0
            -120.024527,36.031358,0
            -120.023749,36.030906,0
            -120.022454,36.030115,0
            -119.995584,36.012836,0
            -119.994729,36.012255,0
            -119.988471,36.008241,0
            -119.987601,36.007644,0
            -119.98676,36.007009,0
            -119.986079,36.006454,0
            -119.985287,36.005758,0
            -119.984896,36.005392,0
            -119.960703,35.981803,0
            -119.960529,35.981619,0
            -119.894257,35.916921,0
            -119.894208,35.916878,0
            -119.866244,35.889525,0
            -119.86412,35.887363,0
            -119.862648,35.885813,0
            -119.862573,35.885744,0
            -119.86244,35.885592,0
            -119.832147,35.853619,0
            -119.832077,35.853538,0
            -119.830297,35.851648,0
            -119.829259,35.850469,0
            -119.824508,35.844666,0
            -119.824323,35.844421,0
            -119.822573,35.842308,0
            -119.82226,35.841904,0
            -119.8169,35.83533,0
            -119.813412,35.830855,0
            -119.810649,35.827167,0
            -119.810079,35.826356,0
            -119.784795,35.792562,0
            -119.784383,35.792049,0
            -119.784144,35.791774,0
            -119.783483,35.791064,0
            -119.782943,35.790441,0
            -119.782561,35.789951,0
            -119.779632,35.785996,0
            -119.779106,35.78532,0
            -119.77578,35.780775,0
            -119.774804,35.779508,0
            -119.773174,35.777322,0
            -119.772426,35.776286,0
            -119.772043,35.775786,0
            -119.771392,35.77486,0
            -119.770458,35.773659,0
            -119.769993,35.773002,0
            -119.766808,35.768719,0
            -119.765751,35.767256,0
            -119.764837,35.766102,0
            -119.762277,35.762576,0
            -119.761204,35.761184,0
            -119.760159,35.759718,0
            -119.757603,35.75632,0
            -119.757022,35.755357,0
            -119.756595,35.754798,0
            -119.756546,35.754722,0
            -119.755554,35.753361,0
            -119.754048,35.75137,0
            -119.75375,35.750955,0
            -119.753125,35.750148,0
            -119.752965,35.749921,0
            -119.752426,35.74922,0
            -119.750127,35.746126,0
            -119.749972,35.7459,0
            -119.746977,35.741891,0
            -119.746893,35.741766,0
            -119.739539,35.731903,0
            -119.739454,35.7318,0
            -119.739384,35.731701,0
            -119.739067,35.731297,0
            -119.738718,35.730812,0
            -119.738711,35.730796,0
            -119.737189,35.728769,0
            -119.736982,35.728464,0
            -119.736842,35.728294,0
            -119.736468,35.727788,0
            -119.736404,35.727691,0
            -119.734013,35.72448,0
            -119.733947,35.724381,0
            -119.73354,35.723825,0
            -119.733255,35.723465,0
            -119.688612,35.66351,0
            -119.686025,35.659972,0
            -119.657035,35.621037,0
            -119.656999,35.620981,0
            -119.64684,35.607304,0
            -119.645873,35.60611,0
            -119.645343,35.605492,0
            -119.644508,35.604573,0
            -119.613331,35.572043,0
            -119.61213,35.570832,0
            -119.610373,35.569154,0
            -119.58202,35.543131,0
            -119.581977,35.543087,0
            -119.538552,35.50318,0
            -119.538226,35.502901,0
            -119.537923,35.502608,0
            -119.53061,35.495899,0
            -119.529365,35.494848,0
            -119.528212,35.493946,0
            -119.510423,35.481022,0
            -119.510169,35.480846,0
            -119.47758,35.457187,0
            -119.477575,35.457145,0
            -119.47757,35.457131,0
            -119.477559,35.457115,0
            -119.477535,35.457086,0
            -119.476453,35.45616,0
            -119.476317,35.456025,0
            -119.476079,35.455723,0
            -119.47595,35.455511,0
            -119.475855,35.455316,0
            -119.475775,35.455111,0
            -119.475733,35.45502,0
            -119.475472,35.45433,0
            -119.475201,35.453664,0
            -119.475137,35.453643,0
            -119.475057,35.453633,0
            -119.475031,35.453635,0
            -119.474966,35.453647,0
            -119.474935,35.453657,0
            -119.474842,35.453699,0
            -119.474739,35.453732,0
            -119.474618,35.453738,0
            -119.473626,35.453742,0
            -119.473466,35.453727,0
            -119.473362,35.453711,0
            -119.473284,35.453692,0
            -119.473119,35.453638,0
            -119.472941,35.453554,0
            -119.472735,35.453422,0
            -119.462983,35.446348,0
            -119.462084,35.445638,0
            -119.460743,35.444695,0
            -119.45919,35.443534,0
            -119.459044,35.443387,0
            -119.458877,35.443178,0
            -119.458812,35.442992,0
            -119.458796,35.442849,0
            -119.458808,35.442552,0
            -119.458864,35.442319,0
            -119.458231,35.44229,0
            -119.455552,35.442285,0
            -119.453794,35.442348,0
            -119.251835,35.441671,0
            -119.207583,35.441637,0
            -119.205745,35.441607,0
            -119.20506,35.441554,0
            -119.204923,35.441494,0
            -119.204782,35.441477,0
            -119.20395,35.441327,0
            -119.202728,35.441146,0
            -119.202179,35.441085,0
            -119.20186,35.441066,0
            -119.201498,35.441061,0
            -119.201127,35.441069,0
            -119.20091,35.441081,0
            -119.200635,35.441107,0
            -119.200263,35.441157,0
            -119.199846,35.44123,0
            -119.198334,35.441573,0
            -119.197834,35.441652,0
            -119.197509,35.441688,0
            -119.197171,35.441711,0
            -119.196087,35.441717,0
            -119.19245,35.441613,0
            -119.175309,35.44158,0
            -119.173791,35.44156,0
            -119.157477,35.441538,0
            -119.154352,35.441511,0
            -119.15406,35.441518,0
            -119.136631,35.441485,0
            -119.13638,35.441491,0
            -119.122082,35.441475,0
            -119.120515,35.441455,0
            -119.11367,35.441456,0
            -119.113167,35.441438,0
            -119.111963,35.44134,0
            -119.10993,35.441298,0
            -119.107716,35.441292,0
            -119.106827,35.441302,0
            -119.102243,35.441291,0
            -119.101997,35.441302,0
            -119.101892,35.441314,0
            -119.101724,35.441356,0
            -119.100294,35.441352,0
            -119.10013,35.441295,0
            -119.100037,35.441286,0
            -119.094822,35.441278,0
            -119.093567,35.44125,0
            -119.092564,35.44125,0
            -119.091911,35.441221,0
            -119.09066,35.441085,0
            -119.089819,35.441013,0
            -119.089187,35.440946,0
            -119.088729,35.44092,0
            -119.08849,35.440917,0
            -119.088308,35.440922,0
            -119.087796,35.440966,0
            -119.086589,35.441139,0
            -119.086277,35.441196,0
            -119.08586,35.441258,0
            -119.08554,35.441293,0
            -119.085211,35.441313,0
            -119.084881,35.441321,0
            -119.081891,35.44132,0
            -119.081723,35.441285,0
            -119.081724,35.44181,0
            -119.081745,35.442003,0
            -119.081779,35.442135,0
            -119.081827,35.442253,0
            -119.081695,35.442287,0
            -119.081615,35.442346,0
            -119.08162,35.442406,0
            -119.08159,35.442463,0
            -119.081601,35.442629,0
            -119.081517,35.442724,0
          </coordinates>
        </LineString>
      </Placemark>
      <Placemark>
        <name>Home</name>
        <description><![CDATA[description: <br>Category: <br>Distance: ]]></description>
        <styleUrl>#icon-1603-0288D1</styleUrl>
        <ExtendedData>
          <Data name="description">
            <value/>
          </Data>
          <Data name="Category">
            <value/>
          </Data>
          <Data name="Distance">
            <value/>
          </Data>
        </ExtendedData>
        <Point>
          <coordinates>
            -122.260158,37.556399,0
          </coordinates>
        </Point>
      </Placemark>
      <Placemark>
        <name><![CDATA[Holiday Inn Express & Suites Bakersfield Airport, an IHG Hotel]]></name>
        <description><![CDATA[description: <br>Category: Hotel<br>Distance: 0]]></description>
        <styleUrl>#icon-1602-0288D1</styleUrl>
        <ExtendedData>
          <Data name="description">
            <value/>
          </Data>
          <Data name="Category">
            <value>Hotel</value>
          </Data>
          <Data name="Distance">
            <value>0</value>
          </Data>
        </ExtendedData>
        <Point>
          <coordinates>
            -119.08172,35.442972,0
          </coordinates>
        </Point>
      </Placemark>
    </Folder>
    <Folder>
      <name>Directions from 72177 Trona Rd, California, USA to CA-190, DEATH VALLEY, CA 92328, USA</name>
      <Placemark>
        <name>Directions from 72177 Trona Rd, California, USA to CA-190, DEATH VALLEY, CA 92328, USA</name>
        <styleUrl>#line-1267FF-5000-nodesc</styleUrl>
        <LineString>
          <tessellate>1</tessellate>
          <coordinates>
            -117.556,35.57066,0
            -117.55553,35.57099,0
            -117.55536,35.5711,0
            -117.55435,35.5718,0
            -117.55419,35.57192,0
            -117.55238,35.57317,0
            -117.55184,35.57356,0
            -117.55172,35.57363,0
            -117.55128,35.57397,0
            -117.55106,35.57416,0
            -117.55098,35.57422,0
            -117.5506,35.57456,0
            -117.55054,35.57462,0
            -117.55036,35.57478,0
            -117.54996,35.57516,0
            -117.54954,35.57559,0
            -117.5495,35.57564,0
            -117.54934,35.57581,0
            -117.54922,35.57596,0
            -117.54919,35.57599,0
            -117.54875,35.57652,0
            -117.54872,35.57655,0
            -117.54837,35.57701,0
            -117.54826,35.57717,0
            -117.54757,35.57809,0
            -117.5469,35.57902,0
            -117.54678,35.57917,0
            -117.546,35.58026,0
            -117.54588,35.58041,0
            -117.54552,35.58092,0
            -117.54543,35.58103,0
            -117.54186,35.586,0
            -117.54161,35.58633,0
            -117.54049,35.58793,0
            -117.53831,35.59125,0
            -117.5383,35.59127,0
            -117.5353,35.59588,0
            -117.53519,35.59603,0
            -117.53253,35.60013,0
            -117.53251,35.60017,0
            -117.5324,35.60033,0
            -117.53137,35.60192,0
            -117.53123,35.60215,0
            -117.53106,35.6024,0
            -117.53086,35.60272,0
            -117.53039,35.60342,0
            -117.53034,35.60351,0
            -117.53023,35.60367,0
            -117.52284,35.61505,0
            -117.52261,35.61539,0
            -117.52179,35.61667,0
            -117.52158,35.61698,0
            -117.52148,35.61714,0
            -117.52137,35.6173,0
            -117.52117,35.61762,0
            -117.5211,35.61772,0
            -117.51982,35.61969,0
            -117.51971,35.61984,0
            -117.51944,35.62027,0
            -117.5194,35.62032,0
            -117.5192,35.62064,0
            -117.51909,35.6208,0
            -117.51757,35.62316,0
            -117.51738,35.62344,0
            -117.51708,35.62392,0
            -117.51697,35.62408,0
            -117.516,35.62558,0
            -117.516,35.62559,0
            -117.51597,35.62562,0
            -117.51574,35.62599,0
            -117.51547,35.62648,0
            -117.51535,35.62672,0
            -117.51529,35.62687,0
            -117.51527,35.6269,0
            -117.51521,35.62704,0
            -117.51506,35.62744,0
            -117.51496,35.62779,0
            -117.51491,35.62793,0
            -117.51461,35.62892,0
            -117.51401,35.63102,0
            -117.514,35.63103,0
            -117.5132,35.63383,0
            -117.51316,35.63394,0
            -117.51315,35.634,0
            -117.51234,35.6368,0
            -117.51228,35.63698,0
            -117.51208,35.63768,0
            -117.51208,35.6377,0
            -117.51138,35.64013,0
            -117.51127,35.64048,0
            -117.51072,35.6424,0
            -117.51072,35.64241,0
            -117.51053,35.64303,0
            -117.51045,35.64334,0
            -117.51041,35.64366,0
            -117.51038,35.64381,0
            -117.51036,35.644,0
            -117.51028,35.64452,0
            -117.51026,35.64479,0
            -117.51026,35.64527,0
            -117.51027,35.6453,0
            -117.51029,35.6456,0
            -117.51038,35.64622,0
            -117.51045,35.64655,0
            -117.51049,35.64679,0
            -117.5105,35.64689,0
            -117.51052,35.64698,0
            -117.50846,35.6472,0
            -117.50837,35.64723,0
            -117.50789,35.64727,0
            -117.50734,35.64734,0
            -117.48665,35.64877,0
            -117.4861,35.64882,0
            -117.48177,35.6491,0
            -117.47938,35.6492,0
            -117.47916,35.6492,0
            -117.47695,35.64929,0
            -117.47673,35.64929,0
            -117.47477,35.64937,0
            -117.47436,35.64941,0
            -117.47386,35.64951,0
            -117.47366,35.64956,0
            -117.47035,35.6506,0
            -117.47014,35.65066,0
            -117.46844,35.6512,0
            -117.46771,35.65145,0
            -117.46715,35.6517,0
            -117.4671,35.65173,0
            -117.46696,35.6518,0
            -117.46692,35.65183,0
            -117.46663,35.652,0
            -117.46648,35.6521,0
            -117.46621,35.65226,0
            -117.46358,35.65396,0
            -117.46307,35.65427,0
            -117.46292,35.65434,0
            -117.46247,35.65453,0
            -117.4622,35.65461,0
            -117.46204,35.65465,0
            -117.46175,35.6547,0
            -117.46159,35.65472,0
            -117.46157,35.65472,0
            -117.46139,35.65474,0
            -117.46135,35.65475,0
            -117.46116,35.65475,0
            -117.46104,35.65476,0
            -117.46093,35.65476,0
            -117.45971,35.65468,0
            -117.45928,35.65464,0
            -117.45847,35.6546,0
            -117.45835,35.65458,0
            -117.45827,35.65458,0
            -117.45814,35.65457,0
            -117.45805,35.65457,0
            -117.458,35.65456,0
            -117.45774,35.65456,0
            -117.45763,35.65457,0
            -117.4576,35.65457,0
            -117.45722,35.65461,0
            -117.45704,35.65464,0
            -117.45695,35.65466,0
            -117.45689,35.65468,0
            -117.45659,35.65476,0
            -117.45633,35.65485,0
            -117.45619,35.65491,0
            -117.45613,35.65494,0
            -117.45536,35.65528,0
            -117.45533,35.6553,0
            -117.45516,35.65537,0
            -117.45488,35.6555,0
            -117.4548,35.65553,0
            -117.45467,35.65557,0
            -117.45457,35.65561,0
            -117.45436,35.65567,0
            -117.45411,35.65573,0
            -117.45371,35.65579,0
            -117.45353,35.6558,0
            -117.4534,35.65582,0
            -117.45311,35.65584,0
            -117.45286,35.65584,0
            -117.45246,35.65581,0
            -117.45155,35.6557,0
            -117.45151,35.65569,0
            -117.45129,35.65567,0
            -117.45108,35.65564,0
            -117.45103,35.65564,0
            -117.44888,35.65539,0
            -117.44829,35.65535,0
            -117.44806,35.65535,0
            -117.448,35.65536,0
            -117.44791,35.65536,0
            -117.44774,35.65538,0
            -117.44766,35.65538,0
            -117.44757,35.6554,0
            -117.44742,35.65542,0
            -117.4472,35.65546,0
            -117.44713,35.65548,0
            -117.44694,35.65552,0
            -117.44616,35.65578,0
            -117.4447,35.65635,0
            -117.44464,35.65637,0
            -117.44331,35.6569,0
            -117.44311,35.65697,0
            -117.44211,35.65736,0
            -117.44191,35.65743,0
            -117.4409,35.65782,0
            -117.4407,35.65789,0
            -117.44054,35.65796,0
            -117.43484,35.66017,0
            -117.43472,35.66023,0
            -117.43452,35.66031,0
            -117.43433,35.6604,0
            -117.4342,35.66045,0
            -117.43389,35.66059,0
            -117.43375,35.66066,0
            -117.43278,35.6611,0
            -117.43012,35.66236,0
            -117.42954,35.66265,0
            -117.42947,35.66268,0
            -117.4293,35.66278,0
            -117.42906,35.66294,0
            -117.42883,35.66312,0
            -117.42863,35.66332,0
            -117.42852,35.66342,0
            -117.42799,35.66404,0
            -117.42794,35.66411,0
            -117.42782,35.66437,0
            -117.42761,35.66487,0
            -117.42755,35.66504,0
            -117.42706,35.66623,0
            -117.42704,35.66629,0
            -117.42693,35.66653,0
            -117.42683,35.66673,0
            -117.42678,35.66681,0
            -117.42671,35.6669,0
            -117.42662,35.66703,0
            -117.42649,35.6672,0
            -117.42636,35.66735,0
            -117.42619,35.66752,0
            -117.42594,35.66774,0
            -117.42578,35.66786,0
            -117.42576,35.66788,0
            -117.42567,35.66794,0
            -117.42545,35.66807,0
            -117.4254,35.66809,0
            -117.42515,35.66822,0
            -117.42483,35.66835,0
            -117.42482,35.66835,0
            -117.42466,35.66841,0
            -117.42442,35.66848,0
            -117.42441,35.66848,0
            -117.42377,35.66863,0
            -117.42355,35.66867,0
            -117.42352,35.66868,0
            -117.42248,35.6689,0
            -117.42205,35.66898,0
            -117.42184,35.66903,0
            -117.42141,35.66911,0
            -117.42119,35.66916,0
            -117.41959,35.66948,0
            -117.41947,35.66951,0
            -117.4189,35.66962,0
            -117.41883,35.66964,0
            -117.41835,35.66975,0
            -117.41824,35.66978,0
            -117.4182,35.6698,0
            -117.41792,35.66988,0
            -117.41712,35.67017,0
            -117.41579,35.6707,0
            -117.41531,35.67092,0
            -117.41492,35.67111,0
            -117.41364,35.6717,0
            -117.41309,35.67197,0
            -117.41157,35.67268,0
            -117.41155,35.67268,0
            -117.4106,35.67312,0
            -117.41025,35.67327,0
            -117.40905,35.67382,0
            -117.40886,35.6739,0
            -117.4082,35.67421,0
            -117.40778,35.67439,0
            -117.4075,35.67452,0
            -117.40731,35.6746,0
            -117.40702,35.67474,0
            -117.40576,35.67531,0
            -117.40563,35.67536,0
            -117.40321,35.67646,0
            -117.40286,35.67661,0
            -117.40276,35.67666,0
            -117.40092,35.67748,0
            -117.40072,35.67756,0
            -117.40053,35.67765,0
            -117.40014,35.67782,0
            -117.39993,35.67792,0
            -117.39975,35.67799,0
            -117.39894,35.67836,0
            -117.39859,35.67851,0
            -117.39856,35.67852,0
            -117.39722,35.67911,0
            -117.39702,35.67919,0
            -117.39699,35.67921,0
            -117.396,35.67963,0
            -117.39572,35.67976,0
            -117.39566,35.67978,0
            -117.39474,35.68018,0
            -117.39468,35.68021,0
            -117.39258,35.68111,0
            -117.39252,35.68113,0
            -117.39196,35.68137,0
            -117.39183,35.68142,0
            -117.38901,35.68265,0
            -117.38895,35.68268,0
            -117.38892,35.68269,0
            -117.38878,35.68276,0
            -117.38857,35.68285,0
            -117.38805,35.6831,0
            -117.38785,35.68318,0
            -117.38782,35.6832,0
            -117.38708,35.68353,0
            -117.38703,35.68356,0
            -117.38697,35.68359,0
            -117.38669,35.68371,0
            -117.38666,35.68372,0
            -117.38659,35.68376,0
            -117.3865,35.6838,0
            -117.38646,35.68381,0
            -117.38641,35.68383,0
            -117.38633,35.68387,0
            -117.3863,35.68388,0
            -117.38568,35.68417,0
            -117.38563,35.68419,0
            -117.38553,35.68424,0
            -117.3855,35.68425,0
            -117.38509,35.68444,0
            -117.38482,35.68459,0
            -117.38456,35.68477,0
            -117.3845,35.68482,0
            -117.38446,35.68486,0
            -117.38444,35.68487,0
            -117.38433,35.68498,0
            -117.38431,35.68499,0
            -117.38429,35.68502,0
            -117.38424,35.68507,0
            -117.38418,35.68514,0
            -117.38407,35.6853,0
            -117.38399,35.68546,0
            -117.38397,35.68549,0
            -117.38396,35.68553,0
            -117.38393,35.68558,0
            -117.38362,35.68635,0
            -117.38361,35.68635,0
            -117.38355,35.68652,0
            -117.38353,35.68655,0
            -117.3835,35.68662,0
            -117.38349,35.68666,0
            -117.38347,35.6867,0
            -117.38341,35.68686,0
            -117.38335,35.687,0
            -117.38334,35.68704,0
            -117.38333,35.68706,0
            -117.38323,35.68737,0
            -117.38321,35.68747,0
            -117.38319,35.68752,0
            -117.38319,35.68753,0
            -117.38315,35.68779,0
            -117.38311,35.68814,0
            -117.38311,35.68823,0
            -117.38309,35.68841,0
            -117.38309,35.68846,0
            -117.38308,35.68859,0
            -117.38308,35.68865,0
            -117.38303,35.68953,0
            -117.38303,35.68967,0
            -117.38301,35.69003,0
            -117.38301,35.69012,0
            -117.38297,35.69093,0
            -117.38296,35.69095,0
            -117.38296,35.69111,0
            -117.38284,35.69326,0
            -117.38284,35.69341,0
            -117.38283,35.69344,0
            -117.38283,35.69356,0
            -117.38282,35.69362,0
            -117.3828,35.69398,0
            -117.3828,35.69413,0
            -117.38274,35.69528,0
            -117.38274,35.69573,0
            -117.38275,35.69578,0
            -117.38275,35.69588,0
            -117.38278,35.69606,0
            -117.38284,35.69631,0
            -117.3829,35.69648,0
            -117.38296,35.69662,0
            -117.38297,35.69666,0
            -117.38303,35.6968,0
            -117.38305,35.69682,0
            -117.38311,35.69695,0
            -117.38314,35.69699,0
            -117.38319,35.69708,0
            -117.38326,35.69719,0
            -117.38336,35.6973,0
            -117.38351,35.6975,0
            -117.38393,35.69789,0
            -117.38406,35.69799,0
            -117.38429,35.69815,0
            -117.38472,35.69839,0
            -117.3851,35.69856,0
            -117.38517,35.69858,0
            -117.38537,35.69865,0
            -117.38579,35.69877,0
            -117.386,35.69884,0
            -117.38608,35.69886,0
            -117.3862,35.6989,0
            -117.38683,35.69908,0
            -117.38692,35.6991,0
            -117.38788,35.69937,0
            -117.38789,35.69937,0
            -117.39039,35.70005,0
            -117.39143,35.70037,0
            -117.39166,35.70046,0
            -117.39213,35.70068,0
            -117.39258,35.70092,0
            -117.39301,35.70119,0
            -117.39321,35.70134,0
            -117.39351,35.70158,0
            -117.39385,35.70191,0
            -117.3939,35.70195,0
            -117.39396,35.70202,0
            -117.39399,35.70205,0
            -117.3943,35.70243,0
            -117.39438,35.70252,0
            -117.39496,35.70336,0
            -117.39546,35.70412,0
            -117.39554,35.70426,0
            -117.39569,35.70462,0
            -117.39572,35.70473,0
            -117.39581,35.70514,0
            -117.39582,35.70529,0
            -117.39582,35.70551,0
            -117.39581,35.70569,0
            -117.39576,35.70598,0
            -117.39572,35.70631,0
            -117.39571,35.7066,0
            -117.39573,35.70686,0
            -117.39575,35.70695,0
            -117.39577,35.70707,0
            -117.39581,35.70721,0
            -117.39584,35.70729,0
            -117.39599,35.7076,0
            -117.39616,35.70788,0
            -117.39695,35.70906,0
            -117.39718,35.70944,0
            -117.39738,35.70981,0
            -117.39742,35.70991,0
            -117.39743,35.70991,0
            -117.3975,35.71007,0
            -117.3975,35.71008,0
            -117.3976,35.71029,0
            -117.39772,35.71059,0
            -117.39798,35.7113,0
            -117.39814,35.7118,0
            -117.39859,35.71341,0
            -117.39902,35.71479,0
            -117.39932,35.71567,0
            -117.39952,35.71618,0
            -117.39952,35.71619,0
            -117.39999,35.71738,0
            -117.40003,35.71751,0
            -117.40008,35.71763,0
            -117.40037,35.71841,0
            -117.40038,35.71842,0
            -117.40063,35.71909,0
            -117.40063,35.71911,0
            -117.40067,35.7192,0
            -117.40069,35.71926,0
            -117.4007,35.71928,0
            -117.40114,35.72049,0
            -117.40121,35.72077,0
            -117.40127,35.72124,0
            -117.40129,35.72191,0
            -117.40128,35.72375,0
            -117.4013,35.72436,0
            -117.40132,35.72465,0
            -117.40134,35.72483,0
            -117.40134,35.72489,0
            -117.40151,35.72699,0
            -117.40154,35.72725,0
            -117.40154,35.72734,0
            -117.40162,35.72825,0
            -117.40171,35.72955,0
            -117.4018,35.73118,0
            -117.4018,35.73167,0
            -117.40179,35.73179,0
            -117.40179,35.73187,0
            -117.40177,35.73204,0
            -117.40169,35.7325,0
            -117.40163,35.73276,0
            -117.40138,35.73363,0
            -117.40134,35.73379,0
            -117.40085,35.73535,0
            -117.4007,35.73578,0
            -117.40059,35.73604,0
            -117.40054,35.73614,0
            -117.40047,35.73631,0
            -117.39998,35.73729,0
            -117.39993,35.73741,0
            -117.39946,35.73842,0
            -117.39837,35.74061,0
            -117.39813,35.74106,0
            -117.39758,35.74215,0
            -117.39754,35.74224,0
            -117.39744,35.74242,0
            -117.39733,35.74265,0
            -117.39706,35.74314,0
            -117.39697,35.74335,0
            -117.3968,35.74368,0
            -117.39671,35.74384,0
            -117.39591,35.7454,0
            -117.39583,35.74557,0
            -117.39574,35.74573,0
            -117.39566,35.7459,0
            -117.39554,35.74611,0
            -117.3955,35.7462,0
            -117.39538,35.74639,0
            -117.39535,35.74643,0
            -117.3953,35.74651,0
            -117.39528,35.74655,0
            -117.39501,35.74686,0
            -117.39495,35.74692,0
            -117.3949,35.74698,0
            -117.39446,35.74742,0
            -117.39441,35.74746,0
            -117.39396,35.74786,0
            -117.39365,35.74812,0
            -117.39332,35.74835,0
            -117.393,35.74856,0
            -117.39293,35.74859,0
            -117.39269,35.74872,0
            -117.3924,35.74883,0
            -117.39225,35.74886,0
            -117.39211,35.74888,0
            -117.39184,35.7489,0
            -117.39181,35.74889,0
            -117.39154,35.74888,0
            -117.39104,35.74888,0
            -117.39064,35.74887,0
            -117.39027,35.7489,0
            -117.39006,35.74895,0
            -117.3898,35.74904,0
            -117.38962,35.74915,0
            -117.38952,35.74922,0
            -117.38943,35.74929,0
            -117.3894,35.74931,0
            -117.38733,35.75114,0
            -117.38728,35.75119,0
            -117.38724,35.75122,0
            -117.3872,35.75126,0
            -117.38682,35.75158,0
            -117.38676,35.75164,0
            -117.38592,35.75237,0
            -117.38577,35.75251,0
            -117.38501,35.75316,0
            -117.38498,35.75319,0
            -117.38443,35.75368,0
            -117.38406,35.75399,0
            -117.384,35.75405,0
            -117.3837,35.75432,0
            -117.38367,35.75434,0
            -117.38358,35.75442,0
            -117.38342,35.75455,0
            -117.38332,35.75461,0
            -117.38304,35.7548,0
            -117.38239,35.75518,0
            -117.37809,35.75755,0
            -117.37792,35.75763,0
            -117.37781,35.75769,0
            -117.37763,35.75775,0
            -117.37739,35.75782,0
            -117.37623,35.75805,0
            -117.37509,35.75824,0
            -117.37486,35.7583,0
            -117.37474,35.75834,0
            -117.37467,35.75835,0
            -117.37451,35.75841,0
            -117.37447,35.75842,0
            -117.37431,35.7585,0
            -117.37401,35.75867,0
            -117.37397,35.75868,0
            -117.37375,35.75884,0
            -117.37359,35.75898,0
            -117.37331,35.75929,0
            -117.37318,35.75948,0
            -117.3731,35.75963,0
            -117.37301,35.75983,0
            -117.37288,35.76018,0
            -117.37287,35.76022,0
            -117.3727,35.76063,0
            -117.37196,35.76264,0
            -117.37184,35.76299,0
            -117.37127,35.76451,0
            -117.37115,35.76486,0
            -117.37108,35.76503,0
            -117.37052,35.76657,0
            -117.37034,35.76703,0
            -117.36982,35.76845,0
            -117.36972,35.76885,0
            -117.36943,35.76968,0
            -117.36893,35.77104,0
            -117.36888,35.77116,0
            -117.3688,35.7714,0
            -117.36794,35.77369,0
            -117.36776,35.77409,0
            -117.36572,35.77968,0
            -117.36571,35.77972,0
            -117.36526,35.78094,0
            -117.36523,35.78101,0
            -117.3647,35.78247,0
            -117.36461,35.7827,0
            -117.36447,35.783,0
            -117.36426,35.78338,0
            -117.36393,35.78385,0
            -117.36333,35.78454,0
            -117.36272,35.78521,0
            -117.36214,35.78587,0
            -117.36056,35.78786,0
            -117.35938,35.78954,0
            -117.35928,35.7897,0
            -117.35863,35.79064,0
            -117.35713,35.79265,0
            -117.35623,35.79389,0
            -117.35618,35.79397,0
            -117.35547,35.79495,0
            -117.35534,35.79514,0
            -117.35523,35.79527,0
            -117.35495,35.79563,0
            -117.35198,35.79975,0
            -117.35147,35.80048,0
            -117.35135,35.80063,0
            -117.35005,35.80251,0
            -117.34804,35.8053,0
            -117.34755,35.80596,0
            -117.34751,35.80603,0
            -117.34575,35.80848,0
            -117.34533,35.80904,0
            -117.34478,35.80983,0
            -117.34467,35.81,0
            -117.34443,35.8104,0
            -117.34422,35.81081,0
            -117.34385,35.81165,0
            -117.34355,35.8126,0
            -117.34313,35.81405,0
            -117.34298,35.81452,0
            -117.34251,35.81618,0
            -117.34228,35.8169,0
            -117.34194,35.81803,0
            -117.34191,35.81815,0
            -117.34167,35.81893,0
            -117.34155,35.81937,0
            -117.33991,35.82492,0
            -117.33947,35.82632,0
            -117.33834,35.83013,0
            -117.33828,35.83031,0
            -117.33753,35.83285,0
            -117.33749,35.83303,0
            -117.33748,35.83305,0
            -117.33735,35.83375,0
            -117.33727,35.83432,0
            -117.33719,35.83511,0
            -117.33718,35.83517,0
            -117.33713,35.83587,0
            -117.33694,35.83789,0
            -117.33688,35.8387,0
            -117.33687,35.83876,0
            -117.3368,35.83966,0
            -117.33679,35.83971,0
            -117.33676,35.84001,0
            -117.33675,35.84019,0
            -117.33645,35.84342,0
            -117.33636,35.84456,0
            -117.3363,35.84504,0
            -117.33598,35.84872,0
            -117.33594,35.84908,0
            -117.33575,35.85124,0
            -117.33574,35.85142,0
            -117.33572,35.85159,0
            -117.33547,35.85447,0
            -117.33543,35.85482,0
            -117.33542,35.855,0
            -117.33524,35.85698,0
            -117.33523,35.85716,0
            -117.33506,35.85907,0
            -117.33505,35.85913,0
            -117.33495,35.86031,0
            -117.33492,35.86056,0
            -117.33492,35.86059,0
            -117.3346,35.86421,0
            -117.33459,35.86439,0
            -117.33439,35.86654,0
            -117.33438,35.86672,0
            -117.33416,35.86923,0
            -117.33412,35.86959,0
            -117.33387,35.8724,0
            -117.33387,35.87248,0
            -117.33329,35.87892,0
            -117.33328,35.8791,0
            -117.33299,35.88233,0
            -117.33298,35.88251,0
            -117.33276,35.88491,0
            -117.33255,35.88759,0
            -117.33248,35.88867,0
            -117.33246,35.88885,0
            -117.33228,35.89154,0
            -117.33226,35.89172,0
            -117.33224,35.89204,0
            -117.33196,35.89513,0
            -117.33195,35.89531,0
            -117.33177,35.89728,0
            -117.33176,35.89746,0
            -117.33161,35.89908,0
            -117.3316,35.89925,0
            -117.33153,35.89997,0
            -117.33152,35.90015,0
            -117.33151,35.90022,0
            -117.33131,35.90248,0
            -117.33131,35.90253,0
            -117.33122,35.90344,0
            -117.33119,35.90386,0
            -117.3311,35.90482,0
            -117.33109,35.905,0
            -117.33102,35.90571,0
            -117.33101,35.90589,0
            -117.33093,35.9067,0
            -117.33093,35.90679,0
            -117.33066,35.90984,0
            -117.33066,35.90988,0
            -117.33064,35.91002,0
            -117.33054,35.9111,0
            -117.33053,35.91127,0
            -117.33028,35.91397,0
            -117.33011,35.91606,0
            -117.32974,35.91998,0
            -117.32972,35.92039,0
            -117.32973,35.92097,0
            -117.32978,35.92146,0
            -117.32984,35.92189,0
            -117.32998,35.92244,0
            -117.33003,35.92259,0
            -117.33006,35.92271,0
            -117.33008,35.92277,0
            -117.33012,35.92294,0
            -117.33215,35.93032,0
            -117.33236,35.93102,0
            -117.33273,35.93242,0
            -117.33275,35.93248,0
            -117.33311,35.93383,0
            -117.33313,35.93389,0
            -117.33368,35.93584,0
            -117.33399,35.93701,0
            -117.33404,35.93716,0
            -117.33418,35.93769,0
            -117.33432,35.93816,0
            -117.33433,35.93821,0
            -117.33435,35.93827,0
            -117.33503,35.94078,0
            -117.33504,35.9408,0
            -117.33521,35.94147,0
            -117.33589,35.94396,0
            -117.3359,35.94397,0
            -117.33593,35.9441,0
            -117.33628,35.94537,0
            -117.33628,35.9454,0
            -117.33629,35.94547,0
            -117.3363,35.94559,0
            -117.33631,35.94591,0
            -117.33626,35.9462,0
            -117.33618,35.94653,0
            -117.33599,35.94699,0
            -117.33584,35.94729,0
            -117.33577,35.94746,0
            -117.33569,35.94762,0
            -117.33456,35.95005,0
            -117.33438,35.95046,0
            -117.33428,35.95066,0
            -117.33421,35.95083,0
            -117.3341,35.95105,0
            -117.33398,35.95134,0
            -117.33387,35.95156,0
            -117.33282,35.95387,0
            -117.33265,35.95436,0
            -117.33265,35.95439,0
            -117.33263,35.95455,0
            -117.33262,35.95475,0
            -117.33261,35.95484,0
            -117.33261,35.95502,0
            -117.33264,35.95523,0
            -117.33269,35.95544,0
            -117.3328,35.95581,0
            -117.33286,35.95598,0
            -117.33315,35.95692,0
            -117.33332,35.95725,0
            -117.33339,35.95735,0
            -117.33345,35.95746,0
            -117.33361,35.95766,0
            -117.33425,35.9584,0
            -117.33468,35.95887,0
            -117.33481,35.95904,0
            -117.33492,35.95922,0
            -117.33495,35.95931,0
            -117.33499,35.95941,0
            -117.33504,35.95963,0
            -117.33505,35.95966,0
            -117.33508,35.95984,0
            -117.33508,35.95988,0
            -117.33513,35.96023,0
            -117.33515,35.96049,0
            -117.33518,35.96059,0
            -117.33519,35.96065,0
            -117.33532,35.96093,0
            -117.33538,35.96104,0
            -117.33544,35.96112,0
            -117.33554,35.9612,0
            -117.33564,35.96127,0
            -117.33579,35.96135,0
            -117.33593,35.96141,0
            -117.33594,35.96141,0
            -117.33621,35.96152,0
            -117.33634,35.96158,0
            -117.33652,35.96165,0
            -117.33682,35.9618,0
            -117.33691,35.96185,0
            -117.33695,35.96188,0
            -117.33705,35.96193,0
            -117.33721,35.962,0
            -117.33758,35.96214,0
            -117.33769,35.96219,0
            -117.33778,35.96222,0
            -117.33789,35.96227,0
            -117.33795,35.96229,0
            -117.33814,35.96237,0
            -117.33847,35.96253,0
            -117.33863,35.96263,0
            -117.33877,35.96271,0
            -117.33896,35.96286,0
            -117.33905,35.96295,0
            -117.3393,35.96313,0
            -117.3395,35.9633,0
            -117.3398,35.96359,0
            -117.33989,35.96369,0
            -117.34002,35.96382,0
            -117.34007,35.96389,0
            -117.34012,35.96397,0
            -117.34022,35.96409,0
            -117.34029,35.96416,0
            -117.34044,35.96433,0
            -117.34054,35.96447,0
            -117.34057,35.96452,0
            -117.34059,35.96456,0
            -117.34069,35.96485,0
            -117.34072,35.96491,0
            -117.34074,35.96499,0
            -117.34075,35.96507,0
            -117.34077,35.96517,0
            -117.34076,35.96528,0
            -117.34076,35.9654,0
            -117.34075,35.96546,0
            -117.3407,35.96636,0
            -117.3407,35.96654,0
            -117.34069,35.96667,0
            -117.34072,35.96696,0
            -117.34077,35.96711,0
            -117.34091,35.96732,0
            -117.34103,35.96757,0
            -117.34107,35.96768,0
            -117.34108,35.96774,0
            -117.34109,35.96777,0
            -117.3411,35.96787,0
            -117.34107,35.96801,0
            -117.34104,35.96806,0
            -117.34095,35.96819,0
            -117.34089,35.96826,0
            -117.34085,35.96829,0
            -117.34074,35.96836,0
            -117.34073,35.96837,0
            -117.34054,35.96844,0
            -117.34033,35.96848,0
            -117.34028,35.96848,0
            -117.34004,35.96851,0
            -117.33993,35.96854,0
            -117.33982,35.96859,0
            -117.33974,35.96864,0
            -117.33966,35.96871,0
            -117.33959,35.9688,0
            -117.33955,35.96887,0
            -117.33953,35.96895,0
            -117.33952,35.96902,0
            -117.33952,35.96911,0
            -117.33953,35.96915,0
            -117.33954,35.96917,0
            -117.33955,35.9692,0
            -117.33959,35.96928,0
            -117.33973,35.96948,0
            -117.3399,35.96984,0
            -117.34004,35.97006,0
            -117.34015,35.9702,0
            -117.34022,35.97027,0
            -117.34023,35.97027,0
            -117.34025,35.97029,0
            -117.34029,35.97031,0
            -117.34036,35.97036,0
            -117.3404,35.97038,0
            -117.34046,35.97042,0
            -117.34051,35.97046,0
            -117.34054,35.9705,0
            -117.34056,35.97056,0
            -117.34057,35.97061,0
            -117.34059,35.97066,0
            -117.34061,35.97074,0
            -117.34062,35.97081,0
            -117.34062,35.97087,0
            -117.34061,35.97091,0
            -117.34055,35.97103,0
            -117.3405,35.97109,0
            -117.34045,35.97114,0
            -117.34031,35.97122,0
            -117.3402,35.97125,0
            -117.34005,35.9713,0
            -117.34,35.97132,0
            -117.33957,35.97142,0
            -117.33941,35.97149,0
            -117.33929,35.97157,0
            -117.33921,35.97167,0
            -117.33918,35.97173,0
            -117.33917,35.97184,0
            -117.33918,35.97192,0
            -117.3392,35.97199,0
            -117.33921,35.972,0
            -117.33923,35.97204,0
            -117.33928,35.97209,0
            -117.33934,35.97216,0
            -117.33944,35.97221,0
            -117.33951,35.97225,0
            -117.33961,35.97227,0
            -117.33973,35.97228,0
            -117.34005,35.97228,0
            -117.34016,35.97229,0
            -117.34019,35.97229,0
            -117.34034,35.97232,0
            -117.34052,35.9724,0
            -117.34061,35.97246,0
            -117.34083,35.97266,0
            -117.34093,35.97274,0
            -117.34176,35.9735,0
            -117.34234,35.97409,0
            -117.34248,35.97425,0
            -117.34253,35.9743,0
            -117.34261,35.97439,0
            -117.34263,35.9744,0
            -117.3431,35.97489,0
            -117.34323,35.97504,0
            -117.3434,35.97528,0
            -117.34392,35.97587,0
            -117.34411,35.97601,0
            -117.34479,35.97643,0
            -117.34506,35.97663,0
            -117.34514,35.97671,0
            -117.34524,35.97682,0
            -117.34539,35.97702,0
            -117.34546,35.97715,0
            -117.34555,35.97736,0
            -117.34557,35.97739,0
            -117.34561,35.97752,0
            -117.34561,35.97753,0
            -117.34565,35.97771,0
            -117.34566,35.97771,0
            -117.34578,35.9786,0
            -117.34589,35.97931,0
            -117.34591,35.97949,0
            -117.34597,35.97985,0
            -117.34604,35.98041,0
            -117.34606,35.98071,0
            -117.34605,35.98097,0
            -117.34603,35.9812,0
            -117.346,35.98142,0
            -117.3459,35.98181,0
            -117.34586,35.98199,0
            -117.34585,35.98201,0
            -117.34482,35.98542,0
            -117.34469,35.9858,0
            -117.34455,35.98615,0
            -117.34437,35.98655,0
            -117.34409,35.98707,0
            -117.34375,35.98758,0
            -117.34374,35.9876,0
            -117.34208,35.98994,0
            -117.34179,35.99033,0
            -117.34019,35.99259,0
            -117.34016,35.99262,0
            -117.34007,35.99274,0
            -117.33997,35.9929,0
            -117.33964,35.99337,0
            -117.33919,35.99398,0
            -117.33919,35.99399,0
            -117.33816,35.99544,0
            -117.33809,35.99555,0
            -117.33786,35.99586,0
            -117.33735,35.99659,0
            -117.33731,35.99664,0
            -117.33426,36.00093,0
            -117.33422,36.00098,0
            -117.33387,36.00149,0
            -117.33344,36.00225,0
            -117.33329,36.00259,0
            -117.33295,36.00347,0
            -117.33281,36.0038,0
            -117.33178,36.00639,0
            -117.33171,36.00655,0
            -117.3311,36.00809,0
            -117.33057,36.00935,0
            -117.33044,36.00962,0
            -117.33044,36.00963,0
            -117.32991,36.01061,0
            -117.32952,36.01124,0
            -117.32951,36.01125,0
            -117.32934,36.01152,0
            -117.32749,36.01417,0
            -117.32721,36.01454,0
            -117.327,36.0148,0
            -117.32664,36.01519,0
            -117.32634,36.01547,0
            -117.32612,36.01566,0
            -117.3252,36.01636,0
            -117.32465,36.01675,0
            -117.32464,36.01676,0
            -117.32398,36.01724,0
            -117.32382,36.01737,0
            -117.32358,36.01755,0
            -117.32323,36.01784,0
            -117.32267,36.01834,0
            -117.32231,36.01869,0
            -117.32216,36.01882,0
            -117.32207,36.01891,0
            -117.32155,36.01932,0
            -117.32121,36.01955,0
            -117.32119,36.01956,0
            -117.32097,36.0197,0
            -117.32058,36.0199,0
            -117.31995,36.02018,0
            -117.3193,36.02042,0
            -117.31926,36.02044,0
            -117.31905,36.02051,0
            -117.31799,36.02092,0
            -117.31718,36.02129,0
            -117.31546,36.02214,0
            -117.31537,36.02218,0
            -117.31423,36.02274,0
            -117.31404,36.02284,0
            -117.3129,36.0234,0
            -117.31281,36.02345,0
            -117.31271,36.02349,0
            -117.30879,36.02542,0
            -117.30872,36.02545,0
            -117.3083,36.02567,0
            -117.30746,36.02608,0
            -117.30648,36.0265,0
            -117.30601,36.02668,0
            -117.30553,36.02685,0
            -117.30473,36.02708,0
            -117.3039,36.02726,0
            -117.30278,36.02745,0
            -117.30078,36.02766,0
            -117.30056,36.02769,0
            -117.29241,36.02858,0
            -117.29237,36.02858,0
            -117.29064,36.02877,0
            -117.28984,36.02888,0
            -117.2891,36.02894,0
            -117.28844,36.02902,0
            -117.2884,36.02902,0
            -117.28823,36.02906,0
            -117.28782,36.02914,0
            -117.28739,36.02924,0
            -117.28656,36.02948,0
            -117.28633,36.02957,0
            -117.28613,36.02966,0
            -117.28574,36.02982,0
            -117.2856,36.02987,0
            -117.28526,36.03004,0
            -117.28477,36.03031,0
            -117.28452,36.03047,0
            -117.28392,36.03089,0
            -117.28344,36.03128,0
            -117.28318,36.03152,0
            -117.28294,36.03176,0
            -117.28279,36.03192,0
            -117.28232,36.03248,0
            -117.28209,36.03284,0
            -117.2819,36.03312,0
            -117.28164,36.03364,0
            -117.28149,36.03402,0
            -117.28127,36.03474,0
            -117.28119,36.03506,0
            -117.2809,36.03661,0
            -117.2809,36.03664,0
            -117.28068,36.03788,0
            -117.28064,36.03806,0
            -117.28058,36.03842,0
            -117.28058,36.03844,0
            -117.28035,36.03966,0
            -117.28031,36.03992,0
            -117.2801,36.04098,0
            -117.27951,36.04429,0
            -117.27942,36.04487,0
            -117.27938,36.04521,0
            -117.27937,36.04536,0
            -117.27936,36.04572,0
            -117.27938,36.04626,0
            -117.27939,36.04632,0
            -117.27939,36.04644,0
            -117.27944,36.04697,0
            -117.2795,36.04734,0
            -117.2795,36.04735,0
            -117.28022,36.05137,0
            -117.28026,36.05154,0
            -117.28038,36.05226,0
            -117.28042,36.05243,0
            -117.28042,36.05244,0
            -117.28067,36.05395,0
            -117.28133,36.0576,0
            -117.28137,36.05777,0
            -117.28166,36.05941,0
            -117.28178,36.06018,0
            -117.28309,36.06753,0
            -117.2831,36.06757,0
            -117.28433,36.07469,0
            -117.28461,36.0762,0
            -117.28465,36.07647,0
            -117.28551,36.08128,0
            -117.28556,36.0815,0
            -117.28767,36.09352,0
            -117.28767,36.09357,0
            -117.2887,36.09934,0
            -117.28875,36.09956,0
            -117.28886,36.10025,0
            -117.28886,36.10026,0
            -117.28911,36.10158,0
            -117.28912,36.10167,0
            -117.28946,36.10347,0
            -117.29147,36.11493,0
            -117.29151,36.11511,0
            -117.2921,36.1185,0
            -117.29214,36.11867,0
            -117.29402,36.12936,0
            -117.29406,36.12954,0
            -117.2955,36.13773,0
            -117.29554,36.1379,0
            -117.2961,36.14111,0
            -117.29614,36.14129,0
            -117.29648,36.14325,0
            -117.29652,36.14342,0
            -117.30045,36.16568,0
            -117.30053,36.16628,0
            -117.30053,36.16634,0
            -117.30055,36.16664,0
            -117.30055,36.1673,0
            -117.30054,36.16752,0
            -117.30049,36.16796,0
            -117.30038,36.1686,0
            -117.30028,36.169,0
            -117.30113,36.16913,0
            -117.30161,36.16924,0
            -117.30207,36.16939,0
            -117.30251,36.16958,0
            -117.30293,36.1698,0
            -117.30336,36.17009,0
            -117.30384,36.17055,0
            -117.30435,36.1712,0
            -117.30439,36.17126,0
            -117.30741,36.1753,0
            -117.30753,36.17545,0
            -117.30971,36.17838,0
            -117.30983,36.17853,0
            -117.30986,36.17858,0
            -117.31053,36.17945,0
            -117.31135,36.1806,0
            -117.31174,36.18103,0
            -117.31184,36.18112,0
            -117.31217,36.18136,0
            -117.3134,36.18214,0
            -117.31448,36.18277,0
            -117.31467,36.18287,0
            -117.31487,36.18299,0
            -117.31577,36.18348,0
            -117.31588,36.18353,0
            -117.31596,36.18358,0
            -117.31743,36.18439,0
            -117.31761,36.1845,0
            -117.31834,36.1849,0
            -117.31842,36.18495,0
            -117.32109,36.18644,0
            -117.32127,36.18655,0
            -117.32159,36.18672,0
            -117.32255,36.18727,0
            -117.32421,36.18817,0
            -117.32481,36.18853,0
            -117.32527,36.18883,0
            -117.32545,36.18894,0
            -117.32578,36.18918,0
            -117.32578,36.18919,0
            -117.32629,36.18961,0
            -117.32654,36.18984,0
            -117.32668,36.18996,0
            -117.32689,36.19018,0
            -117.32751,36.1909,0
            -117.32816,36.19179,0
            -117.32862,36.19239,0
            -117.32863,36.1924,0
            -117.32933,36.1933,0
            -117.32944,36.19346,0
            -117.32957,36.19362,0
            -117.33002,36.19423,0
            -117.3301,36.19433,0
            -117.33013,36.19438,0
            -117.33048,36.19485,0
            -117.33109,36.1958,0
            -117.33111,36.19584,0
            -117.33217,36.19758,0
            -117.3322,36.19762,0
            -117.33297,36.19887,0
            -117.33298,36.19889,0
            -117.33437,36.20112,0
            -117.33448,36.20131,0
            -117.33525,36.20253,0
            -117.33572,36.20334,0
            -117.33604,36.20399,0
            -117.33621,36.20439,0
            -117.3376,36.20741,0
            -117.33761,36.20742,0
            -117.3381,36.20851,0
            -117.33831,36.20894,0
            -117.33838,36.20911,0
            -117.33859,36.20954,0
            -117.33892,36.21043,0
            -117.33931,36.2122,0
            -117.33936,36.21238,0
            -117.33972,36.21393,0
            -117.33984,36.2145,0
            -117.33988,36.21466,0
            -117.33988,36.21468,0
            -117.3404,36.21683,0
            -117.34087,36.21892,0
            -117.34088,36.21895,0
            -117.34133,36.22098,0
            -117.34151,36.22157,0
            -117.34157,36.22174,0
            -117.34158,36.22179,0
            -117.34163,36.22191,0
            -117.34169,36.22208,0
            -117.34213,36.22298,0
            -117.34245,36.22358,0
            -117.34296,36.22458,0
            -117.34304,36.22475,0
            -117.3439,36.22641,0
            -117.34399,36.22657,0
            -117.34404,36.22667,0
            -117.34407,36.22674,0
            -117.34443,36.2274,0
            -117.34451,36.22757,0
            -117.34482,36.22813,0
            -117.34486,36.22823,0
            -117.34554,36.22956,0
            -117.34563,36.22972,0
            -117.34566,36.22979,0
            -117.3464,36.23122,0
            -117.34648,36.23139,0
            -117.34784,36.23405,0
            -117.3483,36.23538,0
            -117.34831,36.23543,0
            -117.34856,36.23614,0
            -117.34872,36.23665,0
            -117.34938,36.23862,0
            -117.34947,36.23891,0
            -117.34994,36.2403,0
            -117.34994,36.24032,0
            -117.35023,36.24117,0
            -117.35028,36.24134,0
            -117.35104,36.2436,0
            -117.35109,36.24377,0
            -117.35196,36.24638,0
            -117.35226,36.24724,0
            -117.35231,36.24742,0
            -117.35267,36.24846,0
            -117.35492,36.25525,0
            -117.35529,36.25632,0
            -117.35534,36.25649,0
            -117.35554,36.25706,0
            -117.35767,36.26349,0
            -117.35786,36.26402,0
            -117.35811,36.2646,0
            -117.35836,36.26506,0
            -117.35871,36.26561,0
            -117.35874,36.26564,0
            -117.35883,36.26576,0
            -117.35883,36.26578,0
            -117.35898,36.26598,0
            -117.35906,36.26607,0
            -117.35908,36.2661,0
            -117.35919,36.26622,0
            -117.35937,36.26644,0
            -117.37172,36.28018,0
            -117.37177,36.28023,0
            -117.37696,36.286,0
            -117.3771,36.28614,0
            -117.38544,36.29504,0
            -117.38557,36.29519,0
            -117.3892,36.29906,0
            -117.38934,36.2992,0
            -117.38947,36.29935,0
            -117.39108,36.30107,0
            -117.39112,36.3011,0
            -117.39325,36.30339,0
            -117.39391,36.30408,0
            -117.39404,36.30423,0
            -117.39432,36.30451,0
            -117.39704,36.30742,0
            -117.42346,36.33924,0
            -117.42361,36.33941,0
            -117.42361,36.33943,0
            -117.42362,36.33944,0
            -117.42364,36.33951,0
            -117.42254,36.33959,0
            -117.42248,36.33959,0
            -117.40763,36.34063,0
            -117.40735,36.34064,0
            -117.40717,36.34066,0
            -117.40082,36.34109,0
            -117.40079,36.34109,0
            -117.39145,36.34174,0
            -117.39122,36.34175,0
            -117.38153,36.34243,0
            -117.38097,36.34246,0
            -117.37963,36.34256,0
            -117.37954,36.34256,0
            -117.37697,36.34274,0
            -117.37671,36.34275,0
            -117.37583,36.34282,0
            -117.37406,36.34293,0
            -117.37289,36.34303,0
            -117.37153,36.34312,0
            -117.37122,36.34313,0
            -117.37113,36.34314,0
            -117.36814,36.34334,0
            -117.36794,36.34336,0
            -117.36394,36.34364,0
            -117.36303,36.34369,0
            -117.36282,36.34371,0
            -117.35971,36.34392,0
            -117.35904,36.34398,0
            -117.35882,36.34402,0
            -117.3586,36.34405,0
            -117.35832,36.34412,0
            -117.3571,36.34439,0
            -117.35666,36.34447,0
            -117.35549,36.34473,0
            -117.35517,36.34481,0
            -117.35498,36.34485,0
            -117.35453,36.34496,0
            -117.35408,36.34504,0
            -117.35384,36.34507,0
            -117.35348,36.34509,0
            -117.35332,36.34509,0
            -117.35317,36.34508,0
            -117.35301,36.34508,0
            -117.35286,36.34507,0
            -117.35251,36.34503,0
            -117.35242,36.34501,0
            -117.35234,36.345,0
            -117.35225,36.34498,0
            -117.35217,36.34497,0
            -117.35209,36.34495,0
            -117.3512,36.34479,0
            -117.35111,36.34477,0
            -117.35103,36.34476,0
            -117.35095,36.34474,0
            -117.35087,36.34473,0
            -117.35061,36.34468,0
            -117.35056,36.34468,0
            -117.35053,36.34467,0
            -117.3502,36.34464,0
            -117.35014,36.34463,0
            -117.35008,36.34463,0
            -117.34997,36.34462,0
            -117.34986,36.34462,0
            -117.34975,36.34461,0
            -117.34952,36.34461,0
            -117.3494,36.34462,0
            -117.34929,36.34462,0
            -117.34923,36.34463,0
            -117.34917,36.34463,0
            -117.34905,36.34464,0
            -117.34894,36.34466,0
            -117.34883,36.34467,0
            -117.34859,36.34471,0
            -117.34853,36.34473,0
            -117.34847,36.34474,0
            -117.34671,36.34521,0
            -117.34496,36.34565,0
            -117.3448,36.34568,0
            -117.34403,36.34585,0
            -117.34351,36.34595,0
            -117.34254,36.34617,0
            -117.34249,36.34619,0
            -117.34243,36.3462,0
            -117.34227,36.34626,0
            -117.34221,36.34627,0
            -117.34196,36.34636,0
            -117.3405,36.34681,0
            -117.34029,36.34689,0
            -117.34007,36.34696,0
            -117.33992,36.347,0
            -117.33921,36.34727,0
            -117.33912,36.34731,0
            -117.33903,36.34736,0
            -117.33895,36.34739,0
            -117.33768,36.34806,0
            -117.33722,36.34829,0
            -117.33719,36.3483,0
            -117.33718,36.34831,0
            -117.33716,36.34831,0
            -117.33711,36.34834,0
            -117.33671,36.34849,0
            -117.33617,36.34863,0
            -117.33596,36.34867,0
            -117.33534,36.34873,0
            -117.33499,36.34873,0
            -117.33492,36.34872,0
            -117.33479,36.34871,0
            -117.33474,36.34871,0
            -117.33452,36.34868,0
            -117.33428,36.34866,0
            -117.33263,36.34846,0
            -117.32891,36.34806,0
            -117.32872,36.34805,0
            -117.32864,36.34804,0
            -117.32862,36.34804,0
            -117.32857,36.34803,0
            -117.32789,36.348,0
            -117.32705,36.348,0
            -117.32685,36.34799,0
            -117.32675,36.34799,0
            -117.32661,36.34798,0
            -117.32643,36.34798,0
            -117.32624,36.34797,0
            -117.32594,36.34794,0
            -117.32533,36.34785,0
            -117.32507,36.3478,0
            -117.3247,36.34771,0
            -117.32444,36.34766,0
            -117.32354,36.34744,0
            -117.3225,36.34721,0
            -117.32229,36.34718,0
            -117.32227,36.34717,0
            -117.32224,36.34717,0
            -117.3182,36.34633,0
            -117.31799,36.34628,0
            -117.31745,36.34618,0
            -117.31732,36.34615,0
            -117.31723,36.34612,0
            -117.3171,36.34609,0
            -117.31688,36.34601,0
            -117.31666,36.34591,0
            -117.3165,36.34583,0
            -117.31622,36.34566,0
            -117.31609,36.34555,0
            -117.31603,36.34551,0
            -117.31593,36.34541,0
            -117.31589,36.34536,0
            -117.31576,36.34523,0
            -117.31574,36.3452,0
            -117.3157,36.34516,0
            -117.31564,36.34508,0
            -117.31554,36.34492,0
            -117.31528,36.34456,0
            -117.31518,36.34441,0
            -117.315,36.34416,0
            -117.31497,36.34413,0
            -117.31492,36.34405,0
            -117.31489,36.34402,0
            -117.31487,36.34398,0
            -117.31473,36.34378,0
            -117.31452,36.3435,0
            -117.31441,36.34337,0
            -117.31433,36.3433,0
            -117.31426,36.34322,0
            -117.31419,36.34316,0
            -117.31391,36.34295,0
            -117.3137,36.34283,0
            -117.31341,36.3427,0
            -117.31302,36.34256,0
            -117.31263,36.34248,0
            -117.31249,36.34246,0
            -117.31217,36.34244,0
            -117.31198,36.34244,0
            -117.31181,36.34245,0
            -117.31127,36.34253,0
            -117.31118,36.34255,0
            -117.31086,36.34265,0
            -117.31074,36.3427,0
            -117.3105,36.34282,0
            -117.31028,36.34294,0
            -117.30996,36.34317,0
            -117.30973,36.3434,0
            -117.30961,36.34354,0
            -117.30954,36.34363,0
            -117.30952,36.34367,0
            -117.3095,36.34369,0
            -117.30934,36.34401,0
            -117.30924,36.34433,0
            -117.30918,36.34459,0
            -117.3091,36.34484,0
            -117.30908,36.34488,0
            -117.309,36.3452,0
            -117.30889,36.34557,0
            -117.30882,36.34574,0
            -117.30877,36.34583,0
            -117.30865,36.34602,0
            -117.30851,36.3462,0
            -117.30844,36.34628,0
            -117.30838,36.34633,0
            -117.30824,36.34647,0
            -117.3081,36.34658,0
            -117.3078,36.34678,0
            -117.30768,36.34685,0
            -117.30749,36.34694,0
            -117.30704,36.34709,0
            -117.30685,36.34714,0
            -117.30677,36.34715,0
            -117.30664,36.34718,0
            -117.30651,36.34719,0
            -117.30638,36.34719,0
            -117.30624,36.3472,0
            -117.30596,36.3472,0
            -117.30588,36.34719,0
            -117.30581,36.34719,0
            -117.3055,36.34715,0
            -117.30349,36.34669,0
            -117.30338,36.34668,0
            -117.30333,36.34667,0
            -117.3031,36.34664,0
            -117.3027,36.34664,0
            -117.30257,36.34665,0
            -117.30242,36.34667,0
            -117.30209,36.34673,0
            -117.30192,36.34677,0
            -117.30142,36.34696,0
            -117.30123,36.34707,0
            -117.30093,36.34726,0
            -117.30086,36.34731,0
            -117.3006,36.34755,0
            -117.30051,36.34765,0
            -117.30026,36.34797,0
            -117.30016,36.34812,0
            -117.29949,36.34902,0
            -117.29924,36.34939,0
            -117.29918,36.34947,0
            -117.29916,36.34949,0
            -117.299,36.34969,0
            -117.29891,36.34978,0
            -117.29887,36.34983,0
            -117.29875,36.34995,0
            -117.2987,36.34999,0
            -117.29866,36.35004,0
            -117.29857,36.35011,0
            -117.29849,36.35019,0
            -117.29817,36.35044,0
            -117.29798,36.35057,0
            -117.29782,36.35067,0
            -117.29769,36.35074,0
            -117.29654,36.35142,0
            -117.29648,36.35146,0
            -117.29608,36.35169,0
            -117.29558,36.352,0
            -117.29545,36.35209,0
            -117.29532,36.35219,0
            -117.29531,36.35219,0
            -117.29526,36.35223,0
            -117.29516,36.35232,0
            -117.29512,36.35237,0
            -117.29506,36.35242,0
            -117.29502,36.35246,0
            -117.29485,36.35266,0
            -117.29479,36.35274,0
            -117.29471,36.35286,0
            -117.29456,36.35314,0
            -117.29453,36.35322,0
            -117.29445,36.35338,0
            -117.29423,36.35395,0
            -117.29359,36.35549,0
            -117.29349,36.3557,0
            -117.29337,36.35592,0
            -117.29319,36.35618,0
            -117.29316,36.35621,0
            -117.2931,36.35629,0
            -117.29283,36.35658,0
            -117.2927,36.3567,0
            -117.29246,36.3569,0
            -117.29235,36.35698,0
            -117.29221,36.35706,0
            -117.29197,36.35721,0
            -117.29175,36.35732,0
            -117.29151,36.35743,0
            -117.29138,36.35748,0
            -117.29052,36.35785,0
            -117.29017,36.35804,0
            -117.28992,36.35821,0
            -117.28987,36.35824,0
            -117.28978,36.35832,0
            -117.28968,36.3584,0
            -117.28951,36.35856,0
            -117.28932,36.35878,0
            -117.28916,36.35901,0
            -117.28904,36.35923,0
            -117.28898,36.35936,0
            -117.28885,36.35978,0
            -117.28879,36.36016,0
            -117.28878,36.36032,0
            -117.28874,36.36052,0
            -117.28869,36.36086,0
            -117.2886,36.36121,0
            -117.28846,36.36158,0
            -117.28835,36.36181,0
            -117.28826,36.36197,0
            -117.28797,36.3624,0
            -117.28785,36.36256,0
            -117.28775,36.36268,0
            -117.28696,36.36354,0
            -117.28672,36.36382,0
            -117.28665,36.36392,0
            -117.2866,36.36398,0
            -117.28655,36.36406,0
            -117.28642,36.36434,0
            -117.28637,36.36447,0
            -117.28634,36.36457,0
            -117.28631,36.3647,0
            -117.28629,36.36483,0
            -117.28628,36.36496,0
            -117.28628,36.36511,0
            -117.28629,36.36529,0
            -117.28631,36.36545,0
            -117.28634,36.36558,0
            -117.28637,36.36568,0
            -117.28641,36.36579,0
            -117.28695,36.3671,0
            -117.287,36.36725,0
            -117.28704,36.36739,0
            -117.28706,36.36751,0
            -117.28706,36.36764,0
            -117.28707,36.36771,0
            -117.28706,36.36783,0
            -117.28706,36.36791,0
            -117.28704,36.36803,0
            -117.287,36.36822,0
            -117.2869,36.36851,0
            -117.28673,36.36881,0
            -117.28654,36.36912,0
            -117.2864,36.36933,0
            -117.28631,36.36949,0
            -117.28614,36.36976,0
            -117.28596,36.37007,0
            -117.28591,36.37017,0
            -117.28582,36.3704,0
            -117.28574,36.37073,0
            -117.2857,36.37103,0
            -117.2857,36.37135,0
            -117.28571,36.37161,0
            -117.28571,36.37192,0
            -117.28573,36.37246,0
            -117.28574,36.37313,0
            -117.28572,36.3736,0
            -117.28567,36.3741,0
            -117.28552,36.37502,0
            -117.28545,36.37534,0
            -117.28532,36.37605,0
            -117.28524,36.3764,0
            -117.28508,36.37727,0
            -117.28494,36.37793,0
            -117.28486,36.37836,0
            -117.28474,36.3789,0
            -117.2846,36.37944,0
            -117.28443,36.37996,0
            -117.28334,36.38268,0
            -117.28321,36.38308,0
            -117.28307,36.38361,0
            -117.28303,36.38383,0
            -117.28301,36.38391,0
            -117.28261,36.38607,0
            -117.28259,36.38625,0
            -117.28239,36.38732,0
            -117.28236,36.38753,0
            -117.28202,36.38944,0
            -117.28195,36.38978,0
            -117.28133,36.3932,0
            -117.28128,36.39354,0
            -117.28121,36.39387,0
            -117.28104,36.39487,0
            -117.28098,36.39515,0
            -117.2808,36.3962,0
            -117.28079,36.39628,0
            -117.28076,36.3964,0
            -117.2805,36.39788,0
            -117.28041,36.39833,0
            -117.28013,36.39993,0
            -117.28011,36.40002,0
            -117.28003,36.4005,0
            -117.28,36.40064,0
            -117.28,36.40068,0
            -117.27996,36.40085,0
            -117.27984,36.40157,0
            -117.2797,36.40227,0
            -117.27955,36.40281,0
            -117.27949,36.40297,0
            -117.2794,36.40326,0
            -117.27912,36.404,0
            -117.27896,36.40451,0
            -117.27878,36.40524,0
            -117.27875,36.40534,0
            -117.27871,36.40544,0
            -117.27866,36.40554,0
            -117.27861,36.40566,0
            -117.27843,36.40594,0
            -117.27836,36.40604,0
            -117.27818,36.40625,0
            -117.27793,36.40651,0
            -117.27746,36.40703,0
            -117.2772,36.40739,0
            -117.27711,36.40753,0
            -117.27707,36.4076,0
            -117.277,36.4077,0
            -117.27684,36.40803,0
            -117.27619,36.40963,0
            -117.27605,36.40992,0
            -117.27584,36.41032,0
            -117.27567,36.41067,0
            -117.27545,36.41108,0
            -117.27531,36.41137,0
            -117.27521,36.41164,0
            -117.27514,36.41181,0
            -117.27472,36.4131,0
            -117.27466,36.41331,0
            -117.27462,36.41341,0
            -117.27459,36.41352,0
            -117.27454,36.41367,0
            -117.27451,36.41374,0
            -117.27449,36.41382,0
            -117.27433,36.4143,0
            -117.27422,36.41459,0
            -117.27415,36.41473,0
            -117.27396,36.415,0
            -117.27389,36.41509,0
            -117.27381,36.41518,0
            -117.27375,36.41527,0
            -117.27332,36.41582,0
            -117.27331,36.41584,0
            -117.27324,36.41591,0
            -117.27319,36.41598,0
            -117.27317,36.416,0
            -117.27303,36.41618,0
            -117.27295,36.41627,0
            -117.27289,36.41635,0
            -117.27284,36.4164,0
            -117.27282,36.41643,0
            -117.27276,36.4165,0
            -117.2727,36.41658,0
            -117.27264,36.41665,0
            -117.27258,36.41673,0
            -117.27247,36.41686,0
            -117.27245,36.41689,0
            -117.27216,36.41724,0
            -117.27207,36.41736,0
            -117.27188,36.41759,0
            -117.2717,36.41783,0
            -117.27147,36.41811,0
            -117.27096,36.41877,0
            -117.2709,36.41884,0
            -117.27072,36.41912,0
            -117.2707,36.41916,0
            -117.27068,36.41918,0
            -117.27068,36.41919,0
            -117.27064,36.41925,0
            -117.27062,36.41929,0
            -117.2706,36.41932,0
            -117.27059,36.41934,0
            -117.27056,36.41937,0
            -117.27053,36.41941,0
            -117.27038,36.41956,0
            -117.27026,36.41965,0
            -117.27021,36.41968,0
            -117.27014,36.41971,0
            -117.27001,36.41978,0
            -117.26988,36.41982,0
            -117.26971,36.41986,0
            -117.26959,36.41988,0
            -117.26941,36.4199,0
            -117.26936,36.4199,0
            -117.2693,36.41991,0
            -117.269,36.41991,0
            -117.26898,36.4199,0
            -117.2689,36.4199,0
            -117.26889,36.41989,0
            -117.26884,36.41989,0
            -117.26883,36.41988,0
            -117.26881,36.41988,0
            -117.26879,36.41987,0
            -117.26876,36.41987,0
            -117.26874,36.41986,0
            -117.26873,36.41986,0
            -117.26871,36.41985,0
            -117.26869,36.41985,0
            -117.26868,36.41984,0
            -117.26866,36.41984,0
            -117.26865,36.41983,0
            -117.26863,36.41983,0
            -117.26862,36.41982,0
            -117.2686,36.41982,0
            -117.26859,36.41981,0
            -117.26857,36.41981,0
            -117.26856,36.4198,0
            -117.26854,36.4198,0
            -117.26852,36.41979,0
            -117.2685,36.41979,0
            -117.26849,36.41978,0
            -117.26847,36.41977,0
            -117.26845,36.41977,0
            -117.26843,36.41976,0
            -117.26841,36.41976,0
            -117.26825,36.41972,0
            -117.2681,36.41967,0
            -117.26805,36.41966,0
            -117.26798,36.41966,0
            -117.26796,36.41965,0
            -117.26779,36.41965,0
            -117.26775,36.41966,0
            -117.26771,36.41966,0
            -117.26768,36.41967,0
            -117.26764,36.41967,0
            -117.26749,36.41971,0
            -117.26746,36.41973,0
            -117.26739,36.41975,0
            -117.26735,36.41977,0
            -117.26732,36.41978,0
            -117.26728,36.4198,0
            -117.26723,36.41982,0
            -117.26718,36.41985,0
            -117.26714,36.41987,0
            -117.26713,36.41988,0
            -117.26688,36.42003,0
            -117.26682,36.42008,0
            -117.2668,36.4201,0
            -117.26676,36.42012,0
            -117.2667,36.42017,0
            -117.26664,36.42023,0
            -117.26659,36.42027,0
            -117.26654,36.42032,0
            -117.26651,36.42036,0
            -117.26649,36.42038,0
            -117.26641,36.42048,0
            -117.26638,36.42053,0
            -117.26635,36.42057,0
            -117.26626,36.42072,0
            -117.26624,36.42077,0
            -117.26621,36.42082,0
            -117.26605,36.42123,0
            -117.26599,36.4214,0
            -117.26595,36.42154,0
            -117.26592,36.42162,0
            -117.26591,36.42169,0
            -117.2659,36.42171,0
            -117.2659,36.42173,0
            -117.26588,36.42187,0
            -117.26589,36.42194,0
            -117.26589,36.42201,0
            -117.26592,36.42225,0
            -117.26593,36.42228,0
            -117.26594,36.42236,0
            -117.26594,36.42249,0
            -117.26593,36.42258,0
            -117.26592,36.4226,0
            -117.26592,36.42262,0
            -117.26589,36.4227,0
            -117.26586,36.42281,0
            -117.26571,36.42307,0
            -117.26559,36.42323,0
            -117.26555,36.42326,0
            -117.26542,36.4234,0
            -117.26506,36.42376,0
            -117.26499,36.42382,0
            -117.26485,36.42396,0
            -117.26478,36.42404,0
            -117.26471,36.4241,0
            -117.264,36.42481,0
            -117.26388,36.42495,0
            -117.26377,36.42506,0
            -117.26375,36.42509,0
            -117.26374,36.42509,0
            -117.26366,36.42519,0
            -117.26356,36.42535,0
            -117.26352,36.4254,0
            -117.26332,36.42572,0
            -117.26323,36.42585,0
            -117.26322,36.42588,0
            -117.26311,36.42604,0
            -117.2631,36.42606,0
            -117.26275,36.42659,0
            -117.2627,36.42668,0
            -117.2626,36.42684,0
            -117.26252,36.42695,0
            -117.26228,36.42732,0
            -117.26213,36.4275,0
            -117.26202,36.4276,0
            -117.26202,36.42761,0
            -117.26193,36.4277,0
            -117.26188,36.42774,0
            -117.26184,36.42779,0
            -117.26173,36.42788,0
            -117.26171,36.4279,0
            -117.26114,36.42839,0
            -117.26096,36.42852,0
            -117.26095,36.42853,0
            -117.26084,36.42861,0
            -117.26061,36.42875,0
            -117.2606,36.42875,0
            -117.26039,36.42885,0
            -117.26024,36.42891,0
            -117.26021,36.42891,0
            -117.26021,36.42892,0
            -117.25966,36.4291,0
            -117.2596,36.42913,0
            -117.25894,36.42939,0
            -117.25862,36.42954,0
            -117.25775,36.42999,0
            -117.25774,36.43,0
            -117.25766,36.43005,0
            -117.25693,36.43045,0
            -117.25676,36.43055,0
            -117.25447,36.43179,0
            -117.25382,36.43216,0
            -117.25323,36.43247,0
            -117.25294,36.43264,0
            -117.25277,36.43275,0
            -117.25245,36.43298,0
            -117.25134,36.43395,0
            -117.25102,36.43429,0
            -117.25075,36.43463,0
            -117.25026,36.43534,0
            -117.25009,36.4356,0
            -117.24977,36.4362,0
            -117.2497,36.43637,0
            -117.24948,36.43707,0
            -117.24939,36.43733,0
            -117.24935,36.43739,0
            -117.2493,36.4375,0
            -117.24916,36.43775,0
            -117.24888,36.43817,0
            -117.24809,36.43926,0
            -117.24762,36.43997,0
            -117.24706,36.44085,0
            -117.2453,36.44378,0
            -117.24529,36.44381,0
            -117.24502,36.44424,0
            -117.24501,36.44427,0
            -117.24498,36.44431,0
            -117.24494,36.44439,0
            -117.24491,36.44443,0
            -117.24434,36.44541,0
            -117.24383,36.4464,0
            -117.24376,36.44655,0
            -117.24341,36.44742,0
            -117.24324,36.44788,0
            -117.24311,36.44817,0
            -117.24283,36.44888,0
            -117.24273,36.44911,0
            -117.24264,36.44937,0
            -117.24218,36.45093,0
            -117.242,36.45137,0
            -117.24184,36.4517,0
            -117.2418,36.4518,0
            -117.24157,36.45224,0
            -117.24123,36.45295,0
            -117.24078,36.45405,0
            -117.2403,36.45504,0
            -117.24017,36.45536,0
            -117.24008,36.45562,0
            -117.24005,36.45568,0
            -117.24001,36.45581,0
            -117.23997,36.45591,0
            -117.23992,36.45606,0
            -117.2395,36.45687,0
            -117.23888,36.458,0
            -117.23844,36.45884,0
            -117.23836,36.45901,0
            -117.23834,36.45906,0
            -117.23832,36.45909,0
            -117.23828,36.45917,0
            -117.23826,36.45923,0
            -117.23737,36.4611,0
            -117.23736,36.46113,0
            -117.23638,36.46321,0
            -117.23624,36.46358,0
            -117.23608,36.4641,0
            -117.23602,36.46449,0
            -117.23596,36.46498,0
            -117.23584,36.46581,0
            -117.2358,36.46598,0
            -117.23569,36.46658,0
            -117.23539,36.46799,0
            -117.23533,36.46833,0
            -117.23523,36.46899,0
            -117.23521,36.46906,0
            -117.23521,36.46912,0
            -117.2352,36.46915,0
            -117.23517,36.4693,0
            -117.23479,36.47084,0
            -117.23452,36.47187,0
            -117.23414,36.47301,0
            -117.23412,36.4731,0
            -117.2341,36.47314,0
            -117.23403,36.47337,0
            -117.23397,36.47353,0
            -117.23397,36.47355,0
            -117.23394,36.47362,0
            -117.23371,36.47432,0
            -117.23365,36.47448,0
            -117.23343,36.47519,0
            -117.23333,36.47547,0
            -117.23274,36.47736,0
            -117.23273,36.47737,0
            -117.23273,36.47739,0
            -117.23144,36.48128,0
            -117.23143,36.48133,0
            -117.23139,36.48145,0
            -117.23138,36.48147,0
            -117.23137,36.48151,0
            -117.23127,36.48179,0
            -117.23116,36.48215,0
            -117.23108,36.48238,0
            -117.23107,36.4824,0
            -117.22968,36.48638,0
            -117.2286,36.48977,0
            -117.22703,36.49497,0
            -117.22697,36.49525,0
            -117.22695,36.49538,0
            -117.22695,36.4954,0
            -117.22693,36.4955,0
            -117.22693,36.49561,0
            -117.22691,36.49588,0
            -117.2269,36.497,0
            -117.22686,36.49816,0
            -117.22685,36.49831,0
            -117.22685,36.49836,0
            -117.2268,36.49867,0
            -117.22672,36.49907,0
            -117.22671,36.49914,0
            -117.22668,36.49924,0
            -117.22667,36.49931,0
            -117.22655,36.49977,0
            -117.22647,36.50013,0
            -117.22645,36.5002,0
            -117.22613,36.50154,0
            -117.2259,36.50242,0
            -117.22589,36.50249,0
            -117.22572,36.50312,0
            -117.22572,36.50315,0
            -117.2248,36.50646,0
            -117.22479,36.50654,0
            -117.2246,36.50718,0
            -117.22431,36.50826,0
            -117.22431,36.50829,0
            -117.22428,36.50839,0
            -117.22416,36.50895,0
            -117.22414,36.50907,0
            -117.22409,36.50953,0
            -117.22409,36.50964,0
            -117.22407,36.50983,0
            -117.22406,36.51011,0
            -117.224,36.51086,0
            -117.224,36.5109,0
            -117.22397,36.51134,0
            -117.22395,36.5118,0
            -117.22393,36.51198,0
            -117.22393,36.51208,0
            -117.22388,36.51288,0
            -117.22386,36.51306,0
            -117.22386,36.51317,0
            -117.22385,36.51323,0
            -117.22383,36.51351,0
            -117.22382,36.5138,0
            -117.22378,36.5142,0
            -117.22378,36.51431,0
            -117.22371,36.51494,0
            -117.22367,36.51519,0
            -117.22367,36.51521,0
            -117.22365,36.51528,0
            -117.22364,36.51538,0
            -117.22352,36.51601,0
            -117.22349,36.5162,0
            -117.22347,36.51627,0
            -117.22346,36.51634,0
            -117.22335,36.51689,0
            -117.22332,36.51707,0
            -117.2233,36.51716,0
            -117.22328,36.51723,0
            -117.22326,36.51734,0
            -117.22324,36.51741,0
            -117.22318,36.51778,0
            -117.22314,36.51796,0
            -117.22302,36.51861,0
            -117.22296,36.51885,0
            -117.22291,36.51915,0
            -117.22287,36.51929,0
            -117.22282,36.51954,0
            -117.22278,36.51965,0
            -117.22276,36.51972,0
            -117.22276,36.51973,0
            -117.22264,36.52009,0
            -117.22246,36.52058,0
            -117.22225,36.52108,0
            -117.22166,36.52257,0
            -117.22164,36.52263,0
            -117.22158,36.52276,0
            -117.2211,36.52396,0
            -117.22073,36.52497,0
            -117.2207,36.52504,0
            -117.22041,36.52591,0
            -117.22037,36.52601,0
            -117.22035,36.52608,0
            -117.22031,36.52618,0
            -117.2203,36.52622,0
            -117.22014,36.52671,0
            -117.22011,36.52678,0
            -117.21984,36.52757,0
            -117.21965,36.52809,0
            -117.21963,36.52816,0
            -117.21935,36.52896,0
            -117.21932,36.52902,0
            -117.21929,36.52913,0
            -117.21911,36.52962,0
            -117.21881,36.53021,0
            -117.21866,36.53048,0
            -117.21862,36.53054,0
            -117.21857,36.53064,0
            -117.21847,36.5308,0
            -117.21821,36.53125,0
            -117.21799,36.53161,0
            -117.21796,36.53168,0
            -117.21776,36.532,0
            -117.21771,36.53209,0
            -117.2177,36.5321,0
            -117.21729,36.5328,0
            -117.21729,36.53282,0
            -117.21723,36.53291,0
            -117.21706,36.53321,0
            -117.2169,36.53347,0
            -117.21685,36.53357,0
            -117.21619,36.53471,0
            -117.21615,36.53477,0
            -117.21426,36.53803,0
            -117.21422,36.53809,0
            -117.21397,36.53853,0
            -117.21364,36.53908,0
            -117.21357,36.53921,0
            -117.21275,36.54062,0
            -117.21271,36.5407,0
            -117.2127,36.54071,0
            -117.21234,36.54136,0
            -117.21233,36.54137,0
            -117.21172,36.54244,0
            -117.21162,36.5426,0
            -117.21115,36.54342,0
            -117.21105,36.54358,0
            -117.21039,36.54472,0
            -117.2103,36.54489,0
            -117.20993,36.5455,0
            -117.20991,36.54554,0
            -117.20919,36.5468,0
            -117.20916,36.54684,0
            -117.20868,36.54766,0
            -117.20807,36.54875,0
            -117.20732,36.55003,0
            -117.20728,36.55011,0
            -117.20709,36.55043,0
            -117.20697,36.55065,0
            -117.2069,36.55076,0
            -117.20681,36.55092,0
            -117.20601,36.55225,0
            -117.20585,36.55255,0
            -117.2052,36.55369,0
            -117.205,36.55401,0
            -117.20484,36.55431,0
            -117.20472,36.5545,0
            -117.20424,36.55532,0
            -117.20395,36.55584,0
            -117.20372,36.55622,0
            -117.20368,36.5563,0
            -117.20264,36.55809,0
            -117.20255,36.55826,0
            -117.20123,36.56054,0
            -117.20118,36.56064,0
            -117.20105,36.56087,0
            -117.20077,36.56133,0
            -117.20076,36.56136,0
            -117.20031,36.56214,0
            -117.20008,36.56252,0
            -117.20002,36.56263,0
            -117.19984,36.56292,0
            -117.19974,36.56306,0
            -117.19969,36.56314,0
            -117.19965,36.56319,0
            -117.19935,36.56361,0
            -117.19924,36.56374,0
            -117.19911,36.56391,0
            -117.19874,36.56436,0
            -117.19868,36.56441,0
            -117.19854,36.56458,0
            -117.19779,36.56534,0
            -117.19777,36.56535,0
            -117.19734,36.56575,0
            -117.19733,36.56575,0
            -117.19729,36.56579,0
            -117.19704,36.56601,0
            -117.19658,36.56638,0
            -117.19643,36.56651,0
            -117.19552,36.56723,0
            -117.19537,36.56734,0
            -117.19523,36.56746,0
            -117.19508,36.56757,0
            -117.1948,36.56779,0
            -117.19478,36.56781,0
            -117.19463,36.56792,0
            -117.1937,36.56866,0
            -117.19343,36.56886,0
            -117.1933,36.56897,0
            -117.19317,36.56907,0
            -117.19304,36.56918,0
            -117.19299,36.56921,0
            -117.1929,36.56929,0
            -117.19288,36.5693,0
            -117.19244,36.56966,0
            -117.19182,36.57014,0
            -117.19177,36.57019,0
            -117.19161,36.57031,0
            -117.19145,36.57044,0
            -117.19099,36.57079,0
            -117.19096,36.57081,0
            -117.19077,36.57097,0
            -117.19016,36.57144,0
            -117.19008,36.57151,0
            -117.18916,36.57223,0
            -117.18902,36.57235,0
            -117.18887,36.57246,0
            -117.18842,36.57282,0
            -117.18841,36.57283,0
            -117.18827,36.57294,0
            -117.18825,36.57296,0
            -117.18812,36.57305,0
            -117.18798,36.57317,0
            -117.18474,36.57574,0
            -117.18458,36.57586,0
            -117.18427,36.57611,0
            -117.18402,36.5763,0
            -117.18259,36.57745,0
            -117.18235,36.57763,0
            -117.18234,36.57763,0
            -117.18219,36.57776,0
            -117.18092,36.57877,0
            -117.18089,36.57879,0
            -117.17488,36.58355,0
            -117.17486,36.58357,0
            -117.17335,36.58476,0
            -117.17321,36.58486,0
            -117.17305,36.585,0
            -117.17294,36.58508,0
            -117.17135,36.58634,0
            -117.1712,36.58647,0
            -117.16915,36.58808,0
            -117.16912,36.58811,0
            -117.16896,36.58823,0
            -117.1688,36.58836,0
            -117.16864,36.58848,0
            -117.16794,36.58905,0
            -117.16745,36.58943,0
            -117.16738,36.58949,0
            -117.16552,36.59096,0
            -117.16541,36.59104,0
            -117.16286,36.59307,0
            -117.16275,36.59315,0
            -117.1619,36.59382,0
            -117.16183,36.59388,0
            -117.16067,36.59479,0
            -117.16031,36.59509,0
            -117.1602,36.59517,0
            -117.1602,36.59518,0
            -117.15749,36.59732,0
            -117.15744,36.59737,0
            -117.15739,36.5974,0
            -117.15543,36.59895,0
            -117.15541,36.59896,0
            -117.15296,36.60089,0
            -117.15257,36.60121,0
            -117.15238,36.60135,0
            -117.15234,36.60139,0
            -117.15232,36.6014,0
            -117.15219,36.6015,0
            -117.15216,36.60152,0
            -117.15105,36.60241,0
            -117.1509,36.60252,0
            -117.15078,36.60262,0
            -117.14963,36.60351,0
            -117.14961,36.60354,0
            -117.14912,36.60391,0
            -117.14897,36.60404,0
            -117.14882,36.60418,0
            -117.14859,36.60441,0
            -117.14844,36.60459,0
            -117.1483,36.60477,0
            -117.14815,36.60499,0
            -117.14813,36.60501,0
            -117.14799,36.60522,0
            -117.14798,36.60524,0
            -117.14777,36.60555,0
            -117.14757,36.60582,0
            -117.14744,36.60595,0
            -117.14703,36.60632,0
            -117.14664,36.60663,0
            -117.14616,36.60698,0
            -117.14587,36.60717,0
            -117.14557,36.60734,0
            -117.14547,36.60739,0
            -117.14535,36.60744,0
            -117.14518,36.60752,0
            -117.1446,36.60771,0
            -117.14438,36.60777,0
            -117.14405,36.60784,0
            -117.14371,36.6079,0
            -117.14363,36.60791,0
            -117.14357,36.60791,0
            -117.14345,36.60793,0
            -117.14319,36.60794,0
            -117.14282,36.60794,0
            -117.1426,36.60793,0
            -117.14249,36.60792,0
            -117.14245,36.60792,0
            -117.14227,36.6079,0
            -117.14223,36.60789,0
            -117.142,36.60787,0
            -117.13956,36.60755,0
            -117.13713,36.6072,0
            -117.13671,36.60713,0
            -117.13636,36.60705,0
            -117.13541,36.60678,0
            -117.13485,36.60657,0
            -117.13425,36.60632,0
            -117.13409,36.60624,0
            -117.13296,36.60572,0
            -117.13239,36.60547,0
            -117.13206,36.60531,0
            -117.12992,36.60434,0
            -117.12973,36.60426,0
            -117.12945,36.60413,0
            -117.12895,36.60392,0
            -117.12859,36.60379,0
            -117.12823,36.60369,0
            -117.12772,36.60359,0
            -117.12696,36.60353,0
            -117.12679,36.60353,0
            -117.12663,36.60354,0
            -117.12645,36.60354,0
            -117.12638,36.60355,0
            -117.12633,36.60355,0
            -117.12617,36.60356,0
            -117.12604,36.60358,0
            -117.12558,36.60367,0
            -117.12418,36.604,0
            -117.12416,36.604,0
            -117.11993,36.60498,0
            -117.11986,36.605,0
            -117.1186,36.60529,0
            -117.11819,36.60537,0
            -117.11745,36.60548,0
            -117.11695,36.60552,0
            -117.1169,36.60552,0
            -117.11671,36.60554,0
            -117.11631,36.60555,0
            -117.11268,36.6055,0
            -117.11259,36.60549,0
            -117.1117,36.60544,0
            -117.11065,36.60534,0
            -117.10949,36.60517,0
            -117.10796,36.60489,0
            -117.10674,36.60464,0
            -117.1058,36.60441,0
            -117.10471,36.60409,0
            -117.1045,36.60402,0
            -117.10421,36.60391,0
            -117.10375,36.60375,0
            -117.10339,36.6036,0
            -117.10328,36.60356,0
            -117.10321,36.60353,0
            -117.10317,36.60352,0
            -117.10279,36.60335,0
            -117.10269,36.60331,0
            -117.10026,36.60218,0
            -117.10008,36.60209,0
            -117.1,36.60206,0
            -117.09929,36.60172,0
            -117.09901,36.6016,0
            -117.09855,36.60144,0
            -117.09806,36.60131,0
            -117.09785,36.60127,0
            -117.09763,36.60124,0
            -117.09761,36.60123,0
            -117.09732,36.60119,0
            -117.09703,36.60118,0
            -117.09684,36.60116,0
            -117.09657,36.60117,0
            -117.09629,36.60117,0
            -117.09568,36.60125,0
            -117.09538,36.60131,0
            -117.09512,36.60138,0
            -117.09493,36.60144,0
            -117.09429,36.6017,0
            -117.09405,36.60182,0
            -117.09368,36.60204,0
            -117.09333,36.60229,0
            -117.09151,36.60376,0
            -117.0914,36.60384,0
            -117.09063,36.60448,0
            -117.09047,36.6046,0
            -117.08809,36.60653,0
            -117.08801,36.60659,0
            -117.08667,36.60768,0
            -117.08651,36.6078,0
            -117.08604,36.60819,0
            -117.08588,36.60831,0
            -117.08556,36.60857,0
            -117.08541,36.6087,0
            -117.0827,36.61089,0
            -117.08245,36.61108,0
            -117.0821,36.6113,0
            -117.08204,36.61133,0
            -117.0819,36.61141,0
            -117.08163,36.61153,0
            -117.08147,36.61159,0
            -117.08134,36.61165,0
            -117.0812,36.61169,0
            -117.0809,36.61179,0
            -117.08049,36.61188,0
            -117.07977,36.61202,0
            -117.07966,36.61206,0
            -117.07937,36.61215,0
            -117.07912,36.61226,0
            -117.07896,36.61234,0
            -117.07884,36.61241,0
            -117.07875,36.61247,0
            -117.07859,36.61256,0
            -117.07831,36.61275,0
            -117.07825,36.6128,0
            -117.07792,36.61304,0
            -117.07778,36.61313,0
            -117.07603,36.61438,0
            -117.07565,36.61463,0
            -117.07514,36.61493,0
            -117.07503,36.615,0
            -117.07476,36.61514,0
            -117.0742,36.61539,0
            -117.07346,36.61568,0
            -117.07221,36.61614,0
            -117.07214,36.61616,0
            -117.06997,36.61696,0
            -117.06976,36.61703,0
            -117.06887,36.61737,0
            -117.06836,36.6176,0
            -117.06776,36.6179,0
            -117.06734,36.61817,0
            -117.06727,36.61822,0
            -117.0672,36.61826,0
            -117.06352,36.62071,0
            -117.06313,36.62098,0
            -117.05887,36.62382,0
            -117.05882,36.62385,0
            -117.05831,36.6242,0
            -117.05813,36.62431,0
            -117.05791,36.62447,0
            -117.05507,36.62636,0
            -117.05503,36.62638,0
            -117.05486,36.6265,0
            -117.05028,36.62955,0
            -117.05027,36.62955,0
            -117.05025,36.62957,0
            -117.0502,36.6296,0
            -117.04769,36.63128,0
            -117.04767,36.63129,0
            -117.04752,36.63139,0
            -117.0475,36.63141,0
            -117.047,36.63174,0
            -117.04698,36.63175,0
            -117.04681,36.63187,0
            -117.04338,36.63415,0
            -117.04336,36.63417,0
            -117.0423,36.63487,0
            -117.04226,36.6349,0
            -117.04008,36.63635,0
            -117.03991,36.63647,0
            -117.03974,36.63658,0
            -117.03957,36.6367,0
            -117.03836,36.6375,0
            -117.03812,36.63767,0
            -117.03664,36.63865,0
            -117.03647,36.63877,0
            -117.03591,36.63914,0
            -117.0356,36.63932,0
            -117.03504,36.63958,0
            -117.0344,36.63979,0
            -117.03432,36.63981,0
            -117.03429,36.63982,0
            -117.03411,36.63986,0
            -117.03396,36.6399,0
            -117.03389,36.63991,0
            -117.03381,36.63993,0
            -117.03325,36.64001,0
            -117.03323,36.64001,0
            -117.03302,36.64003,0
            -117.03282,36.64004,0
            -117.0323,36.64004,0
            -117.03218,36.64003,0
            -117.03211,36.64003,0
            -117.03179,36.64,0
            -117.03126,36.63992,0
            -117.03102,36.63987,0
            -117.03101,36.63987,0
            -117.03096,36.63985,0
            -117.03083,36.63982,0
            -117.03038,36.63968,0
            -117.02998,36.63952,0
            -117.02997,36.63952,0
            -117.02959,36.63934,0
            -117.02927,36.63915,0
            -117.02906,36.63901,0
            -117.02874,36.63876,0
            -117.02849,36.63855,0
            -117.02808,36.63812,0
            -117.02777,36.63777,0
            -117.02772,36.63772,0
            -117.02764,36.63762,0
            -117.02751,36.63748,0
            -117.02742,36.63737,0
            -117.02596,36.63571,0
            -117.02528,36.63498,0
            -117.02515,36.63485,0
            -117.02515,36.63484,0
            -117.02511,36.63481,0
            -117.0251,36.63479,0
            -117.02501,36.63471,0
            -117.02481,36.63451,0
            -117.02446,36.63418,0
            -117.02433,36.63407,0
            -117.02429,36.63402,0
            -117.02421,36.63396,0
            -117.02397,36.63375,0
            -117.02379,36.63361,0
            -117.02371,36.63354,0
            -117.02353,36.6334,0
            -117.0235,36.63338,0
            -117.02343,36.63332,0
            -117.02311,36.63308,0
            -117.02277,36.63284,0
            -117.02267,36.63278,0
            -117.02235,36.63256,0
            -117.02163,36.6321,0
            -117.02159,36.63208,0
            -117.02098,36.6317,0
            -117.02037,36.63128,0
            -117.02023,36.63119,0
            -117.01873,36.63011,0
            -117.01866,36.63005,0
            -117.01851,36.62995,0
            -117.01849,36.62993,0
            -117.01832,36.62982,0
            -117.01823,36.62975,0
            -117.01774,36.62941,0
            -117.01755,36.62929,0
            -117.01749,36.62924,0
            -117.0174,36.62919,0
            -117.01684,36.62885,0
            -117.01609,36.62843,0
            -117.01547,36.62812,0
            -117.01533,36.62806,0
            -117.01515,36.62797,0
            -117.01462,36.62773,0
            -117.01456,36.62771,0
            -117.01436,36.62762,0
            -117.01415,36.62754,0
            -117.01405,36.62749,0
            -117.0137,36.62736,0
            -117.01356,36.6273,0
            -117.01346,36.62727,0
            -117.01339,36.62724,0
            -117.01335,36.62723,0
            -117.01264,36.62698,0
            -117.01253,36.62695,0
            -117.01248,36.62693,0
            -117.01243,36.62692,0
            -117.01232,36.62688,0
            -117.01172,36.62671,0
            -117.01168,36.62669,0
            -117.01165,36.62669,0
            -117.01159,36.62667,0
            -117.011,36.62652,0
            -117.00899,36.6261,0
            -117.00898,36.62609,0
            -117.00878,36.62605,0
            -117.00877,36.62605,0
            -117.00815,36.62589,0
            -117.00793,36.62582,0
            -117.00791,36.62581,0
            -117.00772,36.62575,0
            -117.00771,36.62574,0
            -117.00761,36.62571,0
            -117.00741,36.62564,0
            -117.00673,36.62535,0
            -117.00672,36.62534,0
            -117.006,36.62498,0
            -117.00547,36.62464,0
            -117.00511,36.62438,0
            -117.00508,36.62435,0
            -117.00504,36.62432,0
            -117.00502,36.62431,0
            -117.00498,36.62427,0
            -117.00489,36.62421,0
            -117.00486,36.62418,0
            -117.0046,36.62398,0
            -117.00432,36.62374,0
            -117.00428,36.62371,0
            -117.00425,36.62368,0
            -117.00423,36.62367,0
            -117.00417,36.62361,0
            -117.00385,36.62334,0
            -117.0028,36.62241,0
            -116.99952,36.61958,0
            -116.99952,36.61957,0
            -116.99945,36.61952,0
            -116.99933,36.61941,0
            -116.99903,36.61916,0
            -116.99869,36.61886,0
            -116.99447,36.61539,0
            -116.99382,36.61488,0
            -116.99345,36.61457,0
            -116.99326,36.61443,0
            -116.99145,36.61299,0
            -116.99134,36.61291,0
            -116.99127,36.61285,0
            -116.9883,36.61057,0
            -116.98827,36.61055,0
            -116.9882,36.61049,0
            -116.98811,36.61043,0
            -116.98787,36.61024,0
            -116.9868,36.60944,0
            -116.98673,36.60938,0
            -116.98582,36.6087,0
            -116.98576,36.60866,0
            -116.98411,36.60742,0
            -116.98402,36.60736,0
            -116.98345,36.60693,0
            -116.98336,36.60687,0
            -116.98164,36.60559,0
            -116.98158,36.60554,0
            -116.98155,36.60552,0
            -116.98148,36.60546,0
            -116.98139,36.6054,0
            -116.98115,36.60521,0
            -116.98114,36.6052,0
            -116.98107,36.60515,0
            -116.98106,36.60514,0
            -116.98074,36.6049,0
            -116.98004,36.60432,0
            -116.97962,36.60395,0
            -116.97842,36.60284,0
            -116.97813,36.60256,0
            -116.97798,36.60243,0
            -116.9771,36.60161,0
            -116.97695,36.60148,0
            -116.97695,36.60147,0
            -116.97611,36.6007,0
            -116.97607,36.60067,0
            -116.97592,36.60053,0
            -116.97514,36.59989,0
            -116.97514,36.59988,0
            -116.97416,36.59917,0
            -116.97374,36.59889,0
            -116.97346,36.59869,0
            -116.97341,36.59866,0
            -116.97203,36.59773,0
            -116.97122,36.59724,0
            -116.97119,36.59723,0
            -116.97068,36.59695,0
            -116.96997,36.59658,0
            -116.96972,36.59646,0
            -116.96941,36.59633,0
            -116.96927,36.59626,0
            -116.96913,36.59621,0
            -116.96907,36.59618,0
            -116.96818,36.59582,0
            -116.96656,36.59521,0
            -116.96589,36.59498,0
            -116.96571,36.59491,0
            -116.96478,36.59462,0
            -116.96464,36.59459,0
            -116.96362,36.59432,0
            -116.96234,36.59402,0
            -116.96199,36.59396,0
            -116.96188,36.59393,0
            -116.96064,36.59369,0
            -116.96047,36.59365,0
            -116.95982,36.59353,0
            -116.95899,36.59336,0
            -116.95818,36.59321,0
            -116.95786,36.59314,0
            -116.95691,36.59296,0
            -116.95656,36.59288,0
            -116.95628,36.59283,0
            -116.95611,36.59279,0
            -116.95594,36.59276,0
            -116.95532,36.59263,0
            -116.95526,36.59261,0
            -116.95476,36.59247,0
            -116.95454,36.5924,0
            -116.95406,36.59222,0
            -116.95382,36.59212,0
            -116.95354,36.59199,0
            -116.9531,36.59177,0
            -116.9527,36.59155,0
            -116.95113,36.59056,0
            -116.95072,36.59034,0
            -116.95053,36.59025,0
            -116.95052,36.59024,0
            -116.95034,36.59015,0
            -116.94936,36.58974,0
            -116.94907,36.58964,0
            -116.94887,36.58958,0
            -116.94842,36.58942,0
            -116.94831,36.58939,0
            -116.94652,36.5888,0
            -116.94645,36.58877,0
            -116.94626,36.58872,0
            -116.94591,36.58861,0
            -116.94526,36.58844,0
            -116.94384,36.58813,0
            -116.94279,36.58785,0
            -116.94267,36.5878,0
            -116.94248,36.58774,0
            -116.94199,36.58751,0
            -116.94175,36.58738,0
            -116.94167,36.58732,0
            -116.9415,36.58721,0
            -116.94133,36.58709,0
            -116.94129,36.58707,0
            -116.94129,36.58706,0
            -116.94005,36.58611,0
            -116.94004,36.58611,0
            -116.94003,36.5861,0
            -116.93988,36.586,0
            -116.93979,36.58593,0
            -116.93972,36.58589,0
            -116.93955,36.58578,0
            -116.93951,36.58576,0
            -116.93935,36.58566,0
            -116.93901,36.58547,0
            -116.93896,36.58545,0
            -116.93852,36.58522,0
            -116.93659,36.58435,0
            -116.93629,36.5842,0
            -116.93611,36.5841,0
            -116.93577,36.58389,0
            -116.93573,36.58387,0
            -116.93572,36.58386,0
            -116.93512,36.58347,0
            -116.93498,36.58336,0
            -116.93489,36.58328,0
            -116.93487,36.58327,0
            -116.93464,36.58309,0
            -116.93395,36.5825,0
            -116.93382,36.58238,0
            -116.9338,36.58237,0
            -116.93365,36.58224,0
            -116.93364,36.58222,0
            -116.9332,36.58184,0
            -116.93311,36.58175,0
            -116.93299,36.58164,0
            -116.93275,36.58144,0
            -116.93234,36.58103,0
            -116.93199,36.58065,0
            -116.93147,36.58006,0
            -116.93091,36.5794,0
            -116.9309,36.57938,0
            -116.93078,36.57925,0
            -116.93052,36.57894,0
            -116.93048,36.5789,0
            -116.92975,36.57804,0
            -116.92958,36.57787,0
            -116.9295,36.57778,0
            -116.92948,36.57777,0
            -116.92935,36.57762,0
            -116.92903,36.57732,0
            -116.92886,36.57717,0
            -116.92861,36.57697,0
            -116.92794,36.57649,0
            -116.9277,36.57634,0
            -116.92747,36.57621,0
            -116.92731,36.57611,0
            -116.9271,36.57599,0
            -116.92702,36.57596,0
            -116.92683,36.57586,0
            -116.92447,36.57478,0
            -116.92411,36.57464,0
            -116.92408,36.57462,0
            -116.92389,36.57454,0
            -116.92277,36.57411,0
            -116.92233,36.57396,0
            -116.92128,36.57365,0
            -116.92038,36.57342,0
            -116.92036,36.57342,0
            -116.92019,36.57337,0
            -116.91917,36.57313,0
            -116.91844,36.57294,0
            -116.91768,36.57271,0
            -116.91739,36.57261,0
            -116.91702,36.57246,0
            -116.91688,36.57241,0
            -116.91679,36.57237,0
            -116.91675,36.57236,0
            -116.91632,36.57216,0
            -116.91575,36.57185,0
            -116.91497,36.57135,0
            -116.9148,36.57125,0
            -116.91478,36.57123,0
            -116.9147,36.57119,0
            -116.91464,36.57114,0
            -116.91458,36.57111,0
            -116.91435,36.57098,0
            -116.91408,36.57084,0
            -116.91358,36.57064,0
            -116.9133,36.57055,0
            -116.91325,36.57054,0
            -116.91323,36.57053,0
            -116.91238,36.57028,0
            -116.91197,36.57013,0
            -116.91181,36.57005,0
            -116.9118,36.57005,0
            -116.91179,36.57004,0
            -116.91164,36.56997,0
            -116.91135,36.5698,0
            -116.91093,36.56952,0
            -116.91075,36.56938,0
            -116.91074,36.56937,0
            -116.91053,36.56921,0
            -116.91018,36.5689,0
            -116.90976,36.56849,0
            -116.90966,36.56838,0
            -116.90945,36.56813,0
            -116.90931,36.56794,0
            -116.90917,36.56773,0
            -116.90904,36.56749,0
            -116.909,36.56743,0
            -116.90892,36.56728,0
            -116.90877,36.56692,0
            -116.9086,36.56646,0
            -116.90828,36.56547,0
            -116.90817,36.56522,0
            -116.90814,36.56513,0
            -116.90805,36.56495,0
            -116.90798,36.56479,0
            -116.90784,36.56456,0
            -116.9077,36.56436,0
            -116.9074,36.564,0
            -116.90739,36.56398,0
            -116.90726,36.56383,0
            -116.90721,36.56378,0
            -116.907,36.56354,0
            -116.90693,36.56347,0
            -116.90689,36.56342,0
            -116.90654,36.56305,0
            -116.90606,36.56261,0
            -116.90571,36.56231,0
            -116.9053,36.56201,0
            -116.9048,36.56168,0
            -116.90447,36.56149,0
            -116.90391,36.56119,0
            -116.90316,36.56082,0
            -116.90312,36.56081,0
            -116.903,36.56074,0
            -116.9003,36.55943,0
            -116.89976,36.55919,0
            -116.89973,36.55918,0
            -116.89943,36.55905,0
            -116.89878,36.55879,0
            -116.89813,36.55855,0
            -116.89812,36.55855,0
            -116.8981,36.55854,0
            -116.8975,36.55833,0
            -116.89629,36.55787,0
            -116.89626,36.55787,0
            -116.8961,36.5578,0
            -116.89606,36.55779,0
            -116.89598,36.55776,0
            -116.89567,36.55762,0
            -116.89533,36.55745,0
            -116.89515,36.55733,0
            -116.89514,36.55732,0
            -116.89512,36.55731,0
            -116.8948,36.55709,0
            -116.89468,36.55699,0
            -116.89444,36.55677,0
            -116.89415,36.55648,0
            -116.89375,36.55592,0
            -116.89362,36.55569,0
            -116.89358,36.55561,0
            -116.89357,36.5556,0
            -116.89349,36.55544,0
            -116.89347,36.55542,0
            -116.8932,36.55489,0
            -116.89307,36.55461,0
            -116.89305,36.55458,0
            -116.89289,36.55423,0
            -116.89281,36.55403,0
            -116.89276,36.55387,0
            -116.89268,36.55357,0
            -116.89267,36.55355,0
            -116.89264,36.5534,0
            -116.89261,36.5533,0
            -116.89245,36.55232,0
            -116.89245,36.5523,0
            -116.89235,36.55171,0
            -116.89234,36.55162,0
            -116.89233,36.55159,0
            -116.8922,36.55106,0
            -116.89212,36.55085,0
            -116.89208,36.55073,0
            -116.89207,36.55072,0
            -116.89202,36.55056,0
            -116.89201,36.55054,0
            -116.89196,36.55041,0
            -116.89187,36.55021,0
            -116.8916,36.54969,0
            -116.89144,36.54941,0
            -116.89142,36.54938,0
            -116.8914,36.54933,0
            -116.89101,36.54871,0
            -116.89051,36.54796,0
            -116.88985,36.54706,0
            -116.88984,36.54704,0
            -116.88955,36.54669,0
            -116.88907,36.54615,0
            -116.88856,36.54563,0
            -116.88818,36.54527,0
            -116.88811,36.54521,0
            -116.88807,36.54518,0
            -116.88742,36.54459,0
            -116.88715,36.54433,0
            -116.88694,36.54414,0
            -116.88681,36.544,0
            -116.88677,36.54395,0
            -116.88671,36.54389,0
            -116.88652,36.54367,0
            -116.88621,36.54326,0
            -116.88603,36.543,0
            -116.88575,36.54254,0
            -116.88555,36.54214,0
            -116.88543,36.54185,0
            -116.88529,36.54148,0
            -116.88515,36.54102,0
            -116.88512,36.54089,0
            -116.8851,36.54083,0
            -116.88376,36.53564,0
            -116.88373,36.53555,0
            -116.88359,36.53502,0
            -116.88342,36.5345,0
            -116.88341,36.53446,0
            -116.88338,36.53437,0
            -116.88336,36.53433,0
            -116.88281,36.53286,0
            -116.88277,36.53272,0
            -116.88274,36.53264,0
            -116.88272,36.53254,0
            -116.88266,36.53231,0
            -116.88259,36.53189,0
            -116.88259,36.53185,0
            -116.88255,36.5314,0
            -116.88255,36.53069,0
            -116.88256,36.53049,0
            -116.88258,36.53032,0
            -116.88258,36.53027,0
            -116.88281,36.52853,0
            -116.88288,36.52771,0
            -116.88288,36.52759,0
            -116.8829,36.52723,0
            -116.8829,36.52662,0
            -116.88289,36.52639,0
            -116.88288,36.52633,0
            -116.8828,36.52532,0
            -116.88273,36.52471,0
            -116.88273,36.52468,0
            -116.88263,36.52381,0
            -116.88263,36.52378,0
            -116.8825,36.52298,0
            -116.88233,36.52221,0
            -116.88232,36.52218,0
            -116.88229,36.52206,0
            -116.88229,36.52204,0
            -116.88209,36.52133,0
            -116.88209,36.52131,0
            -116.88161,36.51968,0
            -116.88154,36.51939,0
            -116.88144,36.51884,0
            -116.88142,36.51869,0
            -116.88142,36.51862,0
            -116.8814,36.5184,0
            -116.8814,36.51777,0
            -116.88142,36.51762,0
            -116.88142,36.51753,0
            -116.88152,36.5168,0
            -116.88163,36.51637,0
            -116.88163,36.51634,0
            -116.88176,36.51584,0
            -116.8818,36.51566,0
            -116.8818,36.51562,0
            -116.88182,36.51554,0
            -116.8819,36.51502,0
            -116.88192,36.51472,0
            -116.88191,36.5144,0
            -116.88187,36.514,0
            -116.88178,36.51353,0
            -116.88177,36.51352,0
            -116.88172,36.51334,0
            -116.88168,36.51317,0
            -116.88151,36.51266,0
            -116.88127,36.51206,0
            -116.88122,36.51196,0
            -116.88099,36.51143,0
            -116.88057,36.51062,0
            -116.88055,36.51059,0
            -116.87955,36.50882,0
            -116.87952,36.50875,0
            -116.8794,36.50855,0
            -116.87771,36.50557,0
            -116.87723,36.50484,0
            -116.87704,36.5046,0
            -116.87693,36.50445,0
            -116.87627,36.50363,0
            -116.87611,36.50341,0
            -116.87609,36.50339,0
            -116.87598,36.50321,0
            -116.8758,36.50287,0
            -116.87569,36.50262,0
            -116.87557,36.50229,0
            -116.87542,36.5017,0
            -116.87538,36.50128,0
            -116.87534,36.50048,0
            -116.87534,36.49995,0
            -116.87533,36.49961,0
            -116.87531,36.4993,0
            -116.87524,36.49879,0
            -116.87516,36.49842,0
            -116.87507,36.49807,0
            -116.87507,36.49806,0
            -116.87496,36.49772,0
            -116.87472,36.49716,0
            -116.87461,36.49693,0
            -116.87452,36.49677,0
            -116.87444,36.49661,0
            -116.87422,36.49627,0
            -116.87406,36.49604,0
            -116.87351,36.4953,0
            -116.8734,36.49514,0
            -116.87328,36.49499,0
            -116.87321,36.49488,0
            -116.87247,36.49388,0
            -116.8719,36.49314,0
            -116.87179,36.49298,0
            -116.87132,36.49237,0
            -116.87,36.49059,0
            -116.86988,36.49044,0
            -116.86977,36.49028,0
            -116.86949,36.48991,0
            -116.86929,36.48962,0
            -116.86924,36.48953,0
            -116.86912,36.48934,0
            -116.86911,36.48933,0
            -116.86899,36.48909,0
            -116.86855,36.48793,0
            -116.86851,36.4878,0
            -116.86848,36.48768,0
            -116.86844,36.48744,0
            -116.86844,36.48722,0
            -116.86845,36.48712,0
            -116.86845,36.48708,0
            -116.86846,36.48701,0
            -116.86849,36.48691,0
            -116.86849,36.48688,0
            -116.86858,36.48662,0
            -116.86862,36.48654,0
            -116.86867,36.48646,0
            -116.86872,36.48637,0
            -116.86885,36.48617,0
            -116.86893,36.48609,0
            -116.86896,36.48605,0
            -116.86901,36.486,0
            -116.86907,36.48595,0
            -116.86922,36.4858,0
            -116.86954,36.48554,0
            -116.86983,36.48527,0
            -116.86998,36.48512,0
            -116.87024,36.48483,0
            -116.87036,36.48468,0
            -116.87042,36.48462,0
            -116.87105,36.48382,0
            -116.87118,36.48361,0
            -116.87129,36.48338,0
            -116.87132,36.4833,0
            -116.87134,36.48326,0
            -116.87139,36.48296,0
            -116.87139,36.48273,0
            -116.87138,36.48255,0
            -116.87135,36.48237,0
            -116.87131,36.4822,0
            -116.87127,36.48209,0
            -116.87125,36.48202,0
            -116.87121,36.48193,0
            -116.87117,36.48186,0
            -116.87114,36.48179,0
            -116.87108,36.48169,0
            -116.8709,36.48145,0
            -116.87074,36.48127,0
            -116.86957,36.4801,0
            -116.86937,36.47989,0
            -116.86925,36.47979,0
            -116.86916,36.4797,0
            -116.86911,36.47964,0
            -116.869,36.47946,0
            -116.86898,36.47944,0
            -116.86892,36.47933,0
            -116.86873,36.47889,0
            -116.86861,36.47853,0
            -116.86853,36.47826,0
            -116.86834,36.4775,0
            -116.86777,36.47462,0
            -116.86776,36.47453,0
            -116.86773,36.47442,0
            -116.86772,36.47436,0
            -116.86772,36.47433,0
            -116.8677,36.47425,0
            -116.86759,36.47371,0
            -116.86758,36.47362,0
            -116.86757,36.47357,0
            -116.86756,36.47354,0
            -116.86756,36.47353,0
            -116.86749,36.47316,0
            -116.86734,36.47247,0
            -116.86716,36.47148,0
            -116.86716,36.47143,0
            -116.86715,36.47142,0
            -116.86711,36.47108,0
            -116.86711,36.47107,0
            -116.86707,36.47074,0
            -116.86703,36.47031,0
            -116.86699,36.46964,0
            -116.86699,36.46958,0
            -116.86696,36.46927,0
            -116.86694,36.46894,0
            -116.86694,36.46888,0
            -116.86689,36.46827,0
            -116.86689,36.4682,0
            -116.86687,36.46806,0
            -116.86682,36.46784,0
            -116.86669,36.46745,0
            -116.86654,36.46706,0
            -116.86653,36.46702,0
            -116.86637,36.46664,0
            -116.86624,36.46629,0
            -116.86572,36.46502,0
            -116.86567,36.46483,0
            -116.86563,36.4647,0
            -116.86563,36.46466,0
            -116.8656,36.46448,0
            -116.8656,36.46447,0
            -116.86558,36.46433,0
            -116.86557,36.46417,0
            -116.86557,36.46239,0
            -116.8654,36.46006,0
            -116.86539,36.45982,0
            -116.86536,36.45951,0
            -116.86526,36.45813,0
            -116.86524,36.45796,0
            -116.86524,36.4579,0
            -116.86513,36.45666,0
            -116.86507,36.45629,0
            -116.86505,36.45611,0
            -116.86502,36.45596,0
            -116.86502,36.45594,0
            -116.86497,36.45571,0
            -116.86491,36.45549,0
            -116.86471,36.45487,0
            -116.86457,36.45448,0
            -116.86456,36.45447,0
            -116.86449,36.45429,0
            -116.86434,36.45398,0
            -116.86423,36.4538,0
            -116.8642,36.45373,0
            -116.86414,36.45364,0
            -116.86411,36.45358,0
            -116.86388,36.45324,0
            -116.86358,36.45282,0
            -116.86324,36.45242,0
            -116.86289,36.45205,0
            -116.8627,36.45187,0
            -116.86221,36.45145,0
            -116.86192,36.45123,0
            -116.86168,36.45106,0
            -116.86145,36.45091,0
            -116.86141,36.45088,0
            -116.86069,36.45045,0
            -116.86032,36.45025,0
            -116.86007,36.45014,0
            -116.85993,36.45007,0
            -116.8597,36.44998,0
            -116.85958,36.44994,0
            -116.85945,36.44989,0
            -116.85896,36.44973,0
            -116.85891,36.44971,0
            -116.85792,36.44939,0
            -116.85787,36.44938,0
            -116.85542,36.44861,0
            -116.85501,36.44847,0
            -116.8548,36.44841,0
            -116.85475,36.4484,0
            -116.85466,36.44837,0
            -116.85451,36.44833,0
            -116.8544,36.44831,0
            -116.85436,36.44831,0
            -116.85418,36.44828,0
            -116.85389,36.44826,0
            -116.85366,36.44826,0
            -116.85363,36.44827,0
            -116.85352,36.44827,0
            -116.85339,36.44829,0
            -116.85327,36.4483,0
            -116.85324,36.44831,0
            -116.85295,36.44837,0
            -116.85277,36.44843,0
            -116.85251,36.44855,0
            -116.85232,36.44867,0
            -116.85224,36.44874,0
            -116.85203,36.44896,0
            -116.85181,36.44923,0
            -116.85163,36.44948,0
            -116.85146,36.44969,0
            -116.85123,36.44995,0
            -116.85106,36.4501,0
            -116.85098,36.45016,0
            -116.85093,36.45019,0
            -116.85084,36.45026,0
            -116.85073,36.45033,0
            -116.8506,36.45043,0
            -116.85044,36.45053,0
            -116.85022,36.45068,0
            -116.84978,36.45096,0
            -116.84973,36.451,0
            -116.84945,36.45117,0
            -116.84917,36.45132,0
            -116.84909,36.45134,0
            -116.84899,36.45138,0
            -116.84898,36.45138,0
            -116.84872,36.45142,0
            -116.84809,36.45142,0
            -116.84767,36.45139,0
            -116.84764,36.45139,0
            -116.84742,36.45136,0
            -116.84738,36.45136,0
            -116.84562,36.4509,0
            -116.84418,36.4505,0
            -116.84399,36.45043,0
            -116.84391,36.45039,0
            -116.84387,36.45038,0
            -116.84381,36.45035,0
            -116.84376,36.45032,0
            -116.84368,36.45028,0
            -116.84366,36.45026,0
            -116.84363,36.45024,0
            -116.8435,36.45014,0
            -116.84342,36.45006,0
            -116.84337,36.45002,0
            -116.84333,36.44996,0
            -116.84323,36.44984,0
            -116.84317,36.44974,0
            -116.84313,36.44965,0
            -116.84304,36.44948,0
            -116.84304,36.44947,0
            -116.84217,36.44766,0
            -116.84216,36.44765,0
            -116.84216,36.44763,0
            -116.8419,36.44708,0
            -116.84186,36.44697,0
            -116.84175,36.44673,0
            -116.84173,36.4467,0
            -116.84166,36.44654,0
            -116.8415,36.44627,0
            -116.84146,36.44621,0
            -116.84142,36.44614,0
            -116.84136,36.44606,0
            -116.84135,36.44605,0
            -116.84129,36.44596,0
            -116.84121,36.44588,0
            -116.84102,36.44573,0
            -116.84091,36.44567,0
            -116.84088,36.44565,0
            -116.8408,36.44561,0
            -116.84071,36.44558,0
            -116.8407,36.44557,0
            -116.84061,36.44554,0
            -116.8405,36.44551,0
            -116.84042,36.44548,0
            -116.83999,36.44536,0
            -116.83979,36.44529,0
            -116.8397,36.44525,0
            -116.83958,36.44521,0
            -116.83941,36.44512,0
            -116.83936,36.4451,0
            -116.8393,36.44506,0
            -116.83929,36.44505,0
            -116.83915,36.44496,0
            -116.83908,36.44491,0
            -116.83897,36.44482,0
            -116.83891,36.44478,0
            -116.83872,36.44459,0
            -116.83864,36.44449,0
            -116.8386,36.44445,0
            -116.83854,36.44438,0
            -116.8385,36.44434,0
            -116.83839,36.44421,0
            -116.8383,36.44408,0
            -116.83822,36.44399,0
            -116.83789,36.44355,0
            -116.83784,36.44349,0
            -116.83783,36.44347,0
            -116.83772,36.44336,0
            -116.83766,36.44331,0
            -116.83761,36.44326,0
            -116.83748,36.44315,0
            -116.83653,36.44243,0
            -116.83623,36.44222,0
            -116.83617,36.44219,0
            -116.83611,36.44215,0
            -116.83604,36.44212,0
            -116.83591,36.44205,0
            -116.8358,36.442,0
            -116.83553,36.44189,0
            -116.83545,36.44187,0
            -116.83544,36.44186,0
            -116.83484,36.44169,0
            -116.83482,36.44169,0
            -116.83475,36.44166,0
            -116.83465,36.44163,0
            -116.83421,36.44146,0
            -116.83343,36.44111,0
            -116.83325,36.44104,0
            -116.83295,36.44091,0
            -116.83283,36.44087,0
            -116.83281,36.44087,0
            -116.83268,36.44083,0
            -116.83257,36.44079,0
            -116.83136,36.44045,0
            -116.83135,36.44045,0
            -116.83077,36.44024,0
            -116.82968,36.43979,0
            -116.82965,36.43978,0
            -116.82935,36.43965,0
            -116.82934,36.43965,0
            -116.82894,36.4395,0
            -116.82866,36.43938,0
            -116.8286,36.43936,0
            -116.82647,36.43852,0
            -116.82638,36.43849,0
            -116.82567,36.4382,0
            -116.8256,36.43818,0
            -116.82547,36.43812,0
            -116.82075,36.43627,0
            -116.82051,36.43616,0
            -116.81987,36.43583,0
            -116.81955,36.43564,0
            -116.81939,36.43553,0
            -116.81933,36.4355,0
            -116.81916,36.43538,0
            -116.81899,36.43527,0
            -116.81887,36.43518,0
            -116.81883,36.43514,0
            -116.81874,36.43508,0
            -116.81852,36.43489,0
            -116.81803,36.43441,0
            -116.81783,36.4342,0
            -116.81739,36.43367,0
            -116.81643,36.43229,0
            -116.81547,36.43083,0
            -116.81539,36.43073,0
            -116.81532,36.43061,0
            -116.81521,36.43045,0
            -116.81519,36.43044,0
            -116.81518,36.43041,0
            -116.81455,36.42947,0
            -116.81455,36.42946,0
            -116.81316,36.4274,0
            -116.81306,36.42724,0
            -116.81274,36.42677,0
            -116.81231,36.42611,0
            -116.81216,36.4259,0
            -116.81119,36.42443,0
            -116.81117,36.42439,0
            -116.80961,36.42207,0
            -116.80909,36.42136,0
            -116.80901,36.42126,0
            -116.8088,36.42103,0
            -116.80863,36.42083,0
            -116.80832,36.42054,0
            -116.8059,36.4186,0
            -116.80564,36.41836,0
            -116.80554,36.41826,0
            -116.8054,36.4181,0
            -116.80532,36.418,0
            -116.80531,36.418,0
            -116.80528,36.41795,0
            -116.80489,36.41747,0
            -116.80454,36.41697,0
            -116.80426,36.41662,0
            -116.80407,36.41636,0
            -116.80403,36.41632,0
            -116.80293,36.41491,0
            -116.80271,36.41467,0
            -116.80258,36.41454,0
            -116.80214,36.41414,0
            -116.80195,36.41401,0
            -116.80176,36.41387,0
            -116.80137,36.41361,0
            -116.80135,36.4136,0
            -116.80124,36.41353,0
            -116.79704,36.41106,0
            -116.79684,36.41095,0
            -116.79515,36.40992,0
            -116.79498,36.40983,0
            -116.7929,36.40862,0
            -116.79245,36.40834,0
            -116.79238,36.40829,0
            -116.79204,36.40809,0
            -116.79079,36.40743,0
            -116.7903,36.4072,0
            -116.78991,36.40704,0
            -116.78959,36.40692,0
            -116.78841,36.40652,0
            -116.78302,36.40486,0
            -116.78284,36.40481,0
            -116.78222,36.40461,0
            -116.78066,36.40414,0
            -116.78045,36.40407,0
            -116.77443,36.40223,0
            -116.77406,36.40208,0
            -116.77369,36.40191,0
            -116.77333,36.40172,0
            -116.77273,36.40133,0
            -116.77247,36.40113,0
            -116.77226,36.40094,0
            -116.77196,36.40065,0
            -116.77176,36.40043,0
            -116.7716,36.4002,0
            -116.7714,36.39988,0
            -116.77135,36.39977,0
            -116.77114,36.39936,0
            -116.77108,36.39922,0
            -116.77096,36.39898,0
            -116.77089,36.39886,0
            -116.77084,36.39876,0
            -116.77062,36.39842,0
            -116.77036,36.39809,0
            -116.77015,36.39788,0
            -116.76987,36.39763,0
            -116.76978,36.39756,0
            -116.76965,36.39747,0
            -116.76959,36.39742,0
            -116.76953,36.39739,0
            -116.76942,36.39732,0
            -116.76908,36.39714,0
            -116.76897,36.39709,0
            -116.76877,36.39701,0
            -116.76864,36.39695,0
            -116.76733,36.39645,0
            -116.76703,36.39631,0
            -116.76639,36.39598,0
            -116.76606,36.39576,0
            -116.76282,36.39336,0
            -116.76262,36.3932,0
            -116.76234,36.39296,0
            -116.76218,36.3928,0
            -116.76177,36.39234,0
            -116.76164,36.39217,0
            -116.76125,36.39155,0
            -116.76118,36.39145,0
            -116.76099,36.39115,0
            -116.76086,36.39098,0
            -116.76075,36.39082,0
            -116.76035,36.39032,0
            -116.76008,36.39003,0
            -116.75998,36.38994,0
            -116.75967,36.38964,0
            -116.75899,36.38914,0
            -116.75776,36.38837,0
            -116.75736,36.38815,0
            -116.75686,36.38793,0
            -116.75685,36.38793,0
            -116.75652,36.38781,0
            -116.75608,36.38767,0
            -116.75574,36.38758,0
            -116.75507,36.38742,0
            -116.7539,36.38718,0
            -116.74987,36.38644,0
            -116.74943,36.38637,0
            -116.74936,36.38635,0
            -116.746,36.38574,0
            -116.74541,36.38562,0
            -116.74508,36.38554,0
            -116.74487,36.38548,0
            -116.74437,36.38527,0
            -116.74393,36.38505,0
            -116.74372,36.38492,0
            -116.74348,36.38476,0
            -116.74315,36.38449,0
            -116.74304,36.38439,0
            -116.74274,36.38409,0
            -116.74135,36.38255,0
            -116.74128,36.38248,0
            -116.74122,36.38241,0
            -116.74118,36.38237,0
            -116.74082,36.38197,0
            -116.74073,36.38188,0
            -116.74068,36.38182,0
            -116.74064,36.38179,0
            -116.74025,36.38135,0
            -116.74015,36.38125,0
            -116.74012,36.38121,0
            -116.7387,36.37966,0
            -116.73866,36.37961,0
            -116.73863,36.37958,0
            -116.73853,36.37946,0
            -116.73696,36.37778,0
            -116.73655,36.37736,0
            -116.73642,36.37721,0
            -116.7361,36.37688,0
            -116.73557,36.37637,0
            -116.73553,36.37634,0
            -116.73522,36.37606,0
            -116.73499,36.37583,0
            -116.73484,36.37569,0
            -116.73439,36.37523,0
            -116.73436,36.37519,0
            -116.73429,36.37513,0
            -116.73416,36.37499,0
            -116.73406,36.37486,0
            -116.7338,36.37455,0
            -116.73367,36.37437,0
            -116.73366,36.37435,0
            -116.73353,36.37418,0
            -116.73343,36.37402,0
            -116.73311,36.37357,0
            -116.73301,36.37341,0
            -116.73292,36.37329,0
            -116.7329,36.37325,0
            -116.73288,36.37323,0
            -116.73281,36.37313,0
            -116.73271,36.37297,0
            -116.73267,36.37292,0
            -116.73258,36.37278,0
            -116.73254,36.37271,0
            -116.73197,36.37189,0
            -116.73195,36.37187,0
            -116.7318,36.37166,0
            -116.73146,36.37122,0
            -116.73124,36.37096,0
            -116.7312,36.3709,0
            -116.73106,36.37073,0
            -116.73054,36.37018,0
            -116.73041,36.37003,0
            -116.72866,36.36833,0
            -116.72864,36.36832,0
            -116.72862,36.3683,0
            -116.7286,36.36827,0
            -116.72858,36.36826,0
            -116.7276,36.36734,0
            -116.7273,36.36707,0
            -116.72719,36.36698,0
            -116.72713,36.36692,0
            -116.72704,36.36685,0
            -116.72696,36.3668,0
            -116.7267,36.36661,0
            -116.7267,36.3666,0
            -116.72663,36.36656,0
            -116.72639,36.3664,0
            -116.72564,36.36595,0
            -116.72546,36.36585,0
            -116.7254,36.36581,0
            -116.72499,36.36561,0
            -116.7247,36.36549,0
            -116.72448,36.36542,0
            -116.71947,36.36399,0
            -116.71859,36.36372,0
            -116.71473,36.36264,0
            -116.71425,36.36254,0
            -116.71418,36.36252,0
            -116.71389,36.36247,0
            -116.71319,36.36239,0
            -116.71302,36.36238,0
            -116.71289,36.36238,0
            -116.71276,36.36237,0
            -116.71263,36.36238,0
            -116.71206,36.36238,0
            -116.71156,36.3624,0
            -116.71136,36.36242,0
            -116.7111,36.36246,0
            -116.71064,36.36256,0
            -116.71063,36.36257,0
            -116.71027,36.36268,0
            -116.70972,36.36287,0
            -116.70921,36.36307,0
            -116.70748,36.36385,0
            -116.7074,36.36389,0
            -116.70685,36.36413,0
            -116.70655,36.36428,0
            -116.70652,36.3643,0
            -116.70633,36.3644,0
            -116.7063,36.36441,0
            -116.70624,36.36445,0
            -116.70615,36.3645,0
            -116.70608,36.36455,0
            -116.70606,36.36456,0
            -116.70598,36.36462,0
            -116.7057,36.36481,0
            -116.70452,36.36565,0
            -116.70438,36.36574,0
            -116.702,36.36741,0
            -116.70183,36.36752,0
            -116.70087,36.3682,0
            -116.70056,36.36843,0
            -116.69905,36.3696,0
            -116.69895,36.36969,0
            -116.69825,36.37025,0
            -116.69769,36.37072,0
            -116.69706,36.37127,0
            -116.69662,36.37171,0
            -116.6966,36.37174,0
            -116.69651,36.37184,0
            -116.69649,36.37185,0
            -116.69535,36.37319,0
            -116.6947,36.37392,0
            -116.69356,36.37526,0
            -116.69317,36.37564,0
            -116.69298,36.37581,0
            -116.69254,36.37616,0
            -116.6923,36.3763,0
            -116.69208,36.37641,0
            -116.69194,36.37646,0
            -116.69174,36.37651,0
            -116.69172,36.37651,0
            -116.69169,36.37652,0
            -116.69162,36.37653,0
            -116.6915,36.37653,0
            -116.69142,36.37654,0
            -116.69132,36.37654,0
            -116.69111,36.37652,0
            -116.69097,36.37649,0
            -116.69048,36.37636,0
            -116.69022,36.3763,0
            -116.68958,36.37609,0
            -116.68946,36.37604,0
            -116.68938,36.37602,0
            -116.68917,36.37594,0
            -116.68858,36.37578,0
            -116.6877,36.37565,0
            -116.68766,36.37564,0
            -116.68664,36.37552,0
            -116.68611,36.37547,0
            -116.68604,36.37547,0
            -116.68589,36.37545,0
            -116.68255,36.37515,0
            -116.68198,36.37511,0
            -116.68005,36.37506,0
            -116.67993,36.37505,0
            -116.67988,36.37504,0
            -116.67954,36.37501,0
            -116.67913,36.37494,0
            -116.6756,36.37445,0
            -116.67548,36.37444,0
            -116.67526,36.3744,0
            -116.67366,36.37416,0
            -116.66514,36.37217,0
            -116.66459,36.372,0
            -116.66455,36.37198,0
            -116.66392,36.37172,0
            -116.66337,36.37144,0
            -116.66171,36.37032,0
            -116.66036,36.36938,0
            -116.65971,36.36891,0
            -116.65969,36.3689,0
            -116.65952,36.36878,0
            -116.65896,36.36841,0
            -116.65759,36.36745,0
            -116.65688,36.36692,0
            -116.65684,36.36688,0
            -116.65653,36.36662,0
            -116.65598,36.36613,0
            -116.65559,36.36574,0
            -116.65552,36.36566,0
            -116.65545,36.3656,0
            -116.65512,36.36524,0
            -116.65391,36.36377,0
            -116.65353,36.36328,0
            -116.65227,36.36174,0
            -116.65197,36.36134,0
            -116.65194,36.36132,0
            -116.65182,36.36117,0
            -116.65146,36.36077,0
            -116.65123,36.36054,0
            -116.65113,36.36046,0
            -116.65108,36.3604,0
            -116.65053,36.35991,0
            -116.64893,36.35861,0
            -116.64871,36.35841,0
            -116.64854,36.35827,0
            -116.64819,36.35796,0
            -116.64804,36.35785,0
            -116.64793,36.35776,0
            -116.64782,36.35766,0
            -116.64773,36.35759,0
            -116.6433,36.35387,0
            -116.64313,36.35374,0
            -116.64301,36.35364,0
            -116.64273,36.35343,0
            -116.64234,36.35319,0
            -116.64197,36.35299,0
            -116.64157,36.3528,0
            -116.64137,36.35272,0
            -116.64117,36.35265,0
            -116.64105,36.3526,0
            -116.64086,36.35254,0
            -116.63918,36.35207,0
            -116.63868,36.35192,0
            -116.63696,36.35144,0
            -116.63675,36.35139,0
            -116.63527,36.35098,0
            -116.63515,36.35094,0
            -116.6349,36.35088,0
            -116.63457,36.35078,0
            -116.63342,36.35047,0
            -116.63337,36.35046,0
            -116.63287,36.35031,0
            -116.63232,36.35016,0
            -116.63223,36.35014,0
            -116.63168,36.34998,0
            -116.63147,36.34993,0
            -116.62938,36.34935,0
            -116.62915,36.34928,0
            -116.61762,36.34608,0
            -116.61756,36.34606,0
            -116.61751,36.34605,0
            -116.61582,36.34558,0
            -116.61577,36.34557,0
            -116.61572,36.34555,0
            -116.61566,36.34554,0
            -116.61561,36.34552,0
            -116.61138,36.34435,0
            -116.61117,36.3443,0
            -116.60082,36.34143,0
            -116.59815,36.34065,0
            -116.59774,36.3405,0
            -116.5972,36.34032,0
            -116.5957,36.33976,0
            -116.59428,36.33916,0
            -116.59253,36.33836,0
            -116.59234,36.33828,0
            -116.58514,36.33501,0
            -116.58494,36.33493,0
            -116.58484,36.33488,0
            -116.58246,36.3338,0
            -116.58181,36.33352,0
            -116.58072,36.33301,0
            -116.58066,36.33299,0
            -116.57677,36.33122,0
            -116.57657,36.33114,0
            -116.57135,36.32877,0
            -116.57132,36.32875,0
            -116.57112,36.32867,0
            -116.56723,36.3269,0
            -116.56704,36.32682,0
            -116.5647,36.32576,0
            -116.56468,36.32574,0
            -116.56451,36.32567,0
            -116.55897,36.32316,0
            -116.55887,36.32311,0
            -116.55867,36.32303,0
            -116.55775,36.32262,0
            -116.55744,36.32247,0
            -116.55023,36.31921,0
            -116.54914,36.3187,0
            -116.54417,36.31646,0
            -116.54407,36.31642,0
            -116.54175,36.31535,0
            -116.54167,36.31532,0
            -116.54041,36.31476,0
            -116.53694,36.31317,0
            -116.53688,36.31315,0
            -116.53522,36.31239,0
            -116.53451,36.31208,0
            -116.52859,36.30939,0
            -116.52854,36.30936,0
            -116.52761,36.30896,0
            -116.52755,36.30894,0
            -116.52691,36.30868,0
            -116.52595,36.30831,0
            -116.52483,36.30792,0
            -116.5232,36.30741,0
            -116.52176,36.30704,0
            -116.52092,36.30684,0
            -116.5207,36.3068,0
            -116.52042,36.30673,0
            -116.5129,36.30506,0
            -116.51274,36.30503,0
            -116.51231,36.30493,0
            -116.51227,36.30493,0
            -116.51209,36.30488,0
            -116.51124,36.30468,0
            -116.50799,36.30397,0
            -116.50791,36.30396,0
            -116.50715,36.30379,0
            -116.50687,36.30374,0
            -116.50683,36.30373,0
            -116.50598,36.30357,0
            -116.50403,36.30328,0
            -116.50221,36.30308,0
            -116.50117,36.30301,0
            -116.50018,36.30297,0
            -116.4991,36.30295,0
            -116.49612,36.30299,0
            -116.49334,36.30306,0
            -116.49308,36.30306,0
            -116.49289,36.30307,0
            -116.48553,36.30322,0
            -116.48549,36.30323,0
            -116.48516,36.30323,0
            -116.47505,36.30344,0
            -116.475,36.30345,0
            -116.47103,36.30352,0
            -116.47099,36.30353,0
            -116.4688,36.30357,0
          </coordinates>
        </LineString>
      </Placemark>
      <Placemark>
        <name>72177 Trona Rd, California, USA</name>
        <styleUrl>#icon-1899-DB4436-nodesc</styleUrl>
        <Point>
          <coordinates>
            -117.5559953,35.5706644,0
          </coordinates>
        </Point>
      </Placemark>
      <Placemark>
        <name>CA-190, DEATH VALLEY, CA 92328, USA</name>
        <styleUrl>#icon-1899-DB4436-nodesc</styleUrl>
        <Point>
          <coordinates>
            -116.4687985,36.3035708,0
          </coordinates>
        </Point>
      </Placemark>
    </Folder>
    <Folder>
      <name>Directions from 72177 Trona Rd, California, USA to CA-190, DEATH VALLEY, CA 92328, USA</name>
    </Folder>
  </Document>
</kml>
