<?xml version="1.0" encoding="UTF-8"?>
<kml xmlns="http://www.opengis.net/kml/2.2">
  <Document>
    <name>54-monterey</name>
    <description/>
    <Style id="icon-1535-0288D1-normal">
      <IconStyle>
        <color>ffd18802</color>
        <scale>1</scale>
        <Icon>
          <href>https://www.gstatic.com/mapspro/images/stock/503-wht-blank_maps.png</href>
        </Icon>
      </IconStyle>
      <LabelStyle>
        <scale>0</scale>
      </LabelStyle>
    </Style>
    <Style id="icon-1535-0288D1-highlight">
      <IconStyle>
        <color>ffd18802</color>
        <scale>1</scale>
        <Icon>
          <href>https://www.gstatic.com/mapspro/images/stock/503-wht-blank_maps.png</href>
        </Icon>
      </IconStyle>
      <LabelStyle>
        <scale>1</scale>
      </LabelStyle>
    </Style>
    <StyleMap id="icon-1535-0288D1">
      <Pair>
        <key>normal</key>
        <styleUrl>#icon-1535-0288D1-normal</styleUrl>
      </Pair>
      <Pair>
        <key>highlight</key>
        <styleUrl>#icon-1535-0288D1-highlight</styleUrl>
      </Pair>
    </StyleMap>
    <Style id="icon-1602-0288D1-normal">
      <IconStyle>
        <color>ffd18802</color>
        <scale>1</scale>
        <Icon>
          <href>https://www.gstatic.com/mapspro/images/stock/503-wht-blank_maps.png</href>
        </Icon>
      </IconStyle>
      <LabelStyle>
        <scale>0</scale>
      </LabelStyle>
    </Style>
    <Style id="icon-1602-0288D1-highlight">
      <IconStyle>
        <color>ffd18802</color>
        <scale>1</scale>
        <Icon>
          <href>https://www.gstatic.com/mapspro/images/stock/503-wht-blank_maps.png</href>
        </Icon>
      </IconStyle>
      <LabelStyle>
        <scale>1</scale>
      </LabelStyle>
    </Style>
    <StyleMap id="icon-1602-0288D1">
      <Pair>
        <key>normal</key>
        <styleUrl>#icon-1602-0288D1-normal</styleUrl>
      </Pair>
      <Pair>
        <key>highlight</key>
        <styleUrl>#icon-1602-0288D1-highlight</styleUrl>
      </Pair>
    </StyleMap>
    <Style id="icon-1603-0288D1-normal">
      <IconStyle>
        <color>ffd18802</color>
        <scale>1</scale>
        <Icon>
          <href>https://www.gstatic.com/mapspro/images/stock/503-wht-blank_maps.png</href>
        </Icon>
      </IconStyle>
      <LabelStyle>
        <scale>0</scale>
      </LabelStyle>
    </Style>
    <Style id="icon-1603-0288D1-highlight">
      <IconStyle>
        <color>ffd18802</color>
        <scale>1</scale>
        <Icon>
          <href>https://www.gstatic.com/mapspro/images/stock/503-wht-blank_maps.png</href>
        </Icon>
      </IconStyle>
      <LabelStyle>
        <scale>1</scale>
      </LabelStyle>
    </Style>
    <StyleMap id="icon-1603-0288D1">
      <Pair>
        <key>normal</key>
        <styleUrl>#icon-1603-0288D1-normal</styleUrl>
      </Pair>
      <Pair>
        <key>highlight</key>
        <styleUrl>#icon-1603-0288D1-highlight</styleUrl>
      </Pair>
    </StyleMap>
    <Style id="icon-1739-0288D1-normal">
      <IconStyle>
        <color>ffd18802</color>
        <scale>1</scale>
        <Icon>
          <href>https://www.gstatic.com/mapspro/images/stock/503-wht-blank_maps.png</href>
        </Icon>
      </IconStyle>
      <LabelStyle>
        <scale>0</scale>
      </LabelStyle>
    </Style>
    <Style id="icon-1739-0288D1-highlight">
      <IconStyle>
        <color>ffd18802</color>
        <scale>1</scale>
        <Icon>
          <href>https://www.gstatic.com/mapspro/images/stock/503-wht-blank_maps.png</href>
        </Icon>
      </IconStyle>
      <LabelStyle>
        <scale>1</scale>
      </LabelStyle>
    </Style>
    <StyleMap id="icon-1739-0288D1">
      <Pair>
        <key>normal</key>
        <styleUrl>#icon-1739-0288D1-normal</styleUrl>
      </Pair>
      <Pair>
        <key>highlight</key>
        <styleUrl>#icon-1739-0288D1-highlight</styleUrl>
      </Pair>
    </StyleMap>
    <Style id="line-A52714-5000-normal">
      <LineStyle>
        <color>ff1427a5</color>
        <width>5</width>
      </LineStyle>
    </Style>
    <Style id="line-A52714-5000-highlight">
      <LineStyle>
        <color>ff1427a5</color>
        <width>7.5</width>
      </LineStyle>
    </Style>
    <StyleMap id="line-A52714-5000">
      <Pair>
        <key>normal</key>
        <styleUrl>#line-A52714-5000-normal</styleUrl>
      </Pair>
      <Pair>
        <key>highlight</key>
        <styleUrl>#line-A52714-5000-highlight</styleUrl>
      </Pair>
    </StyleMap>
    <Style id="line-F9A825-5000-normal">
      <LineStyle>
        <color>ff25a8f9</color>
        <width>5</width>
      </LineStyle>
    </Style>
    <Style id="line-F9A825-5000-highlight">
      <LineStyle>
        <color>ff25a8f9</color>
        <width>7.5</width>
      </LineStyle>
    </Style>
    <StyleMap id="line-F9A825-5000">
      <Pair>
        <key>normal</key>
        <styleUrl>#line-F9A825-5000-normal</styleUrl>
      </Pair>
      <Pair>
        <key>highlight</key>
        <styleUrl>#line-F9A825-5000-highlight</styleUrl>
      </Pair>
    </StyleMap>
    <Folder>
      <name>2021-02-15</name>
      <Placemark>
        <name>Seven Gables Inn, A Kirkwood Collection Property</name>
        <description><![CDATA[description: Hotel from 2021-02-14T23:40:55.000Z to 2021-02-15T16:30:18.999Z. Distance 0m<br>Email: syugen.zhou@gmail.com<br>Category: Hotel<br>Distance: 0]]></description>
        <styleUrl>#icon-1602-0288D1</styleUrl>
        <ExtendedData>
          <Data name="description">
            <value>Hotel from 2021-02-14T23:40:55.000Z to 2021-02-15T16:30:18.999Z. Distance 0m</value>
          </Data>
          <Data name="Email">
            <value>syugen.zhou@gmail.com</value>
          </Data>
          <Data name="Category">
            <value>Hotel</value>
          </Data>
          <Data name="Distance">
            <value>0</value>
          </Data>
        </ExtendedData>
        <Point>
          <coordinates>
            -121.915521,36.623741,0
          </coordinates>
        </Point>
      </Placemark>
      <Placemark>
        <name>Driving</name>
        <description><![CDATA[description: Driving from 2021-02-15T16:30:18.999Z to 2021-02-15T16:38:12.999Z. Distance 3761m<br>Email: syugen.zhou@gmail.com<br>Category: Driving<br>Distance: 3761]]></description>
        <styleUrl>#line-F9A825-5000</styleUrl>
        <ExtendedData>
          <Data name="description">
            <value>Driving from 2021-02-15T16:30:18.999Z to 2021-02-15T16:38:12.999Z. Distance 3761m</value>
          </Data>
          <Data name="Email">
            <value>syugen.zhou@gmail.com</value>
          </Data>
          <Data name="Category">
            <value>Driving</value>
          </Data>
          <Data name="Distance">
            <value>3761</value>
          </Data>
        </ExtendedData>
        <LineString>
          <tessellate>1</tessellate>
          <coordinates>
            -121.915336,36.62363,0
            -121.915875,36.622418,0
            -121.916102,36.621923,0
            -121.915899,36.621876,0
            -121.915528,36.621774,0
            -121.914997,36.621617,0
            -121.914499,36.621478,0
            -121.91403,36.621343,0
            -121.913508,36.6212,0
            -121.912991,36.621048,0
            -121.912458,36.620898,0
            -121.911972,36.620761,0
            -121.911447,36.620611,0
            -121.910493,36.620341,0
            -121.90997,36.620185,0
            -121.90949,36.620044,0
            -121.908961,36.619902,0
            -121.908491,36.619751,0
            -121.90798,36.619626,0
            -121.907759,36.619614,0
            -121.907654,36.619601,0
            -121.907615,36.619595,0
            -121.90742,36.61953,0
            -121.907078,36.619287,0
            -121.906733,36.618986,0
            -121.906656,36.618959,0
            -121.906454,36.618751,0
            -121.905711,36.618034,0
            -121.905079,36.617425,0
            -121.904469,36.616818,0
            -121.903644,36.615845,0
            -121.903203,36.615334,0
            -121.903164,36.615291,0
            -121.902927,36.615013,0
            -121.902671,36.614716,0
            -121.902303,36.614262,0
            -121.90174,36.613574,0
            -121.901505,36.613321,0
            -121.901357,36.613147,0
            -121.900844,36.61253,0
            -121.900071,36.611622,0
            -121.89994,36.611469,0
            -121.899669,36.611151,0
            -121.899456,36.610898,0
            -121.899277,36.610692,0
            -121.898397,36.609641,0
            -121.898059,36.609244,0
            -121.89777,36.608904,0
            -121.897728,36.608835,0
            -121.897554,36.60863,0
            -121.897514,36.608593,0
            -121.89744,36.608535,0
            -121.897437,36.608533,0
            -121.897408,36.608513,0
            -121.897362,36.608486,0
            -121.897304,36.608456,0
            -121.897271,36.608441,0
            -121.896883,36.608281,0
            -121.896584,36.608152,0
            -121.896005,36.607909,0
            -121.895666,36.607778,0
            -121.895392,36.607651,0
            -121.895156,36.607542,0
            -121.895074,36.607492,0
            -121.894967,36.60742,0
            -121.894853,36.607317,0
            -121.894734,36.607174,0
            -121.894634,36.607006,0
            -121.894583,36.606873,0
            -121.894558,36.606776,0
            -121.894544,36.606671,0
            -121.894552,36.606445,0
            -121.894597,36.606254,0
            -121.894669,36.606064,0
            -121.894837,36.605725,0
            -121.894883,36.605615,0
            -121.894947,36.605461,0
            -121.894993,36.605303,0
            -121.895014,36.605156,0
            -121.895013,36.605031,0
            -121.894999,36.604905,0
            -121.894967,36.604783,0
            -121.894912,36.604643,0
            -121.894831,36.604446,0
            -121.894819,36.604428,0
            -121.89438,36.603764,0
            -121.8942,36.603483,0
            -121.893803,36.602863,0
            -121.893642,36.602612,0
            -121.893619,36.602584,0
            -121.893554,36.602505,0
            -121.893296,36.602104,0
            -121.89296,36.601556,0
            -121.892412,36.60075,0
            -121.892302,36.600653,0
            -121.891152,36.600445,0
            -121.890015,36.600264,0
            -121.88886,36.600071,0
            -121.888056,36.59993,0
            -121.888054,36.59993,0
          </coordinates>
        </LineString>
      </Placemark>
      <Placemark>
        <name><![CDATA[McDonald's]]></name>
        <description><![CDATA[description: Fast Food from 2021-02-15T16:38:12.999Z to 2021-02-15T16:41:43.999Z. Distance 0m<br>Email: syugen.zhou@gmail.com<br>Category: Fast Food<br>Distance: 0]]></description>
        <styleUrl>#icon-1739-0288D1</styleUrl>
        <ExtendedData>
          <Data name="description">
            <value>Fast Food from 2021-02-15T16:38:12.999Z to 2021-02-15T16:41:43.999Z. Distance 0m</value>
          </Data>
          <Data name="Email">
            <value>syugen.zhou@gmail.com</value>
          </Data>
          <Data name="Category">
            <value>Fast Food</value>
          </Data>
          <Data name="Distance">
            <value>0</value>
          </Data>
        </ExtendedData>
        <Point>
          <coordinates>
            -121.888066,36.599693,0
          </coordinates>
        </Point>
      </Placemark>
      <Placemark>
        <name>Driving</name>
        <description><![CDATA[description: Driving from 2021-02-15T16:41:43.999Z to 2021-02-15T16:52:07.999Z. Distance 12620m<br>Email: syugen.zhou@gmail.com<br>Category: Driving<br>Distance: 12620]]></description>
        <styleUrl>#line-F9A825-5000</styleUrl>
        <ExtendedData>
          <Data name="description">
            <value>Driving from 2021-02-15T16:41:43.999Z to 2021-02-15T16:52:07.999Z. Distance 12620m</value>
          </Data>
          <Data name="Email">
            <value>syugen.zhou@gmail.com</value>
          </Data>
          <Data name="Category">
            <value>Driving</value>
          </Data>
          <Data name="Distance">
            <value>12620</value>
          </Data>
        </ExtendedData>
        <LineString>
          <tessellate>1</tessellate>
          <coordinates>
            -121.887607,36.599973,0
            -121.876018,36.599787,0
            -121.875882,36.599745,0
            -121.87528,36.59978,0
            -121.87494,36.599838,0
            -121.872929,36.60034,0
            -121.872422,36.600409,0
            -121.869612,36.600639,0
            -121.869308,36.600708,0
            -121.86895,36.60083,0
            -121.861435,36.604313,0
            -121.860954,36.60457,0
            -121.860787,36.604569,0
            -121.860572,36.604529,0
            -121.860463,36.604489,0
            -121.860356,36.604481,0
            -121.859904,36.604102,0
            -121.859843,36.603758,0
            -121.859868,36.603613,0
            -121.859967,36.603463,0
            -121.860122,36.603357,0
            -121.860215,36.603325,0
            -121.860408,36.60329,0
            -121.860509,36.603297,0
            -121.860665,36.603335,0
            -121.860734,36.603366,0
            -121.860817,36.603421,0
            -121.860908,36.603515,0
            -121.860961,36.603608,0
            -121.860983,36.603674,0
            -121.860982,36.604315,0
            -121.860989,36.604329,0
            -121.86104,36.604378,0
            -121.860867,36.606565,0
            -121.860668,36.607289,0
            -121.860469,36.607721,0
            -121.860143,36.608249,0
            -121.859924,36.608532,0
            -121.859575,36.608912,0
            -121.858966,36.60942,0
            -121.856546,36.610876,0
            -121.855239,36.611761,0
            -121.850986,36.615209,0
            -121.850261,36.615914,0
            -121.847714,36.618937,0
            -121.847176,36.619677,0
            -121.845978,36.621576,0
            -121.845756,36.621872,0
            -121.845439,36.622209,0
            -121.84508,36.622526,0
            -121.844465,36.622959,0
            -121.843533,36.623443,0
            -121.841864,36.624074,0
            -121.841279,36.624361,0
            -121.840782,36.624671,0
            -121.840175,36.625143,0
            -121.839724,36.625598,0
            -121.839253,36.626177,0
            -121.838115,36.628047,0
            -121.83739,36.628997,0
            -121.830287,36.636512,0
            -121.829769,36.636983,0
            -121.828941,36.63764,0
            -121.822663,36.641978,0
            -121.816827,36.645744,0
            -121.816183,36.646305,0
            -121.815905,36.646601,0
            -121.815554,36.647041,0
            -121.815174,36.647665,0
            -121.814918,36.648243,0
            -121.814732,36.648897,0
            -121.814656,36.64938,0
            -121.814633,36.649824,0
            -121.814674,36.650465,0
            -121.814773,36.650991,0
            -121.814936,36.651504,0
            -121.815907,36.653711,0
            -121.816194,36.654602,0
            -121.816389,36.655494,0
            -121.81648,36.656166,0
            -121.816536,36.657057,0
            -121.816514,36.65786,0
            -121.816151,36.662257,0
            -121.816062,36.662698,0
            -121.815606,36.664237,0
            -121.815333,36.664994,0
            -121.814697,36.666292,0
            -121.811276,36.672162,0
            -121.810694,36.673004,0
            -121.80921,36.674597,0
            -121.808653,36.675283,0
            -121.808544,36.675323,0
            -121.808085,36.675913,0
            -121.807455,36.676901,0
            -121.807269,36.677297,0
            -121.806551,36.679521,0
            -121.806317,36.680096,0
            -121.806151,36.680382,0
            -121.805792,36.680885,0
            -121.805509,36.680751,0
          </coordinates>
        </LineString>
      </Placemark>
      <Placemark>
        <name>Shell</name>
        <description><![CDATA[description: Gas station from 2021-02-15T16:52:07.999Z to 2021-02-15T16:59:08.000Z. Distance 0m<br>Email: syugen.zhou@gmail.com<br>Category: Gas station<br>Distance: 0]]></description>
        <styleUrl>#icon-1739-0288D1</styleUrl>
        <ExtendedData>
          <Data name="description">
            <value>Gas station from 2021-02-15T16:52:07.999Z to 2021-02-15T16:59:08.000Z. Distance 0m</value>
          </Data>
          <Data name="Email">
            <value>syugen.zhou@gmail.com</value>
          </Data>
          <Data name="Category">
            <value>Gas station</value>
          </Data>
          <Data name="Distance">
            <value>0</value>
          </Data>
        </ExtendedData>
        <Point>
          <coordinates>
            -121.805726,36.680471,0
          </coordinates>
        </Point>
      </Placemark>
      <Placemark>
        <name>Driving</name>
        <description><![CDATA[description: Driving from 2021-02-15T16:59:08.000Z to 2021-02-15T18:10:28.000Z. Distance 94573m<br>Email: syugen.zhou@gmail.com<br>Category: Driving<br>Distance: 94573]]></description>
        <styleUrl>#line-F9A825-5000</styleUrl>
        <ExtendedData>
          <Data name="description">
            <value>Driving from 2021-02-15T16:59:08.000Z to 2021-02-15T18:10:28.000Z. Distance 94573m</value>
          </Data>
          <Data name="Email">
            <value>syugen.zhou@gmail.com</value>
          </Data>
          <Data name="Category">
            <value>Driving</value>
          </Data>
          <Data name="Distance">
            <value>94573</value>
          </Data>
        </ExtendedData>
        <LineString>
          <tessellate>1</tessellate>
          <coordinates>
            -121.805194,36.681623,0
            -121.798615,36.688724,0
            -121.798162,36.690075,0
            -121.798084,36.692061,0
            -121.797619,36.69323,0
            -121.797399,36.693462,0
            -121.797279,36.693479,0
            -121.797187,36.693601,0
            -121.797203,36.693657,0
            -121.789486,36.702665,0
            -121.788835,36.703932,0
            -121.788638,36.704705,0
            -121.787714,36.720856,0
            -121.787872,36.721589,0
            -121.788885,36.723833,0
            -121.789624,36.72362,0
            -121.789822,36.72366,0
            -121.790038,36.72384,0
            -121.790062,36.724115,0
            -121.789645,36.724752,0
            -121.789652,36.724844,0
            -121.787621,36.727254,0
            -121.777867,36.736577,0
            -121.767973,36.749545,0
            -121.767832,36.749581,0
            -121.763102,36.754183,0
            -121.757395,36.758248,0
            -121.752464,36.761166,0
            -121.750991,36.762413,0
            -121.747823,36.766046,0
            -121.746764,36.766865,0
            -121.745609,36.767489,0
            -121.690977,36.783603,0
            -121.682602,36.787259,0
            -121.680961,36.78772,0
            -121.673228,36.788864,0
            -121.670493,36.788725,0
            -121.666802,36.789697,0
            -121.666493,36.789627,0
            -121.666276,36.789471,0
            -121.666171,36.789072,0
            -121.666423,36.788747,0
            -121.666655,36.788665,0
            -121.667078,36.788701,0
            -121.667325,36.788866,0
            -121.667458,36.789191,0
            -121.667419,36.789563,0
            -121.667473,36.789695,0
            -121.666349,36.795148,0
            -121.66539,36.797724,0
            -121.664627,36.79887,0
            -121.662953,36.800365,0
            -121.66093,36.801353,0
            -121.653559,36.803471,0
            -121.651164,36.804629,0
            -121.649418,36.805798,0
            -121.645807,36.808906,0
            -121.641654,36.813265,0
            -121.639147,36.815117,0
            -121.632022,36.818716,0
            -121.631247,36.819317,0
            -121.630813,36.819944,0
            -121.630013,36.822387,0
            -121.62831,36.825489,0
            -121.628088,36.826603,0
            -121.628137,36.827396,0
            -121.629941,36.831293,0
            -121.630399,36.836179,0
            -121.635876,36.84805,0
            -121.636063,36.849377,0
            -121.63591,36.850515,0
            -121.63536,36.851899,0
            -121.633898,36.853937,0
            -121.632647,36.855152,0
            -121.629399,36.857277,0
            -121.620388,36.860798,0
            -121.617664,36.862488,0
            -121.616884,36.86273,0
            -121.615988,36.862792,0
            -121.613105,36.862351,0
            -121.612201,36.862028,0
            -121.609533,36.860399,0
            -121.608513,36.860084,0
            -121.598849,36.859084,0
            -121.595935,36.859148,0
            -121.585117,36.861288,0
            -121.583287,36.861341,0
            -121.583185,36.86129,0
            -121.581465,36.861107,0
            -121.579217,36.861181,0
            -121.578098,36.860997,0
            -121.577385,36.860661,0
            -121.568325,36.853182,0
            -121.559493,36.848905,0
            -121.558314,36.848524,0
            -121.550368,36.847036,0
            -121.547297,36.845735,0
            -121.540347,36.841395,0
            -121.539497,36.841042,0
            -121.537465,36.840597,0
            -121.459619,36.84177,0
            -121.458827,36.841909,0
            -121.457687,36.842366,0
            -121.457377,36.842037,0
            -121.456848,36.839542,0
            -121.456422,36.838784,0
            -121.45549,36.838106,0
            -121.454638,36.837852,0
            -121.450557,36.837876,0
            -121.445246,36.835611,0
            -121.442457,36.835262,0
            -121.439745,36.834185,0
            -121.430815,36.828371,0
            -121.42898,36.826491,0
            -121.42835,36.826155,0
            -121.425849,36.825618,0
            -121.424967,36.825631,0
            -121.42051,36.827223,0
            -121.419257,36.827205,0
            -121.416643,36.826326,0
            -121.40624,36.82412,0
            -121.405255,36.824232,0
            -121.40436,36.824606,0
            -121.399722,36.827853,0
            -121.399187,36.827877,0
            -121.390221,36.8268,0
            -121.388746,36.826905,0
            -121.384774,36.826706,0
            -121.383813,36.826502,0
            -121.383262,36.826499,0
            -121.382398,36.826823,0
            -121.380824,36.825344,0
            -121.367011,36.817284,0
            -121.36534,36.816665,0
            -121.352571,36.814084,0
            -121.350955,36.813397,0
            -121.349795,36.81269,0
            -121.335964,36.800024,0
            -121.332158,36.797617,0
            -121.326436,36.794949,0
            -121.325747,36.794442,0
            -121.324113,36.791689,0
            -121.323624,36.79126,0
            -121.316503,36.787591,0
            -121.315836,36.786971,0
            -121.308945,36.772903,0
            -121.308409,36.772274,0
            -121.307792,36.771869,0
            -121.305754,36.771037,0
            -121.301321,36.76745,0
            -121.295865,36.760444,0
            -121.295451,36.759189,0
            -121.295551,36.757533,0
            -121.295364,36.7567,0
            -121.29473,36.755948,0
            -121.289291,36.752659,0
            -121.288333,36.751597,0
            -121.28582,36.747876,0
            -121.284974,36.747236,0
            -121.281549,36.745504,0
            -121.28076,36.744617,0
            -121.280555,36.744115,0
            -121.28048,36.743207,0
            -121.281282,36.741369,0
            -121.281744,36.739603,0
            -121.281722,36.738008,0
            -121.279047,36.730027,0
            -121.278941,36.728134,0
            -121.279366,36.725137,0
            -121.27931,36.724042,0
            -121.277547,36.716442,0
            -121.275447,36.703016,0
            -121.274546,36.701096,0
            -121.253191,36.673803,0
            -121.219477,36.619928,0
            -121.215616,36.615453,0
            -121.214905,36.614887,0
            -121.213732,36.61437,0
            -121.209733,36.613948,0
            -121.208872,36.61367,0
            -121.207991,36.613153,0
            -121.20095,36.607004,0
            -121.197961,36.605123,0
            -121.196869,36.604114,0
            -121.19597,36.602926,0
            -121.194714,36.600625,0
            -121.194505,36.599897,0
            -121.194556,36.594871,0
            -121.194967,36.593577,0
            -121.196421,36.591862,0
            -121.19692,36.590977,0
            -121.19699,36.589924,0
            -121.196762,36.589251,0
            -121.195629,36.587312,0
            -121.195408,36.585864,0
            -121.195136,36.585195,0
            -121.192652,36.582852,0
            -121.191595,36.580586,0
            -121.191123,36.580058,0
            -121.188065,36.578016,0
            -121.184282,36.572977,0
            -121.184061,36.572202,0
            -121.184268,36.568124,0
            -121.184146,36.567643,0
            -121.182924,36.566384,0
            -121.181865,36.565652,0
            -121.180863,36.564294,0
            -121.180218,36.56405,0
            -121.178698,36.562716,0
            -121.177807,36.562596,0
            -121.175412,36.561118,0
            -121.175183,36.560863,0
            -121.175063,36.560357,0
            -121.174751,36.560113,0
            -121.172782,36.559815,0
            -121.172568,36.559722,0
            -121.171295,36.558633,0
            -121.169427,36.554748,0
            -121.16878,36.553953,0
            -121.166812,36.55316,0
            -121.16619,36.552737,0
            -121.165601,36.552503,0
            -121.163944,36.55226,0
            -121.162386,36.552268,0
            -121.16095,36.55167,0
            -121.16031,36.551112,0
            -121.159242,36.549549,0
            -121.158006,36.54864,0
            -121.15751,36.547429,0
            -121.157415,36.546164,0
            -121.156744,36.545328,0
            -121.156497,36.544696,0
            -121.156068,36.544209,0
            -121.155196,36.54211,0
            -121.153109,36.540141,0
            -121.152643,36.539002,0
            -121.151572,36.537787,0
            -121.149474,36.536316,0
            -121.14824,36.534085,0
            -121.146691,36.533224,0
            -121.14625,36.532747,0
            -121.145933,36.531735,0
            -121.145314,36.530608,0
            -121.144239,36.529458,0
            -121.144117,36.529034,0
            -121.144172,36.527892,0
            -121.14398,36.527221,0
            -121.141234,36.524287,0
            -121.140524,36.523997,0
            -121.140064,36.523609,0
            -121.13972,36.522558,0
            -121.13918,36.52212,0
            -121.138297,36.520919,0
            -121.138159,36.51971,0
            -121.137881,36.519029,0
            -121.137074,36.518065,0
            -121.13632,36.515999,0
            -121.136408,36.515642,0
            -121.137156,36.514689,0
            -121.137447,36.511942,0
            -121.13727,36.510896,0
            -121.13778,36.509631,0
            -121.138582,36.508534,0
            -121.139498,36.507921,0
            -121.139626,36.507744,0
            -121.139658,36.507332,0
            -121.139231,36.505651,0
            -121.139351,36.505336,0
            -121.139287,36.50487,0
            -121.139457,36.503766,0
            -121.13919,36.503138,0
            -121.139235,36.502511,0
            -121.139483,36.501844,0
            -121.140102,36.500951,0
            -121.140082,36.500397,0
            -121.140266,36.500126,0
            -121.140754,36.499854,0
            -121.140989,36.499108,0
            -121.142656,36.496875,0
            -121.143961,36.495837,0
            -121.146262,36.494933,0
            -121.146424,36.494804,0
            -121.147041,36.493798,0
            -121.14691,36.49368,0
          </coordinates>
        </LineString>
      </Placemark>
      <Placemark>
        <name>Pinnacles Visitor Center</name>
        <description><![CDATA[description: Visitor center from 2021-02-15T18:10:28.000Z to 2021-02-15T18:23:42.000Z. Distance 0m<br>Email: syugen.zhou@gmail.com<br>Category: Visitor center<br>Distance: 0]]></description>
        <styleUrl>#icon-1535-0288D1</styleUrl>
        <ExtendedData>
          <Data name="description">
            <value>Visitor center from 2021-02-15T18:10:28.000Z to 2021-02-15T18:23:42.000Z. Distance 0m</value>
          </Data>
          <Data name="Email">
            <value>syugen.zhou@gmail.com</value>
          </Data>
          <Data name="Category">
            <value>Visitor center</value>
          </Data>
          <Data name="Distance">
            <value>0</value>
          </Data>
        </ExtendedData>
        <Point>
          <coordinates>
            -121.146443,36.493727,0
          </coordinates>
        </Point>
      </Placemark>
      <Placemark>
        <name>Driving</name>
        <description><![CDATA[description: Driving from 2021-02-15T18:23:42.000Z to 2021-02-15T18:26:27.000Z. Distance 1818m<br>Email: syugen.zhou@gmail.com<br>Category: Driving<br>Distance: 1818]]></description>
        <styleUrl>#line-F9A825-5000</styleUrl>
        <ExtendedData>
          <Data name="description">
            <value>Driving from 2021-02-15T18:23:42.000Z to 2021-02-15T18:26:27.000Z. Distance 1818m</value>
          </Data>
          <Data name="Email">
            <value>syugen.zhou@gmail.com</value>
          </Data>
          <Data name="Category">
            <value>Driving</value>
          </Data>
          <Data name="Distance">
            <value>1818</value>
          </Data>
        </ExtendedData>
        <LineString>
          <tessellate>1</tessellate>
          <coordinates>
            -121.146674,36.493467,0
            -121.147041,36.493798,0
            -121.147204,36.493585,0
            -121.147297,36.493473,0
            -121.14739,36.493365,0
            -121.147595,36.49318,0
            -121.147841,36.492995,0
            -121.14807,36.492832,0
            -121.148633,36.492422,0
            -121.148878,36.492251,0
            -121.148949,36.492179,0
            -121.14903,36.492091,0
            -121.149118,36.491974,0
            -121.149202,36.491843,0
            -121.14934,36.491589,0
            -121.149365,36.491557,0
            -121.14945,36.491418,0
            -121.149522,36.491267,0
            -121.149545,36.49117,0
            -121.149564,36.491003,0
            -121.149579,36.49094,0
            -121.149602,36.490881,0
            -121.149632,36.490823,0
            -121.149669,36.490769,0
            -121.149713,36.490718,0
            -121.149808,36.490631,0
            -121.149894,36.490568,0
            -121.149984,36.490511,0
            -121.150083,36.490442,0
            -121.150316,36.490266,0
            -121.150672,36.489966,0
            -121.150788,36.48988,0
            -121.15136,36.489477,0
            -121.15153,36.489339,0
            -121.151684,36.489202,0
            -121.151778,36.489106,0
            -121.151864,36.489026,0
            -121.152029,36.488888,0
            -121.152185,36.488786,0
            -121.152435,36.488644,0
            -121.152616,36.488545,0
            -121.152774,36.48845,0
            -121.152925,36.488354,0
            -121.15311,36.488233,0
            -121.153181,36.488178,0
            -121.15324,36.488141,0
            -121.153417,36.488054,0
            -121.153561,36.487988,0
            -121.153787,36.487895,0
            -121.153856,36.48786,0
            -121.153901,36.487831,0
            -121.154033,36.487732,0
            -121.154115,36.487647,0
            -121.154208,36.487557,0
            -121.15434,36.487428,0
            -121.154428,36.487318,0
            -121.15449,36.487247,0
            -121.154604,36.487078,0
            -121.154725,36.486867,0
            -121.1549,36.486509,0
            -121.155083,36.486145,0
            -121.155134,36.486027,0
            -121.155144,36.485979,0
            -121.155153,36.48593,0
            -121.155148,36.485758,0
            -121.15514,36.485609,0
            -121.155138,36.485505,0
            -121.155163,36.485222,0
            -121.155179,36.484867,0
            -121.155246,36.484641,0
            -121.155341,36.484398,0
            -121.155456,36.484091,0
            -121.155525,36.483892,0
            -121.155567,36.483744,0
            -121.155611,36.483556,0
            -121.155672,36.483374,0
            -121.155723,36.483259,0
            -121.155776,36.48317,0
            -121.15586,36.483036,0
            -121.156069,36.48275,0
            -121.156126,36.482675,0
            -121.156203,36.482602,0
            -121.156432,36.482443,0
            -121.156516,36.482386,0
            -121.156613,36.482316,0
            -121.156678,36.482262,0
            -121.15674,36.482195,0
            -121.156818,36.482092,0
            -121.156917,36.481942,0
            -121.157114,36.481592,0
            -121.157033,36.481477,0
            -121.156955,36.481392,0
            -121.156913,36.481352,0
            -121.156868,36.481322,0
            -121.156785,36.481274,0
            -121.156753,36.481234,0
            -121.156743,36.481199,0
            -121.156754,36.4811,0
            -121.15676,36.48074,0
            -121.156759,36.480686,0
          </coordinates>
        </LineString>
      </Placemark>
      <Placemark>
        <name>Walking</name>
        <description><![CDATA[description: Walking from 2021-02-15T18:26:27.000Z to 2021-02-15T18:42:34.000Z. Distance 832m<br>Email: syugen.zhou@gmail.com<br>Category: Walking<br>Distance: 832]]></description>
        <styleUrl>#line-F9A825-5000</styleUrl>
        <ExtendedData>
          <Data name="description">
            <value>Walking from 2021-02-15T18:26:27.000Z to 2021-02-15T18:42:34.000Z. Distance 832m</value>
          </Data>
          <Data name="Email">
            <value>syugen.zhou@gmail.com</value>
          </Data>
          <Data name="Category">
            <value>Walking</value>
          </Data>
          <Data name="Distance">
            <value>832</value>
          </Data>
        </ExtendedData>
        <LineString>
          <tessellate>1</tessellate>
          <coordinates>
            -121.166191,36.484666,0
            -121.166186,36.4847,0
            -121.166185,36.484708,0
            -121.166145,36.484812,0
            -121.16613,36.484841,0
            -121.166107,36.484866,0
            -121.166105,36.484867,0
            -121.166075,36.484879,0
            -121.166039,36.484882,0
            -121.165992,36.484881,0
            -121.165944,36.484872,0
            -121.165828,36.484831,0
            -121.165713,36.484771,0
            -121.16556,36.484696,0
            -121.1653,36.484577,0
            -121.164552,36.484228,0
            -121.164251,36.484046,0
            -121.164117,36.483921,0
            -121.163943,36.483831,0
            -121.163691,36.483762,0
            -121.163634,36.483719,0
            -121.163551,36.483637,0
            -121.163469,36.483604,0
            -121.163312,36.483543,0
            -121.163127,36.483434,0
            -121.162878,36.483361,0
            -121.162876,36.48336,0
            -121.162642,36.483238,0
            -121.162496,36.483171,0
            -121.162444,36.483147,0
            -121.162317,36.483097,0
            -121.162232,36.483052,0
            -121.162165,36.483,0
            -121.161768,36.482705,0
            -121.16154,36.482599,0
            -121.161405,36.482547,0
            -121.161264,36.482492,0
            -121.161234,36.48247,0
            -121.161179,36.482411,0
            -121.161153,36.482392,0
            -121.161122,36.482373,0
            -121.161078,36.482354,0
            -121.16104,36.482348,0
            -121.160947,36.482343,0
            -121.160913,36.48233,0
            -121.160738,36.482203,0
            -121.160515,36.482041,0
            -121.160454,36.481996,0
            -121.160432,36.481967,0
            -121.16041,36.481942,0
            -121.160307,36.481742,0
            -121.16029,36.481717,0
            -121.160272,36.481708,0
            -121.160142,36.481655,0
            -121.160021,36.481573,0
            -121.159895,36.481452,0
            -121.159732,36.481299,0
            -121.159608,36.481198,0
            -121.159461,36.481055,0
            -121.159362,36.480943,0
            -121.159233,36.480792,0
            -121.159181,36.480739,0
            -121.159163,36.48073,0
            -121.159148,36.480727,0
            -121.159105,36.480718,0
            -121.159092,36.480712,0
            -121.159086,36.480701,0
            -121.15909,36.480684,0
            -121.159112,36.480646,0
            -121.159115,36.480628,0
            -121.159114,36.480619,0
            -121.159092,36.48053,0
            -121.159069,36.48044,0
            -121.158973,36.480324,0
            -121.15892,36.480266,0
            -121.158879,36.48024,0
            -121.158861,36.480237,0
            -121.158707,36.480214,0
            -121.158661,36.480213,0
            -121.158636,36.480207,0
            -121.158611,36.480199,0
            -121.158601,36.480179,0
            -121.158587,36.480152,0
            -121.158493,36.479942,0
            -121.158407,36.479897,0
            -121.158342,36.479899,0
            -121.158273,36.479998,0
            -121.158212,36.480079,0
            -121.158179,36.480098,0
            -121.158082,36.480113,0
            -121.157978,36.480113,0
            -121.157919,36.480119,0
            -121.157903,36.480125,0
            -121.157863,36.480139,0
            -121.157717,36.480227,0
            -121.157259,36.480387,0
            -121.157096,36.480461,0
            -121.157039,36.480501,0
            -121.156918,36.480608,0
            -121.156877,36.480633,0
          </coordinates>
        </LineString>
      </Placemark>
      <Placemark>
        <name>Driving</name>
        <description><![CDATA[description: Driving from 2021-02-15T18:42:34.000Z to 2021-02-15T18:51:39.000Z. Distance 1725m<br>Email: syugen.zhou@gmail.com<br>Category: Driving<br>Distance: 1725]]></description>
        <styleUrl>#line-F9A825-5000</styleUrl>
        <ExtendedData>
          <Data name="description">
            <value>Driving from 2021-02-15T18:42:34.000Z to 2021-02-15T18:51:39.000Z. Distance 1725m</value>
          </Data>
          <Data name="Email">
            <value>syugen.zhou@gmail.com</value>
          </Data>
          <Data name="Category">
            <value>Driving</value>
          </Data>
          <Data name="Distance">
            <value>1725</value>
          </Data>
        </ExtendedData>
        <LineString>
          <tessellate>1</tessellate>
          <coordinates>
            -121.156758,36.480865,0
            -121.156743,36.481199,0
            -121.156752,36.481234,0
            -121.156785,36.481274,0
            -121.156913,36.481352,0
            -121.157033,36.481477,0
            -121.157114,36.481592,0
            -121.157268,36.481477,0
            -121.157432,36.481377,0
            -121.157711,36.481229,0
            -121.158341,36.480987,0
            -121.158555,36.480934,0
            -121.158727,36.480915,0
            -121.15887,36.480933,0
            -121.159036,36.480983,0
            -121.159127,36.481029,0
            -121.15921,36.481081,0
            -121.160177,36.481925,0
            -121.160472,36.482138,0
            -121.16189,36.483027,0
            -121.162735,36.483476,0
            -121.167667,36.485788,0
            -121.167896,36.485944,0
            -121.168235,36.486211,0
            -121.168461,36.486446,0
            -121.168853,36.486926,0
            -121.169041,36.487087,0
            -121.169313,36.487068,0
            -121.169361,36.487056,0
            -121.169454,36.487019,0
            -121.169552,36.486956,0
            -121.169677,36.486826,0
            -121.169704,36.48677,0
            -121.169712,36.48673,0
            -121.169718,36.486608,0
            -121.169694,36.486488,0
            -121.169672,36.486431,0
            -121.169638,36.486373,0
            -121.169441,36.486161,0
            -121.169263,36.486007,0
            -121.169003,36.48581,0
            -121.168788,36.485669,0
            -121.168384,36.485434,0
            -121.16817,36.485269,0
            -121.16793,36.485042,0
            -121.167451,36.484497,0
            -121.167401,36.484425,0
            -121.167352,36.484306,0
            -121.16734,36.484244,0
            -121.167333,36.484123,0
            -121.167344,36.484045,0
            -121.167369,36.483959,0
            -121.167449,36.483797,0
            -121.167506,36.483709,0
            -121.167571,36.48363,0
            -121.167783,36.483457,0
            -121.167858,36.48341,0
            -121.167931,36.483373,0
            -121.168151,36.483284,0
            -121.168235,36.48326,0
            -121.168392,36.483246,0
            -121.1685,36.483251,0
            -121.168934,36.483315,0
            -121.169117,36.483317,0
            -121.16925,36.483301,0
            -121.169605,36.483233,0
            -121.170054,36.483187,0
            -121.17034,36.48318,0
            -121.170774,36.483194,0
            -121.171176,36.48328,0
            -121.171662,36.483415,0
            -121.172023,36.483482,0
            -121.173485,36.483532,0
            -121.173638,36.483517,0
            -121.173777,36.483487,0
            -121.174412,36.483304,0
            -121.174562,36.483275,0
            -121.174829,36.483268,0
            -121.175136,36.483319,0
            -121.175631,36.48343,0
            -121.175839,36.483451,0
            -121.176165,36.483463,0
            -121.176994,36.483423,0
            -121.177414,36.483371,0
            -121.177613,36.483329,0
            -121.177751,36.483282,0
            -121.177936,36.483205,0
            -121.178304,36.483013,0
            -121.178814,36.48265,0
            -121.178961,36.482559,0
            -121.179951,36.482217,0
            -121.1809,36.481792,0
            -121.181276,36.48152,0
            -121.181437,36.481339,0
            -121.181627,36.481001,0
            -121.181736,36.48076,0
            -121.1816,36.480817,0
            -121.181522,36.480868,0
            -121.181431,36.480947,0
            -121.181363,36.481094,0
          </coordinates>
        </LineString>
      </Placemark>
      <Placemark>
        <name>Walking</name>
        <description><![CDATA[description: Walking from 2021-02-15T18:51:39.000Z to 2021-02-15T19:29:58.000Z. Distance 1301m<br>Email: syugen.zhou@gmail.com<br>Category: Walking<br>Distance: 1301]]></description>
        <styleUrl>#line-F9A825-5000</styleUrl>
        <ExtendedData>
          <Data name="description">
            <value>Walking from 2021-02-15T18:51:39.000Z to 2021-02-15T19:29:58.000Z. Distance 1301m</value>
          </Data>
          <Data name="Email">
            <value>syugen.zhou@gmail.com</value>
          </Data>
          <Data name="Category">
            <value>Walking</value>
          </Data>
          <Data name="Distance">
            <value>1301</value>
          </Data>
        </ExtendedData>
        <LineString>
          <tessellate>1</tessellate>
          <coordinates>
            -121.181363,36.481094,0
            -121.181247,36.481316,0
            -121.181216,36.481353,0
            -121.181082,36.481476,0
            -121.181055,36.481519,0
            -121.181031,36.481614,0
            -121.181267,36.48143,0
            -121.181364,36.481428,0
            -121.181509,36.481461,0
            -121.181651,36.481512,0
            -121.181737,36.481573,0
            -121.181999,36.481821,0
            -121.182184,36.481911,0
            -121.182273,36.482008,0
            -121.182648,36.482351,0
            -121.182718,36.482524,0
            -121.182724,36.482638,0
            -121.182616,36.482785,0
            -121.182622,36.482837,0
            -121.182648,36.482867,0
            -121.182716,36.48286,0
            -121.18285,36.48283,0
            -121.182997,36.482832,0
            -121.183566,36.482906,0
            -121.183622,36.482934,0
            -121.183783,36.48308,0
            -121.183882,36.483138,0
            -121.184011,36.483248,0
            -121.184086,36.483352,0
            -121.184151,36.483423,0
            -121.184236,36.483451,0
            -121.184344,36.483462,0
            -121.184467,36.48352,0
            -121.184668,36.48366,0
            -121.184843,36.483753,0
            -121.184969,36.483805,0
            -121.185041,36.483891,0
            -121.185036,36.48407,0
            -121.185044,36.484135,0
            -121.185017,36.484202,0
            -121.185057,36.484288,0
            -121.185135,36.484381,0
            -121.185178,36.484407,0
            -121.185226,36.484383,0
            -121.185256,36.48432,0
            -121.185331,36.484236,0
            -121.18565,36.484001,0
            -121.185757,36.483967,0
            -121.185889,36.483967,0
            -121.186036,36.483982,0
            -121.186189,36.48396,0
            -121.186642,36.483867,0
            -121.18679,36.483805,0
            -121.186919,36.48377,0
            -121.187018,36.48376,0
            -121.187871,36.483526,0
            -121.188109,36.48349,0
            -121.18826,36.483527,0
            -121.188354,36.483494,0
            -121.188413,36.483427,0
            -121.188493,36.483389,0
            -121.188734,36.483376,0
            -121.188928,36.483313,0
            -121.189107,36.483212,0
            -121.189354,36.483154,0
            -121.189689,36.483029,0
            -121.189928,36.482979,0
            -121.190043,36.482979,0
            -121.190143,36.483031,0
            -121.190462,36.483315,0
            -121.19054,36.48346,0
            -121.190666,36.483505,0
            -121.190813,36.483531,0
            -121.191049,36.483867,0
            -121.191079,36.484187,0
            -121.191067,36.484299,0
            -121.191057,36.484305,0
            -121.191051,36.484306,0
            -121.191045,36.484304,0
            -121.190823,36.483976,0
            -121.190818,36.483972,0
            -121.190808,36.483973,0
            -121.190804,36.483978,0
            -121.190805,36.484073,0
            -121.190768,36.48445,0
            -121.190769,36.484609,0
            -121.190977,36.484793,0
            -121.19106,36.484853,0
            -121.191074,36.484858,0
            -121.19116,36.484873,0
            -121.191181,36.484886,0
            -121.191272,36.484989,0
            -121.191433,36.485118,0
            -121.191527,36.485164,0
            -121.191634,36.485243,0
            -121.191738,36.485284,0
            -121.192227,36.48536,0
            -121.192492,36.485366,0
            -121.192618,36.485392,0
            -121.19266,36.485422,0
          </coordinates>
        </LineString>
      </Placemark>
      <Placemark>
        <name>Condor Gulch</name>
        <description><![CDATA[description: from 2021-02-15T19:29:58.000Z to 2021-02-15T19:51:00.000Z. Distance 0m<br>Email: syugen.zhou@gmail.com<br>Category: <br>Distance: 0]]></description>
        <styleUrl>#icon-1739-0288D1</styleUrl>
        <ExtendedData>
          <Data name="description">
            <value>from 2021-02-15T19:29:58.000Z to 2021-02-15T19:51:00.000Z. Distance 0m</value>
          </Data>
          <Data name="Email">
            <value>syugen.zhou@gmail.com</value>
          </Data>
          <Data name="Category">
            <value/>
          </Data>
          <Data name="Distance">
            <value>0</value>
          </Data>
        </ExtendedData>
        <Point>
          <coordinates>
            -121.192666,36.485415,0
          </coordinates>
        </Point>
      </Placemark>
      <Placemark>
        <name>Walking</name>
        <description><![CDATA[description: Walking from 2021-02-15T19:51:00.000Z to 2021-02-15T20:21:04.000Z. Distance 1243m<br>Email: syugen.zhou@gmail.com<br>Category: Walking<br>Distance: 1243]]></description>
        <styleUrl>#line-F9A825-5000</styleUrl>
        <ExtendedData>
          <Data name="description">
            <value>Walking from 2021-02-15T19:51:00.000Z to 2021-02-15T20:21:04.000Z. Distance 1243m</value>
          </Data>
          <Data name="Email">
            <value>syugen.zhou@gmail.com</value>
          </Data>
          <Data name="Category">
            <value>Walking</value>
          </Data>
          <Data name="Distance">
            <value>1243</value>
          </Data>
        </ExtendedData>
        <LineString>
          <tessellate>1</tessellate>
          <coordinates>
            -121.19266,36.485422,0
            -121.192618,36.485392,0
            -121.192492,36.485366,0
            -121.192227,36.48536,0
            -121.191738,36.485284,0
            -121.191634,36.485243,0
            -121.191527,36.485163,0
            -121.191433,36.485118,0
            -121.191272,36.484989,0
            -121.191181,36.484886,0
            -121.19116,36.484873,0
            -121.191074,36.484858,0
            -121.19106,36.484853,0
            -121.190977,36.484792,0
            -121.190769,36.484609,0
            -121.190768,36.48445,0
            -121.190805,36.484072,0
            -121.190804,36.483978,0
            -121.190808,36.483973,0
            -121.190818,36.483972,0
            -121.190823,36.483976,0
            -121.191045,36.484304,0
            -121.191051,36.484306,0
            -121.191057,36.484305,0
            -121.191067,36.484299,0
            -121.191079,36.484187,0
            -121.191049,36.483867,0
            -121.190813,36.483531,0
            -121.190666,36.483505,0
            -121.19054,36.48346,0
            -121.190462,36.483315,0
            -121.190143,36.483031,0
            -121.190043,36.482979,0
            -121.189928,36.482979,0
            -121.189689,36.483028,0
            -121.189354,36.483154,0
            -121.189107,36.483212,0
            -121.188928,36.483313,0
            -121.188735,36.483376,0
            -121.188493,36.483389,0
            -121.188413,36.483427,0
            -121.188354,36.483494,0
            -121.18826,36.483527,0
            -121.18811,36.48349,0
            -121.187871,36.483526,0
            -121.187018,36.48376,0
            -121.186919,36.48377,0
            -121.18679,36.483805,0
            -121.186642,36.483867,0
            -121.186189,36.48396,0
            -121.186036,36.483982,0
            -121.185889,36.483967,0
            -121.185757,36.483967,0
            -121.18565,36.484001,0
            -121.185331,36.484236,0
            -121.185256,36.48432,0
            -121.185226,36.484383,0
            -121.185178,36.484406,0
            -121.185135,36.484381,0
            -121.185057,36.484288,0
            -121.185017,36.484202,0
            -121.185044,36.484135,0
            -121.185036,36.48407,0
            -121.185041,36.483891,0
            -121.184969,36.483805,0
            -121.184843,36.483753,0
            -121.184668,36.48366,0
            -121.184467,36.48352,0
            -121.184344,36.483462,0
            -121.184236,36.483451,0
            -121.184151,36.483423,0
            -121.184086,36.483352,0
            -121.184011,36.483248,0
            -121.183882,36.483138,0
            -121.183783,36.48308,0
            -121.183622,36.482934,0
            -121.183566,36.482905,0
            -121.182997,36.482832,0
            -121.18285,36.48283,0
            -121.182716,36.48286,0
            -121.182648,36.482867,0
            -121.182622,36.482836,0
            -121.182616,36.482785,0
            -121.182724,36.482638,0
            -121.182718,36.482524,0
            -121.182648,36.482351,0
            -121.182273,36.482008,0
            -121.182184,36.481911,0
            -121.181999,36.481821,0
            -121.181737,36.481573,0
            -121.181651,36.481512,0
            -121.181509,36.481461,0
            -121.181364,36.481428,0
            -121.181267,36.48143,0
            -121.181031,36.481614,0
            -121.181055,36.481519,0
            -121.181082,36.481476,0
            -121.181216,36.481353,0
            -121.181247,36.481316,0
            -121.181325,36.481177,0
          </coordinates>
        </LineString>
      </Placemark>
      <Placemark>
        <name>Driving</name>
        <description><![CDATA[description: Driving from 2021-02-15T20:21:04.000Z to 2021-02-15T21:57:46.000Z. Distance 129458m<br>Email: syugen.zhou@gmail.com<br>Category: Driving<br>Distance: 129458]]></description>
        <styleUrl>#line-F9A825-5000</styleUrl>
        <ExtendedData>
          <Data name="description">
            <value>Driving from 2021-02-15T20:21:04.000Z to 2021-02-15T21:57:46.000Z. Distance 129458m</value>
          </Data>
          <Data name="Email">
            <value>syugen.zhou@gmail.com</value>
          </Data>
          <Data name="Category">
            <value>Driving</value>
          </Data>
          <Data name="Distance">
            <value>129458</value>
          </Data>
        </ExtendedData>
        <LineString>
          <tessellate>1</tessellate>
          <coordinates>
            -121.181325,36.481177,0
            -121.181055,36.481519,0
            -121.181006,36.481714,0
            -121.1809,36.481792,0
            -121.178961,36.482559,0
            -121.178304,36.483013,0
            -121.177613,36.483329,0
            -121.176165,36.483463,0
            -121.174562,36.483275,0
            -121.173638,36.483517,0
            -121.172023,36.483482,0
            -121.170774,36.483194,0
            -121.170054,36.483187,0
            -121.169117,36.483317,0
            -121.168235,36.48326,0
            -121.167857,36.48341,0
            -121.167571,36.48363,0
            -121.167369,36.483959,0
            -121.167333,36.484123,0
            -121.167401,36.484425,0
            -121.168384,36.485434,0
            -121.169003,36.48581,0
            -121.169638,36.486373,0
            -121.169718,36.486608,0
            -121.169677,36.486826,0
            -121.169454,36.487019,0
            -121.169041,36.487087,0
            -121.168235,36.486211,0
            -121.167667,36.485788,0
            -121.16189,36.483027,0
            -121.160176,36.481925,0
            -121.159036,36.480983,0
            -121.158727,36.480915,0
            -121.158341,36.480987,0
            -121.157711,36.481229,0
            -121.157113,36.481592,0
            -121.15674,36.482195,0
            -121.156126,36.482675,0
            -121.155724,36.483259,0
            -121.155179,36.484867,0
            -121.155134,36.486027,0
            -121.15449,36.487247,0
            -121.153856,36.48786,0
            -121.152029,36.488888,0
            -121.149712,36.490718,0
            -121.149579,36.490941,0
            -121.149522,36.491267,0
            -121.148878,36.492251,0
            -121.14739,36.493365,0
            -121.146424,36.494804,0
            -121.146262,36.494933,0
            -121.143961,36.495837,0
            -121.142656,36.496875,0
            -121.140989,36.499108,0
            -121.140876,36.499408,0
            -121.140862,36.499694,0
            -121.140754,36.499854,0
            -121.140266,36.500126,0
            -121.140082,36.500397,0
            -121.140102,36.500951,0
            -121.14004,36.501115,0
            -121.139483,36.501844,0
            -121.139235,36.502511,0
            -121.13919,36.503138,0
            -121.139422,36.503572,0
            -121.139457,36.503766,0
            -121.139287,36.50487,0
            -121.139351,36.505336,0
            -121.139231,36.505651,0
            -121.139658,36.507332,0
            -121.139626,36.507744,0
            -121.139498,36.507922,0
            -121.138582,36.508534,0
            -121.13778,36.509631,0
            -121.137613,36.510168,0
            -121.137391,36.510518,0
            -121.13727,36.510896,0
            -121.137447,36.511942,0
            -121.137348,36.513822,0
            -121.137156,36.514689,0
            -121.136408,36.515642,0
            -121.13632,36.515999,0
            -121.137074,36.518065,0
            -121.137325,36.518281,0
            -121.137881,36.519029,0
            -121.138159,36.51971,0
            -121.138297,36.520919,0
            -121.13918,36.52212,0
            -121.13972,36.522558,0
            -121.140064,36.523609,0
            -121.140524,36.523997,0
            -121.141234,36.524287,0
            -121.14398,36.527221,0
            -121.144074,36.527394,0
            -121.144172,36.527892,0
            -121.144117,36.529035,0
            -121.144239,36.529459,0
            -121.145314,36.530608,0
            -121.145933,36.531735,0
            -121.14625,36.532748,0
            -121.146691,36.533224,0
            -121.148072,36.533939,0
            -121.14824,36.534085,0
            -121.149474,36.536316,0
            -121.149782,36.536598,0
            -121.151572,36.537787,0
            -121.152144,36.538534,0
            -121.152643,36.539002,0
            -121.153109,36.540141,0
            -121.155196,36.54211,0
            -121.15555,36.542743,0
            -121.155652,36.543256,0
            -121.156068,36.544209,0
            -121.156497,36.544696,0
            -121.156744,36.545328,0
            -121.157415,36.546164,0
            -121.157509,36.546446,0
            -121.15751,36.547429,0
            -121.158006,36.54864,0
            -121.158136,36.548783,0
            -121.159242,36.549549,0
            -121.16031,36.551113,0
            -121.16095,36.55167,0
            -121.162386,36.552268,0
            -121.163944,36.55226,0
            -121.165601,36.552503,0
            -121.16619,36.552737,0
            -121.166812,36.553161,0
            -121.16878,36.553954,0
            -121.169427,36.554748,0
            -121.171018,36.557938,0
            -121.171077,36.558252,0
            -121.171295,36.558633,0
            -121.172568,36.559722,0
            -121.172782,36.559815,0
            -121.174751,36.560113,0
            -121.174945,36.560219,0
            -121.175063,36.560357,0
            -121.175183,36.560863,0
            -121.175412,36.561118,0
            -121.177662,36.562548,0
            -121.177808,36.562596,0
            -121.178488,36.562648,0
            -121.178698,36.562716,0
            -121.180218,36.56405,0
            -121.180863,36.564294,0
            -121.181117,36.564538,0
            -121.181865,36.565652,0
            -121.182924,36.566384,0
            -121.184146,36.567643,0
            -121.184232,36.567813,0
            -121.184268,36.568124,0
            -121.184125,36.568905,0
            -121.184061,36.572202,0
            -121.184282,36.572977,0
            -121.187413,36.577321,0
            -121.188065,36.578016,0
            -121.191123,36.580058,0
            -121.191595,36.580586,0
            -121.191845,36.581028,0
            -121.192272,36.582256,0
            -121.192652,36.582852,0
            -121.194609,36.584554,0
            -121.195136,36.585195,0
            -121.195409,36.585864,0
            -121.19563,36.587312,0
            -121.196762,36.589251,0
            -121.19699,36.589924,0
            -121.197012,36.590568,0
            -121.19692,36.590977,0
            -121.196421,36.591862,0
            -121.195619,36.592668,0
            -121.194967,36.593577,0
            -121.194557,36.594871,0
            -121.194505,36.599897,0
            -121.194714,36.600625,0
            -121.19597,36.602926,0
            -121.196869,36.604114,0
            -121.197962,36.605123,0
            -121.20095,36.607004,0
            -121.203419,36.608918,0
            -121.207991,36.613153,0
            -121.208872,36.61367,0
            -121.209734,36.613948,0
            -121.213267,36.614269,0
            -121.213732,36.61437,0
            -121.214905,36.614887,0
            -121.215616,36.615453,0
            -121.219478,36.619928,0
            -121.253191,36.673803,0
            -121.274546,36.701097,0
            -121.275157,36.702183,0
            -121.275447,36.703016,0
            -121.277547,36.716442,0
            -121.279311,36.724042,0
            -121.279366,36.725137,0
            -121.278941,36.728134,0
            -121.279047,36.730027,0
            -121.281722,36.738008,0
            -121.281744,36.739604,0
            -121.281282,36.74137,0
            -121.280625,36.742646,0
            -121.28048,36.743207,0
            -121.280555,36.744115,0
            -121.28076,36.744617,0
            -121.281122,36.745112,0
            -121.281549,36.745504,0
            -121.284974,36.747236,0
            -121.28582,36.747876,0
            -121.286361,36.748496,0
            -121.288333,36.751597,0
            -121.289291,36.752659,0
            -121.28988,36.753103,0
            -121.29473,36.755948,0
            -121.295056,36.75625,0
            -121.295364,36.7567,0
            -121.295552,36.757533,0
            -121.295451,36.759189,0
            -121.295865,36.760444,0
            -121.301321,36.767451,0
            -121.305754,36.771037,0
            -121.307792,36.77187,0
            -121.308409,36.772274,0
            -121.308945,36.772903,0
            -121.315836,36.786971,0
            -121.316503,36.787591,0
            -121.323624,36.79126,0
            -121.324113,36.791689,0
            -121.324427,36.792116,0
            -121.325276,36.793859,0
            -121.325747,36.794442,0
            -121.326436,36.794949,0
            -121.332158,36.797617,0
            -121.334655,36.79906,0
            -121.335964,36.800024,0
            -121.349795,36.81269,0
            -121.350955,36.813397,0
            -121.352571,36.814084,0
            -121.353824,36.81443,0
            -121.36534,36.816665,0
            -121.367011,36.817284,0
            -121.379595,36.824509,0
            -121.381595,36.825994,0
            -121.382825,36.82731,0
            -121.387952,36.834731,0
            -121.387966,36.834865,0
            -121.390487,36.838711,0
            -121.390703,36.839317,0
            -121.390785,36.840266,0
            -121.390102,36.850156,0
            -121.390749,36.856226,0
            -121.390573,36.862048,0
            -121.390645,36.862509,0
            -121.390892,36.863133,0
            -121.391514,36.863908,0
            -121.392333,36.864464,0
            -121.392703,36.864628,0
            -121.393693,36.864881,0
            -121.401297,36.865211,0
            -121.402015,36.86538,0
            -121.403043,36.86586,0
            -121.403551,36.866278,0
            -121.409131,36.872629,0
            -121.414061,36.880504,0
            -121.416338,36.883086,0
            -121.416359,36.883158,0
            -121.418682,36.885708,0
            -121.422853,36.891088,0
            -121.432008,36.900448,0
            -121.432052,36.900459,0
            -121.441436,36.910076,0
            -121.441436,36.910131,0
            -121.448513,36.917365,0
            -121.449797,36.918464,0
            -121.449859,36.918478,0
            -121.451116,36.919346,0
            -121.451166,36.919417,0
            -121.451902,36.919853,0
            -121.504693,36.944751,0
            -121.50479,36.944835,0
            -121.511093,36.947729,0
            -121.513312,36.948394,0
            -121.523511,36.950741,0
            -121.525633,36.95159,0
            -121.526897,36.952413,0
            -121.53468,36.960025,0
            -121.53656,36.961243,0
            -121.53756,36.96165,0
            -121.539197,36.962091,0
            -121.544898,36.962807,0
            -121.54582,36.962794,0
            -121.546541,36.962674,0
            -121.548314,36.962121,0
            -121.548383,36.962237,0
            -121.548516,36.962297,0
            -121.550747,36.96197,0
            -121.550891,36.962034,0
            -121.551038,36.962181,0
            -121.551116,36.962216,0
            -121.554442,36.97349,0
            -121.558402,36.983053,0
            -121.558555,36.985016,0
            -121.555969,36.998711,0
            -121.555912,37.000721,0
            -121.556075,37.002059,0
            -121.556508,37.003696,0
            -121.557072,37.005071,0
            -121.576411,37.041039,0
            -121.590321,37.072695,0
            -121.60434,37.098047,0
            -121.605228,37.099268,0
            -121.606662,37.100844,0
            -121.62111,37.112332,0
            -121.623366,37.114787,0
            -121.626803,37.120421,0
            -121.626808,37.120495,0
            -121.636169,37.136091,0
            -121.637432,37.137638,0
            -121.656891,37.157654,0
            -121.658666,37.159238,0
            -121.66242,37.162036,0
            -121.664274,37.163715,0
            -121.669306,37.169566,0
            -121.679981,37.179091,0
            -121.6847,37.184516,0
            -121.686565,37.1862,0
            -121.703987,37.198452,0
            -121.720625,37.208087,0
            -121.722807,37.20965,0
            -121.730634,37.217435,0
            -121.742313,37.226637,0
            -121.744647,37.228196,0
            -121.794535,37.256164,0
            -121.796881,37.257882,0
            -121.798493,37.259582,0
            -121.799947,37.261764,0
            -121.800628,37.263292,0
            -121.804721,37.275844,0
            -121.805361,37.277228,0
            -121.808431,37.282051,0
            -121.808931,37.283237,0
            -121.809211,37.284541,0
            -121.80978,37.294057,0
            -121.810073,37.295362,0
            -121.810963,37.297175,0
            -121.811644,37.298058,0
            -121.856219,37.344157,0
            -121.862924,37.351425,0
            -121.869619,37.357357,0
            -121.871237,37.35852,0
            -121.873611,37.359859,0
            -121.876234,37.360918,0
            -121.879167,37.361696,0
            -121.898684,37.363762,0
            -121.898899,37.363885,0
            -121.89957,37.364004,0
            -121.899839,37.364116,0
            -121.900011,37.364249,0
            -121.900854,37.365447,0
            -121.900997,37.365788,0
            -121.901024,37.36603,0
            -121.90111,37.366134,0
            -121.901021,37.367588,0
            -121.903418,37.378433,0
            -121.903349,37.378549,0
            -121.903473,37.379846,0
            -121.90343,37.380032,0
            -121.902823,37.38105,0
            -121.902645,37.381711,0
            -121.902036,37.381716,0
            -121.901442,37.381828,0
            -121.89934,37.382694,0
            -121.898651,37.382805,0
            -121.898555,37.382867,0
            -121.898165,37.38288,0
            -121.89805,37.382949,0
            -121.898072,37.38315,0
            -121.898173,37.38333,0
            -121.898194,37.383553,0
            -121.898086,37.383523,0
            -121.897809,37.383151,0
            -121.897616,37.38322,0
            -121.897476,37.383344,0
            -121.897123,37.383337,0
          </coordinates>
        </LineString>
      </Placemark>
      <Placemark>
        <name>Noodle Talk San Jose福牛堂湘味馆</name>
        <description><![CDATA[description: Noodle Shop from 2021-02-15T21:57:46.000Z to 2021-02-15T22:11:40.000Z. Distance 0m<br>Email: syugen.zhou@gmail.com<br>Category: Noodle Shop<br>Distance: 0]]></description>
        <styleUrl>#icon-1739-0288D1</styleUrl>
        <ExtendedData>
          <Data name="description">
            <value>Noodle Shop from 2021-02-15T21:57:46.000Z to 2021-02-15T22:11:40.000Z. Distance 0m</value>
          </Data>
          <Data name="Email">
            <value>syugen.zhou@gmail.com</value>
          </Data>
          <Data name="Category">
            <value>Noodle Shop</value>
          </Data>
          <Data name="Distance">
            <value>0</value>
          </Data>
        </ExtendedData>
        <Point>
          <coordinates>
            -121.897038,37.383142,0
          </coordinates>
        </Point>
      </Placemark>
      <Placemark>
        <name>Driving</name>
        <description><![CDATA[description: Driving from 2021-02-15T22:11:40.000Z to 2021-02-15T22:41:17.000Z. Distance 38939m<br>Email: syugen.zhou@gmail.com<br>Category: Driving<br>Distance: 38939]]></description>
        <styleUrl>#line-F9A825-5000</styleUrl>
        <ExtendedData>
          <Data name="description">
            <value>Driving from 2021-02-15T22:11:40.000Z to 2021-02-15T22:41:17.000Z. Distance 38939m</value>
          </Data>
          <Data name="Email">
            <value>syugen.zhou@gmail.com</value>
          </Data>
          <Data name="Category">
            <value>Driving</value>
          </Data>
          <Data name="Distance">
            <value>38939</value>
          </Data>
        </ExtendedData>
        <LineString>
          <tessellate>1</tessellate>
          <coordinates>
            -121.897123,37.383337,0
            -121.896986,37.383331,0
            -121.897473,37.384047,0
            -121.897538,37.384046,0
            -121.898125,37.383803,0
            -121.898192,37.383737,0
            -121.898204,37.383688,0
            -121.898173,37.38333,0
            -121.898072,37.38315,0
            -121.89805,37.382949,0
            -121.898524,37.382951,0
            -121.899237,37.382874,0
            -121.899682,37.382759,0
            -121.900127,37.382596,0
            -121.901215,37.382071,0
            -121.901645,37.381907,0
            -121.901859,37.381858,0
            -121.902301,37.381816,0
            -121.90278,37.381856,0
            -121.903022,37.381917,0
            -121.90393,37.38224,0
            -121.904324,37.382333,0
            -121.904814,37.382361,0
            -121.905243,37.382328,0
            -121.905776,37.382164,0
            -121.912083,37.378188,0
            -121.91283,37.377646,0
            -121.914946,37.376281,0
            -121.915323,37.375979,0
            -121.915341,37.375952,0
            -121.918213,37.373366,0
            -121.918401,37.373232,0
            -121.91895,37.37274,0
            -121.919414,37.372603,0
            -121.919667,37.37259,0
            -121.923438,37.372936,0
            -121.923747,37.372988,0
            -121.924004,37.37295,0
            -121.933971,37.375309,0
            -121.950868,37.378635,0
            -121.950903,37.378656,0
            -121.954098,37.379346,0
            -121.996054,37.39132,0
            -121.996274,37.391407,0
            -122.002117,37.393115,0
            -122.008657,37.394856,0
            -122.014567,37.396153,0
            -122.014756,37.396213,0
            -122.05075,37.404078,0
            -122.055177,37.40526,0
            -122.067437,37.407974,0
            -122.068482,37.408275,0
            -122.080936,37.413221,0
            -122.081983,37.413733,0
            -122.083185,37.414436,0
            -122.084316,37.415188,0
            -122.096782,37.424243,0
            -122.09841,37.425579,0
            -122.106147,37.432915,0
            -122.106288,37.433082,0
            -122.124787,37.45071,0
            -122.12622,37.451889,0
            -122.127596,37.452773,0
            -122.177778,37.482158,0
            -122.178961,37.48274,0
            -122.181204,37.483636,0
            -122.183477,37.484372,0
            -122.185441,37.484879,0
            -122.187891,37.485367,0
            -122.206915,37.487747,0
            -122.208949,37.488074,0
            -122.21108,37.488532,0
            -122.21302,37.489068,0
            -122.215928,37.490096,0
            -122.224233,37.493727,0
            -122.22693,37.494673,0
            -122.235778,37.497262,0
            -122.23683,37.497688,0
            -122.237929,37.49827,0
            -122.238717,37.498784,0
            -122.239405,37.499316,0
            -122.274217,37.530062,0
            -122.275704,37.531526,0
            -122.292081,37.549192,0
            -122.292052,37.549321,0
            -122.29329,37.550929,0
            -122.293297,37.550968,0
            -122.29378,37.551804,0
            -122.293826,37.552022,0
            -122.293797,37.55235,0
            -122.293638,37.552683,0
            -122.293452,37.552884,0
            -122.293283,37.553016,0
            -122.293012,37.553159,0
            -122.291583,37.553758,0
            -122.291541,37.553841,0
            -122.288064,37.555053,0
            -122.285,37.556401,0
            -122.282709,37.557677,0
            -122.276136,37.561804,0
            -122.275956,37.561818,0
            -122.274441,37.562568,0
            -122.274093,37.562676,0
            -122.273817,37.562691,0
            -122.273694,37.562675,0
            -122.273474,37.562612,0
            -122.273296,37.562521,0
            -122.272501,37.561804,0
            -122.272161,37.562024,0
            -122.271679,37.562543,0
            -122.271465,37.562612,0
            -122.271281,37.562634,0
            -122.270584,37.562256,0
            -122.26946,37.561486,0
            -122.255671,37.553721,0
            -122.255203,37.55425,0
          </coordinates>
        </LineString>
      </Placemark>
      <Placemark>
        <name>702 Marlin Ave</name>
        <description><![CDATA[description: from 2021-02-15T22:41:17.000Z to 2021-02-16T16:30:12.000Z. Distance 0m<br>Email: syugen.zhou@gmail.com<br>Category: <br>Distance: 0]]></description>
        <styleUrl>#icon-1603-0288D1</styleUrl>
        <ExtendedData>
          <Data name="description">
            <value>from 2021-02-15T22:41:17.000Z to 2021-02-16T16:30:12.000Z. Distance 0m</value>
          </Data>
          <Data name="Email">
            <value>syugen.zhou@gmail.com</value>
          </Data>
          <Data name="Category">
            <value/>
          </Data>
          <Data name="Distance">
            <value>0</value>
          </Data>
        </ExtendedData>
        <Point>
          <coordinates>
            -122.254985,37.554132,0
          </coordinates>
        </Point>
      </Placemark>
    </Folder>
    <Folder>
      <name>2021-02-14</name>
      <Placemark>
        <name>702 Marlin Ave</name>
        <description><![CDATA[description: from 2021-02-14T06:10:26.000Z to 2021-02-14T18:26:43.999Z. Distance 0m<br>Email: syugen.zhou@gmail.com<br>Category: <br>Distance: 0]]></description>
        <styleUrl>#icon-1603-0288D1</styleUrl>
        <ExtendedData>
          <Data name="description">
            <value>from 2021-02-14T06:10:26.000Z to 2021-02-14T18:26:43.999Z. Distance 0m</value>
          </Data>
          <Data name="Email">
            <value>syugen.zhou@gmail.com</value>
          </Data>
          <Data name="Category">
            <value/>
          </Data>
          <Data name="Distance">
            <value>0</value>
          </Data>
        </ExtendedData>
        <Point>
          <coordinates>
            -122.254985,37.554132,0
          </coordinates>
        </Point>
      </Placemark>
      <Placemark>
        <name>Driving</name>
        <description><![CDATA[description: Driving from 2021-02-14T18:26:43.999Z to 2021-02-14T18:54:13.999Z. Distance 42495m<br>Email: syugen.zhou@gmail.com<br>Category: Driving<br>Distance: 42495]]></description>
        <styleUrl>#line-A52714-5000</styleUrl>
        <ExtendedData>
          <Data name="description">
            <value>Driving from 2021-02-14T18:26:43.999Z to 2021-02-14T18:54:13.999Z. Distance 42495m</value>
          </Data>
          <Data name="Email">
            <value>syugen.zhou@gmail.com</value>
          </Data>
          <Data name="Category">
            <value>Driving</value>
          </Data>
          <Data name="Distance">
            <value>42495</value>
          </Data>
        </ExtendedData>
        <LineString>
          <tessellate>1</tessellate>
          <coordinates>
            -122.25541,37.554009,0
            -122.255583,37.553808,0
            -122.274816,37.564817,0
            -122.275693,37.563924,0
            -122.275823,37.563886,0
            -122.275766,37.563828,0
            -122.275767,37.563737,0
            -122.275488,37.563346,0
            -122.275425,37.563067,0
            -122.275464,37.562883,0
            -122.275588,37.562651,0
            -122.276652,37.56179,0
            -122.276657,37.561701,0
            -122.282531,37.557988,0
            -122.285422,37.556423,0
            -122.287967,37.555363,0
            -122.291293,37.554257,0
            -122.295519,37.553446,0
            -122.295697,37.553468,0
            -122.297515,37.553298,0
            -122.297707,37.553318,0
            -122.297923,37.553432,0
            -122.298018,37.553565,0
            -122.298032,37.553771,0
            -122.297954,37.553912,0
            -122.297798,37.554028,0
            -122.297588,37.554082,0
            -122.297437,37.554074,0
            -122.296973,37.553852,0
            -122.296453,37.553392,0
            -122.296289,37.553364,0
            -122.275311,37.530748,0
            -122.239451,37.499026,0
            -122.237506,37.497758,0
            -122.235939,37.497072,0
            -122.226218,37.494265,0
            -122.223848,37.493394,0
            -122.216274,37.490052,0
            -122.211877,37.48856,0
            -122.207604,37.487659,0
            -122.189374,37.485401,0
            -122.185635,37.484732,0
            -122.183023,37.484047,0
            -122.17928,37.482679,0
            -122.177494,37.481779,0
            -122.126906,37.452117,0
            -122.125642,37.451184,0
            -122.098851,37.425714,0
            -122.097248,37.424355,0
            -122.083772,37.41454,0
            -122.082429,37.413698,0
            -122.080903,37.412944,0
            -122.075302,37.410627,0
            -122.075205,37.410479,0
            -122.071353,37.408666,0
            -122.070808,37.408247,0
            -122.070345,37.407668,0
            -122.070115,37.407139,0
            -122.070031,37.406696,0
            -122.070001,37.40077,0
            -122.069894,37.399904,0
            -122.068663,37.395249,0
            -122.068483,37.393173,0
            -122.068874,37.38854,0
            -122.067764,37.377903,0
            -122.068017,37.375267,0
            -122.067972,37.374177,0
            -122.067635,37.373048,0
            -122.063639,37.366345,0
            -122.063108,37.364838,0
            -122.063004,37.363982,0
            -122.063075,37.359509,0
            -122.062895,37.357649,0
            -122.062357,37.355722,0
            -122.060441,37.351376,0
            -122.060129,37.350012,0
            -122.059951,37.338692,0
            -122.059867,37.338062,0
            -122.059907,37.337908,0
            -122.058594,37.333603,0
            -122.058262,37.332966,0
            -122.057892,37.332532,0
            -122.057291,37.332064,0
            -122.056354,37.331621,0
            -122.05543,37.331416,0
            -122.054665,37.33141,0
            -122.053759,37.331548,0
            -122.053143,37.331755,0
            -122.050885,37.333086,0
            -122.050094,37.333402,0
            -122.046276,37.33411,0
            -122.04619,37.334151,0
            -122.024345,37.334279,0
            -122.022838,37.334111,0
            -122.021147,37.33372,0
            -122.019876,37.333278,0
            -122.017375,37.33204,0
            -122.017382,37.331976,0
            -122.016006,37.331097,0
            -122.015843,37.330939,0
            -122.015742,37.330756,0
            -122.015563,37.329933,0
            -122.015391,37.329677,0
            -122.015075,37.329433,0
            -122.014589,37.329238,0
            -122.014447,37.329235,0
            -122.014398,37.325483,0
            -122.012192,37.325493,0
          </coordinates>
        </LineString>
      </Placemark>
      <Placemark>
        <name>Cupertino</name>
        <description><![CDATA[description: from 2021-02-14T18:54:13.999Z to 2021-02-14T19:14:30.000Z. Distance 0m<br>Email: syugen.zhou@gmail.com<br>Category: <br>Distance: 0]]></description>
        <styleUrl>#icon-1739-0288D1</styleUrl>
        <ExtendedData>
          <Data name="description">
            <value>from 2021-02-14T18:54:13.999Z to 2021-02-14T19:14:30.000Z. Distance 0m</value>
          </Data>
          <Data name="Email">
            <value>syugen.zhou@gmail.com</value>
          </Data>
          <Data name="Category">
            <value/>
          </Data>
          <Data name="Distance">
            <value>0</value>
          </Data>
        </ExtendedData>
        <Point>
          <coordinates>
            -122.032182,37.322998,0
          </coordinates>
        </Point>
      </Placemark>
      <Placemark>
        <name>Driving</name>
        <description><![CDATA[description: Driving from 2021-02-14T19:14:30.000Z to 2021-02-14T21:06:53.142Z. Distance 126595m<br>Email: syugen.zhou@gmail.com<br>Category: Driving<br>Distance: 126595]]></description>
        <styleUrl>#line-A52714-5000</styleUrl>
        <ExtendedData>
          <Data name="description">
            <value>Driving from 2021-02-14T19:14:30.000Z to 2021-02-14T21:06:53.142Z. Distance 126595m</value>
          </Data>
          <Data name="Email">
            <value>syugen.zhou@gmail.com</value>
          </Data>
          <Data name="Category">
            <value>Driving</value>
          </Data>
          <Data name="Distance">
            <value>126595</value>
          </Data>
        </ExtendedData>
        <LineString>
          <tessellate>1</tessellate>
          <coordinates>
            -122.012115,37.325493,0
            -122.01172,37.325493,0
            -122.011776,37.328423,0
            -122.011833,37.328526,0
            -122.011934,37.3286,0
            -122.012076,37.328635,0
            -122.01351,37.328628,0
            -122.013488,37.327926,0
            -122.013527,37.327817,0
            -122.01357,37.327768,0
            -122.013695,37.327698,0
            -122.013855,37.327667,0
            -122.014259,37.327711,0
            -122.014271,37.328324,0
            -122.01421,37.328435,0
            -122.014052,37.32948,0
            -122.013949,37.329641,0
            -122.013769,37.329745,0
            -122.013606,37.329776,0
            -122.013455,37.329755,0
            -122.011595,37.328924,0
            -122.011457,37.328962,0
            -121.992487,37.319097,0
            -121.99129,37.318614,0
            -121.989507,37.318141,0
            -121.988048,37.31796,0
            -121.979316,37.317936,0
            -121.977534,37.317776,0
            -121.976739,37.317615,0
            -121.973602,37.31664,0
            -121.972691,37.316429,0
            -121.970663,37.316202,0
            -121.963578,37.316376,0
            -121.958258,37.316318,0
            -121.952265,37.316711,0
            -121.94826,37.316698,0
            -121.938597,37.317322,0
            -121.934651,37.317283,0
            -121.929955,37.316748,0
            -121.920177,37.316751,0
            -121.919316,37.316668,0
            -121.917794,37.316336,0
            -121.914388,37.315033,0
            -121.91381,37.314871,0
            -121.912715,37.314675,0
            -121.911923,37.314624,0
            -121.910647,37.314694,0
            -121.90962,37.314892,0
            -121.908509,37.315262,0
            -121.904041,37.317344,0
            -121.903146,37.317932,0
            -121.90189,37.31901,0
            -121.900129,37.320932,0
            -121.899418,37.321503,0
            -121.898569,37.322024,0
            -121.897671,37.322462,0
            -121.896087,37.322995,0
            -121.887593,37.324667,0
            -121.887219,37.324702,0
            -121.886179,37.324925,0
            -121.884372,37.325505,0
            -121.881434,37.326803,0
            -121.880029,37.327237,0
            -121.878994,37.327432,0
            -121.873204,37.328001,0
            -121.871363,37.328336,0
            -121.869427,37.329006,0
            -121.868478,37.329429,0
            -121.856955,37.336459,0
            -121.856818,37.336468,0
            -121.85658,37.336542,0
            -121.854697,37.337593,0
            -121.854263,37.337769,0
            -121.853788,37.337877,0
            -121.853169,37.337914,0
            -121.852365,37.33779,0
            -121.851782,37.337558,0
            -121.849789,37.336121,0
            -121.842527,37.329645,0
            -121.842251,37.329545,0
            -121.811911,37.297967,0
            -121.811252,37.297116,0
            -121.810612,37.295975,0
            -121.810206,37.294818,0
            -121.810086,37.294208,0
            -121.809494,37.284509,0
            -121.809221,37.283225,0
            -121.808825,37.282221,0
            -121.805679,37.277221,0
            -121.805158,37.276203,0
            -121.800702,37.262692,0
            -121.799841,37.260972,0
            -121.79914,37.259929,0
            -121.797948,37.258539,0
            -121.796744,37.257441,0
            -121.795105,37.25622,0
            -121.776568,37.246041,0
            -121.776428,37.246005,0
            -121.767313,37.240745,0
            -121.767229,37.240653,0
            -121.744778,37.227945,0
            -121.743075,37.226834,0
            -121.730961,37.217334,0
            -121.729757,37.216247,0
            -121.723361,37.209731,0
            -121.721974,37.208603,0
            -121.720386,37.207578,0
            -121.705875,37.199226,0
            -121.687184,37.1862,0
            -121.685286,37.184462,0
            -121.680542,37.179104,0
            -121.678752,37.177409,0
            -121.670833,37.170672,0
            -121.668983,37.16877,0
            -121.665047,37.164097,0
            -121.663017,37.162153,0
            -121.658572,37.158789,0
            -121.657099,37.157478,0
            -121.63783,37.137582,0
            -121.636694,37.136221,0
            -121.635755,37.134879,0
            -121.62437,37.115666,0
            -121.622797,37.113582,0
            -121.621528,37.112294,0
            -121.607788,37.101432,0
            -121.606609,37.100326,0
            -121.604791,37.098105,0
            -121.590196,37.071696,0
            -121.575831,37.038992,0
            -121.557445,37.005036,0
            -121.556657,37.002964,0
            -121.55632,37.001205,0
            -121.556258,36.999818,0
            -121.556321,36.998809,0
            -121.558876,36.985437,0
            -121.558925,36.984239,0
            -121.558775,36.983096,0
            -121.558409,36.981944,0
            -121.555845,36.976582,0
            -121.554647,36.973391,0
            -121.551328,36.96212,0
            -121.551183,36.961093,0
            -121.551197,36.960392,0
            -121.552911,36.949469,0
            -121.553032,36.948009,0
            -121.552668,36.936566,0
            -121.552471,36.9355,0
            -121.552004,36.934258,0
            -121.551588,36.933514,0
            -121.548184,36.929182,0
            -121.547723,36.928235,0
            -121.547323,36.926703,0
            -121.547276,36.926006,0
            -121.547632,36.919314,0
            -121.547908,36.917918,0
            -121.548357,36.91682,0
            -121.54869,36.916224,0
            -121.549479,36.915167,0
            -121.550526,36.914126,0
            -121.553832,36.911816,0
            -121.554577,36.911189,0
            -121.555541,36.910097,0
            -121.556107,36.909193,0
            -121.556411,36.908521,0
            -121.556711,36.90752,0
            -121.556847,36.906104,0
            -121.55646,36.892649,0
            -121.556526,36.892129,0
            -121.556768,36.891312,0
            -121.56282,36.880724,0
            -121.563881,36.879553,0
            -121.564764,36.878831,0
            -121.568623,36.876519,0
            -121.569291,36.876012,0
            -121.570273,36.87506,0
            -121.5708,36.874406,0
            -121.571357,36.873523,0
            -121.572579,36.870399,0
            -121.572979,36.869599,0
            -121.577061,36.863886,0
            -121.578044,36.862998,0
            -121.579026,36.862417,0
            -121.579941,36.862053,0
            -121.581454,36.861724,0
            -121.585255,36.86151,0
            -121.595146,36.859433,0
            -121.596814,36.859268,0
            -121.59824,36.859305,0
            -121.608424,36.860343,0
            -121.60918,36.860501,0
            -121.609619,36.860658,0
            -121.611872,36.861988,0
            -121.614324,36.863093,0
            -121.615219,36.863347,0
            -121.616549,36.863501,0
            -121.617895,36.863411,0
            -121.618584,36.863259,0
            -121.61987,36.862765,0
            -121.6207,36.862248,0
            -121.623086,36.860179,0
            -121.62382,36.859692,0
            -121.624481,36.859348,0
            -121.628301,36.857909,0
            -121.629592,36.85733,0
            -121.630796,36.856664,0
            -121.632061,36.855804,0
            -121.632968,36.855052,0
            -121.634162,36.853828,0
            -121.635089,36.85259,0
            -121.635625,36.851646,0
            -121.636035,36.850527,0
            -121.636183,36.849606,0
            -121.636153,36.848706,0
            -121.635849,36.847553,0
            -121.630626,36.836403,0
            -121.630384,36.835682,0
            -121.630291,36.835136,0
            -121.630169,36.831802,0
            -121.62987,36.83067,0
            -121.628678,36.828581,0
            -121.628345,36.82772,0
            -121.628228,36.826937,0
            -121.628291,36.826044,0
            -121.62848,36.825395,0
            -121.630135,36.82244,0
            -121.63045,36.821588,0
            -121.630537,36.821525,0
            -121.631052,36.820296,0
            -121.631419,36.819857,0
            -121.632009,36.819392,0
            -121.633285,36.818716,0
            -121.633898,36.819227,0
            -121.634332,36.819694,0
            -121.634603,36.820144,0
            -121.634855,36.82099,0
            -121.634864,36.821318,0
            -121.634494,36.823555,0
            -121.634576,36.824387,0
            -121.635389,36.826151,0
            -121.635528,36.826348,0
            -121.635769,36.826554,0
            -121.636006,36.826679,0
            -121.636465,36.826794,0
            -121.637949,36.826812,0
            -121.638684,36.827005,0
            -121.640936,36.828119,0
            -121.641617,36.828571,0
            -121.642804,36.829572,0
            -121.64311,36.829699,0
            -121.643464,36.829758,0
            -121.643992,36.829729,0
            -121.645475,36.829461,0
            -121.645986,36.829203,0
            -121.646323,36.829107,0
            -121.64729,36.829112,0
            -121.647829,36.829037,0
            -121.649042,36.828537,0
            -121.649432,36.828477,0
            -121.649716,36.828489,0
            -121.650103,36.828589,0
            -121.650768,36.828898,0
            -121.651075,36.828948,0
            -121.65135,36.828922,0
            -121.651612,36.828809,0
            -121.65183,36.828629,0
            -121.651978,36.828402,0
            -121.652052,36.828094,0
            -121.651856,36.827461,0
            -121.651776,36.826883,0
            -121.651891,36.826384,0
            -121.652004,36.826197,0
            -121.652388,36.825835,0
            -121.652675,36.825681,0
            -121.653823,36.825379,0
            -121.654076,36.825378,0
            -121.655792,36.82565,0
            -121.656259,36.825637,0
            -121.658976,36.825082,0
            -121.660633,36.825117,0
            -121.662389,36.825432,0
            -121.662852,36.825415,0
            -121.667178,36.824213,0
            -121.671596,36.822294,0
            -121.673523,36.821699,0
            -121.673048,36.820771,0
            -121.672948,36.820347,0
            -121.672917,36.82031,0
            -121.672866,36.819728,0
            -121.673504,36.814438,0
            -121.673624,36.811542,0
            -121.673312,36.810298,0
            -121.67278,36.809238,0
            -121.672373,36.808745,0
            -121.672009,36.808417,0
            -121.672172,36.808319,0
            -121.673807,36.807927,0
            -121.674698,36.80754,0
            -121.675855,36.806839,0
            -121.676064,36.806668,0
            -121.676456,36.806214,0
            -121.677161,36.804929,0
            -121.677557,36.804487,0
            -121.678037,36.804144,0
            -121.678412,36.803967,0
            -121.680964,36.80337,0
            -121.684178,36.802074,0
            -121.684313,36.801989,0
            -121.688726,36.800212,0
            -121.689253,36.800107,0
            -121.696404,36.800035,0
            -121.697329,36.799822,0
            -121.698137,36.799414,0
            -121.700475,36.797473,0
            -121.701294,36.796972,0
            -121.702553,36.796438,0
            -121.708888,36.794561,0
            -121.709256,36.794494,0
            -121.709915,36.794473,0
            -121.714436,36.795229,0
            -121.7149,36.795232,0
            -121.716699,36.795061,0
            -121.717559,36.795092,0
            -121.724639,36.79663,0
            -121.725143,36.795498,0
            -121.725456,36.795141,0
            -121.726072,36.794667,0
            -121.726423,36.794286,0
            -121.726692,36.793727,0
            -121.726965,36.792454,0
            -121.727853,36.789809,0
            -121.727897,36.789776,0
            -121.728206,36.7892,0
            -121.728756,36.78852,0
            -121.733279,36.784674,0
            -121.734901,36.782542,0
            -121.735129,36.781965,0
            -121.735524,36.780136,0
            -121.735957,36.779242,0
            -121.736601,36.778464,0
            -121.739022,36.776622,0
            -121.739572,36.775954,0
            -121.740792,36.773781,0
            -121.743532,36.770248,0
            -121.743676,36.769918,0
            -121.74367,36.769614,0
            -121.743142,36.768484,0
            -121.745459,36.767774,0
            -121.746698,36.767156,0
            -121.747798,36.766383,0
            -121.748614,36.765567,0
            -121.750194,36.763574,0
            -121.751196,36.762516,0
            -121.75221,36.761627,0
            -121.753522,36.760685,0
            -121.757577,36.758382,0
            -121.761635,36.75555,0
            -121.765019,36.753514,0
            -121.766244,36.752542,0
            -121.768401,36.750061,0
            -121.778228,36.736724,0
            -121.779479,36.735346,0
            -121.788341,36.727035,0
            -121.791034,36.72366,0
            -121.792237,36.72182,0
            -121.793362,36.719541,0
            -121.795334,36.714332,0
            -121.796481,36.711903,0
            -121.808071,36.691416,0
            -121.808737,36.689531,0
            -121.809089,36.687383,0
            -121.809029,36.685478,0
            -121.808863,36.684444,0
            -121.807783,36.68058,0
            -121.807664,36.679646,0
            -121.807682,36.678826,0
            -121.807835,36.677831,0
            -121.808137,36.67686,0
            -121.808496,36.676086,0
            -121.809593,36.674513,0
            -121.81112,36.672847,0
            -121.815044,36.666238,0
            -121.815809,36.664504,0
            -121.816343,36.662658,0
            -121.816821,36.657124,0
            -121.816682,36.655552,0
            -121.816349,36.654157,0
            -121.815048,36.650927,0
            -121.814918,36.650097,0
            -121.81493,36.649433,0
            -121.815055,36.648733,0
            -121.815247,36.648152,0
            -121.815747,36.64723,0
            -121.816366,36.646484,0
            -121.81685,36.646046,0
            -121.817657,36.645479,0
            -121.818229,36.645184,0
            -121.82293,36.643316,0
            -121.824495,36.642456,0
            -121.826246,36.641268,0
            -121.827823,36.639915,0
            -121.832956,36.634063,0
            -121.837518,36.629244,0
            -121.83825,36.628298,0
            -121.839544,36.626203,0
            -121.840281,36.625341,0
            -121.841258,36.624608,0
            -121.841635,36.624401,0
            -121.843924,36.623487,0
            -121.844767,36.623007,0
            -121.845328,36.622593,0
            -121.845894,36.622036,0
            -121.847771,36.619226,0
            -121.850615,36.615863,0
            -121.85528,36.611998,0
            -121.858941,36.609693,0
            -121.859976,36.608809,0
            -121.860576,36.608,0
            -121.860985,36.607082,0
            -121.861136,36.606367,0
            -121.861334,36.603862,0
            -121.861477,36.603241,0
            -121.861724,36.602598,0
            -121.862402,36.601538,0
            -121.866826,36.596485,0
            -121.867318,36.596019,0
            -121.86788,36.5956,0
            -121.868637,36.595158,0
            -121.86934,36.594852,0
            -121.870259,36.594557,0
            -121.877502,36.593285,0
            -121.877594,36.593342,0
            -121.879117,36.592955,0
            -121.879819,36.592947,0
            -121.880556,36.593079,0
            -121.882174,36.593708,0
            -121.888295,36.595075,0
            -121.888893,36.595138,0
            -121.889064,36.595236,0
            -121.889178,36.595414,0
            -121.888883,36.596799,0
            -121.888527,36.597278,0
            -121.888035,36.597675,0
            -121.887696,36.598135,0
            -121.887324,36.599608,0
            -121.887312,36.599958,0
            -121.887779,36.599983,0
            -121.887909,36.600036,0
            -121.891322,36.600644,0
          </coordinates>
        </LineString>
      </Placemark>
      <Placemark>
        <name>Dust Bowl Brewing Co. Tap Depot</name>
        <description><![CDATA[description: Bar from 2021-02-14T21:06:53.142Z to 2021-02-14T21:18:59.000Z. Distance 0m<br>Email: syugen.zhou@gmail.com<br>Category: Bar<br>Distance: 0]]></description>
        <styleUrl>#icon-1739-0288D1</styleUrl>
        <ExtendedData>
          <Data name="description">
            <value>Bar from 2021-02-14T21:06:53.142Z to 2021-02-14T21:18:59.000Z. Distance 0m</value>
          </Data>
          <Data name="Email">
            <value>syugen.zhou@gmail.com</value>
          </Data>
          <Data name="Category">
            <value>Bar</value>
          </Data>
          <Data name="Distance">
            <value>0</value>
          </Data>
        </ExtendedData>
        <Point>
          <coordinates>
            -121.891281,36.601079,0
          </coordinates>
        </Point>
      </Placemark>
      <Placemark>
        <name>Driving</name>
        <description><![CDATA[description: Driving from 2021-02-14T21:18:59.000Z to 2021-02-14T21:25:09.000Z. Distance 3562m<br>Email: syugen.zhou@gmail.com<br>Category: Driving<br>Distance: 3562]]></description>
        <styleUrl>#line-A52714-5000</styleUrl>
        <ExtendedData>
          <Data name="description">
            <value>Driving from 2021-02-14T21:18:59.000Z to 2021-02-14T21:25:09.000Z. Distance 3562m</value>
          </Data>
          <Data name="Email">
            <value>syugen.zhou@gmail.com</value>
          </Data>
          <Data name="Category">
            <value>Driving</value>
          </Data>
          <Data name="Distance">
            <value>3562</value>
          </Data>
        </ExtendedData>
        <LineString>
          <tessellate>1</tessellate>
          <coordinates>
            -121.891517,36.600675,0
            -121.891761,36.600714,0
            -121.892036,36.600778,0
            -121.892231,36.600844,0
            -121.892287,36.600873,0
            -121.89235,36.600915,0
            -121.892435,36.600995,0
            -121.892493,36.601053,0
            -121.892859,36.601598,0
            -121.893201,36.602132,0
            -121.89343,36.602495,0
            -121.89347,36.602558,0
            -121.893488,36.602586,0
            -121.893686,36.602894,0
            -121.893693,36.602906,0
            -121.894272,36.603805,0
            -121.89471,36.604479,0
            -121.894788,36.604675,0
            -121.894836,36.604809,0
            -121.894866,36.60493,0
            -121.894875,36.605055,0
            -121.894855,36.605321,0
            -121.894813,36.60547,0
            -121.894751,36.605628,0
            -121.894724,36.60569,0
            -121.894566,36.606031,0
            -121.894474,36.606306,0
            -121.894436,36.606495,0
            -121.894422,36.606641,0
            -121.894439,36.606793,0
            -121.894487,36.606966,0
            -121.89463,36.607212,0
            -121.894642,36.607233,0
            -121.894745,36.607352,0
            -121.894842,36.60744,0
            -121.895008,36.607549,0
            -121.895149,36.607622,0
            -121.8954,36.607732,0
            -121.895679,36.607859,0
            -121.897296,36.608516,0
            -121.897352,36.60855,0
            -121.897438,36.608603,0
            -121.89756,36.608727,0
            -121.897683,36.608857,0
            -121.89777,36.608904,0
            -121.898059,36.609244,0
            -121.898397,36.609641,0
            -121.899277,36.610691,0
            -121.899456,36.610898,0
            -121.899669,36.611151,0
            -121.89994,36.611469,0
            -121.900071,36.611622,0
            -121.900844,36.61253,0
            -121.901357,36.613147,0
            -121.901505,36.613321,0
            -121.90174,36.613574,0
            -121.902303,36.614262,0
            -121.902671,36.614716,0
            -121.902927,36.615013,0
            -121.903164,36.615291,0
            -121.903203,36.615334,0
            -121.903644,36.615845,0
            -121.904469,36.616818,0
            -121.905079,36.617425,0
            -121.905711,36.618034,0
            -121.906454,36.618751,0
            -121.906656,36.618959,0
            -121.906733,36.618986,0
            -121.907078,36.619287,0
            -121.90742,36.61953,0
            -121.907615,36.619595,0
            -121.907654,36.619601,0
            -121.907759,36.619614,0
            -121.90798,36.619626,0
            -121.908372,36.619722,0
            -121.908491,36.619751,0
            -121.908961,36.619902,0
            -121.90949,36.620044,0
            -121.90997,36.620185,0
            -121.910493,36.620341,0
            -121.910962,36.620474,0
            -121.911447,36.620611,0
            -121.911973,36.620761,0
            -121.912459,36.620898,0
            -121.912991,36.621048,0
            -121.913508,36.6212,0
            -121.91403,36.621343,0
            -121.914499,36.621478,0
            -121.913996,36.622636,0
            -121.914298,36.622707,0
            -121.914494,36.622786,0
            -121.914667,36.622871,0
            -121.914682,36.622883,0
            -121.9148,36.622979,0
            -121.914918,36.623114,0
            -121.915016,36.623359,0
            -121.91509,36.6236,0
            -121.91515,36.623788,0
            -121.915212,36.623909,0
            -121.915431,36.623418,0
          </coordinates>
        </LineString>
      </Placemark>
      <Placemark>
        <name>Seven Gables Inn, A Kirkwood Collection Property</name>
        <description><![CDATA[description: Hotel from 2021-02-14T21:25:09.000Z to 2021-02-14T23:16:55.000Z. Distance 0m<br>Email: syugen.zhou@gmail.com<br>Category: Hotel<br>Distance: 0]]></description>
        <styleUrl>#icon-1602-0288D1</styleUrl>
        <ExtendedData>
          <Data name="description">
            <value>Hotel from 2021-02-14T21:25:09.000Z to 2021-02-14T23:16:55.000Z. Distance 0m</value>
          </Data>
          <Data name="Email">
            <value>syugen.zhou@gmail.com</value>
          </Data>
          <Data name="Category">
            <value>Hotel</value>
          </Data>
          <Data name="Distance">
            <value>0</value>
          </Data>
        </ExtendedData>
        <Point>
          <coordinates>
            -121.915521,36.623741,0
          </coordinates>
        </Point>
      </Placemark>
      <Placemark>
        <name>Driving</name>
        <description><![CDATA[description: Driving from 2021-02-14T23:16:55.002Z to 2021-02-14T23:40:55.000Z. Distance 7404m<br>Email: syugen.zhou@gmail.com<br>Category: Driving<br>Distance: 7404]]></description>
        <styleUrl>#line-A52714-5000</styleUrl>
        <ExtendedData>
          <Data name="description">
            <value>Driving from 2021-02-14T23:16:55.002Z to 2021-02-14T23:40:55.000Z. Distance 7404m</value>
          </Data>
          <Data name="Email">
            <value>syugen.zhou@gmail.com</value>
          </Data>
          <Data name="Category">
            <value>Driving</value>
          </Data>
          <Data name="Distance">
            <value>7404</value>
          </Data>
        </ExtendedData>
        <LineString>
          <tessellate>1</tessellate>
          <coordinates>
            -121.915475,36.623318,0
            -121.916102,36.621923,0
            -121.916696,36.622076,0
            -121.917118,36.62204,0
            -121.918466,36.622359,0
            -121.916859,36.626109,0
            -121.916866,36.626221,0
            -121.916984,36.626328,0
            -121.918392,36.62663,0
            -121.918951,36.626833,0
            -121.921471,36.628073,0
            -121.92183,36.628172,0
            -121.922127,36.628482,0
            -121.922205,36.628667,0
            -121.922011,36.629716,0
            -121.922052,36.629962,0
            -121.922522,36.630621,0
            -121.922589,36.630954,0
            -121.922499,36.631684,0
            -121.922621,36.632113,0
            -121.924768,36.634576,0
            -121.92529,36.63493,0
            -121.925752,36.635089,0
            -121.927671,36.635249,0
            -121.927944,36.635329,0
            -121.929529,36.636102,0
            -121.931244,36.636427,0
            -121.931868,36.636626,0
            -121.932506,36.636562,0
            -121.933181,36.636609,0
            -121.933519,36.636707,0
            -121.93399,36.637055,0
            -121.934243,36.637135,0
            -121.934394,36.637139,0
            -121.935062,36.636972,0
            -121.935645,36.636923,0
            -121.935855,36.636838,0
            -121.936588,36.635846,0
            -121.937,36.6356,0
            -121.937834,36.634418,0
            -121.938195,36.634102,0
            -121.938272,36.633972,0
            -121.938267,36.633648,0
            -121.938156,36.633465,0
            -121.936823,36.632257,0
            -121.936637,36.632006,0
            -121.936652,36.6311,0
            -121.936732,36.630978,0
            -121.936988,36.630859,0
            -121.937078,36.630778,0
            -121.937189,36.630563,0
            -121.9372,36.630354,0
            -121.937104,36.630016,0
            -121.937098,36.629555,0
            -121.937967,36.626648,0
            -121.938038,36.62655,0
            -121.938884,36.625947,0
            -121.939053,36.62571,0
            -121.939804,36.623675,0
            -121.939932,36.623492,0
            -121.94076,36.623122,0
            -121.940972,36.62294,0
            -121.941056,36.622783,0
            -121.941026,36.621699,0
            -121.941385,36.621124,0
            -121.941455,36.620775,0
            -121.941137,36.619536,0
            -121.940978,36.619232,0
            -121.94028,36.618488,0
            -121.939276,36.617954,0
            -121.938815,36.617581,0
            -121.937941,36.616579,0
            -121.937489,36.616254,0
            -121.936948,36.6161,0
            -121.935223,36.616165,0
            -121.934849,36.616115,0
            -121.931708,36.61527,0
            -121.931772,36.615432,0
            -121.931833,36.616092,0
            -121.931763,36.616632,0
            -121.931477,36.617451,0
            -121.931117,36.618127,0
            -121.930145,36.619046,0
            -121.93006,36.619305,0
            -121.930318,36.620091,0
            -121.930291,36.620982,0
            -121.930054,36.621616,0
            -121.929335,36.622532,0
            -121.927649,36.626163,0
            -121.925872,36.624922,0
            -121.925796,36.624791,0
            -121.922918,36.623396,0
            -121.922789,36.623484,0
            -121.918817,36.624703,0
            -121.918551,36.624722,0
            -121.918098,36.624501,0
            -121.916359,36.624427,0
            -121.915548,36.624164,0
            -121.915212,36.623909,0
            -121.915278,36.623761,0
          </coordinates>
        </LineString>
      </Placemark>
      <Placemark>
        <name>Seven Gables Inn, A Kirkwood Collection Property</name>
        <description><![CDATA[description: Hotel from 2021-02-14T23:40:55.000Z to 2021-02-15T16:30:18.999Z. Distance 0m<br>Email: syugen.zhou@gmail.com<br>Category: Hotel<br>Distance: 0]]></description>
        <styleUrl>#icon-1602-0288D1</styleUrl>
        <ExtendedData>
          <Data name="description">
            <value>Hotel from 2021-02-14T23:40:55.000Z to 2021-02-15T16:30:18.999Z. Distance 0m</value>
          </Data>
          <Data name="Email">
            <value>syugen.zhou@gmail.com</value>
          </Data>
          <Data name="Category">
            <value>Hotel</value>
          </Data>
          <Data name="Distance">
            <value>0</value>
          </Data>
        </ExtendedData>
        <Point>
          <coordinates>
            -121.915521,36.623741,0
          </coordinates>
        </Point>
      </Placemark>
    </Folder>
  </Document>
</kml>
