<?xml version="1.0" encoding="UTF-8"?>
<kml xmlns="http://www.opengis.net/kml/2.2">
  <Document>
    <name>48-key-west</name>
    <description/>
    <Style id="icon-1504-0288D1-normal">
      <IconStyle>
        <color>ffd18802</color>
        <scale>1</scale>
        <Icon>
          <href>https://www.gstatic.com/mapspro/images/stock/503-wht-blank_maps.png</href>
        </Icon>
      </IconStyle>
      <LabelStyle>
        <scale>0</scale>
      </LabelStyle>
    </Style>
    <Style id="icon-1504-0288D1-highlight">
      <IconStyle>
        <color>ffd18802</color>
        <scale>1</scale>
        <Icon>
          <href>https://www.gstatic.com/mapspro/images/stock/503-wht-blank_maps.png</href>
        </Icon>
      </IconStyle>
      <LabelStyle>
        <scale>1</scale>
      </LabelStyle>
    </Style>
    <StyleMap id="icon-1504-0288D1">
      <Pair>
        <key>normal</key>
        <styleUrl>#icon-1504-0288D1-normal</styleUrl>
      </Pair>
      <Pair>
        <key>highlight</key>
        <styleUrl>#icon-1504-0288D1-highlight</styleUrl>
      </Pair>
    </StyleMap>
    <Style id="icon-1535-0288D1-normal">
      <IconStyle>
        <color>ffd18802</color>
        <scale>1</scale>
        <Icon>
          <href>https://www.gstatic.com/mapspro/images/stock/503-wht-blank_maps.png</href>
        </Icon>
      </IconStyle>
      <LabelStyle>
        <scale>0</scale>
      </LabelStyle>
    </Style>
    <Style id="icon-1535-0288D1-highlight">
      <IconStyle>
        <color>ffd18802</color>
        <scale>1</scale>
        <Icon>
          <href>https://www.gstatic.com/mapspro/images/stock/503-wht-blank_maps.png</href>
        </Icon>
      </IconStyle>
      <LabelStyle>
        <scale>1</scale>
      </LabelStyle>
    </Style>
    <StyleMap id="icon-1535-0288D1">
      <Pair>
        <key>normal</key>
        <styleUrl>#icon-1535-0288D1-normal</styleUrl>
      </Pair>
      <Pair>
        <key>highlight</key>
        <styleUrl>#icon-1535-0288D1-highlight</styleUrl>
      </Pair>
    </StyleMap>
    <Style id="icon-1602-0288D1-normal">
      <IconStyle>
        <color>ffd18802</color>
        <scale>1</scale>
        <Icon>
          <href>https://www.gstatic.com/mapspro/images/stock/503-wht-blank_maps.png</href>
        </Icon>
      </IconStyle>
      <LabelStyle>
        <scale>0</scale>
      </LabelStyle>
    </Style>
    <Style id="icon-1602-0288D1-highlight">
      <IconStyle>
        <color>ffd18802</color>
        <scale>1</scale>
        <Icon>
          <href>https://www.gstatic.com/mapspro/images/stock/503-wht-blank_maps.png</href>
        </Icon>
      </IconStyle>
      <LabelStyle>
        <scale>1</scale>
      </LabelStyle>
    </Style>
    <StyleMap id="icon-1602-0288D1">
      <Pair>
        <key>normal</key>
        <styleUrl>#icon-1602-0288D1-normal</styleUrl>
      </Pair>
      <Pair>
        <key>highlight</key>
        <styleUrl>#icon-1602-0288D1-highlight</styleUrl>
      </Pair>
    </StyleMap>
    <Style id="icon-1739-0288D1-normal">
      <IconStyle>
        <color>ffd18802</color>
        <scale>1</scale>
        <Icon>
          <href>https://www.gstatic.com/mapspro/images/stock/503-wht-blank_maps.png</href>
        </Icon>
      </IconStyle>
      <LabelStyle>
        <scale>0</scale>
      </LabelStyle>
    </Style>
    <Style id="icon-1739-0288D1-highlight">
      <IconStyle>
        <color>ffd18802</color>
        <scale>1</scale>
        <Icon>
          <href>https://www.gstatic.com/mapspro/images/stock/503-wht-blank_maps.png</href>
        </Icon>
      </IconStyle>
      <LabelStyle>
        <scale>1</scale>
      </LabelStyle>
    </Style>
    <StyleMap id="icon-1739-0288D1">
      <Pair>
        <key>normal</key>
        <styleUrl>#icon-1739-0288D1-normal</styleUrl>
      </Pair>
      <Pair>
        <key>highlight</key>
        <styleUrl>#icon-1739-0288D1-highlight</styleUrl>
      </Pair>
    </StyleMap>
    <Style id="line-7CB342-5000-normal">
      <LineStyle>
        <color>ff42b37c</color>
        <width>5</width>
      </LineStyle>
    </Style>
    <Style id="line-7CB342-5000-highlight">
      <LineStyle>
        <color>ff42b37c</color>
        <width>7.5</width>
      </LineStyle>
    </Style>
    <StyleMap id="line-7CB342-5000">
      <Pair>
        <key>normal</key>
        <styleUrl>#line-7CB342-5000-normal</styleUrl>
      </Pair>
      <Pair>
        <key>highlight</key>
        <styleUrl>#line-7CB342-5000-highlight</styleUrl>
      </Pair>
    </StyleMap>
    <Style id="line-A52714-5000-normal">
      <LineStyle>
        <color>ff1427a5</color>
        <width>5</width>
      </LineStyle>
    </Style>
    <Style id="line-A52714-5000-highlight">
      <LineStyle>
        <color>ff1427a5</color>
        <width>7.5</width>
      </LineStyle>
    </Style>
    <StyleMap id="line-A52714-5000">
      <Pair>
        <key>normal</key>
        <styleUrl>#line-A52714-5000-normal</styleUrl>
      </Pair>
      <Pair>
        <key>highlight</key>
        <styleUrl>#line-A52714-5000-highlight</styleUrl>
      </Pair>
    </StyleMap>
    <Style id="line-F9A825-5000-normal">
      <LineStyle>
        <color>ff25a8f9</color>
        <width>5</width>
      </LineStyle>
    </Style>
    <Style id="line-F9A825-5000-highlight">
      <LineStyle>
        <color>ff25a8f9</color>
        <width>7.5</width>
      </LineStyle>
    </Style>
    <StyleMap id="line-F9A825-5000">
      <Pair>
        <key>normal</key>
        <styleUrl>#line-F9A825-5000-normal</styleUrl>
      </Pair>
      <Pair>
        <key>highlight</key>
        <styleUrl>#line-F9A825-5000-highlight</styleUrl>
      </Pair>
    </StyleMap>
    <Style id="line-FFEA00-5000-normal">
      <LineStyle>
        <color>ff00eaff</color>
        <width>5</width>
      </LineStyle>
    </Style>
    <Style id="line-FFEA00-5000-highlight">
      <LineStyle>
        <color>ff00eaff</color>
        <width>7.5</width>
      </LineStyle>
    </Style>
    <StyleMap id="line-FFEA00-5000">
      <Pair>
        <key>normal</key>
        <styleUrl>#line-FFEA00-5000-normal</styleUrl>
      </Pair>
      <Pair>
        <key>highlight</key>
        <styleUrl>#line-FFEA00-5000-highlight</styleUrl>
      </Pair>
    </StyleMap>
    <Folder>
      <name>2020-01-21</name>
      <Placemark>
        <name><![CDATA[Best Western Premier Miami Intl Airport Hotel & Suites Coral Gables]]></name>
        <description><![CDATA[description: Hotel from 2020-01-21T02:38:17.999Z to 2020-01-21T10:01:10.993Z. Distance 0m<br>Email: syugen.zhou@gmail.com<br>Category: Hotel<br>Distance: 0]]></description>
        <styleUrl>#icon-1602-0288D1</styleUrl>
        <ExtendedData>
          <Data name="description">
            <value>Hotel from 2020-01-21T02:38:17.999Z to 2020-01-21T10:01:10.993Z. Distance 0m</value>
          </Data>
          <Data name="Email">
            <value>syugen.zhou@gmail.com</value>
          </Data>
          <Data name="Category">
            <value>Hotel</value>
          </Data>
          <Data name="Distance">
            <value>0</value>
          </Data>
        </ExtendedData>
        <Point>
          <coordinates>
            -80.262816,25.771277,0
          </coordinates>
        </Point>
      </Placemark>
      <Placemark>
        <name>Driving</name>
        <description><![CDATA[description: Driving from 2020-01-21T10:01:10.993Z to 2020-01-21T10:11:19.057Z. Distance 4314m<br>Email: syugen.zhou@gmail.com<br>Category: Driving<br>Distance: 4314]]></description>
        <styleUrl>#line-7CB342-5000</styleUrl>
        <ExtendedData>
          <Data name="description">
            <value>Driving from 2020-01-21T10:01:10.993Z to 2020-01-21T10:11:19.057Z. Distance 4314m</value>
          </Data>
          <Data name="Email">
            <value>syugen.zhou@gmail.com</value>
          </Data>
          <Data name="Category">
            <value>Driving</value>
          </Data>
          <Data name="Distance">
            <value>4314</value>
          </Data>
        </ExtendedData>
        <LineString>
          <tessellate>1</tessellate>
          <coordinates>
            -80.26318,25.771322,0
            -80.26318,25.771496,0
            -80.263172,25.771541,0
            -80.263163,25.771707,0
            -80.261997,25.771717,0
            -80.262115,25.773493,0
            -80.263365,25.773467,0
            -80.263672,25.77347,0
            -80.263777,25.775332,0
            -80.263943,25.7787,0
            -80.264,25.78235,0
            -80.263981,25.78245,0
            -80.264004,25.782636,0
            -80.263992,25.783194,0
            -80.26405,25.786259,0
            -80.264091,25.786565,0
            -80.264241,25.787352,0
            -80.264196,25.787535,0
            -80.26421,25.789057,0
            -80.264182,25.789298,0
            -80.264221,25.792748,0
            -80.264138,25.793151,0
            -80.264096,25.793284,0
            -80.264045,25.79339,0
            -80.263977,25.793492,0
            -80.263841,25.793653,0
            -80.263731,25.793752,0
            -80.263567,25.79386,0
            -80.263344,25.793992,0
            -80.263282,25.794035,0
            -80.263167,25.794129,0
            -80.263069,25.794226,0
            -80.262975,25.794338,0
            -80.26288,25.794471,0
            -80.262844,25.794534,0
            -80.262777,25.794673,0
            -80.262747,25.794747,0
            -80.262689,25.794955,0
            -80.262661,25.79509,0
            -80.262653,25.795165,0
            -80.262652,25.795314,0
            -80.262671,25.795518,0
            -80.262706,25.795664,0
            -80.262759,25.795815,0
            -80.263108,25.79655,0
            -80.263182,25.796781,0
            -80.26321,25.796947,0
            -80.263215,25.797097,0
            -80.263196,25.797305,0
            -80.263164,25.797456,0
            -80.26314,25.797535,0
            -80.26308,25.797695,0
            -80.262962,25.797907,0
            -80.262822,25.798079,0
            -80.262696,25.798196,0
            -80.262633,25.798245,0
            -80.26257,25.798288,0
            -80.262443,25.798356,0
            -80.26236,25.798393,0
            -80.262275,25.79842,0
            -80.262083,25.798466,0
            -80.261992,25.79848,0
            -80.261114,25.798525,0
            -80.260993,25.798567,0
            -80.260503,25.798631,0
            -80.260379,25.798578,0
            -80.260331,25.798567,0
            -80.260273,25.79856,0
            -80.259461,25.798575,0
            -80.259406,25.798567,0
            -80.259345,25.798546,0
            -80.259311,25.798524,0
            -80.259268,25.798482,0
            -80.25923,25.79842,0
            -80.259214,25.798345,0
            -80.259131,25.796827,0
            -80.259112,25.796104,0
            -80.259117,25.79561,0
            -80.259128,25.795567,0
            -80.259141,25.795541,0
            -80.259168,25.795519,0
            -80.259213,25.795505,0
            -80.261226,25.795435,0
            -80.261296,25.795439,0
            -80.261332,25.795451,0
            -80.261353,25.795465,0
            -80.26137,25.795483,0
            -80.261383,25.795501,0
            -80.261393,25.795532,0
            -80.261414,25.795714,0
            -80.261411,25.795786,0
            -80.261383,25.795857,0
            -80.261359,25.795886,0
            -80.261332,25.795903,0
            -80.261297,25.795916,0
            -80.261224,25.795926,0
            -80.260215,25.795947,0
            -80.260281,25.797775,0
            -80.260471,25.797773,0
            -80.260468,25.797668,0
          </coordinates>
        </LineString>
      </Placemark>
      <Placemark>
        <name>MIA RENTAL CAR CENTER (RCC)</name>
        <description><![CDATA[description: Car rental agency from 2020-01-21T10:11:19.057Z to 2020-01-21T10:17:59.888Z. Distance 0m<br>Email: syugen.zhou@gmail.com<br>Category: Car rental agency<br>Distance: 0]]></description>
        <styleUrl>#icon-1739-0288D1</styleUrl>
        <ExtendedData>
          <Data name="description">
            <value>Car rental agency from 2020-01-21T10:11:19.057Z to 2020-01-21T10:17:59.888Z. Distance 0m</value>
          </Data>
          <Data name="Email">
            <value>syugen.zhou@gmail.com</value>
          </Data>
          <Data name="Category">
            <value>Car rental agency</value>
          </Data>
          <Data name="Distance">
            <value>0</value>
          </Data>
        </ExtendedData>
        <Point>
          <coordinates>
            -80.260876,25.79705,0
          </coordinates>
        </Point>
      </Placemark>
      <Placemark>
        <name>On the subway</name>
        <description><![CDATA[description: On the subway from 2020-01-21T10:17:59.888Z to 2020-01-21T10:36:23.958Z. Distance 2531m<br>Email: syugen.zhou@gmail.com<br>Category: On the subway<br>Distance: 2531]]></description>
        <styleUrl>#line-7CB342-5000</styleUrl>
        <ExtendedData>
          <Data name="description">
            <value>On the subway from 2020-01-21T10:17:59.888Z to 2020-01-21T10:36:23.958Z. Distance 2531m</value>
          </Data>
          <Data name="Email">
            <value>syugen.zhou@gmail.com</value>
          </Data>
          <Data name="Category">
            <value>On the subway</value>
          </Data>
          <Data name="Distance">
            <value>2531</value>
          </Data>
        </ExtendedData>
        <LineString>
          <tessellate>1</tessellate>
          <coordinates>
            -80.260876,25.79705,0
            -80.259115,25.797491,0
            -80.261165,25.795008,0
            -80.277199,25.795216,0
            -80.278193,25.796043,0
            -80.277328,25.796361,0
            -80.275645,25.79653,0
          </coordinates>
        </LineString>
      </Placemark>
      <Placemark>
        <name>Miami International Airport</name>
        <description><![CDATA[description: International airport from 2020-01-21T10:36:23.958Z to 2020-01-21T11:43:12.713Z. Distance 0m<br>Email: syugen.zhou@gmail.com<br>Category: International airport<br>Distance: 0]]></description>
        <styleUrl>#icon-1504-0288D1</styleUrl>
        <ExtendedData>
          <Data name="description">
            <value>International airport from 2020-01-21T10:36:23.958Z to 2020-01-21T11:43:12.713Z. Distance 0m</value>
          </Data>
          <Data name="Email">
            <value>syugen.zhou@gmail.com</value>
          </Data>
          <Data name="Category">
            <value>International airport</value>
          </Data>
          <Data name="Distance">
            <value>0</value>
          </Data>
        </ExtendedData>
        <Point>
          <coordinates>
            -80.287051,25.795872,0
          </coordinates>
        </Point>
      </Placemark>
    </Folder>
    <Folder>
      <name>2020-01-20</name>
      <Placemark>
        <name><![CDATA[Best Western Premier Miami Intl Airport Hotel & Suites Coral Gables]]></name>
        <description><![CDATA[description: Hotel from 2020-01-20T00:56:46.000Z to 2020-01-20T13:41:49.999Z. Distance 0m<br>Email: syugen.zhou@gmail.com<br>Category: Hotel<br>Distance: 0]]></description>
        <styleUrl>#icon-1602-0288D1</styleUrl>
        <ExtendedData>
          <Data name="description">
            <value>Hotel from 2020-01-20T00:56:46.000Z to 2020-01-20T13:41:49.999Z. Distance 0m</value>
          </Data>
          <Data name="Email">
            <value>syugen.zhou@gmail.com</value>
          </Data>
          <Data name="Category">
            <value>Hotel</value>
          </Data>
          <Data name="Distance">
            <value>0</value>
          </Data>
        </ExtendedData>
        <Point>
          <coordinates>
            -80.262816,25.771277,0
          </coordinates>
        </Point>
      </Placemark>
      <Placemark>
        <name>Driving</name>
        <description><![CDATA[description: Driving from 2020-01-20T13:41:49.999Z to 2020-01-20T14:55:22.999Z. Distance 61201m<br>Email: syugen.zhou@gmail.com<br>Category: Driving<br>Distance: 61201]]></description>
        <styleUrl>#line-FFEA00-5000</styleUrl>
        <ExtendedData>
          <Data name="description">
            <value>Driving from 2020-01-20T13:41:49.999Z to 2020-01-20T14:55:22.999Z. Distance 61201m</value>
          </Data>
          <Data name="Email">
            <value>syugen.zhou@gmail.com</value>
          </Data>
          <Data name="Category">
            <value>Driving</value>
          </Data>
          <Data name="Distance">
            <value>61201</value>
          </Data>
        </ExtendedData>
        <LineString>
          <tessellate>1</tessellate>
          <coordinates>
            -80.263555,25.771253,0
            -80.263576,25.771699,0
            -80.272435,25.77144,0
            -80.273194,25.7714,0
            -80.273472,25.771396,0
            -80.273748,25.771372,0
            -80.276569,25.771262,0
            -80.276856,25.771239,0
            -80.288111,25.770798,0
            -80.289031,25.770784,0
            -80.289317,25.770769,0
            -80.289797,25.770762,0
            -80.289847,25.770784,0
            -80.289884,25.770806,0
            -80.294079,25.770729,0
            -80.294101,25.770726,0
            -80.29815,25.770663,0
            -80.298229,25.770669,0
            -80.299475,25.770631,0
            -80.304202,25.770555,0
            -80.306679,25.770454,0
            -80.30674,25.770462,0
            -80.307126,25.770434,0
            -80.308407,25.770385,0
            -80.308476,25.770329,0
            -80.308963,25.770307,0
            -80.309065,25.770339,0
            -80.310622,25.770314,0
            -80.312189,25.770249,0
            -80.312349,25.770234,0
            -80.313105,25.770206,0
            -80.313224,25.770206,0
            -80.318292,25.769986,0
            -80.318815,25.770017,0
            -80.321203,25.769916,0
            -80.32137,25.769988,0
            -80.321533,25.770027,0
            -80.32159,25.770047,0
            -80.321698,25.770108,0
            -80.321761,25.77017,0
            -80.321878,25.770314,0
            -80.321961,25.771236,0
            -80.321963,25.771381,0
            -80.321953,25.771444,0
            -80.321928,25.771505,0
            -80.321854,25.771631,0
            -80.32179,25.771691,0
            -80.321695,25.771748,0
            -80.32162,25.771778,0
            -80.321548,25.771795,0
            -80.321507,25.771801,0
            -80.321413,25.7718,0
            -80.321342,25.77179,0
            -80.321276,25.771771,0
            -80.321161,25.771716,0
            -80.321122,25.771689,0
            -80.321051,25.771615,0
            -80.321022,25.771573,0
            -80.320975,25.771462,0
            -80.32093,25.771177,0
            -80.320884,25.771035,0
            -80.320839,25.769821,0
            -80.320721,25.768765,0
            -80.320628,25.766851,0
            -80.320632,25.766469,0
            -80.320592,25.766345,0
            -80.320553,25.76528,0
            -80.320573,25.764806,0
            -80.320572,25.764801,0
            -80.320501,25.764635,0
            -80.320579,25.764027,0
            -80.321176,25.760862,0
            -80.321227,25.760456,0
            -80.321245,25.760147,0
            -80.32124,25.75971,0
            -80.321214,25.759381,0
            -80.321175,25.759088,0
            -80.32112,25.758784,0
            -80.320267,25.754849,0
            -80.320198,25.754405,0
            -80.320154,25.753964,0
            -80.320129,25.75353,0
            -80.320073,25.746615,0
            -80.320015,25.745016,0
            -80.319788,25.741176,0
            -80.319748,25.73917,0
            -80.319688,25.738451,0
            -80.31966,25.738222,0
            -80.319552,25.737581,0
            -80.319469,25.73718,0
            -80.318931,25.734994,0
            -80.318752,25.734009,0
            -80.318643,25.73311,0
            -80.318594,25.732451,0
            -80.318569,25.731824,0
            -80.318505,25.727773,0
            -80.318555,25.727674,0
            -80.318558,25.727662,0
            -80.318568,25.727188,0
            -80.318612,25.726385,0
            -80.318846,25.724283,0
            -80.318873,25.723751,0
            -80.318877,25.723396,0
            -80.318837,25.722181,0
            -80.318646,25.71938,0
            -80.318617,25.71918,0
            -80.318282,25.715807,0
            -80.317999,25.712226,0
            -80.317516,25.702428,0
            -80.317008,25.687427,0
            -80.31701,25.686977,0
            -80.31704,25.686295,0
            -80.317078,25.685866,0
            -80.317668,25.680804,0
            -80.317713,25.680322,0
            -80.317831,25.679444,0
            -80.317885,25.679124,0
            -80.317991,25.678724,0
            -80.318066,25.678503,0
            -80.318199,25.678182,0
            -80.31919,25.676262,0
            -80.319191,25.676256,0
            -80.319183,25.676135,0
            -80.320298,25.673921,0
            -80.320316,25.67381,0
            -80.33812,25.63555,0
            -80.338237,25.635235,0
            -80.338402,25.63487,0
            -80.338437,25.634804,0
            -80.339157,25.633226,0
            -80.339825,25.631884,0
            -80.341156,25.62893,0
            -80.341302,25.628651,0
            -80.344823,25.621057,0
            -80.344934,25.620766,0
            -80.34518,25.620264,0
            -80.345241,25.620116,0
            -80.345666,25.619235,0
            -80.34572,25.619139,0
            -80.345909,25.618702,0
            -80.346011,25.618419,0
            -80.346249,25.617546,0
            -80.346351,25.61705,0
            -80.346485,25.616232,0
            -80.346649,25.615457,0
            -80.346828,25.614787,0
            -80.346956,25.614427,0
            -80.347329,25.61356,0
            -80.347478,25.613268,0
            -80.356581,25.593698,0
            -80.356866,25.593138,0
            -80.357252,25.592437,0
            -80.357709,25.591697,0
            -80.358157,25.591021,0
            -80.358906,25.590024,0
            -80.359735,25.589022,0
            -80.364992,25.583613,0
            -80.367371,25.580998,0
            -80.36852,25.579822,0
            -80.368594,25.579753,0
            -80.370686,25.577594,0
            -80.37086,25.577429,0
            -80.373224,25.574995,0
            -80.373313,25.574914,0
            -80.375292,25.572869,0
            -80.375733,25.572436,0
            -80.381736,25.566292,0
            -80.381776,25.566245,0
            -80.382,25.566032,0
            -80.383702,25.564299,0
            -80.384403,25.563549,0
            -80.386372,25.561551,0
            -80.386986,25.560905,0
            -80.388087,25.559819,0
            -80.389157,25.558696,0
            -80.395819,25.551918,0
            -80.398152,25.549699,0
            -80.412717,25.534802,0
            -80.4128,25.534727,0
            -80.414697,25.532797,0
            -80.414925,25.53255,0
            -80.421881,25.525438,0
            -80.422026,25.525276,0
            -80.422483,25.524823,0
            -80.422867,25.524382,0
            -80.423161,25.524009,0
            -80.423553,25.523428,0
            -80.424317,25.522153,0
            -80.424647,25.521714,0
            -80.42468,25.521654,0
            -80.425168,25.521058,0
            -80.42564,25.520556,0
            -80.429302,25.516812,0
            -80.429494,25.51663,0
            -80.430638,25.515449,0
            -80.430735,25.515338,0
            -80.431859,25.514187,0
            -80.432799,25.513264,0
            -80.439177,25.506702,0
            -80.439421,25.506428,0
            -80.444637,25.501087,0
            -80.444978,25.50076,0
            -80.445438,25.500267,0
            -80.446385,25.499298,0
            -80.446589,25.499112,0
            -80.447956,25.497775,0
            -80.450137,25.495777,0
            -80.451537,25.494406,0
            -80.451636,25.494318,0
            -80.460414,25.485315,0
            -80.460533,25.485182,0
            -80.460918,25.484798,0
            -80.461846,25.483823,0
            -80.462051,25.483584,0
            -80.462499,25.482991,0
            -80.462784,25.482529,0
            -80.463007,25.482122,0
            -80.463257,25.481572,0
            -80.463512,25.480955,0
            -80.464356,25.479078,0
            -80.465121,25.477286,0
            -80.465169,25.477212,0
            -80.465666,25.476257,0
            -80.466023,25.475657,0
            -80.466249,25.475354,0
            -80.466556,25.474988,0
            -80.468371,25.473109,0
            -80.468677,25.472814,0
            -80.469329,25.472131,0
            -80.469725,25.471739,0
            -80.470091,25.471352,0
            -80.470418,25.47103,0
            -80.470911,25.470508,0
            -80.47112,25.470307,0
            -80.472835,25.468532,0
            -80.473394,25.467819,0
            -80.473574,25.467568,0
            -80.473843,25.467147,0
            -80.474108,25.46669,0
            -80.474363,25.466184,0
            -80.475263,25.46619,0
            -80.475759,25.466174,0
            -80.479507,25.466169,0
            -80.479682,25.466161,0
            -80.485438,25.466115,0
            -80.48539,25.464269,0
            -80.485388,25.463387,0
            -80.485363,25.462459,0
            -80.491387,25.462428,0
            -80.491451,25.462455,0
            -80.493491,25.462451,0
            -80.494405,25.462433,0
            -80.494536,25.462437,0
            -80.494572,25.462433,0
            -80.494603,25.462422,0
            -80.50157,25.462384,0
            -80.501585,25.447714,0
            -80.501347,25.418442,0
            -80.511877,25.418422,0
            -80.512003,25.418411,0
            -80.512092,25.418397,0
            -80.512206,25.418371,0
            -80.512309,25.418339,0
            -80.512424,25.418295,0
            -80.512556,25.418229,0
            -80.512683,25.418147,0
            -80.512806,25.418052,0
            -80.525443,25.40642,0
            -80.525602,25.406263,0
            -80.52753,25.404504,0
            -80.527739,25.404346,0
            -80.528019,25.40417,0
            -80.528166,25.404089,0
            -80.528441,25.403968,0
            -80.52859,25.403912,0
            -80.528923,25.403812,0
            -80.529061,25.40378,0
            -80.529366,25.403726,0
            -80.529501,25.403709,0
            -80.559201,25.403596,0
            -80.559674,25.403554,0
            -80.560037,25.403479,0
            -80.56019,25.403439,0
            -80.560611,25.403298,0
            -80.578949,25.39545,0
            -80.579559,25.395205,0
            -80.580298,25.394946,0
            -80.580713,25.394891,0
            -80.581645,25.39483,0
            -80.583602,25.394879,0
            -80.583768,25.395236,0
            -80.58381,25.395285,0
          </coordinates>
        </LineString>
      </Placemark>
      <Placemark>
        <name>Ernest F. Coe Visitor Center</name>
        <description><![CDATA[description: Visitor center from 2020-01-20T14:55:22.999Z to 2020-01-20T15:11:15.000Z. Distance 0m<br>Email: syugen.zhou@gmail.com<br>Category: Visitor center<br>Distance: 0]]></description>
        <styleUrl>#icon-1535-0288D1</styleUrl>
        <ExtendedData>
          <Data name="description">
            <value>Visitor center from 2020-01-20T14:55:22.999Z to 2020-01-20T15:11:15.000Z. Distance 0m</value>
          </Data>
          <Data name="Email">
            <value>syugen.zhou@gmail.com</value>
          </Data>
          <Data name="Category">
            <value>Visitor center</value>
          </Data>
          <Data name="Distance">
            <value>0</value>
          </Data>
        </ExtendedData>
        <Point>
          <coordinates>
            -80.583072,25.395319,0
          </coordinates>
        </Point>
      </Placemark>
      <Placemark>
        <name>Driving</name>
        <description><![CDATA[description: Driving from 2020-01-20T15:11:15.000Z to 2020-01-20T15:28:18.000Z. Distance 3018m<br>Email: syugen.zhou@gmail.com<br>Category: Driving<br>Distance: 3018]]></description>
        <styleUrl>#line-FFEA00-5000</styleUrl>
        <ExtendedData>
          <Data name="description">
            <value>Driving from 2020-01-20T15:11:15.000Z to 2020-01-20T15:28:18.000Z. Distance 3018m</value>
          </Data>
          <Data name="Email">
            <value>syugen.zhou@gmail.com</value>
          </Data>
          <Data name="Category">
            <value>Driving</value>
          </Data>
          <Data name="Distance">
            <value>3018</value>
          </Data>
        </ExtendedData>
        <LineString>
          <tessellate>1</tessellate>
          <coordinates>
            -80.583706,25.395109,0
            -80.583602,25.394879,0
            -80.58392,25.39488,0
            -80.584012,25.394874,0
            -80.58432,25.394821,0
            -80.584505,25.394764,0
            -80.584607,25.394725,0
            -80.584979,25.39455,0
            -80.585019,25.394467,0
            -80.585037,25.394439,0
            -80.585139,25.39434,0
            -80.585233,25.394263,0
            -80.585307,25.394212,0
            -80.585407,25.394157,0
            -80.585539,25.3941,0
            -80.585917,25.393994,0
            -80.586627,25.394,0
            -80.587069,25.394017,0
            -80.587239,25.394029,0
            -80.587462,25.394054,0
            -80.587587,25.394105,0
            -80.588286,25.394217,0
            -80.589947,25.39456,0
            -80.590235,25.394611,0
            -80.590926,25.394718,0
            -80.591133,25.394743,0
            -80.591732,25.394839,0
            -80.591764,25.394838,0
            -80.591791,25.394834,0
            -80.591998,25.394891,0
            -80.592217,25.39496,0
            -80.592792,25.395162,0
            -80.593544,25.395462,0
            -80.593993,25.395656,0
            -80.594845,25.39607,0
            -80.612731,25.405342,0
            -80.613662,25.40586,0
            -80.615065,25.403605,0
            -80.615858,25.402291,0
            -80.616385,25.401244,0
            -80.616648,25.400632,0
            -80.616815,25.400198,0
            -80.617091,25.399373,0
            -80.617346,25.398368,0
            -80.617479,25.397576,0
            -80.617566,25.397155,0
            -80.617641,25.396502,0
            -80.617673,25.395618,0
            -80.617678,25.394796,0
            -80.617649,25.394177,0
            -80.617584,25.393664,0
            -80.61752,25.393354,0
            -80.617457,25.393109,0
            -80.617304,25.392622,0
            -80.617215,25.39239,0
            -80.617144,25.392224,0
            -80.616975,25.391886,0
            -80.616827,25.391626,0
            -80.61663,25.391313,0
            -80.616381,25.390973,0
            -80.616199,25.390749,0
            -80.615907,25.390431,0
            -80.615484,25.390024,0
            -80.615071,25.389708,0
            -80.612481,25.387906,0
            -80.612247,25.387718,0
            -80.612019,25.387509,0
            -80.611914,25.387401,0
            -80.611729,25.387178,0
            -80.611567,25.386944,0
            -80.611385,25.386629,0
            -80.611305,25.386451,0
            -80.611194,25.386147,0
            -80.611163,25.386033,0
            -80.61115,25.386,0
            -80.61109,25.385749,0
            -80.610886,25.384638,0
            -80.610835,25.384447,0
            -80.610768,25.384256,0
            -80.610523,25.383676,0
            -80.610432,25.38342,0
            -80.610387,25.383188,0
            -80.61035,25.38294,0
            -80.610316,25.382599,0
            -80.610308,25.382552,0
            -80.610281,25.382471,0
            -80.610241,25.382394,0
            -80.610218,25.382365,0
            -80.610204,25.382351,0
            -80.610176,25.382328,0
            -80.610142,25.382311,0
            -80.610093,25.382294,0
            -80.610042,25.382283,0
            -80.609982,25.382281,0
            -80.609932,25.382285,0
            -80.60989,25.382298,0
            -80.609864,25.382314,0
            -80.609817,25.382353,0
            -80.609795,25.382382,0
            -80.609772,25.382444,0
          </coordinates>
        </LineString>
      </Placemark>
      <Placemark>
        <name>Walking</name>
        <description><![CDATA[description: Walking from 2020-01-20T15:49:20.083Z to 2020-01-20T16:11:04.541Z. Distance 502m<br>Email: syugen.zhou@gmail.com<br>Category: Walking<br>Distance: 502]]></description>
        <styleUrl>#line-FFEA00-5000</styleUrl>
        <ExtendedData>
          <Data name="description">
            <value>Walking from 2020-01-20T15:49:20.083Z to 2020-01-20T16:11:04.541Z. Distance 502m</value>
          </Data>
          <Data name="Email">
            <value>syugen.zhou@gmail.com</value>
          </Data>
          <Data name="Category">
            <value>Walking</value>
          </Data>
          <Data name="Distance">
            <value>502</value>
          </Data>
        </ExtendedData>
        <LineString>
          <tessellate>1</tessellate>
          <coordinates>
            -80.609772,25.382584,0
            -80.60977,25.382472,0
            -80.60965,25.382472,0
            -80.609578,25.382456,0
            -80.609565,25.38245,0
            -80.609548,25.382436,0
            -80.609524,25.38239,0
            -80.609484,25.382346,0
            -80.609479,25.382342,0
            -80.609449,25.382339,0
            -80.609428,25.382332,0
            -80.609422,25.382327,0
            -80.609417,25.382321,0
            -80.609395,25.38211,0
            -80.609386,25.382088,0
            -80.609343,25.382025,0
            -80.605776,25.38202,0
            -80.605729,25.382037,0
            -80.605653,25.382088,0
            -80.605634,25.382115,0
            -80.605592,25.382225,0
            -80.605587,25.38225,0
            -80.605592,25.382279,0
            -80.605618,25.382357,0
            -80.605675,25.382457,0
            -80.6057,25.382523,0
            -80.605701,25.382539,0
            -80.605695,25.382563,0
            -80.605597,25.382753,0
            -80.605577,25.382806,0
            -80.605583,25.382868,0
            -80.605586,25.382876,0
            -80.605598,25.382888,0
            -80.605643,25.38291,0
            -80.605719,25.382899,0
            -80.605837,25.382834,0
            -80.605862,25.382827,0
            -80.605886,25.382826,0
            -80.605987,25.38285,0
            -80.606144,25.382972,0
            -80.606196,25.382993,0
            -80.606329,25.383006,0
            -80.60639,25.383162,0
            -80.606396,25.383198,0
            -80.606372,25.38334,0
            -80.606328,25.383395,0
            -80.606294,25.383407,0
            -80.606263,25.383414,0
            -80.606149,25.383402,0
            -80.606104,25.383405,0
            -80.606052,25.383423,0
            -80.60602,25.383445,0
            -80.605996,25.383483,0
            -80.605987,25.383538,0
            -80.605996,25.383483,0
            -80.60602,25.383445,0
            -80.606052,25.383423,0
            -80.606104,25.383405,0
            -80.606149,25.383402,0
            -80.606263,25.383414,0
            -80.606294,25.383407,0
            -80.606328,25.383395,0
            -80.606372,25.38334,0
            -80.606396,25.383198,0
            -80.60639,25.383162,0
            -80.606329,25.383006,0
            -80.606424,25.382956,0
            -80.60648,25.382937,0
            -80.606676,25.38291,0
            -80.606796,25.382907,0
            -80.606899,25.382892,0
            -80.606955,25.382876,0
            -80.607026,25.382842,0
            -80.607126,25.382775,0
            -80.607155,25.382742,0
            -80.607177,25.382684,0
            -80.607197,25.382598,0
            -80.607192,25.382534,0
            -80.607169,25.382491,0
            -80.607076,25.382381,0
            -80.607027,25.382348,0
            -80.606983,25.382302,0
            -80.606954,25.382256,0
            -80.606942,25.38222,0
            -80.60695,25.382023,0
            -80.609343,25.382025,0
            -80.609386,25.382088,0
            -80.609395,25.38211,0
            -80.609417,25.382321,0
            -80.609422,25.382327,0
            -80.609428,25.382332,0
            -80.609449,25.38234,0
            -80.609479,25.382342,0
            -80.609484,25.382346,0
            -80.609524,25.38239,0
            -80.609548,25.382436,0
            -80.609565,25.38245,0
            -80.609578,25.382456,0
            -80.60965,25.382472,0
            -80.609745,25.382472,0
          </coordinates>
        </LineString>
      </Placemark>
      <Placemark>
        <name>Driving</name>
        <description><![CDATA[description: Driving from 2020-01-20T16:11:04.541Z to 2020-01-20T16:58:33.271Z. Distance 74062m<br>Email: syugen.zhou@gmail.com<br>Category: Driving<br>Distance: 74062]]></description>
        <styleUrl>#line-FFEA00-5000</styleUrl>
        <ExtendedData>
          <Data name="description">
            <value>Driving from 2020-01-20T16:11:04.541Z to 2020-01-20T16:58:33.271Z. Distance 74062m</value>
          </Data>
          <Data name="Email">
            <value>syugen.zhou@gmail.com</value>
          </Data>
          <Data name="Category">
            <value>Driving</value>
          </Data>
          <Data name="Distance">
            <value>74062</value>
          </Data>
        </ExtendedData>
        <LineString>
          <tessellate>1</tessellate>
          <coordinates>
            -80.610262,25.382432,0
            -80.610218,25.382366,0
            -80.610176,25.382328,0
            -80.610093,25.382294,0
            -80.610037,25.382283,0
            -80.610032,25.382947,0
            -80.61005,25.383105,0
            -80.610105,25.383279,0
            -80.610184,25.383428,0
            -80.610375,25.383694,0
            -80.610523,25.383676,0
            -80.610835,25.384447,0
            -80.611194,25.386147,0
            -80.611386,25.386629,0
            -80.611567,25.386944,0
            -80.611914,25.387401,0
            -80.612247,25.387718,0
            -80.615484,25.390024,0
            -80.6162,25.390749,0
            -80.61663,25.391313,0
            -80.616975,25.391886,0
            -80.617304,25.392622,0
            -80.617457,25.393109,0
            -80.617584,25.393664,0
            -80.617649,25.394178,0
            -80.617678,25.394796,0
            -80.617641,25.396502,0
            -80.617566,25.397155,0
            -80.617346,25.398368,0
            -80.617091,25.399373,0
            -80.616815,25.400198,0
            -80.616385,25.401244,0
            -80.615858,25.402291,0
            -80.613662,25.40586,0
            -80.632751,25.415696,0
            -80.63357,25.416049,0
            -80.634922,25.41653,0
            -80.635925,25.416813,0
            -80.636916,25.417038,0
            -80.638714,25.417299,0
            -80.639827,25.417376,0
            -80.640812,25.417389,0
            -80.658788,25.41679,0
            -80.661562,25.416835,0
            -80.663814,25.417024,0
            -80.665483,25.417249,0
            -80.667716,25.417677,0
            -80.669189,25.418032,0
            -80.671583,25.418751,0
            -80.673333,25.419389,0
            -80.67522,25.420196,0
            -80.678111,25.421688,0
            -80.679756,25.422699,0
            -80.680694,25.423339,0
            -80.682375,25.424602,0
            -80.690412,25.431586,0
            -80.691443,25.432406,0
            -80.692547,25.433184,0
            -80.694045,25.434097,0
            -80.695223,25.434716,0
            -80.696157,25.435147,0
            -80.697692,25.435755,0
            -80.699844,25.436417,0
            -80.701993,25.436883,0
            -80.703119,25.437042,0
            -80.70455,25.437174,0
            -80.70614,25.437226,0
            -80.707828,25.437174,0
            -80.710079,25.436975,0
            -80.714646,25.436353,0
            -80.729866,25.433541,0
            -80.73372,25.433026,0
            -80.736547,25.432817,0
            -80.738167,25.432761,0
            -80.741394,25.432787,0
            -80.744238,25.432959,0
            -80.750333,25.433641,0
            -80.752346,25.433725,0
            -80.75396,25.433698,0
            -80.755216,25.433621,0
            -80.756647,25.43347,0
            -80.758383,25.433202,0
            -80.760975,25.432611,0
            -80.762551,25.432136,0
            -80.764548,25.431398,0
            -80.76599,25.430765,0
            -80.767803,25.429832,0
            -80.769183,25.429012,0
            -80.77058,25.428069,0
            -80.771585,25.427316,0
            -80.773668,25.425512,0
            -80.77506,25.424071,0
            -80.776051,25.422907,0
            -80.776925,25.421753,0
            -80.781992,25.413847,0
            -80.785806,25.408525,0
            -80.789569,25.403963,0
            -80.793395,25.399846,0
            -80.802041,25.391496,0
            -80.804509,25.388892,0
            -80.806978,25.386036,0
            -80.80867,25.38391,0
            -80.810557,25.381352,0
            -80.812577,25.378344,0
            -80.814438,25.375279,0
            -80.81558,25.373219,0
            -80.817205,25.369993,0
            -80.818656,25.366738,0
            -80.820156,25.362822,0
            -80.820573,25.361522,0
            -80.820933,25.36003,0
            -80.821177,25.358504,0
            -80.821286,25.357187,0
            -80.821309,25.356113,0
            -80.821269,25.355051,0
            -80.821111,25.353528,0
            -80.820716,25.351522,0
            -80.820324,25.350188,0
            -80.819909,25.349066,0
            -80.818951,25.347014,0
            -80.818105,25.345592,0
            -80.817067,25.344132,0
            -80.816342,25.343257,0
            -80.815204,25.342042,0
            -80.813776,25.340752,0
            -80.812305,25.339632,0
            -80.811017,25.338792,0
            -80.81015,25.338294,0
            -80.807116,25.336773,0
            -80.805952,25.336117,0
            -80.804807,25.335349,0
            -80.803683,25.334463,0
            -80.802702,25.33354,0
            -80.80198,25.332762,0
            -80.800837,25.331256,0
            -80.799925,25.329736,0
            -80.79964,25.329147,0
            -80.798982,25.327443,0
            -80.798687,25.326384,0
            -80.798413,25.324862,0
            -80.798304,25.323465,0
            -80.798441,25.251133,0
            -80.798513,25.250555,0
            -80.798709,25.249688,0
            -80.798934,25.249039,0
            -80.799243,25.248364,0
            -80.79967,25.247634,0
            -80.799952,25.247237,0
            -80.800407,25.246695,0
            -80.801316,25.24583,0
            -80.801775,25.245483,0
            -80.872953,25.202025,0
            -80.875968,25.199984,0
            -80.886877,25.193028,0
            -80.887724,25.192431,0
            -80.890044,25.19048,0
            -80.893208,25.187477,0
            -80.905804,25.174228,0
            -80.906656,25.173195,0
            -80.907592,25.171939,0
            -80.90877,25.170146,0
            -80.909915,25.16809,0
            -80.910641,25.166559,0
            -80.91125,25.165067,0
            -80.911746,25.16363,0
            -80.912678,25.1601,0
            -80.913077,25.158862,0
            -80.913377,25.158124,0
            -80.914155,25.156575,0
            -80.914917,25.155383,0
            -80.915655,25.154423,0
            -80.916328,25.15366,0
            -80.917733,25.152334,0
            -80.919042,25.151337,0
            -80.92307,25.14867,0
            -80.923612,25.148237,0
            -80.923868,25.147972,0
            -80.924274,25.147435,0
            -80.924543,25.146926,0
            -80.924758,25.146244,0
            -80.924789,25.146214,0
            -80.924812,25.146163,0
            -80.925148,25.144164,0
            -80.92531,25.143502,0
            -80.925436,25.143154,0
            -80.9246,25.142953,0
            -80.924228,25.142916,0
            -80.923248,25.142907,0
          </coordinates>
        </LineString>
      </Placemark>
      <Placemark>
        <name>Driving</name>
        <description><![CDATA[description: Driving from 2020-01-20T17:22:49.000Z to 2020-01-20T20:00:44.000Z. Distance 147628m<br>Email: syugen.zhou@gmail.com<br>Category: Driving<br>Distance: 147628]]></description>
        <styleUrl>#line-FFEA00-5000</styleUrl>
        <ExtendedData>
          <Data name="description">
            <value>Driving from 2020-01-20T17:22:49.000Z to 2020-01-20T20:00:44.000Z. Distance 147628m</value>
          </Data>
          <Data name="Email">
            <value>syugen.zhou@gmail.com</value>
          </Data>
          <Data name="Category">
            <value>Driving</value>
          </Data>
          <Data name="Distance">
            <value>147628</value>
          </Data>
        </ExtendedData>
        <LineString>
          <tessellate>1</tessellate>
          <coordinates>
            -80.923611,25.14248,0
            -80.923605,25.142498,0
            -80.923609,25.142691,0
            -80.923619,25.14272,0
            -80.92363,25.14274,0
            -80.923674,25.142791,0
            -80.923743,25.142853,0
            -80.923818,25.14291,0
            -80.924228,25.142916,0
            -80.9246,25.142953,0
            -80.924906,25.143013,0
            -80.925051,25.143047,0
            -80.925149,25.143075,0
            -80.925074,25.143282,0
            -80.925006,25.143502,0
            -80.924961,25.143685,0
            -80.924931,25.143843,0
            -80.924892,25.144182,0
            -80.924837,25.145119,0
            -80.924756,25.146034,0
            -80.924741,25.14615,0
            -80.924742,25.146171,0
            -80.924758,25.146244,0
            -80.9247,25.146469,0
            -80.924642,25.146664,0
            -80.924543,25.146926,0
            -80.924478,25.147065,0
            -80.92438,25.147253,0
            -80.924274,25.147435,0
            -80.924109,25.147674,0
            -80.924008,25.147807,0
            -80.923868,25.147972,0
            -80.923706,25.148145,0
            -80.923612,25.148237,0
            -80.92337,25.148442,0
            -80.92307,25.14867,0
            -80.919042,25.151337,0
            -80.918637,25.151625,0
            -80.918206,25.15195,0
            -80.917733,25.152334,0
            -80.917354,25.152666,0
            -80.916855,25.15313,0
            -80.916328,25.15366,0
            -80.915655,25.154423,0
            -80.915356,25.154798,0
            -80.914917,25.155383,0
            -80.91454,25.15595,0
            -80.914155,25.156574,0
            -80.913858,25.157113,0
            -80.913628,25.157574,0
            -80.913377,25.158124,0
            -80.913077,25.158862,0
            -80.912881,25.159422,0
            -80.912753,25.159832,0
            -80.912678,25.160099,0
            -80.912234,25.161905,0
            -80.911858,25.163257,0
            -80.911746,25.16363,0
            -80.91125,25.165067,0
            -80.91097,25.16578,0
            -80.910641,25.166559,0
            -80.910335,25.16723,0
            -80.909915,25.16809,0
            -80.909392,25.169079,0
            -80.90877,25.170146,0
            -80.908027,25.171308,0
            -80.907592,25.171939,0
            -80.906656,25.173195,0
            -80.905804,25.174228,0
            -80.905349,25.174748,0
            -80.904677,25.175479,0
            -80.89855,25.181794,0
            -80.896349,25.184098,0
            -80.894689,25.18592,0
            -80.893208,25.187477,0
            -80.891874,25.188789,0
            -80.890854,25.189747,0
            -80.890044,25.19048,0
            -80.888561,25.191759,0
            -80.887966,25.192246,0
            -80.887724,25.192431,0
            -80.887205,25.192804,0
            -80.886877,25.193028,0
            -80.875968,25.199984,0
            -80.872953,25.202025,0
            -80.871376,25.203027,0
            -80.852132,25.214776,0
            -80.851946,25.214555,0
            -80.851905,25.214517,0
            -80.85187,25.21449,0
            -80.851816,25.214462,0
            -80.851719,25.21442,0
            -80.851675,25.214406,0
            -80.851635,25.214396,0
            -80.851489,25.214373,0
            -80.851357,25.214366,0
            -80.85119,25.214364,0
            -80.851002,25.214371,0
            -80.850918,25.21438,0
            -80.850731,25.214415,0
            -80.850618,25.214458,0
            -80.850521,25.214503,0
            -80.850484,25.214527,0
            -80.850449,25.214567,0
            -80.850432,25.214596,0
            -80.850419,25.214641,0
            -80.850415,25.214676,0
            -80.850415,25.21471,0
            -80.850428,25.214741,0
            -80.850449,25.214765,0
            -80.850471,25.214787,0
            -80.850498,25.214801,0
            -80.85054,25.21481,0
            -80.850581,25.214806,0
            -80.850617,25.214796,0
            -80.850642,25.214778,0
            -80.850661,25.214757,0
            -80.850678,25.214729,0
            -80.850687,25.214701,0
            -80.85069,25.214668,0
            -80.850681,25.21459,0
            -80.850672,25.214556,0
            -80.850653,25.214514,0
            -80.850618,25.214458,0
            -80.850731,25.214415,0
            -80.850918,25.21438,0
            -80.851002,25.214371,0
            -80.85119,25.214364,0
            -80.851357,25.214366,0
            -80.851489,25.214373,0
            -80.851635,25.214396,0
            -80.851675,25.214406,0
            -80.851719,25.21442,0
            -80.851816,25.214462,0
            -80.85187,25.21449,0
            -80.851905,25.214517,0
            -80.851946,25.214555,0
            -80.852132,25.214776,0
            -80.80221,25.245198,0
            -80.801775,25.245483,0
            -80.801475,25.245704,0
            -80.801316,25.24583,0
            -80.800824,25.246274,0
            -80.800407,25.246695,0
            -80.800135,25.247006,0
            -80.799952,25.247237,0
            -80.79967,25.247634,0
            -80.799477,25.247942,0
            -80.799243,25.248364,0
            -80.799083,25.248694,0
            -80.798934,25.249039,0
            -80.798848,25.249268,0
            -80.798709,25.249688,0
            -80.798587,25.250165,0
            -80.798513,25.250555,0
            -80.798475,25.250829,0
            -80.798441,25.251133,0
            -80.79843,25.251318,0
            -80.798404,25.252901,0
            -80.79839,25.282511,0
            -80.798366,25.283818,0
            -80.798295,25.322986,0
            -80.798304,25.323465,0
            -80.798331,25.324019,0
            -80.798365,25.324428,0
            -80.798413,25.324862,0
            -80.798482,25.325343,0
            -80.798544,25.32571,0
            -80.798687,25.326384,0
            -80.798813,25.32687,0
            -80.798982,25.327443,0
            -80.799215,25.32811,0
            -80.79943,25.328652,0
            -80.799541,25.328901,0
            -80.79964,25.329147,0
            -80.799925,25.329736,0
            -80.800327,25.330438,0
            -80.800559,25.330821,0
            -80.800837,25.331256,0
            -80.80107,25.331594,0
            -80.801539,25.332221,0
            -80.80198,25.332762,0
            -80.802702,25.33354,0
            -80.803071,25.333903,0
            -80.803683,25.334463,0
            -80.80398,25.334711,0
            -80.804529,25.335142,0
            -80.804807,25.335349,0
            -80.805421,25.33578,0
            -80.805952,25.336117,0
            -80.806469,25.336421,0
            -80.807116,25.336773,0
            -80.809341,25.337868,0
            -80.81015,25.338294,0
            -80.811017,25.338792,0
            -80.811525,25.33911,0
            -80.812305,25.339632,0
            -80.812873,25.340042,0
            -80.813483,25.340513,0
            -80.813776,25.340752,0
            -80.814633,25.3415,0
            -80.815204,25.342042,0
            -80.81591,25.342774,0
            -80.816342,25.343257,0
            -80.816802,25.343802,0
            -80.817067,25.344132,0
            -80.817381,25.344548,0
            -80.817904,25.345291,0
            -80.818105,25.345592,0
            -80.818457,25.346155,0
            -80.818811,25.346761,0
            -80.818951,25.347014,0
            -80.819259,25.347615,0
            -80.819516,25.348159,0
            -80.819909,25.349066,0
            -80.820127,25.349626,0
            -80.820324,25.350188,0
            -80.820587,25.351057,0
            -80.820716,25.351522,0
            -80.820868,25.35217,0
            -80.821023,25.352977,0
            -80.821111,25.353528,0
            -80.821205,25.35429,0
            -80.821269,25.355051,0
            -80.821292,25.355495,0
            -80.821309,25.356113,0
            -80.821308,25.356471,0
            -80.821286,25.357187,0
            -80.821259,25.35761,0
            -80.821177,25.358504,0
            -80.821097,25.35911,0
            -80.820933,25.36003,0
            -80.820738,25.360892,0
            -80.820573,25.361522,0
            -80.82039,25.362123,0
            -80.820156,25.362822,0
            -80.819824,25.363741,0
            -80.819247,25.365264,0
            -80.818656,25.366738,0
            -80.817998,25.368265,0
            -80.817205,25.369993,0
            -80.816463,25.371512,0
            -80.81558,25.373219,0
            -80.814438,25.375279,0
            -80.813807,25.376352,0
            -80.813106,25.377503,0
            -80.812577,25.378344,0
            -80.81152,25.379953,0
            -80.810557,25.381352,0
            -80.809859,25.382321,0
            -80.80867,25.38391,0
            -80.808038,25.384718,0
            -80.806978,25.386036,0
            -80.805711,25.387531,0
            -80.804509,25.388892,0
            -80.803284,25.390208,0
            -80.802041,25.391496,0
            -80.800763,25.392755,0
            -80.794433,25.398812,0
            -80.793395,25.399846,0
            -80.791396,25.401936,0
            -80.789569,25.403963,0
            -80.788537,25.40516,0
            -80.787135,25.406851,0
            -80.785806,25.408525,0
            -80.785455,25.409007,0
            -80.78503,25.409565,0
            -80.783506,25.411652,0
            -80.781992,25.413847,0
            -80.78086,25.415583,0
            -80.777773,25.420508,0
            -80.777301,25.421221,0
            -80.776925,25.421753,0
            -80.776363,25.422506,0
            -80.776051,25.422907,0
            -80.775426,25.423656,0
            -80.77506,25.424071,0
            -80.774303,25.424879,0
            -80.773668,25.425512,0
            -80.772945,25.426176,0
            -80.772226,25.426795,0
            -80.771585,25.427316,0
            -80.771157,25.427646,0
            -80.77058,25.428069,0
            -80.769859,25.428571,0
            -80.769183,25.429012,0
            -80.76847,25.429449,0
            -80.767803,25.429832,0
            -80.766904,25.430312,0
            -80.76599,25.430765,0
            -80.765412,25.431029,0
            -80.764548,25.431398,0
            -80.763734,25.431717,0
            -80.763158,25.431927,0
            -80.762551,25.432136,0
            -80.761962,25.432324,0
            -80.760975,25.432611,0
            -80.760267,25.432796,0
            -80.759815,25.432904,0
            -80.758975,25.433087,0
            -80.758383,25.433202,0
            -80.757533,25.433347,0
            -80.756647,25.43347,0
            -80.755749,25.433574,0
            -80.755216,25.433621,0
            -80.75396,25.433698,0
            -80.7533,25.433719,0
            -80.752346,25.433725,0
            -80.751359,25.433698,0
            -80.750333,25.433641,0
            -80.749411,25.433559,0
            -80.745999,25.43314,0
            -80.744238,25.432959,0
            -80.742555,25.432844,0
            -80.741394,25.432787,0
            -80.739979,25.432755,0
            -80.738167,25.432761,0
            -80.736547,25.432817,0
            -80.73449,25.432955,0
            -80.733962,25.433013,0
            -80.73372,25.433026,0
            -80.732135,25.433204,0
            -80.731485,25.433291,0
            -80.729866,25.433541,0
            -80.714646,25.436353,0
            -80.712723,25.436647,0
            -80.711139,25.436852,0
            -80.710079,25.436975,0
            -80.708565,25.437117,0
            -80.707828,25.437174,0
            -80.70721,25.437208,0
            -80.70614,25.437226,0
            -80.705197,25.437206,0
            -80.70455,25.437174,0
            -80.703717,25.437105,0
            -80.703119,25.437042,0
            -80.701993,25.436883,0
            -80.701269,25.436747,0
            -80.700601,25.436602,0
            -80.699844,25.436417,0
            -80.698779,25.436117,0
            -80.698282,25.435958,0
            -80.697692,25.435755,0
            -80.697092,25.435529,0
            -80.696157,25.435147,0
            -80.695223,25.434716,0
            -80.694751,25.434478,0
            -80.694045,25.434097,0
            -80.693262,25.433643,0
            -80.692547,25.433184,0
            -80.692049,25.432842,0
            -80.691443,25.432406,0
            -80.690752,25.431867,0
            -80.690412,25.431586,0
            -80.683095,25.425194,0
            -80.682375,25.424602,0
            -80.68154,25.423959,0
            -80.680976,25.423543,0
            -80.680828,25.423445,0
            -80.680694,25.423338,0
            -80.680227,25.423013,0
            -80.679756,25.422698,0
            -80.678922,25.422169,0
            -80.678111,25.421688,0
            -80.677011,25.421085,0
            -80.676218,25.420676,0
            -80.67522,25.420196,0
            -80.674239,25.419763,0
            -80.673333,25.419389,0
            -80.672427,25.419045,0
            -80.671583,25.41875,0
            -80.670413,25.418376,0
            -80.669189,25.418032,0
            -80.667716,25.417676,0
            -80.666304,25.417391,0
            -80.665483,25.417249,0
            -80.664405,25.417095,0
            -80.663814,25.417024,0
            -80.662784,25.416922,0
            -80.661562,25.416835,0
            -80.660187,25.416788,0
            -80.658788,25.41679,0
            -80.640812,25.417389,0
            -80.640174,25.417386,0
            -80.639827,25.417376,0
            -80.63923,25.417343,0
            -80.638714,25.417299,0
            -80.638208,25.417243,0
            -80.637723,25.417177,0
            -80.636916,25.417038,0
            -80.635925,25.416813,0
            -80.63534,25.416655,0
            -80.634923,25.41653,0
            -80.63425,25.416302,0
            -80.63357,25.416049,0
            -80.632751,25.415696,0
            -80.631924,25.415285,0
            -80.621923,25.410096,0
            -80.621882,25.410071,0
            -80.614863,25.406439,0
            -80.613965,25.406018,0
            -80.613662,25.40586,0
            -80.612731,25.405342,0
            -80.594845,25.39607,0
            -80.593993,25.395656,0
            -80.593544,25.395462,0
            -80.592792,25.395162,0
            -80.592217,25.39496,0
            -80.591998,25.394891,0
            -80.591791,25.394834,0
            -80.591782,25.394818,0
            -80.591776,25.394812,0
            -80.591749,25.394799,0
            -80.591226,25.394658,0
            -80.590085,25.394377,0
            -80.589518,25.394271,0
            -80.588496,25.394129,0
            -80.588149,25.394088,0
            -80.587592,25.394039,0
            -80.587462,25.394054,0
            -80.587239,25.394029,0
            -80.587069,25.394017,0
            -80.586627,25.394,0
            -80.585917,25.393994,0
            -80.585034,25.394028,0
            -80.584376,25.39408,0
            -80.583793,25.394148,0
            -80.583265,25.39422,0
            -80.583057,25.394255,0
            -80.582394,25.394385,0
            -80.581599,25.394567,0
            -80.580786,25.394788,0
            -80.579894,25.395082,0
            -80.579559,25.395204,0
            -80.578949,25.39545,0
            -80.560611,25.403298,0
            -80.56044,25.40336,0
            -80.56019,25.403439,0
            -80.560037,25.403479,0
            -80.559674,25.403554,0
            -80.559493,25.403574,0
            -80.559201,25.403596,0
            -80.541663,25.403663,0
            -80.541684,25.407031,0
            -80.541678,25.407312,0
            -80.541968,25.447534,0
            -80.541963,25.447621,0
            -80.542557,25.505986,0
            -80.542752,25.516271,0
            -80.542669,25.522501,0
            -80.542893,25.549703,0
            -80.542905,25.549981,0
            -80.534953,25.549999,0
            -80.527841,25.550054,0
            -80.526869,25.550084,0
            -80.526553,25.550101,0
            -80.520256,25.550231,0
            -80.506598,25.550274,0
            -80.506819,25.586851,0
            -80.51074,25.586817,0
            -80.510767,25.586819,0
            -80.510778,25.586821,0
            -80.510795,25.586826,0
            -80.510809,25.586833,0
            -80.51083,25.586846,0
            -80.510852,25.586869,0
            -80.510873,25.586896,0
            -80.51109,25.60872,0
            -80.510187,25.608736,0
            -80.494965,25.608793,0
            -80.487019,25.608777,0
            -80.479653,25.608801,0
            -80.479339,25.608792,0
            -80.479304,25.608783,0
            -80.479214,25.60875,0
            -80.479184,25.607658,0
            -80.479098,25.605747,0
            -80.479084,25.605184,0
            -80.479055,25.604751,0
            -80.478941,25.603612,0
            -80.478838,25.602916,0
            -80.478536,25.59984,0
            -80.478479,25.599621,0
            -80.478442,25.599424,0
            -80.478415,25.599184,0
            -80.478402,25.598352,0
            -80.478395,25.598316,0
            -80.478388,25.598297,0
            -80.478377,25.59828,0
            -80.478357,25.598259,0
            -80.478298,25.598212,0
            -80.478336,25.600103,0
            -80.478443,25.601255,0
            -80.478852,25.604977,0
            -80.478942,25.606922,0
            -80.478946,25.607148,0
            -80.47898,25.60765,0
            -80.479103,25.61177,0
            -80.479117,25.611868,0
            -80.479148,25.61315,0
            -80.479144,25.613258,0
            -80.479173,25.614898,0
            -80.479179,25.614973,0
            -80.479196,25.615857,0
            -80.479641,25.629176,0
            -80.479654,25.63136,0
            -80.479522,25.634819,0
            -80.47954,25.636386,0
            -80.479687,25.640534,0
            -80.47982,25.64348,0
            -80.479979,25.645894,0
            -80.480753,25.666743,0
            -80.480751,25.667091,0
            -80.480797,25.667808,0
            -80.480848,25.668382,0
            -80.481026,25.669943,0
            -80.481195,25.671116,0
            -80.481251,25.6716,0
            -80.481309,25.672607,0
            -80.481318,25.673135,0
            -80.481306,25.673633,0
            -80.481232,25.674833,0
            -80.481165,25.675419,0
            -80.481067,25.676088,0
            -80.480929,25.676785,0
            -80.48081,25.677312,0
            -80.480693,25.67776,0
            -80.480499,25.678387,0
            -80.479282,25.681812,0
            -80.479088,25.682329,0
            -80.478761,25.683275,0
            -80.478613,25.683779,0
            -80.478552,25.684038,0
            -80.478452,25.684549,0
            -80.478413,25.684843,0
            -80.478376,25.685211,0
            -80.478346,25.685649,0
            -80.478382,25.687882,0
            -80.478462,25.688556,0
            -80.478458,25.688669,0
            -80.479092,25.706301,0
            -80.479157,25.707693,0
            -80.479181,25.708855,0
            -80.479342,25.712118,0
            -80.479342,25.712384,0
            -80.479831,25.725332,0
            -80.479908,25.726925,0
            -80.480743,25.748649,0
            -80.481064,25.75588,0
            -80.481143,25.758738,0
            -80.481139,25.758912,0
            -80.4812,25.76019,0
            -80.481207,25.760644,0
            -80.481141,25.760779,0
            -80.481124,25.760808,0
            -80.481099,25.760832,0
            -80.481085,25.760842,0
            -80.481072,25.760849,0
            -80.480982,25.760883,0
            -80.447351,25.760906,0
            -80.44094,25.760852,0
            -80.436927,25.76085,0
            -80.435463,25.760875,0
            -80.420895,25.760888,0
            -80.417334,25.760869,0
            -80.416929,25.760878,0
            -80.403019,25.760866,0
            -80.40071,25.760887,0
            -80.392689,25.760885,0
            -80.3925,25.760878,0
            -80.390154,25.760875,0
            -80.387145,25.760914,0
            -80.384258,25.760925,0
            -80.383816,25.760919,0
            -80.374601,25.761067,0
            -80.374481,25.761079,0
            -80.37112,25.761139,0
            -80.369775,25.761178,0
            -80.369544,25.761191,0
            -80.367803,25.761227,0
            -80.367632,25.761222,0
            -80.35411,25.761481,0
            -80.353673,25.7615,0
            -80.336232,25.761858,0
            -80.33609,25.761865,0
            -80.335141,25.761875,0
            -80.333811,25.761939,0
            -80.330107,25.762053,0
            -80.323014,25.762202,0
            -80.3221,25.762239,0
            -80.320528,25.762368,0
            -80.319939,25.762396,0
            -80.319075,25.762473,0
            -80.318419,25.762514,0
            -80.318268,25.76251,0
            -80.317427,25.762556,0
            -80.317217,25.762578,0
            -80.315782,25.762662,0
            -80.315035,25.762688,0
            -80.315,25.762696,0
            -80.314977,25.762706,0
            -80.314952,25.762723,0
            -80.314932,25.762743,0
            -80.314228,25.762757,0
            -80.312019,25.762836,0
            -80.311846,25.762836,0
            -80.31137,25.762851,0
            -80.311026,25.76287,0
            -80.303897,25.763112,0
            -80.292672,25.76342,0
            -80.291919,25.763452,0
            -80.287041,25.763597,0
            -80.283832,25.763729,0
            -80.279264,25.763872,0
            -80.278299,25.763926,0
            -80.267573,25.764316,0
            -80.264239,25.764414,0
            -80.264095,25.764413,0
            -80.263226,25.764437,0
            -80.263242,25.7646,0
            -80.263391,25.767809,0
            -80.263407,25.767957,0
            -80.263522,25.770115,0
            -80.263522,25.770345,0
            -80.263274,25.770343,0
            -80.263161,25.770348,0
            -80.263022,25.770347,0
            -80.263027,25.771206,0
          </coordinates>
        </LineString>
      </Placemark>
      <Placemark>
        <name><![CDATA[Best Western Premier Miami Intl Airport Hotel & Suites Coral Gables]]></name>
        <description><![CDATA[description: Hotel from 2020-01-20T20:00:44.000Z to 2020-01-20T21:06:51.000Z. Distance 0m<br>Email: syugen.zhou@gmail.com<br>Category: Hotel<br>Distance: 0]]></description>
        <styleUrl>#icon-1602-0288D1</styleUrl>
        <ExtendedData>
          <Data name="description">
            <value>Hotel from 2020-01-20T20:00:44.000Z to 2020-01-20T21:06:51.000Z. Distance 0m</value>
          </Data>
          <Data name="Email">
            <value>syugen.zhou@gmail.com</value>
          </Data>
          <Data name="Category">
            <value>Hotel</value>
          </Data>
          <Data name="Distance">
            <value>0</value>
          </Data>
        </ExtendedData>
        <Point>
          <coordinates>
            -80.262816,25.771277,0
          </coordinates>
        </Point>
      </Placemark>
      <Placemark>
        <name>Driving</name>
        <description><![CDATA[description: Driving from 2020-01-20T21:06:51.000Z to 2020-01-20T22:08:49.000Z. Distance 22699m<br>Email: syugen.zhou@gmail.com<br>Category: Driving<br>Distance: 22699]]></description>
        <styleUrl>#line-FFEA00-5000</styleUrl>
        <ExtendedData>
          <Data name="description">
            <value>Driving from 2020-01-20T21:06:51.000Z to 2020-01-20T22:08:49.000Z. Distance 22699m</value>
          </Data>
          <Data name="Email">
            <value>syugen.zhou@gmail.com</value>
          </Data>
          <Data name="Category">
            <value>Driving</value>
          </Data>
          <Data name="Distance">
            <value>22699</value>
          </Data>
        </ExtendedData>
        <LineString>
          <tessellate>1</tessellate>
          <coordinates>
            -80.263026,25.771313,0
            -80.263018,25.771708,0
            -80.261997,25.771717,0
            -80.260578,25.77177,0
            -80.25345,25.771876,0
            -80.243697,25.772173,0
            -80.242703,25.772219,0
            -80.241258,25.772255,0
            -80.241112,25.772265,0
            -80.239769,25.772302,0
            -80.239163,25.772301,0
            -80.239029,25.772315,0
            -80.238077,25.772362,0
            -80.237959,25.772359,0
            -80.237612,25.772381,0
            -80.237182,25.772395,0
            -80.237076,25.772362,0
            -80.236946,25.772357,0
            -80.235475,25.772398,0
            -80.23528,25.772395,0
            -80.234946,25.772371,0
            -80.23462,25.772313,0
            -80.234079,25.772174,0
            -80.232946,25.771656,0
            -80.232802,25.771608,0
            -80.232744,25.771597,0
            -80.232116,25.771408,0
            -80.231964,25.771403,0
            -80.231736,25.771385,0
            -80.231443,25.771381,0
            -80.23124,25.771405,0
            -80.23117,25.771409,0
            -80.230978,25.771434,0
            -80.230289,25.771453,0
            -80.230216,25.771468,0
            -80.226855,25.771564,0
            -80.226119,25.771646,0
            -80.224787,25.771826,0
            -80.22347,25.772094,0
            -80.222804,25.772249,0
            -80.222699,25.772268,0
            -80.217986,25.772417,0
            -80.217856,25.772436,0
            -80.206548,25.772767,0
            -80.206018,25.772796,0
            -80.204349,25.772836,0
            -80.203488,25.772874,0
            -80.201209,25.772934,0
            -80.201045,25.772957,0
            -80.200215,25.773107,0
            -80.200013,25.773133,0
            -80.199567,25.773154,0
            -80.196242,25.773242,0
            -80.195978,25.773258,0
            -80.193565,25.773322,0
            -80.193548,25.772844,0
            -80.193711,25.772736,0
            -80.193745,25.772717,0
            -80.193787,25.772701,0
            -80.193844,25.77269,0
            -80.194063,25.772684,0
            -80.194189,25.772672,0
            -80.194299,25.772651,0
            -80.194836,25.77263,0
            -80.195001,25.772634,0
            -80.195044,25.772658,0
            -80.195086,25.772671,0
            -80.196107,25.772887,0
            -80.196413,25.772967,0
            -80.196729,25.773024,0
            -80.197076,25.773051,0
            -80.197412,25.773048,0
            -80.19781,25.773027,0
            -80.197961,25.773005,0
            -80.198117,25.773014,0
            -80.198247,25.773039,0
            -80.198362,25.773076,0
            -80.198504,25.773145,0
            -80.198679,25.773274,0
            -80.198743,25.773334,0
            -80.198806,25.773409,0
            -80.198879,25.773537,0
            -80.199103,25.774085,0
            -80.199171,25.774228,0
            -80.199563,25.775193,0
            -80.199624,25.7754,0
            -80.199667,25.775623,0
            -80.199682,25.775731,0
            -80.199703,25.776188,0
            -80.199616,25.776314,0
            -80.199752,25.779953,0
            -80.199804,25.780496,0
            -80.199863,25.780807,0
            -80.200023,25.781466,0
            -80.200167,25.781927,0
            -80.200285,25.78224,0
            -80.200487,25.782703,0
            -80.203015,25.787606,0
            -80.203504,25.788515,0
            -80.203668,25.788863,0
            -80.204522,25.790499,0
            -80.204745,25.791018,0
            -80.204869,25.791371,0
            -80.205133,25.792313,0
            -80.205178,25.792532,0
            -80.205228,25.792848,0
            -80.205304,25.793727,0
            -80.205396,25.79636,0
            -80.205419,25.798337,0
            -80.20564,25.803458,0
            -80.205575,25.803642,0
            -80.205717,25.807724,0
            -80.205644,25.807815,0
            -80.205606,25.808548,0
            -80.205519,25.809626,0
            -80.205497,25.80979,0
            -80.205424,25.810063,0
            -80.205357,25.810246,0
            -80.205311,25.810351,0
            -80.205202,25.810542,0
            -80.205067,25.810725,0
            -80.204988,25.810815,0
            -80.204811,25.810982,0
            -80.204623,25.811122,0
            -80.204424,25.811238,0
            -80.204198,25.81134,0
            -80.203986,25.811409,0
            -80.203756,25.811463,0
            -80.203561,25.811494,0
            -80.203315,25.811508,0
            -80.201882,25.811512,0
            -80.201716,25.811559,0
            -80.191406,25.811363,0
            -80.190186,25.811373,0
            -80.187177,25.81146,0
            -80.186837,25.811484,0
            -80.186306,25.811498,0
            -80.185993,25.81149,0
            -80.185767,25.811472,0
            -80.18552,25.811439,0
            -80.185151,25.811366,0
            -80.183555,25.810987,0
            -80.183332,25.810954,0
            -80.182772,25.810821,0
            -80.18239,25.810754,0
            -80.181818,25.810692,0
            -80.17167,25.81059,0
            -80.169856,25.810541,0
            -80.153389,25.810387,0
            -80.151517,25.810405,0
            -80.144093,25.810336,0
            -80.143862,25.810355,0
            -80.143788,25.810367,0
            -80.143681,25.81031,0
            -80.143674,25.810309,0
            -80.139412,25.810187,0
            -80.13902,25.810196,0
            -80.138863,25.810172,0
            -80.13835,25.810158,0
            -80.138153,25.810168,0
            -80.137994,25.810196,0
            -80.13782,25.810242,0
            -80.137663,25.8103,0
            -80.137306,25.810479,0
            -80.137201,25.810523,0
            -80.137098,25.810553,0
            -80.136971,25.810564,0
            -80.13689,25.81056,0
            -80.136794,25.810542,0
            -80.136719,25.810519,0
            -80.136605,25.810467,0
            -80.136555,25.810434,0
            -80.136467,25.810357,0
            -80.136344,25.8102,0
            -80.136301,25.810091,0
            -80.13627,25.809981,0
            -80.136252,25.809866,0
            -80.136248,25.809794,0
            -80.136255,25.809703,0
            -80.136424,25.808749,0
            -80.136456,25.808623,0
            -80.136535,25.8084,0
            -80.136606,25.808252,0
            -80.136694,25.808096,0
            -80.136815,25.807923,0
            -80.136954,25.807755,0
            -80.13787,25.806849,0
            -80.138052,25.806633,0
            -80.138121,25.806534,0
            -80.138272,25.806282,0
            -80.138344,25.806126,0
            -80.138362,25.806094,0
            -80.138439,25.805861,0
            -80.138488,25.805661,0
            -80.138534,25.80535,0
            -80.138532,25.80511,0
            -80.138521,25.804986,0
            -80.138481,25.80474,0
            -80.13839,25.804378,0
            -80.138369,25.804266,0
            -80.138353,25.804112,0
            -80.138221,25.799161,0
            -80.138206,25.798989,0
            -80.138213,25.7989,0
            -80.138255,25.798614,0
            -80.138286,25.79847,0
            -80.138356,25.798299,0
            -80.138511,25.798015,0
            -80.138565,25.797938,0
            -80.138651,25.797834,0
            -80.138784,25.797695,0
            -80.139482,25.796888,0
            -80.14034,25.796028,0
            -80.140645,25.795706,0
            -80.14083,25.795541,0
            -80.141118,25.795215,0
            -80.141214,25.795078,0
            -80.141295,25.794929,0
            -80.141345,25.794815,0
            -80.141379,25.79472,0
            -80.141419,25.794523,0
            -80.141427,25.79433,0
            -80.141393,25.793397,0
            -80.141384,25.793293,0
            -80.141378,25.793062,0
            -80.141363,25.792926,0
            -80.141205,25.788192,0
            -80.141182,25.787841,0
            -80.141154,25.786326,0
            -80.141114,25.785316,0
            -80.141116,25.785191,0
            -80.14108,25.784518,0
            -80.140983,25.780514,0
            -80.140973,25.780415,0
            -80.140949,25.779797,0
            -80.14092,25.779777,0
            -80.1409,25.779756,0
            -80.140878,25.779688,0
            -80.140865,25.779379,0
            -80.140842,25.779327,0
            -80.140814,25.779288,0
            -80.139616,25.779328,0
            -80.136203,25.779389,0
            -80.136109,25.776009,0
          </coordinates>
        </LineString>
      </Placemark>
      <Placemark>
        <name>Miami Beach Parking Lot</name>
        <description><![CDATA[description: Parking lot from 2020-01-20T22:08:49.000Z to 2020-01-20T22:11:18.000Z. Distance 0m<br>Email: syugen.zhou@gmail.com<br>Category: Parking lot<br>Distance: 0]]></description>
        <styleUrl>#icon-1739-0288D1</styleUrl>
        <ExtendedData>
          <Data name="description">
            <value>Parking lot from 2020-01-20T22:08:49.000Z to 2020-01-20T22:11:18.000Z. Distance 0m</value>
          </Data>
          <Data name="Email">
            <value>syugen.zhou@gmail.com</value>
          </Data>
          <Data name="Category">
            <value>Parking lot</value>
          </Data>
          <Data name="Distance">
            <value>0</value>
          </Data>
        </ExtendedData>
        <Point>
          <coordinates>
            -80.136796,25.77607,0
          </coordinates>
        </Point>
      </Placemark>
      <Placemark>
        <name>Walking</name>
        <description><![CDATA[description: Walking from 2020-01-20T22:11:18.000Z to 2020-01-20T23:04:42.000Z. Distance 1800m<br>Email: syugen.zhou@gmail.com<br>Category: Walking<br>Distance: 1800]]></description>
        <styleUrl>#line-FFEA00-5000</styleUrl>
        <ExtendedData>
          <Data name="description">
            <value>Walking from 2020-01-20T22:11:18.000Z to 2020-01-20T23:04:42.000Z. Distance 1800m</value>
          </Data>
          <Data name="Email">
            <value>syugen.zhou@gmail.com</value>
          </Data>
          <Data name="Category">
            <value>Walking</value>
          </Data>
          <Data name="Distance">
            <value>1800</value>
          </Data>
        </ExtendedData>
        <LineString>
          <tessellate>1</tessellate>
          <coordinates>
            -80.136146,25.775958,0
            -80.13614,25.775855,0
            -80.13606,25.775857,0
            -80.135576,25.77587,0
            -80.135496,25.775872,0
            -80.135006,25.775878,0
            -80.134926,25.775879,0
            -80.134453,25.775891,0
            -80.134373,25.775893,0
            -80.133972,25.775895,0
            -80.133881,25.775889,0
            -80.133787,25.775874,0
            -80.133794,25.775841,0
            -80.133835,25.775585,0
            -80.13343,25.775591,0
            -80.133349,25.775589,0
            -80.13289,25.775564,0
            -80.132757,25.7756,0
            -80.132824,25.775576,0
            -80.132726,25.775594,0
            -80.132291,25.775602,0
            -80.132209,25.775603,0
            -80.131731,25.775611,0
            -80.131653,25.775598,0
            -80.131658,25.775572,0
            -80.131269,25.775531,0
            -80.130747,25.775262,0
            -80.130701,25.775241,0
            -80.130682,25.775216,0
            -80.130602,25.775154,0
            -80.130503,25.775075,0
            -80.130447,25.775047,0
            -80.130356,25.775006,0
            -80.130372,25.774947,0
            -80.130368,25.774931,0
            -80.130356,25.774899,0
            -80.130335,25.774855,0
            -80.13033,25.774816,0
            -80.130331,25.774761,0
            -80.130335,25.77472,0
            -80.130372,25.774396,0
            -80.130414,25.7741,0
            -80.130466,25.773818,0
            -80.130483,25.773702,0
            -80.1305,25.77361,0
            -80.13059,25.773204,0
            -80.130648,25.772923,0
            -80.130657,25.772876,0
            -80.130789,25.772237,0
            -80.130809,25.772139,0
            -80.130906,25.772171,0
            -80.131058,25.772223,0
            -80.131113,25.772243,0
            -80.131233,25.772287,0
            -80.131101,25.773056,0
            -80.131499,25.773136,0
            -80.13157,25.773186,0
            -80.132187,25.773293,0
            -80.132265,25.773308,0
            -80.13269,25.7734,0
            -80.132768,25.773415,0
            -80.133236,25.773496,0
            -80.133314,25.773509,0
            -80.133747,25.773574,0
            -80.133825,25.773588,0
            -80.134266,25.773681,0
            -80.134088,25.774415,0
            -80.13417,25.774414,0
            -80.134223,25.774415,0
            -80.134306,25.774414,0
            -80.134278,25.774505,0
            -80.134248,25.774584,0
            -80.13422,25.774675,0
            -80.13488,25.774647,0
            -80.13496,25.774646,0
            -80.135217,25.774646,0
            -80.135424,25.774636,0
            -80.135472,25.774635,0
            -80.135552,25.774631,0
            -80.135705,25.774617,0
            -80.13604,25.7746,0
            -80.13612,25.774597,0
            -80.136128,25.774895,0
            -80.136138,25.775783,0
            -80.13614,25.775855,0
            -80.136144,25.775919,0
          </coordinates>
        </LineString>
      </Placemark>
      <Placemark>
        <name>Miami Beach Parking Lot</name>
        <description><![CDATA[description: Parking lot from 2020-01-20T23:04:42.000Z to 2020-01-20T23:13:39.000Z. Distance 0m<br>Email: syugen.zhou@gmail.com<br>Category: Parking lot<br>Distance: 0]]></description>
        <styleUrl>#icon-1739-0288D1</styleUrl>
        <ExtendedData>
          <Data name="description">
            <value>Parking lot from 2020-01-20T23:04:42.000Z to 2020-01-20T23:13:39.000Z. Distance 0m</value>
          </Data>
          <Data name="Email">
            <value>syugen.zhou@gmail.com</value>
          </Data>
          <Data name="Category">
            <value>Parking lot</value>
          </Data>
          <Data name="Distance">
            <value>0</value>
          </Data>
        </ExtendedData>
        <Point>
          <coordinates>
            -80.136796,25.77607,0
          </coordinates>
        </Point>
      </Placemark>
      <Placemark>
        <name>Driving</name>
        <description><![CDATA[description: Driving from 2020-01-20T23:13:39.998Z to 2020-01-21T00:47:51.315Z. Distance 16318m<br>Email: syugen.zhou@gmail.com<br>Category: Driving<br>Distance: 16318]]></description>
        <styleUrl>#line-FFEA00-5000</styleUrl>
        <ExtendedData>
          <Data name="description">
            <value>Driving from 2020-01-20T23:13:39.998Z to 2020-01-21T00:47:51.315Z. Distance 16318m</value>
          </Data>
          <Data name="Email">
            <value>syugen.zhou@gmail.com</value>
          </Data>
          <Data name="Category">
            <value>Driving</value>
          </Data>
          <Data name="Distance">
            <value>16318</value>
          </Data>
        </ExtendedData>
        <LineString>
          <tessellate>1</tessellate>
          <coordinates>
            -80.136107,25.775974,0
            -80.136098,25.77582,0
            -80.136088,25.774895,0
            -80.136079,25.774553,0
            -80.136643,25.774544,0
            -80.137176,25.774528,0
            -80.137733,25.7745,0
            -80.138299,25.774488,0
            -80.138892,25.774461,0
            -80.139248,25.774442,0
            -80.139489,25.774433,0
            -80.139659,25.774424,0
            -80.139749,25.774418,0
            -80.13976,25.774418,0
            -80.139851,25.77441,0
            -80.139979,25.774413,0
            -80.14004,25.774416,0
            -80.140069,25.774418,0
            -80.140169,25.774426,0
            -80.140282,25.774441,0
            -80.140366,25.774458,0
            -80.140417,25.774468,0
            -80.140648,25.774512,0
            -80.140772,25.774524,0
            -80.141087,25.774547,0
            -80.141423,25.774525,0
            -80.141674,25.774511,0
            -80.141917,25.774499,0
            -80.142065,25.774481,0
            -80.142214,25.774451,0
            -80.142365,25.774416,0
            -80.142383,25.774411,0
            -80.142502,25.774382,0
            -80.142579,25.774357,0
            -80.142877,25.774251,0
            -80.143791,25.773883,0
            -80.145283,25.773348,0
            -80.1478,25.772365,0
            -80.148061,25.772266,0
            -80.148324,25.77217,0
            -80.148476,25.772127,0
            -80.148756,25.772073,0
            -80.148919,25.772038,0
            -80.149142,25.772004,0
            -80.149427,25.77197,0
            -80.149701,25.771966,0
            -80.149794,25.771968,0
            -80.150117,25.771999,0
            -80.150372,25.772032,0
            -80.150499,25.772054,0
            -80.150707,25.772098,0
            -80.150938,25.772155,0
            -80.151237,25.772237,0
            -80.151323,25.772256,0
            -80.151678,25.77236,0
            -80.151822,25.772407,0
            -80.152291,25.772606,0
            -80.152318,25.772618,0
            -80.152794,25.772823,0
            -80.1531,25.772958,0
            -80.154013,25.773351,0
            -80.154797,25.773694,0
            -80.155837,25.774139,0
            -80.156856,25.774582,0
            -80.158778,25.775406,0
            -80.161438,25.776552,0
            -80.162863,25.777161,0
            -80.163107,25.777267,0
            -80.163642,25.777486,0
            -80.16371,25.777512,0
            -80.164697,25.777946,0
            -80.165043,25.778091,0
            -80.16638,25.778692,0
            -80.167061,25.778985,0
            -80.167993,25.779381,0
            -80.17135,25.780836,0
            -80.171701,25.780994,0
            -80.171817,25.781056,0
            -80.172027,25.781175,0
            -80.172129,25.781237,0
            -80.172241,25.781309,0
            -80.172345,25.781378,0
            -80.172448,25.781449,0
            -80.172649,25.7816,0
            -80.172748,25.781679,0
            -80.172879,25.781791,0
            -80.173108,25.782001,0
            -80.173193,25.782069,0
            -80.17327,25.78215,0
            -80.173477,25.782384,0
            -80.173626,25.782567,0
            -80.173786,25.782789,0
            -80.174634,25.784158,0
            -80.174776,25.784367,0
            -80.174836,25.78444,0
            -80.174976,25.784647,0
            -80.175524,25.785535,0
            -80.17566,25.785769,0
            -80.175792,25.785971,0
            -80.175805,25.785992,0
            -80.175952,25.78619,0
            -80.176179,25.786432,0
            -80.176256,25.78651,0
            -80.176438,25.786667,0
            -80.176532,25.786741,0
            -80.17669,25.786857,0
            -80.17692,25.787007,0
            -80.177305,25.787206,0
            -80.17755,25.787312,0
            -80.177788,25.787399,0
            -80.178114,25.787465,0
            -80.178182,25.787477,0
            -80.17839,25.787518,0
            -80.178686,25.787555,0
            -80.179073,25.787575,0
            -80.179747,25.787559,0
            -80.180816,25.7875,0
            -80.181184,25.787477,0
            -80.181936,25.787407,0
            -80.183364,25.787308,0
            -80.18443,25.787243,0
            -80.184728,25.78723,0
            -80.185449,25.787187,0
            -80.185665,25.787215,0
            -80.186039,25.787176,0
            -80.186295,25.787148,0
            -80.186587,25.787112,0
            -80.186683,25.787102,0
            -80.186824,25.787088,0
            -80.187008,25.787065,0
            -80.187507,25.787036,0
            -80.187932,25.787074,0
            -80.18805,25.787074,0
            -80.189115,25.787046,0
            -80.190332,25.787,0
            -80.190698,25.786998,0
            -80.19116,25.786989,0
            -80.192381,25.786955,0
            -80.192415,25.787608,0
            -80.19336,25.787573,0
            -80.193299,25.787027,0
            -80.194069,25.787005,0
            -80.19403,25.785904,0
            -80.194029,25.785901,0
            -80.193989,25.78475,0
            -80.193985,25.784698,0
            -80.193967,25.784285,0
            -80.193961,25.784079,0
            -80.193955,25.783778,0
            -80.193875,25.781862,0
            -80.195744,25.781804,0
            -80.195885,25.781808,0
            -80.196048,25.781799,0
            -80.196097,25.781797,0
            -80.196354,25.781783,0
            -80.196498,25.781772,0
            -80.197311,25.781747,0
            -80.197514,25.781744,0
            -80.197989,25.781727,0
            -80.198801,25.78171,0
            -80.199681,25.781686,0
            -80.199843,25.78168,0
            -80.200068,25.781677,0
            -80.200563,25.781656,0
            -80.200684,25.781662,0
            -80.200634,25.781485,0
            -80.200577,25.781306,0
            -80.200526,25.781129,0
            -80.200479,25.780954,0
            -80.200407,25.780708,0
            -80.200356,25.780453,0
            -80.200226,25.779749,0
            -80.200154,25.77878,0
            -80.200114,25.777798,0
            -80.200088,25.776861,0
            -80.200048,25.77589,0
            -80.200025,25.775704,0
            -80.199978,25.7754,0
            -80.199964,25.775333,0
            -80.199886,25.775003,0
            -80.199829,25.77482,0
            -80.199823,25.774742,0
            -80.199823,25.774723,0
            -80.199822,25.774714,0
            -80.19982,25.774703,0
            -80.199797,25.774596,0
            -80.199754,25.774431,0
            -80.199754,25.774426,0
            -80.199754,25.774425,0
            -80.199754,25.774424,0
            -80.199751,25.774414,0
            -80.199723,25.774297,0
            -80.199717,25.774277,0
            -80.199665,25.774097,0
            -80.199623,25.773961,0
            -80.199595,25.773879,0
            -80.199392,25.773316,0
            -80.199379,25.773274,0
            -80.199343,25.773174,0
            -80.199341,25.77317,0
            -80.199341,25.773165,0
            -80.199308,25.773077,0
            -80.19927,25.772965,0
            -80.199226,25.772817,0
            -80.1992,25.772715,0
            -80.199178,25.772598,0
            -80.199166,25.772488,0
            -80.199161,25.772423,0
            -80.199161,25.772391,0
            -80.199166,25.772363,0
            -80.199172,25.772332,0
            -80.199166,25.772218,0
            -80.199166,25.7721,0
            -80.199174,25.771924,0
            -80.199196,25.771784,0
            -80.199228,25.771663,0
            -80.199278,25.7715,0
            -80.199318,25.771391,0
            -80.199434,25.77111,0
            -80.199593,25.770729,0
            -80.199713,25.770469,0
            -80.199949,25.769945,0
            -80.200055,25.769665,0
            -80.200072,25.769623,0
            -80.200162,25.769341,0
            -80.200201,25.769191,0
            -80.200254,25.768996,0
            -80.200262,25.768955,0
            -80.200461,25.768259,0
            -80.200486,25.768156,0
            -80.200499,25.768115,0
            -80.200515,25.768054,0
            -80.200513,25.768016,0
            -80.200527,25.767953,0
            -80.200592,25.767712,0
            -80.200622,25.767607,0
            -80.200677,25.767433,0
            -80.200695,25.767385,0
            -80.200789,25.767164,0
            -80.200817,25.767164,0
            -80.204134,25.767069,0
            -80.204285,25.767066,0
            -80.205807,25.767018,0
            -80.20664,25.766998,0
            -80.211258,25.766844,0
            -80.214467,25.766748,0
            -80.214612,25.766739,0
            -80.215066,25.76673,0
            -80.216567,25.766683,0
            -80.216705,25.766681,0
            -80.217817,25.766647,0
            -80.219479,25.766588,0
            -80.22033,25.766563,0
            -80.221163,25.766544,0
            -80.221277,25.766543,0
            -80.221289,25.766542,0
            -80.222548,25.76651,0
            -80.222913,25.766515,0
            -80.222974,25.766518,0
            -80.223003,25.766518,0
            -80.223275,25.766523,0
            -80.226906,25.766435,0
            -80.230749,25.766332,0
            -80.231134,25.766337,0
            -80.232125,25.766302,0
            -80.232771,25.766268,0
            -80.236837,25.766141,0
            -80.237227,25.766117,0
            -80.238268,25.766095,0
            -80.238781,25.766081,0
            -80.2388,25.766291,0
            -80.238811,25.766606,0
            -80.238819,25.766666,0
            -80.238827,25.766976,0
            -80.238849,25.767437,0
            -80.238858,25.767681,0
            -80.238874,25.768171,0
            -80.238877,25.768415,0
            -80.238905,25.769024,0
            -80.238912,25.769424,0
            -80.238935,25.770037,0
            -80.238943,25.770381,0
            -80.23899,25.771348,0
            -80.239029,25.772315,0
            -80.239163,25.772301,0
            -80.239199,25.772302,0
            -80.239769,25.772302,0
            -80.240113,25.772292,0
            -80.240209,25.772294,0
            -80.240332,25.772287,0
            -80.240436,25.772286,0
            -80.240579,25.772277,0
            -80.241112,25.772265,0
            -80.241258,25.772255,0
            -80.241847,25.77224,0
            -80.242112,25.772226,0
            -80.242703,25.772219,0
            -80.243697,25.772172,0
            -80.244738,25.772142,0
            -80.245711,25.772124,0
            -80.246688,25.772097,0
            -80.246771,25.772097,0
            -80.247271,25.772073,0
            -80.247672,25.772067,0
            -80.248015,25.772055,0
            -80.248039,25.772056,0
            -80.248157,25.772048,0
            -80.248287,25.772043,0
            -80.248959,25.772029,0
            -80.249027,25.772026,0
            -80.249133,25.772019,0
            -80.251867,25.771934,0
            -80.252444,25.771907,0
            -80.25345,25.771875,0
            -80.254014,25.771869,0
            -80.254308,25.771859,0
            -80.254564,25.771852,0
            -80.254812,25.771849,0
            -80.255443,25.771836,0
            -80.256055,25.771836,0
            -80.256622,25.771833,0
            -80.25891,25.771797,0
            -80.25904,25.771792,0
            -80.260202,25.771773,0
            -80.260578,25.77177,0
            -80.261206,25.771749,0
            -80.261471,25.771739,0
            -80.261586,25.771732,0
            -80.261997,25.771717,0
            -80.262617,25.771708,0
            -80.26261,25.771452,0
            -80.262599,25.770902,0
            -80.263029,25.770901,0
            -80.263025,25.771458,0
          </coordinates>
        </LineString>
      </Placemark>
      <Placemark>
        <name><![CDATA[Best Western Premier Miami Intl Airport Hotel & Suites Coral Gables]]></name>
        <description><![CDATA[description: Hotel from 2020-01-21T00:47:51.315Z to 2020-01-21T02:20:41.999Z. Distance 0m<br>Email: syugen.zhou@gmail.com<br>Category: Hotel<br>Distance: 0]]></description>
        <styleUrl>#icon-1602-0288D1</styleUrl>
        <ExtendedData>
          <Data name="description">
            <value>Hotel from 2020-01-21T00:47:51.315Z to 2020-01-21T02:20:41.999Z. Distance 0m</value>
          </Data>
          <Data name="Email">
            <value>syugen.zhou@gmail.com</value>
          </Data>
          <Data name="Category">
            <value>Hotel</value>
          </Data>
          <Data name="Distance">
            <value>0</value>
          </Data>
        </ExtendedData>
        <Point>
          <coordinates>
            -80.262816,25.771277,0
          </coordinates>
        </Point>
      </Placemark>
      <Placemark>
        <name>Driving</name>
        <description><![CDATA[description: Driving from 2020-01-21T02:20:41.999Z to 2020-01-21T02:23:51.000Z. Distance 1024m<br>Email: syugen.zhou@gmail.com<br>Category: Driving<br>Distance: 1024]]></description>
        <styleUrl>#line-FFEA00-5000</styleUrl>
        <ExtendedData>
          <Data name="description">
            <value>Driving from 2020-01-21T02:20:41.999Z to 2020-01-21T02:23:51.000Z. Distance 1024m</value>
          </Data>
          <Data name="Email">
            <value>syugen.zhou@gmail.com</value>
          </Data>
          <Data name="Category">
            <value>Driving</value>
          </Data>
          <Data name="Distance">
            <value>1024</value>
          </Data>
        </ExtendedData>
        <LineString>
          <tessellate>1</tessellate>
          <coordinates>
            -80.262607,25.771323,0
            -80.262599,25.770902,0
            -80.262587,25.770345,0
            -80.261545,25.770373,0
            -80.261541,25.769834,0
            -80.261537,25.769456,0
            -80.261514,25.768562,0
            -80.261496,25.767775,0
            -80.260987,25.76778,0
            -80.260925,25.766679,0
            -80.260899,25.765964,0
            -80.260873,25.765272,0
            -80.260851,25.764827,0
            -80.260846,25.764723,0
            -80.260838,25.764508,0
            -80.2613,25.764497,0
            -80.261594,25.764487,0
            -80.261577,25.764174,0
            -80.261552,25.763688,0
            -80.262807,25.763662,0
            -80.262795,25.76349,0
            -80.262828,25.763488,0
            -80.262892,25.763487,0
            -80.262955,25.763486,0
            -80.262979,25.763483,0
            -80.262993,25.763479,0
            -80.263,25.763475,0
            -80.263007,25.763469,0
            -80.263017,25.763457,0
            -80.263025,25.763447,0
            -80.263027,25.763442,0
            -80.263031,25.763434,0
            -80.263034,25.763412,0
            -80.263027,25.76331,0
          </coordinates>
        </LineString>
      </Placemark>
      <Placemark>
        <name><![CDATA[McDonald's]]></name>
        <description><![CDATA[description: Fast Food from 2020-01-21T02:23:51.000Z to 2020-01-21T02:25:09.000Z. Distance 0m<br>Email: syugen.zhou@gmail.com<br>Category: Fast Food<br>Distance: 0]]></description>
        <styleUrl>#icon-1739-0288D1</styleUrl>
        <ExtendedData>
          <Data name="description">
            <value>Fast Food from 2020-01-21T02:23:51.000Z to 2020-01-21T02:25:09.000Z. Distance 0m</value>
          </Data>
          <Data name="Email">
            <value>syugen.zhou@gmail.com</value>
          </Data>
          <Data name="Category">
            <value>Fast Food</value>
          </Data>
          <Data name="Distance">
            <value>0</value>
          </Data>
        </ExtendedData>
        <Point>
          <coordinates>
            -80.262902,25.763313,0
          </coordinates>
        </Point>
      </Placemark>
      <Placemark>
        <name>Driving</name>
        <description><![CDATA[description: Driving from 2020-01-21T02:25:09.000Z to 2020-01-21T02:38:17.999Z. Distance 922m<br>Email: syugen.zhou@gmail.com<br>Category: Driving<br>Distance: 922]]></description>
        <styleUrl>#line-FFEA00-5000</styleUrl>
        <ExtendedData>
          <Data name="description">
            <value>Driving from 2020-01-21T02:25:09.000Z to 2020-01-21T02:38:17.999Z. Distance 922m</value>
          </Data>
          <Data name="Email">
            <value>syugen.zhou@gmail.com</value>
          </Data>
          <Data name="Category">
            <value>Driving</value>
          </Data>
          <Data name="Distance">
            <value>922</value>
          </Data>
        </ExtendedData>
        <LineString>
          <tessellate>1</tessellate>
          <coordinates>
            -80.263027,25.76331,0
            -80.263258,25.763311,0
            -80.263259,25.763379,0
            -80.263258,25.76345,0
            -80.263259,25.763473,0
            -80.263267,25.763653,0
            -80.263272,25.763868,0
            -80.263277,25.763973,0
            -80.263285,25.764061,0
            -80.263296,25.764303,0
            -80.263226,25.764437,0
            -80.263242,25.7646,0
            -80.263272,25.765347,0
            -80.263298,25.765902,0
            -80.263334,25.766629,0
            -80.263391,25.767809,0
            -80.263407,25.767957,0
            -80.263419,25.768176,0
            -80.263424,25.768285,0
            -80.263431,25.768417,0
            -80.26344,25.768535,0
            -80.263453,25.768807,0
            -80.263462,25.769067,0
            -80.263481,25.769443,0
            -80.26351,25.769945,0
            -80.263522,25.770115,0
            -80.263522,25.770345,0
            -80.263274,25.770343,0
            -80.263161,25.770348,0
            -80.263022,25.770347,0
            -80.263029,25.770901,0
            -80.263027,25.771236,0
          </coordinates>
        </LineString>
      </Placemark>
      <Placemark>
        <name><![CDATA[Best Western Premier Miami Intl Airport Hotel & Suites Coral Gables]]></name>
        <description><![CDATA[description: Hotel from 2020-01-21T02:38:17.999Z to 2020-01-21T10:01:10.993Z. Distance 0m<br>Email: syugen.zhou@gmail.com<br>Category: Hotel<br>Distance: 0]]></description>
        <styleUrl>#icon-1602-0288D1</styleUrl>
        <ExtendedData>
          <Data name="description">
            <value>Hotel from 2020-01-21T02:38:17.999Z to 2020-01-21T10:01:10.993Z. Distance 0m</value>
          </Data>
          <Data name="Email">
            <value>syugen.zhou@gmail.com</value>
          </Data>
          <Data name="Category">
            <value>Hotel</value>
          </Data>
          <Data name="Distance">
            <value>0</value>
          </Data>
        </ExtendedData>
        <Point>
          <coordinates>
            -80.262816,25.771277,0
          </coordinates>
        </Point>
      </Placemark>
      <Placemark>
        <name>Everglades National Park</name>
        <description><![CDATA[description: National park from 2020-01-20T16:58:33.271Z to 2020-01-20T17:22:49.000Z. Distance 0m<br>Email: syugen.zhou@gmail.com<br>Category: National park<br>Distance: 0]]></description>
        <styleUrl>#icon-1535-0288D1</styleUrl>
        <ExtendedData>
          <Data name="description">
            <value>National park from 2020-01-20T16:58:33.271Z to 2020-01-20T17:22:49.000Z. Distance 0m</value>
          </Data>
          <Data name="Email">
            <value>syugen.zhou@gmail.com</value>
          </Data>
          <Data name="Category">
            <value>National park</value>
          </Data>
          <Data name="Distance">
            <value>0</value>
          </Data>
        </ExtendedData>
        <Point>
          <coordinates>
            -80.923607,25.1424152,0
          </coordinates>
        </Point>
      </Placemark>
    </Folder>
    <Folder>
      <name>2020-01-19</name>
      <Placemark>
        <name><![CDATA[Best Western Premier Miami Intl Airport Hotel & Suites Coral Gables]]></name>
        <description><![CDATA[description: Hotel from 2020-01-19T00:16:27.999Z to 2020-01-19T13:58:29.999Z. Distance 0m<br>Email: syugen.zhou@gmail.com<br>Category: Hotel<br>Distance: 0]]></description>
        <styleUrl>#icon-1602-0288D1</styleUrl>
        <ExtendedData>
          <Data name="description">
            <value>Hotel from 2020-01-19T00:16:27.999Z to 2020-01-19T13:58:29.999Z. Distance 0m</value>
          </Data>
          <Data name="Email">
            <value>syugen.zhou@gmail.com</value>
          </Data>
          <Data name="Category">
            <value>Hotel</value>
          </Data>
          <Data name="Distance">
            <value>0</value>
          </Data>
        </ExtendedData>
        <Point>
          <coordinates>
            -80.262816,25.771277,0
          </coordinates>
        </Point>
      </Placemark>
      <Placemark>
        <name>Driving</name>
        <description><![CDATA[description: Driving from 2020-01-19T13:58:29.999Z to 2020-01-19T16:04:10.000Z. Distance 134480m<br>Email: syugen.zhou@gmail.com<br>Category: Driving<br>Distance: 134480]]></description>
        <styleUrl>#line-F9A825-5000</styleUrl>
        <ExtendedData>
          <Data name="description">
            <value>Driving from 2020-01-19T13:58:29.999Z to 2020-01-19T16:04:10.000Z. Distance 134480m</value>
          </Data>
          <Data name="Email">
            <value>syugen.zhou@gmail.com</value>
          </Data>
          <Data name="Category">
            <value>Driving</value>
          </Data>
          <Data name="Distance">
            <value>134480</value>
          </Data>
        </ExtendedData>
        <LineString>
          <tessellate>1</tessellate>
          <coordinates>
            -80.262626,25.770902,0
            -80.262599,25.770902,0
            -80.262617,25.771708,0
            -80.263163,25.771707,0
            -80.272435,25.77144,0
            -80.273194,25.7714,0
            -80.273472,25.771396,0
            -80.273748,25.771372,0
            -80.276569,25.771262,0
            -80.276856,25.771239,0
            -80.288111,25.770798,0
            -80.289797,25.770762,0
            -80.289847,25.770784,0
            -80.289884,25.770806,0
            -80.294079,25.770729,0
            -80.294101,25.770726,0
            -80.29815,25.770663,0
            -80.298229,25.770669,0
            -80.304202,25.770555,0
            -80.306679,25.770454,0
            -80.30674,25.770462,0
            -80.307126,25.770434,0
            -80.308407,25.770385,0
            -80.308476,25.770329,0
            -80.308963,25.770307,0
            -80.309065,25.770339,0
            -80.310622,25.770314,0
            -80.312189,25.770249,0
            -80.312349,25.770234,0
            -80.318292,25.769986,0
            -80.318815,25.770017,0
            -80.321203,25.769916,0
            -80.32137,25.769988,0
            -80.321533,25.770027,0
            -80.32159,25.770047,0
            -80.321698,25.770108,0
            -80.321761,25.770171,0
            -80.321878,25.770314,0
            -80.321961,25.771236,0
            -80.321963,25.771381,0
            -80.321953,25.771444,0
            -80.321928,25.771505,0
            -80.321854,25.771631,0
            -80.32179,25.771691,0
            -80.321695,25.771748,0
            -80.321621,25.771778,0
            -80.321507,25.771801,0
            -80.321413,25.7718,0
            -80.321342,25.77179,0
            -80.321276,25.771771,0
            -80.321161,25.771716,0
            -80.321122,25.771689,0
            -80.321051,25.771615,0
            -80.321022,25.771573,0
            -80.320975,25.771462,0
            -80.32093,25.771177,0
            -80.320884,25.771035,0
            -80.320839,25.769822,0
            -80.320721,25.768765,0
            -80.320628,25.766851,0
            -80.320632,25.766469,0
            -80.320592,25.766345,0
            -80.320553,25.76528,0
            -80.320572,25.764801,0
            -80.320501,25.764635,0
            -80.320579,25.764027,0
            -80.321176,25.760862,0
            -80.321227,25.760456,0
            -80.321245,25.760147,0
            -80.32124,25.75971,0
            -80.321214,25.759381,0
            -80.321175,25.759088,0
            -80.320267,25.754849,0
            -80.320198,25.754405,0
            -80.320154,25.753964,0
            -80.320129,25.75353,0
            -80.320073,25.746615,0
            -80.320015,25.745016,0
            -80.319788,25.741176,0
            -80.319748,25.73917,0
            -80.319688,25.738451,0
            -80.319553,25.737581,0
            -80.319469,25.73718,0
            -80.318931,25.734994,0
            -80.318752,25.734009,0
            -80.318643,25.73311,0
            -80.318594,25.732451,0
            -80.318505,25.727773,0
            -80.318555,25.727674,0
            -80.318612,25.726385,0
            -80.318846,25.724283,0
            -80.318873,25.723751,0
            -80.318877,25.723396,0
            -80.318837,25.722181,0
            -80.318646,25.71938,0
            -80.318617,25.71918,0
            -80.318282,25.715807,0
            -80.317999,25.712226,0
            -80.317516,25.702428,0
            -80.317008,25.687427,0
            -80.31701,25.686977,0
            -80.31704,25.686295,0
            -80.317713,25.680322,0
            -80.317885,25.679124,0
            -80.317991,25.678724,0
            -80.318066,25.678503,0
            -80.318199,25.678182,0
            -80.319191,25.676256,0
            -80.319183,25.676135,0
            -80.320298,25.673921,0
            -80.320316,25.67381,0
            -80.33812,25.63555,0
            -80.338237,25.635235,0
            -80.339157,25.633226,0
            -80.339825,25.631884,0
            -80.341156,25.62893,0
            -80.341302,25.628651,0
            -80.344823,25.621057,0
            -80.344934,25.620766,0
            -80.34518,25.620264,0
            -80.345241,25.620116,0
            -80.34572,25.619139,0
            -80.345909,25.618702,0
            -80.346011,25.618419,0
            -80.346249,25.617546,0
            -80.346351,25.61705,0
            -80.346485,25.616232,0
            -80.346649,25.615457,0
            -80.346828,25.614787,0
            -80.346956,25.614427,0
            -80.347329,25.61356,0
            -80.347478,25.613268,0
            -80.356581,25.593698,0
            -80.356866,25.593138,0
            -80.357252,25.592437,0
            -80.357709,25.591697,0
            -80.358157,25.591021,0
            -80.358906,25.590024,0
            -80.359735,25.589022,0
            -80.364992,25.583613,0
            -80.367371,25.580998,0
            -80.370686,25.577594,0
            -80.37086,25.577429,0
            -80.373224,25.574995,0
            -80.373313,25.574914,0
            -80.383702,25.564299,0
            -80.384403,25.563549,0
            -80.386986,25.560905,0
            -80.388087,25.559819,0
            -80.389157,25.558696,0
            -80.395819,25.551918,0
            -80.398152,25.549699,0
            -80.412717,25.534802,0
            -80.4128,25.534727,0
            -80.421881,25.525438,0
            -80.422026,25.525276,0
            -80.422483,25.524823,0
            -80.422867,25.524382,0
            -80.423161,25.524009,0
            -80.423553,25.523428,0
            -80.424317,25.522153,0
            -80.424647,25.521714,0
            -80.42468,25.521654,0
            -80.425168,25.521058,0
            -80.429302,25.516812,0
            -80.429494,25.51663,0
            -80.430638,25.515449,0
            -80.430735,25.515338,0
            -80.431859,25.514187,0
            -80.432799,25.513264,0
            -80.439177,25.506702,0
            -80.439421,25.506428,0
            -80.444637,25.501087,0
            -80.444978,25.50076,0
            -80.446385,25.499298,0
            -80.446589,25.499112,0
            -80.447956,25.497775,0
            -80.450137,25.495777,0
            -80.451537,25.494406,0
            -80.451636,25.494318,0
            -80.461846,25.483823,0
            -80.462051,25.483584,0
            -80.462499,25.482991,0
            -80.462784,25.482529,0
            -80.463007,25.482122,0
            -80.463257,25.481572,0
            -80.463512,25.480955,0
            -80.464356,25.479078,0
            -80.465121,25.477286,0
            -80.465169,25.477212,0
            -80.465666,25.476257,0
            -80.466023,25.475657,0
            -80.466249,25.475354,0
            -80.466556,25.474988,0
            -80.468371,25.473109,0
            -80.468677,25.472814,0
            -80.472835,25.468532,0
            -80.473394,25.467819,0
            -80.473574,25.467568,0
            -80.473843,25.467147,0
            -80.474214,25.466488,0
            -80.474557,25.465759,0
            -80.474774,25.465187,0
            -80.475041,25.464351,0
            -80.475171,25.463682,0
            -80.475216,25.463356,0
            -80.475287,25.462526,0
            -80.475211,25.449197,0
            -80.475221,25.44888,0
            -80.475178,25.445582,0
            -80.475155,25.445081,0
            -80.475109,25.438335,0
            -80.475086,25.437967,0
            -80.475086,25.437822,0
            -80.475024,25.437319,0
            -80.47495,25.437042,0
            -80.474623,25.435367,0
            -80.474537,25.435052,0
            -80.474347,25.434234,0
            -80.47426,25.433605,0
            -80.474213,25.432971,0
            -80.474209,25.432439,0
            -80.474331,25.430384,0
            -80.474422,25.427024,0
            -80.47435,25.425901,0
            -80.47432,25.425617,0
            -80.47419,25.424745,0
            -80.445895,25.293904,0
            -80.44584,25.293734,0
            -80.445078,25.290037,0
            -80.443742,25.284005,0
            -80.44369,25.283831,0
            -80.440313,25.267755,0
            -80.440313,25.267732,0
            -80.439913,25.265955,0
            -80.439896,25.265905,0
            -80.439862,25.265839,0
            -80.438662,25.260173,0
            -80.438211,25.258235,0
            -80.43432,25.240161,0
            -80.433759,25.237347,0
            -80.432872,25.233221,0
            -80.432828,25.233092,0
            -80.432688,25.232532,0
            -80.431071,25.225082,0
            -80.43096,25.224641,0
            -80.430774,25.2241,0
            -80.430605,25.22371,0
            -80.417556,25.198661,0
            -80.417413,25.198436,0
            -80.417229,25.198184,0
            -80.416882,25.197769,0
            -80.416544,25.197426,0
            -80.416018,25.196983,0
            -80.415827,25.196843,0
            -80.415394,25.196572,0
            -80.415037,25.196389,0
            -80.414666,25.196227,0
            -80.400864,25.190908,0
            -80.394484,25.188638,0
            -80.393851,25.188371,0
            -80.393131,25.188022,0
            -80.392183,25.187438,0
            -80.377468,25.177208,0
            -80.375611,25.17585,0
            -80.375276,25.175542,0
            -80.374996,25.175219,0
            -80.374762,25.174885,0
            -80.374588,25.174581,0
            -80.374427,25.174245,0
            -80.374257,25.173761,0
            -80.374187,25.173457,0
            -80.374149,25.173202,0
            -80.374127,25.172857,0
            -80.374128,25.17266,0
            -80.374156,25.172309,0
            -80.374201,25.172011,0
            -80.374256,25.17178,0
            -80.374344,25.171492,0
            -80.374414,25.171311,0
            -80.374533,25.171063,0
            -80.374689,25.170799,0
            -80.374891,25.170517,0
            -80.375794,25.169419,0
            -80.376188,25.168985,0
            -80.377383,25.167514,0
            -80.377545,25.167284,0
            -80.383255,25.160491,0
            -80.383543,25.160168,0
            -80.396429,25.144841,0
            -80.396661,25.144609,0
            -80.400381,25.140138,0
            -80.400757,25.139712,0
            -80.410139,25.128527,0
            -80.410481,25.128167,0
            -80.411964,25.12639,0
            -80.412266,25.12607,0
            -80.412688,25.125524,0
            -80.416263,25.121295,0
            -80.416499,25.12096,0
            -80.420562,25.116118,0
            -80.420725,25.115957,0
            -80.420768,25.1159,0
            -80.421072,25.115571,0
            -80.421407,25.115145,0
            -80.421871,25.114601,0
            -80.422693,25.113566,0
            -80.424532,25.111391,0
            -80.425006,25.1109,0
            -80.425468,25.110356,0
            -80.425701,25.110048,0
            -80.425934,25.109784,0
            -80.428569,25.106575,0
            -80.428841,25.10631,0
            -80.430006,25.104938,0
            -80.430662,25.104119,0
            -80.431927,25.102627,0
            -80.432481,25.102031,0
            -80.433188,25.101337,0
            -80.433959,25.10064,0
            -80.434472,25.100139,0
            -80.435449,25.099266,0
            -80.435718,25.099074,0
            -80.436071,25.098749,0
            -80.436334,25.09853,0
            -80.436987,25.097903,0
            -80.437452,25.097525,0
            -80.43853,25.09656,0
            -80.439846,25.095326,0
            -80.441395,25.09397,0
            -80.441654,25.093704,0
            -80.443909,25.091682,0
            -80.44425,25.091426,0
            -80.444633,25.091084,0
            -80.44481,25.090874,0
            -80.453655,25.082935,0
            -80.453941,25.082739,0
            -80.455419,25.081395,0
            -80.455822,25.081005,0
            -80.462552,25.074938,0
            -80.463594,25.074055,0
            -80.463941,25.073691,0
            -80.464806,25.072924,0
            -80.485867,25.050244,0
            -80.486119,25.05001,0
            -80.486508,25.049574,0
            -80.487638,25.048385,0
            -80.488204,25.047724,0
            -80.508115,25.026285,0
            -80.50859,25.025732,0
            -80.50951,25.024743,0
            -80.509844,25.024344,0
            -80.510173,25.02387,0
            -80.510328,25.023595,0
            -80.510476,25.023296,0
            -80.510565,25.023082,0
            -80.510701,25.022691,0
            -80.510756,25.022492,0
            -80.512046,25.015655,0
            -80.51214,25.015301,0
            -80.512245,25.014999,0
            -80.512325,25.014805,0
            -80.512523,25.014386,0
            -80.512726,25.014056,0
            -80.512962,25.013709,0
            -80.513168,25.013453,0
            -80.513361,25.013238,0
            -80.52263,25.004085,0
            -80.522955,25.0038,0
            -80.523376,25.003496,0
            -80.523792,25.003243,0
            -80.524277,25.003005,0
            -80.524686,25.002839,0
            -80.525251,25.002674,0
            -80.525426,25.002633,0
            -80.525756,25.00257,0
            -80.526099,25.002524,0
            -80.526528,25.002493,0
            -80.526844,25.002488,0
            -80.53077,25.002684,0
            -80.532629,25.002839,0
            -80.532875,25.002844,0
            -80.533221,25.002833,0
            -80.533491,25.002807,0
            -80.533815,25.002754,0
            -80.534028,25.002707,0
            -80.5344,25.002601,0
            -80.534712,25.002485,0
            -80.535133,25.002289,0
            -80.53549,25.00207,0
            -80.535684,25.001938,0
            -80.535962,25.001707,0
            -80.536169,25.001511,0
            -80.536379,25.001279,0
            -80.536637,25.000929,0
            -80.536778,25.000705,0
            -80.536952,25.000352,0
            -80.538739,24.995978,0
            -80.539173,24.994799,0
            -80.541187,24.989799,0
            -80.541296,24.989562,0
            -80.541563,24.989044,0
            -80.54187,24.988565,0
            -80.542202,24.988108,0
            -80.54594,24.983944,0
            -80.545989,24.983838,0
            -80.559952,24.968333,0
            -80.560007,24.968321,0
            -80.56001,24.968319,0
            -80.56587,24.961798,0
            -80.566285,24.961425,0
            -80.566517,24.961233,0
            -80.566809,24.961011,0
            -80.567366,24.960644,0
            -80.568199,24.960171,0
            -80.569048,24.959811,0
            -80.570394,24.95929,0
            -80.570402,24.959284,0
            -80.570443,24.959232,0
            -80.571526,24.958807,0
            -80.571584,24.958813,0
            -80.571596,24.958811,0
            -80.574188,24.957802,0
            -80.574253,24.957744,0
            -80.575596,24.957236,0
            -80.577447,24.95649,0
            -80.577545,24.95649,0
            -80.579572,24.955674,0
            -80.582608,24.954505,0
            -80.582903,24.954344,0
            -80.585695,24.953099,0
            -80.589065,24.951738,0
            -80.592255,24.950666,0
            -80.592839,24.950452,0
            -80.595976,24.949206,0
            -80.596067,24.949154,0
            -80.601083,24.947161,0
            -80.601534,24.946936,0
            -80.601984,24.946686,0
            -80.602644,24.946244,0
            -80.602841,24.946092,0
            -80.602887,24.946081,0
            -80.610528,24.939573,0
            -80.612659,24.937645,0
            -80.613012,24.937292,0
            -80.613058,24.937223,0
            -80.613607,24.936687,0
            -80.614663,24.935774,0
            -80.616834,24.934119,0
            -80.6178,24.933339,0
            -80.624608,24.927386,0
            -80.624745,24.927278,0
            -80.625028,24.927016,0
            -80.63698,24.916626,0
            -80.637292,24.916372,0
            -80.63881,24.915054,0
            -80.639245,24.914647,0
            -80.656157,24.899912,0
            -80.656602,24.899556,0
            -80.656888,24.899361,0
            -80.657662,24.898876,0
            -80.658178,24.898592,0
            -80.658614,24.898372,0
            -80.6619,24.89684,0
            -80.665084,24.895158,0
            -80.690135,24.882533,0
            -80.690225,24.882503,0
            -80.693718,24.880732,0
            -80.69438,24.880369,0
            -80.69458,24.880243,0
            -80.69464,24.880184,0
            -80.695157,24.879824,0
            -80.695532,24.879518,0
            -80.701411,24.874244,0
            -80.701487,24.874205,0
            -80.703099,24.872789,0
            -80.704499,24.871489,0
            -80.704529,24.871427,0
            -80.712068,24.864656,0
            -80.712453,24.864341,0
            -80.712972,24.863974,0
            -80.713512,24.863644,0
            -80.713957,24.863411,0
            -80.722441,24.859666,0
            -80.722524,24.859651,0
            -80.724295,24.858898,0
            -80.724966,24.858574,0
            -80.726443,24.857779,0
            -80.726502,24.857715,0
            -80.728061,24.856808,0
            -80.728116,24.856794,0
            -80.730498,24.855418,0
            -80.730568,24.85532,0
            -80.731879,24.854533,0
            -80.731993,24.854509,0
            -80.739615,24.849926,0
            -80.739673,24.84987,0
            -80.743663,24.847451,0
            -80.74617,24.845814,0
            -80.752809,24.841817,0
          </coordinates>
        </LineString>
      </Placemark>
      <Placemark>
        <name>Craig Key</name>
        <description><![CDATA[description: Island from 2020-01-19T16:04:10.000Z to 2020-01-19T16:15:30.000Z. Distance 0m<br>Email: syugen.zhou@gmail.com<br>Category: Island<br>Distance: 0]]></description>
        <styleUrl>#icon-1535-0288D1</styleUrl>
        <ExtendedData>
          <Data name="description">
            <value>Island from 2020-01-19T16:04:10.000Z to 2020-01-19T16:15:30.000Z. Distance 0m</value>
          </Data>
          <Data name="Email">
            <value>syugen.zhou@gmail.com</value>
          </Data>
          <Data name="Category">
            <value>Island</value>
          </Data>
          <Data name="Distance">
            <value>0</value>
          </Data>
        </ExtendedData>
        <Point>
          <coordinates>
            -80.758681,24.838446,0
          </coordinates>
        </Point>
      </Placemark>
      <Placemark>
        <name>Driving</name>
        <description><![CDATA[description: Driving from 2020-01-19T16:15:30.000Z to 2020-01-19T18:02:19.592Z. Distance 114526m<br>Email: syugen.zhou@gmail.com<br>Category: Driving<br>Distance: 114526]]></description>
        <styleUrl>#line-F9A825-5000</styleUrl>
        <ExtendedData>
          <Data name="description">
            <value>Driving from 2020-01-19T16:15:30.000Z to 2020-01-19T18:02:19.592Z. Distance 114526m</value>
          </Data>
          <Data name="Email">
            <value>syugen.zhou@gmail.com</value>
          </Data>
          <Data name="Category">
            <value>Driving</value>
          </Data>
          <Data name="Distance">
            <value>114526</value>
          </Data>
        </ExtendedData>
        <LineString>
          <tessellate>1</tessellate>
          <coordinates>
            -80.752784,24.841832,0
            -80.753824,24.841212,0
            -80.757426,24.839188,0
            -80.761636,24.836683,0
            -80.761907,24.836547,0
            -80.762219,24.836417,0
            -80.762652,24.836273,0
            -80.762883,24.836211,0
            -80.763131,24.836157,0
            -80.763397,24.836114,0
            -80.763719,24.836079,0
            -80.764053,24.836063,0
            -80.764315,24.836065,0
            -80.764675,24.836087,0
            -80.765002,24.836132,0
            -80.765302,24.836191,0
            -80.773074,24.837961,0
            -80.782491,24.840023,0
            -80.786471,24.841056,0
            -80.786935,24.841138,0
            -80.787072,24.841152,0
            -80.787579,24.841165,0
            -80.787791,24.841156,0
            -80.78806,24.841131,0
            -80.788279,24.841099,0
            -80.788644,24.841024,0
            -80.788754,24.840995,0
            -80.789163,24.840864,0
            -80.797761,24.837774,0
            -80.798612,24.837413,0
            -80.799059,24.837175,0
            -80.799336,24.837013,0
            -80.799877,24.836653,0
            -80.820799,24.820508,0
            -80.821178,24.820183,0
            -80.821517,24.819865,0
            -80.821836,24.819525,0
            -80.822542,24.818633,0
            -80.822592,24.818598,0
            -80.822744,24.818419,0
            -80.825283,24.815109,0
            -80.8253,24.815058,0
            -80.827567,24.812099,0
            -80.827752,24.811886,0
            -80.827991,24.811633,0
            -80.828189,24.811452,0
            -80.828439,24.811244,0
            -80.828776,24.811002,0
            -80.829132,24.810784,0
            -80.829524,24.810582,0
            -80.830027,24.810374,0
            -80.843893,24.805435,0
            -80.843972,24.805435,0
            -80.843982,24.805434,0
            -80.844272,24.805346,0
            -80.846379,24.804601,0
            -80.846469,24.804553,0
            -80.848731,24.803834,0
            -80.849831,24.803464,0
            -80.884832,24.790984,0
            -80.887702,24.789859,0
            -80.887784,24.789851,0
            -80.889809,24.789084,0
            -80.889847,24.789066,0
            -80.88994,24.78901,0
            -80.90115,24.785003,0
            -80.905115,24.783709,0
            -80.91132,24.781492,0
            -80.91144,24.781472,0
            -80.918653,24.778902,0
            -80.918738,24.778847,0
            -80.925214,24.776518,0
            -80.928577,24.775202,0
            -80.937232,24.772097,0
            -80.93769,24.771908,0
            -80.938459,24.771536,0
            -80.939082,24.771183,0
            -80.939646,24.770817,0
            -80.959868,24.755785,0
            -80.960322,24.755473,0
            -80.960645,24.755269,0
            -80.960958,24.755092,0
            -80.961318,24.754913,0
            -80.961816,24.754688,0
            -80.979975,24.74769,0
            -80.980059,24.747678,0
            -80.982107,24.746918,0
            -80.984207,24.746078,0
            -80.984293,24.746021,0
            -81.009273,24.736386,0
            -81.009348,24.736379,0
            -81.010487,24.735988,0
            -81.017342,24.733344,0
            -81.018816,24.732827,0
            -81.020565,24.732309,0
            -81.021334,24.732108,0
            -81.023199,24.731696,0
            -81.026139,24.731103,0
            -81.027765,24.730844,0
            -81.039505,24.728432,0
            -81.041038,24.728062,0
            -81.042058,24.727844,0
            -81.042707,24.727659,0
            -81.061902,24.720345,0
            -81.062791,24.719984,0
            -81.062885,24.719893,0
            -81.06437,24.719313,0
            -81.064842,24.719144,0
            -81.065521,24.718924,0
            -81.06847,24.718128,0
            -81.073588,24.716812,0
            -81.073718,24.716829,0
            -81.075761,24.716297,0
            -81.077321,24.715866,0
            -81.077362,24.715846,0
            -81.077431,24.715777,0
            -81.086494,24.713346,0
            -81.086727,24.713294,0
            -81.088624,24.71277,0
            -81.088787,24.712781,0
            -81.090687,24.712277,0
            -81.091288,24.712101,0
            -81.091381,24.712044,0
            -81.102165,24.709183,0
            -81.102745,24.709041,0
            -81.103308,24.708938,0
            -81.104075,24.708846,0
            -81.120155,24.707456,0
            -81.122646,24.707177,0
            -81.153367,24.702674,0
            -81.156559,24.702169,0
            -81.157382,24.702021,0
            -81.159501,24.701597,0
            -81.161375,24.701175,0
            -81.1637,24.700575,0
            -81.229688,24.681951,0
            -81.230002,24.681843,0
            -81.230424,24.681672,0
            -81.230698,24.681547,0
            -81.231175,24.681287,0
            -81.244585,24.672947,0
            -81.24462,24.672939,0
            -81.245563,24.672396,0
            -81.245984,24.672171,0
            -81.247429,24.671468,0
            -81.248267,24.6711,0
            -81.248324,24.67107,0
            -81.24841,24.671008,0
            -81.251582,24.669662,0
            -81.253875,24.668776,0
            -81.268589,24.662296,0
            -81.268627,24.662294,0
            -81.268647,24.662289,0
            -81.272072,24.660978,0
            -81.272925,24.660693,0
            -81.273695,24.660475,0
            -81.2745,24.660295,0
            -81.275417,24.660129,0
            -81.294362,24.657144,0
            -81.295138,24.656975,0
            -81.29636,24.656654,0
            -81.296718,24.656541,0
            -81.29695,24.656458,0
            -81.298095,24.655989,0
            -81.298894,24.655627,0
            -81.300859,24.6546,0
            -81.302756,24.65356,0
            -81.303006,24.653435,0
            -81.303139,24.653354,0
            -81.303193,24.653305,0
            -81.308343,24.650723,0
            -81.308683,24.650564,0
            -81.309177,24.650367,0
            -81.309758,24.65017,0
            -81.310568,24.649973,0
            -81.310903,24.649912,0
            -81.311355,24.64985,0
            -81.316064,24.649387,0
            -81.319528,24.648952,0
            -81.328393,24.647953,0
            -81.328904,24.647941,0
            -81.32917,24.64795,0
            -81.329496,24.647974,0
            -81.329833,24.648016,0
            -81.330082,24.648058,0
            -81.330242,24.648093,0
            -81.330272,24.648119,0
            -81.330293,24.64813,0
            -81.330783,24.648279,0
            -81.331402,24.648508,0
            -81.331933,24.648767,0
            -81.332281,24.649007,0
            -81.332423,24.649116,0
            -81.33273,24.649378,0
            -81.33289,24.649529,0
            -81.333147,24.649793,0
            -81.333392,24.65007,0
            -81.333761,24.650571,0
            -81.334043,24.65102,0
            -81.334077,24.651049,0
            -81.340517,24.665563,0
            -81.340634,24.665799,0
            -81.340915,24.666437,0
            -81.34104,24.666751,0
            -81.341256,24.667208,0
            -81.341377,24.667417,0
            -81.341515,24.667628,0
            -81.341792,24.667969,0
            -81.342064,24.668256,0
            -81.342331,24.668484,0
            -81.342585,24.668682,0
            -81.34269,24.66875,0
            -81.342982,24.66892,0
            -81.343218,24.669036,0
            -81.343395,24.669112,0
            -81.343751,24.669238,0
            -81.344023,24.669314,0
            -81.344369,24.669384,0
            -81.344675,24.669427,0
            -81.345005,24.669447,0
            -81.353762,24.66959,0
            -81.35401,24.669602,0
            -81.368197,24.669836,0
            -81.368263,24.669871,0
            -81.368324,24.669881,0
            -81.369827,24.669886,0
            -81.370202,24.669869,0
            -81.370994,24.669782,0
            -81.371189,24.66975,0
            -81.371328,24.669708,0
            -81.37167,24.669644,0
            -81.379916,24.667902,0
            -81.38266,24.66739,0
            -81.386302,24.666631,0
            -81.38707,24.666448,0
            -81.387212,24.666454,0
            -81.389635,24.665874,0
            -81.396068,24.664495,0
            -81.396187,24.664454,0
            -81.40368,24.662874,0
            -81.403715,24.662881,0
            -81.403739,24.662882,0
            -81.404707,24.662682,0
            -81.405622,24.662459,0
            -81.408328,24.661853,0
            -81.408352,24.661841,0
            -81.408372,24.661825,0
            -81.416554,24.660099,0
            -81.41696,24.660039,0
            -81.417379,24.659992,0
            -81.417884,24.659963,0
            -81.418199,24.659957,0
            -81.418692,24.659967,0
            -81.43703,24.661036,0
            -81.438631,24.661088,0
            -81.438657,24.661105,0
            -81.441899,24.661219,0
            -81.442548,24.661272,0
            -81.44323,24.661306,0
            -81.443331,24.661279,0
            -81.455497,24.66201,0
            -81.457055,24.662083,0
            -81.458804,24.662194,0
            -81.458821,24.662206,0
            -81.458838,24.662211,0
            -81.461071,24.662432,0
            -81.461782,24.662481,0
            -81.461822,24.66248,0
            -81.461854,24.662469,0
            -81.463215,24.662577,0
            -81.468985,24.662903,0
            -81.472325,24.662991,0
            -81.472383,24.66301,0
            -81.476618,24.663239,0
            -81.477326,24.663311,0
            -81.480213,24.663479,0
            -81.480837,24.663528,0
            -81.481251,24.663588,0
            -81.485618,24.664345,0
            -81.486492,24.664479,0
            -81.496568,24.666232,0
            -81.496591,24.666227,0
            -81.496619,24.666214,0
            -81.497765,24.666406,0
            -81.497797,24.666431,0
            -81.497906,24.666466,0
            -81.498322,24.666525,0
            -81.498655,24.666559,0
            -81.49897,24.666564,0
            -81.499237,24.666555,0
            -81.499632,24.666525,0
            -81.500039,24.666464,0
            -81.50045,24.666376,0
            -81.501186,24.666171,0
            -81.501832,24.665958,0
            -81.507234,24.664379,0
            -81.507924,24.664196,0
            -81.508895,24.663911,0
            -81.508923,24.663894,0
            -81.508943,24.663869,0
            -81.512983,24.662816,0
            -81.519469,24.660942,0
            -81.52419,24.659434,0
            -81.529315,24.657938,0
            -81.529468,24.657917,0
            -81.532402,24.657056,0
            -81.5325,24.657008,0
            -81.53464,24.656389,0
            -81.53886,24.655291,0
            -81.543837,24.65383,0
            -81.547128,24.65276,0
            -81.551165,24.651572,0
            -81.555398,24.650409,0
            -81.559792,24.64912,0
            -81.560409,24.648892,0
            -81.56091,24.648668,0
            -81.561341,24.648446,0
            -81.561972,24.648074,0
            -81.56341,24.647182,0
            -81.563499,24.647152,0
            -81.566185,24.645549,0
            -81.56864,24.643999,0
            -81.571426,24.64234,0
            -81.571617,24.642208,0
            -81.574557,24.640412,0
            -81.577197,24.638699,0
            -81.579852,24.637056,0
            -81.58146,24.636094,0
            -81.584876,24.634136,0
            -81.589768,24.631147,0
            -81.590752,24.630524,0
            -81.591037,24.630369,0
            -81.596011,24.627326,0
            -81.596182,24.627198,0
            -81.608674,24.61953,0
            -81.609381,24.619153,0
            -81.625476,24.611702,0
            -81.626988,24.610978,0
            -81.629924,24.609497,0
            -81.632129,24.608456,0
            -81.637019,24.606332,0
            -81.643565,24.6033,0
            -81.643683,24.603269,0
            -81.644111,24.603072,0
            -81.647004,24.601604,0
            -81.647037,24.601565,0
            -81.648024,24.60108,0
            -81.652398,24.599061,0
            -81.652518,24.599054,0
            -81.662249,24.594566,0
            -81.664605,24.59356,0
            -81.664988,24.593363,0
            -81.665048,24.593307,0
            -81.669259,24.591361,0
            -81.669359,24.591341,0
            -81.670943,24.590616,0
            -81.671337,24.590459,0
            -81.671846,24.590298,0
            -81.672688,24.590085,0
            -81.67323,24.589972,0
            -81.674207,24.589822,0
            -81.674977,24.589739,0
            -81.675954,24.589691,0
            -81.681478,24.589643,0
            -81.682497,24.589603,0
            -81.683228,24.589528,0
            -81.691326,24.5883,0
            -81.691591,24.588245,0
            -81.692909,24.588042,0
            -81.693348,24.58796,0
            -81.69378,24.587853,0
            -81.694384,24.587672,0
            -81.695031,24.587424,0
            -81.695443,24.587232,0
            -81.695666,24.587116,0
            -81.696194,24.586815,0
            -81.706141,24.580426,0
            -81.706573,24.580171,0
            -81.7074,24.579739,0
            -81.7079,24.579505,0
            -81.708566,24.579228,0
            -81.709051,24.579046,0
            -81.709433,24.578926,0
            -81.709958,24.578778,0
            -81.710292,24.578696,0
            -81.710767,24.578596,0
            -81.737585,24.574493,0
            -81.738091,24.574393,0
            -81.738649,24.574258,0
            -81.739353,24.574061,0
            -81.744459,24.57241,0
            -81.750267,24.570591,0
            -81.750529,24.570496,0
            -81.751085,24.570319,0
            -81.751418,24.570232,0
            -81.752407,24.570042,0
            -81.752525,24.569981,0
            -81.752593,24.569954,0
            -81.75238,24.569398,0
            -81.752303,24.5693,0
            -81.751054,24.566044,0
            -81.765738,24.561319,0
            -81.766376,24.56108,0
            -81.768432,24.560388,0
            -81.770346,24.5598,0
            -81.771426,24.559423,0
            -81.775079,24.558243,0
            -81.775275,24.558163,0
            -81.777783,24.556523,0
            -81.778093,24.556334,0
            -81.778807,24.555871,0
            -81.779082,24.555708,0
            -81.779187,24.555595,0
            -81.779368,24.55547,0
            -81.780483,24.554768,0
            -81.780995,24.554397,0
            -81.788151,24.549878,0
            -81.788857,24.549397,0
            -81.790067,24.548651,0
            -81.789987,24.54853,0
            -81.789647,24.548082,0
            -81.789241,24.547513,0
            -81.788914,24.547128,0
            -81.788877,24.547142,0
          </coordinates>
        </LineString>
      </Placemark>
      <Placemark>
        <name>Key West</name>
        <description><![CDATA[description: from 2020-01-19T18:02:19.592Z to 2020-01-19T18:10:56.203Z. Distance 0m<br>Email: syugen.zhou@gmail.com<br>Category: <br>Distance: 0]]></description>
        <styleUrl>#icon-1739-0288D1</styleUrl>
        <ExtendedData>
          <Data name="description">
            <value>from 2020-01-19T18:02:19.592Z to 2020-01-19T18:10:56.203Z. Distance 0m</value>
          </Data>
          <Data name="Email">
            <value>syugen.zhou@gmail.com</value>
          </Data>
          <Data name="Category">
            <value/>
          </Data>
          <Data name="Distance">
            <value>0</value>
          </Data>
        </ExtendedData>
        <Point>
          <coordinates>
            -81.779987,24.555059,0
          </coordinates>
        </Point>
      </Placemark>
      <Placemark>
        <name>Walking</name>
        <description><![CDATA[description: Walking from 2020-01-19T18:10:56.203Z to 2020-01-19T19:16:55.000Z. Distance 2856m<br>Email: syugen.zhou@gmail.com<br>Category: Walking<br>Distance: 2856]]></description>
        <styleUrl>#line-F9A825-5000</styleUrl>
        <ExtendedData>
          <Data name="description">
            <value>Walking from 2020-01-19T18:10:56.203Z to 2020-01-19T19:16:55.000Z. Distance 2856m</value>
          </Data>
          <Data name="Email">
            <value>syugen.zhou@gmail.com</value>
          </Data>
          <Data name="Category">
            <value>Walking</value>
          </Data>
          <Data name="Distance">
            <value>2856</value>
          </Data>
        </ExtendedData>
        <LineString>
          <tessellate>1</tessellate>
          <coordinates>
            -81.788129,24.545936,0
            -81.788389,24.546281,0
            -81.788746,24.547107,0
            -81.788847,24.547084,0
            -81.788877,24.547142,0
            -81.788914,24.547128,0
            -81.789241,24.547513,0
            -81.789647,24.548082,0
            -81.789987,24.54853,0
            -81.790066,24.548651,0
            -81.790423,24.549128,0
            -81.791608,24.548418,0
            -81.79235,24.547941,0
            -81.793097,24.547501,0
            -81.793526,24.548123,0
            -81.794028,24.548737,0
            -81.79414,24.548665,0
            -81.794454,24.548469,0
            -81.795079,24.548088,0
            -81.795411,24.547873,0
            -81.795705,24.547689,0
            -81.795871,24.547582,0
            -81.796402,24.547242,0
            -81.797394,24.54664,0
            -81.797443,24.54662,0
            -81.797456,24.546618,0
            -81.797472,24.546616,0
            -81.79749,24.546615,0
            -81.797504,24.546614,0
            -81.797527,24.546619,0
            -81.797546,24.54663,0
            -81.797571,24.546648,0
            -81.797671,24.54676,0
            -81.798277,24.547582,0
            -81.79866,24.548078,0
            -81.798972,24.548533,0
            -81.799338,24.549008,0
            -81.799683,24.549475,0
            -81.800031,24.54993,0
            -81.800361,24.550379,0
            -81.800417,24.55039,0
            -81.800618,24.550681,0
            -81.800882,24.551038,0
            -81.801053,24.551268,0
            -81.801752,24.552194,0
            -81.802109,24.552669,0
            -81.802441,24.553126,0
            -81.80274,24.553523,0
            -81.803193,24.554139,0
            -81.803438,24.55447,0
            -81.80348,24.554526,0
            -81.803564,24.554637,0
            -81.80376,24.55489,0
            -81.804059,24.555277,0
            -81.804246,24.555523,0
            -81.804425,24.55576,0
            -81.804744,24.55618,0
            -81.804734,24.55623,0
            -81.805295,24.556977,0
            -81.80559,24.55737,0
            -81.806316,24.55837,0
            -81.806396,24.55841,0
          </coordinates>
        </LineString>
      </Placemark>
      <Placemark>
        <name>Public Restroom</name>
        <description><![CDATA[description: Public bathroom from 2020-01-19T19:16:55.000Z to 2020-01-19T19:32:16.000Z. Distance 0m<br>Email: syugen.zhou@gmail.com<br>Category: Public bathroom<br>Distance: 0]]></description>
        <styleUrl>#icon-1739-0288D1</styleUrl>
        <ExtendedData>
          <Data name="description">
            <value>Public bathroom from 2020-01-19T19:16:55.000Z to 2020-01-19T19:32:16.000Z. Distance 0m</value>
          </Data>
          <Data name="Email">
            <value>syugen.zhou@gmail.com</value>
          </Data>
          <Data name="Category">
            <value>Public bathroom</value>
          </Data>
          <Data name="Distance">
            <value>0</value>
          </Data>
        </ExtendedData>
        <Point>
          <coordinates>
            -81.807249,24.559511,0
          </coordinates>
        </Point>
      </Placemark>
      <Placemark>
        <name>Walking</name>
        <description><![CDATA[description: Walking from 2020-01-19T19:32:16.433Z to 2020-01-19T20:21:03.000Z. Distance 1194m<br>Email: syugen.zhou@gmail.com<br>Category: Walking<br>Distance: 1194]]></description>
        <styleUrl>#line-F9A825-5000</styleUrl>
        <ExtendedData>
          <Data name="description">
            <value>Walking from 2020-01-19T19:32:16.433Z to 2020-01-19T20:21:03.000Z. Distance 1194m</value>
          </Data>
          <Data name="Email">
            <value>syugen.zhou@gmail.com</value>
          </Data>
          <Data name="Category">
            <value>Walking</value>
          </Data>
          <Data name="Distance">
            <value>1194</value>
          </Data>
        </ExtendedData>
        <LineString>
          <tessellate>1</tessellate>
          <coordinates>
            -81.806885,24.559404,0
            -81.807011,24.559106,0
            -81.807021,24.559042,0
            -81.807023,24.559022,0
            -81.807021,24.559011,0
            -81.807017,24.559003,0
            -81.807006,24.55899,0
            -81.806984,24.558969,0
            -81.80691,24.558946,0
            -81.806646,24.558844,0
            -81.806654,24.558728,0
            -81.806396,24.55841,0
            -81.806316,24.55837,0
            -81.80559,24.55737,0
            -81.805295,24.556977,0
            -81.804734,24.55623,0
            -81.804744,24.55618,0
            -81.804425,24.55576,0
            -81.804246,24.555523,0
            -81.804059,24.555277,0
            -81.80376,24.55489,0
            -81.803564,24.554637,0
            -81.80348,24.554526,0
            -81.803438,24.55447,0
            -81.803193,24.554139,0
            -81.80274,24.553523,0
            -81.802441,24.553126,0
            -81.802109,24.552669,0
            -81.801752,24.552194,0
            -81.801686,24.552234,0
            -81.800987,24.551308,0
            -81.800817,24.551078,0
            -81.800661,24.551173,0
          </coordinates>
        </LineString>
      </Placemark>
      <Placemark>
        <name>The Hemingway Home and Museum</name>
        <description><![CDATA[description: Museum from 2020-01-19T20:21:03.000Z to 2020-01-19T20:29:08.000Z. Distance 0m<br>Email: syugen.zhou@gmail.com<br>Category: Museum<br>Distance: 0]]></description>
        <styleUrl>#icon-1535-0288D1</styleUrl>
        <ExtendedData>
          <Data name="description">
            <value>Museum from 2020-01-19T20:21:03.000Z to 2020-01-19T20:29:08.000Z. Distance 0m</value>
          </Data>
          <Data name="Email">
            <value>syugen.zhou@gmail.com</value>
          </Data>
          <Data name="Category">
            <value>Museum</value>
          </Data>
          <Data name="Distance">
            <value>0</value>
          </Data>
        </ExtendedData>
        <Point>
          <coordinates>
            -81.800616,24.551192,0
          </coordinates>
        </Point>
      </Placemark>
      <Placemark>
        <name>Walking</name>
        <description><![CDATA[description: Walking from 2020-01-19T20:29:08.000Z to 2020-01-19T20:48:05.000Z. Distance 1444m<br>Email: syugen.zhou@gmail.com<br>Category: Walking<br>Distance: 1444]]></description>
        <styleUrl>#line-F9A825-5000</styleUrl>
        <ExtendedData>
          <Data name="description">
            <value>Walking from 2020-01-19T20:29:08.000Z to 2020-01-19T20:48:05.000Z. Distance 1444m</value>
          </Data>
          <Data name="Email">
            <value>syugen.zhou@gmail.com</value>
          </Data>
          <Data name="Category">
            <value>Walking</value>
          </Data>
          <Data name="Distance">
            <value>1444</value>
          </Data>
        </ExtendedData>
        <LineString>
          <tessellate>1</tessellate>
          <coordinates>
            -81.800616,24.551192,0
            -81.800296,24.550296,0
            -81.799271,24.54896,0
            -81.797459,24.546658,0
            -81.795319,24.547979,0
            -81.793742,24.548871,0
            -81.792064,24.549947,0
            -81.790481,24.54909,0
          </coordinates>
        </LineString>
      </Placemark>
      <Placemark>
        <name>Driving</name>
        <description><![CDATA[description: Driving from 2020-01-19T20:48:05.000Z to 2020-01-19T21:58:07.000Z. Distance 78418m<br>Email: syugen.zhou@gmail.com<br>Category: Driving<br>Distance: 78418]]></description>
        <styleUrl>#line-F9A825-5000</styleUrl>
        <ExtendedData>
          <Data name="description">
            <value>Driving from 2020-01-19T20:48:05.000Z to 2020-01-19T21:58:07.000Z. Distance 78418m</value>
          </Data>
          <Data name="Email">
            <value>syugen.zhou@gmail.com</value>
          </Data>
          <Data name="Category">
            <value>Driving</value>
          </Data>
          <Data name="Distance">
            <value>78418</value>
          </Data>
        </ExtendedData>
        <LineString>
          <tessellate>1</tessellate>
          <coordinates>
            -81.790483,24.549093,0
            -81.790423,24.549128,0
            -81.790888,24.549771,0
            -81.790056,24.55032,0
            -81.78784,24.551678,0
            -81.787025,24.550579,0
            -81.780995,24.554397,0
            -81.780483,24.554768,0
            -81.779187,24.555595,0
            -81.779034,24.555644,0
            -81.778738,24.555781,0
            -81.775207,24.558081,0
            -81.77507,24.558138,0
            -81.766217,24.560997,0
            -81.76564,24.561229,0
            -81.751013,24.565937,0
            -81.752303,24.5693,0
            -81.75231,24.569373,0
            -81.752352,24.569477,0
            -81.752346,24.569532,0
            -81.752351,24.569603,0
            -81.752347,24.569633,0
            -81.752327,24.569692,0
            -81.752242,24.569806,0
            -81.752125,24.56989,0
            -81.752078,24.569947,0
            -81.751011,24.570185,0
            -81.740029,24.573742,0
            -81.738591,24.574148,0
            -81.737565,24.574367,0
            -81.711026,24.578412,0
            -81.709847,24.578651,0
            -81.709269,24.578824,0
            -81.708509,24.579095,0
            -81.707592,24.579486,0
            -81.706904,24.57982,0
            -81.706374,24.580118,0
            -81.696025,24.586758,0
            -81.695194,24.587195,0
            -81.694586,24.587448,0
            -81.693875,24.587686,0
            -81.692901,24.587902,0
            -81.683652,24.589316,0
            -81.682458,24.589454,0
            -81.681337,24.589514,0
            -81.675666,24.589557,0
            -81.674813,24.589612,0
            -81.673375,24.589803,0
            -81.672806,24.589919,0
            -81.672179,24.59008,0
            -81.671788,24.590201,0
            -81.671233,24.590415,0
            -81.669324,24.591298,0
            -81.669259,24.591361,0
            -81.665048,24.593307,0
            -81.664961,24.593324,0
            -81.662223,24.594514,0
            -81.652492,24.598997,0
            -81.652398,24.599061,0
            -81.647037,24.601565,0
            -81.646969,24.60157,0
            -81.64365,24.603234,0
            -81.643565,24.6033,0
            -81.637019,24.606332,0
            -81.632129,24.608456,0
            -81.629924,24.609497,0
            -81.626988,24.610977,0
            -81.609381,24.619153,0
            -81.608674,24.61953,0
            -81.596182,24.627198,0
            -81.595962,24.627303,0
            -81.594316,24.628268,0
            -81.59099,24.630346,0
            -81.590752,24.630524,0
            -81.584876,24.634136,0
            -81.581461,24.636094,0
            -81.577197,24.638699,0
            -81.574557,24.640412,0
            -81.571617,24.642208,0
            -81.571383,24.642311,0
            -81.569743,24.643253,0
            -81.563469,24.647127,0
            -81.56341,24.647182,0
            -81.561341,24.648446,0
            -81.56091,24.648668,0
            -81.560409,24.648892,0
            -81.559792,24.64912,0
            -81.555398,24.650409,0
            -81.551165,24.651572,0
            -81.547128,24.65276,0
            -81.543837,24.65383,0
            -81.53886,24.655291,0
            -81.53464,24.656389,0
            -81.5325,24.657008,0
            -81.532392,24.657018,0
            -81.529432,24.657884,0
            -81.529315,24.657938,0
            -81.52419,24.659434,0
            -81.519469,24.660942,0
            -81.512983,24.662816,0
            -81.508943,24.663869,0
            -81.508912,24.66386,0
            -81.508875,24.663857,0
            -81.50259,24.665661,0
            -81.502469,24.665706,0
            -81.500248,24.666357,0
            -81.499858,24.666426,0
            -81.499235,24.66649,0
            -81.498975,24.666499,0
            -81.498499,24.666486,0
            -81.497881,24.666397,0
            -81.497796,24.666397,0
            -81.497765,24.666406,0
            -81.496619,24.666214,0
            -81.496596,24.666186,0
            -81.496566,24.666172,0
            -81.481013,24.663481,0
            -81.480517,24.663414,0
            -81.475034,24.66308,0
            -81.475028,24.662232,0
            -81.479003,24.662212,0
            -81.478985,24.663405,0
            -81.480837,24.663528,0
            -81.496568,24.666232,0
            -81.496619,24.666214,0
            -81.497765,24.666406,0
            -81.497797,24.666431,0
            -81.497906,24.666466,0
            -81.498655,24.666559,0
            -81.499237,24.666555,0
            -81.499632,24.666525,0
            -81.500039,24.666464,0
            -81.50045,24.666376,0
            -81.501186,24.666171,0
            -81.501832,24.665958,0
            -81.503594,24.665442,0
            -81.503573,24.664846,0
            -81.502571,24.665101,0
            -81.50259,24.665661,0
            -81.502469,24.665706,0
            -81.500248,24.666357,0
            -81.499858,24.666426,0
            -81.499235,24.66649,0
            -81.498975,24.666499,0
            -81.498499,24.666486,0
            -81.497881,24.666397,0
            -81.497796,24.666397,0
            -81.497765,24.666406,0
            -81.496619,24.666214,0
            -81.496596,24.666186,0
            -81.496566,24.666172,0
            -81.481013,24.663481,0
            -81.480517,24.663414,0
            -81.473575,24.663,0
            -81.472367,24.662971,0
            -81.472325,24.662991,0
            -81.468985,24.662903,0
            -81.463215,24.662577,0
            -81.461855,24.662469,0
            -81.46183,24.662452,0
            -81.461804,24.662444,0
            -81.459777,24.662236,0
            -81.458855,24.662176,0
            -81.458826,24.662182,0
            -81.458804,24.662194,0
            -81.443331,24.661279,0
            -81.443233,24.661244,0
            -81.441393,24.661132,0
            -81.43866,24.661069,0
            -81.438631,24.661088,0
            -81.437031,24.661036,0
            -81.418692,24.659967,0
            -81.417884,24.659963,0
            -81.417379,24.659992,0
            -81.416554,24.660099,0
            -81.408372,24.661825,0
            -81.408345,24.661817,0
            -81.408308,24.661818,0
            -81.407499,24.661966,0
            -81.403703,24.662856,0
            -81.403691,24.662863,0
            -81.40368,24.662874,0
            -81.396187,24.664454,0
            -81.396065,24.664461,0
            -81.393293,24.665016,0
            -81.39135,24.665464,0
            -81.389615,24.665812,0
            -81.387192,24.666385,0
            -81.38707,24.666448,0
            -81.38266,24.66739,0
            -81.379916,24.667902,0
            -81.371328,24.669707,0
            -81.371147,24.669715,0
            -81.370323,24.669808,0
            -81.3697,24.669826,0
            -81.36826,24.669816,0
            -81.368197,24.669836,0
            -81.345005,24.669447,0
            -81.344675,24.669427,0
            -81.344369,24.669384,0
            -81.344023,24.669314,0
            -81.343751,24.669238,0
            -81.343396,24.669112,0
            -81.342982,24.66892,0
            -81.342585,24.668682,0
            -81.342064,24.668256,0
            -81.341792,24.667969,0
            -81.341515,24.667628,0
            -81.341256,24.667208,0
            -81.334077,24.651049,0
            -81.334072,24.651013,0
            -81.333766,24.650316,0
            -81.333686,24.650181,0
            -81.333342,24.6497,0
            -81.333109,24.649435,0
            -81.332705,24.649076,0
            -81.332501,24.648924,0
            -81.331953,24.648597,0
            -81.331448,24.648378,0
            -81.330955,24.648227,0
            -81.330311,24.648089,0
            -81.330264,24.648089,0
            -81.330242,24.648093,0
            -81.329833,24.648016,0
            -81.329496,24.647975,0
            -81.328904,24.647942,0
            -81.328393,24.647953,0
            -81.316064,24.649387,0
            -81.311355,24.64985,0
            -81.310568,24.649973,0
            -81.309758,24.65017,0
            -81.309177,24.650367,0
            -81.308683,24.650564,0
            -81.303193,24.653305,0
            -81.303126,24.653321,0
            -81.298812,24.655496,0
            -81.298028,24.655859,0
            -81.29699,24.656276,0
            -81.295617,24.656703,0
            -81.294451,24.656966,0
            -81.274968,24.660049,0
            -81.27364,24.660337,0
            -81.272763,24.660582,0
            -81.271291,24.661109,0
            -81.26863,24.662259,0
            -81.268589,24.662296,0
            -81.253875,24.668776,0
            -81.251582,24.669662,0
            -81.24841,24.671008,0
            -81.248333,24.671023,0
            -81.247392,24.671422,0
            -81.246265,24.671946,0
            -81.245524,24.672348,0
            -81.2446,24.672914,0
            -81.244585,24.672947,0
            -81.231175,24.681287,0
            -81.230698,24.681547,0
            -81.230002,24.681843,0
            -81.229688,24.681951,0
            -81.1637,24.700575,0
            -81.161375,24.701175,0
            -81.159501,24.701597,0
            -81.156559,24.702169,0
            -81.122646,24.707177,0
            -81.120155,24.707456,0
            -81.104075,24.708846,0
            -81.103308,24.708938,0
            -81.102745,24.709041,0
            -81.091381,24.712044,0
            -81.091266,24.712042,0
            -81.091135,24.712061,0
            -81.088758,24.712695,0
            -81.088624,24.71277,0
            -81.077431,24.715777,0
            -81.07725,24.715763,0
            -81.073664,24.716703,0
            -81.073588,24.716812,0
            -81.073187,24.716912,0
            -81.073138,24.716674,0
            -81.07333,24.716628,0
          </coordinates>
        </LineString>
      </Placemark>
      <Placemark>
        <name><![CDATA[McDonald's]]></name>
        <description><![CDATA[description: Fast Food from 2020-01-19T21:58:07.000Z to 2020-01-19T22:15:26.000Z. Distance 0m<br>Email: syugen.zhou@gmail.com<br>Category: Fast Food<br>Distance: 0]]></description>
        <styleUrl>#icon-1739-0288D1</styleUrl>
        <ExtendedData>
          <Data name="description">
            <value>Fast Food from 2020-01-19T21:58:07.000Z to 2020-01-19T22:15:26.000Z. Distance 0m</value>
          </Data>
          <Data name="Email">
            <value>syugen.zhou@gmail.com</value>
          </Data>
          <Data name="Category">
            <value>Fast Food</value>
          </Data>
          <Data name="Distance">
            <value>0</value>
          </Data>
        </ExtendedData>
        <Point>
          <coordinates>
            -81.073309,24.716379,0
          </coordinates>
        </Point>
      </Placemark>
      <Placemark>
        <name>Driving</name>
        <description><![CDATA[description: Driving from 2020-01-19T22:15:26.000Z to 2020-01-20T00:56:46.000Z. Distance 170771m<br>Email: syugen.zhou@gmail.com<br>Category: Driving<br>Distance: 170771]]></description>
        <styleUrl>#line-F9A825-5000</styleUrl>
        <ExtendedData>
          <Data name="description">
            <value>Driving from 2020-01-19T22:15:26.000Z to 2020-01-20T00:56:46.000Z. Distance 170771m</value>
          </Data>
          <Data name="Email">
            <value>syugen.zhou@gmail.com</value>
          </Data>
          <Data name="Category">
            <value>Driving</value>
          </Data>
          <Data name="Distance">
            <value>170771</value>
          </Data>
        </ExtendedData>
        <LineString>
          <tessellate>1</tessellate>
          <coordinates>
            -81.073634,24.71662,0
            -81.073664,24.716703,0
            -81.073588,24.716812,0
            -81.065521,24.718924,0
            -81.06437,24.719313,0
            -81.062885,24.719893,0
            -81.062709,24.719898,0
            -81.043101,24.727385,0
            -81.042258,24.727663,0
            -81.039529,24.72831,0
            -81.031466,24.729958,0
            -81.031223,24.730019,0
            -81.027467,24.730769,0
            -81.026493,24.73092,0
            -81.025385,24.731121,0
            -81.021875,24.731852,0
            -81.021201,24.732012,0
            -81.019311,24.732539,0
            -81.017812,24.733039,0
            -81.011621,24.735416,0
            -81.009323,24.736345,0
            -81.009273,24.736386,0
            -80.984293,24.746021,0
            -80.984178,24.746046,0
            -80.983625,24.746245,0
            -80.980049,24.747645,0
            -80.979975,24.74769,0
            -80.961816,24.754688,0
            -80.961317,24.754913,0
            -80.960958,24.755092,0
            -80.960645,24.755269,0
            -80.960322,24.755473,0
            -80.959868,24.755785,0
            -80.939646,24.770817,0
            -80.939082,24.771183,0
            -80.938459,24.771536,0
            -80.93769,24.771908,0
            -80.937232,24.772097,0
            -80.928577,24.775202,0
            -80.925214,24.776518,0
            -80.918738,24.778847,0
            -80.918612,24.778869,0
            -80.917804,24.779102,0
            -80.917646,24.779129,0
            -80.916809,24.779392,0
            -80.915354,24.779902,0
            -80.915003,24.780043,0
            -80.912912,24.780807,0
            -80.911411,24.781437,0
            -80.911319,24.781492,0
            -80.905115,24.783709,0
            -80.90115,24.785003,0
            -80.88994,24.78901,0
            -80.889833,24.789032,0
            -80.888743,24.789417,0
            -80.887784,24.789806,0
            -80.887702,24.789859,0
            -80.884831,24.790984,0
            -80.849831,24.803464,0
            -80.846469,24.804553,0
            -80.846368,24.804567,0
            -80.845945,24.804696,0
            -80.843948,24.805398,0
            -80.843893,24.805435,0
            -80.830027,24.810374,0
            -80.829524,24.810582,0
            -80.829132,24.810784,0
            -80.828776,24.811002,0
            -80.828439,24.811244,0
            -80.828189,24.811452,0
            -80.827991,24.811633,0
            -80.827567,24.812099,0
            -80.8253,24.815058,0
            -80.825246,24.815099,0
            -80.824752,24.815697,0
            -80.822561,24.818576,0
            -80.822542,24.818633,0
            -80.821835,24.819525,0
            -80.821517,24.819865,0
            -80.821178,24.820183,0
            -80.820799,24.820508,0
            -80.799876,24.836653,0
            -80.799335,24.837013,0
            -80.798612,24.837413,0
            -80.797761,24.837774,0
            -80.789163,24.840864,0
            -80.788644,24.841024,0
            -80.788279,24.841099,0
            -80.78806,24.841131,0
            -80.787579,24.841165,0
            -80.787072,24.841152,0
            -80.786935,24.841138,0
            -80.786471,24.841056,0
            -80.782491,24.840023,0
            -80.765002,24.836132,0
            -80.764675,24.836087,0
            -80.764315,24.836065,0
            -80.764053,24.836063,0
            -80.763719,24.836079,0
            -80.763397,24.836114,0
            -80.763131,24.836157,0
            -80.762652,24.836273,0
            -80.762219,24.836417,0
            -80.761907,24.836547,0
            -80.761636,24.836683,0
            -80.757426,24.839188,0
            -80.753824,24.841212,0
            -80.74617,24.845813,0
            -80.743663,24.847451,0
            -80.739672,24.84987,0
            -80.739594,24.849894,0
            -80.738983,24.850229,0
            -80.731964,24.85444,0
            -80.731879,24.854532,0
            -80.730568,24.85532,0
            -80.730442,24.855343,0
            -80.728088,24.85676,0
            -80.728061,24.856808,0
            -80.726502,24.857715,0
            -80.726419,24.857739,0
            -80.724603,24.858672,0
            -80.722506,24.859614,0
            -80.722441,24.859666,0
            -80.713957,24.863411,0
            -80.713512,24.863644,0
            -80.712971,24.863974,0
            -80.712453,24.864341,0
            -80.712068,24.864656,0
            -80.704528,24.871427,0
            -80.704462,24.871453,0
            -80.703946,24.871888,0
            -80.703835,24.872003,0
            -80.701447,24.874178,0
            -80.701411,24.874244,0
            -80.695532,24.879518,0
            -80.695156,24.879824,0
            -80.69464,24.880184,0
            -80.69455,24.880215,0
            -80.694001,24.880521,0
            -80.692111,24.881457,0
            -80.690697,24.882199,0
            -80.690253,24.882452,0
            -80.690135,24.882533,0
            -80.665084,24.895158,0
            -80.6619,24.896839,0
            -80.658614,24.898372,0
            -80.658178,24.898592,0
            -80.657662,24.898876,0
            -80.656888,24.899361,0
            -80.656602,24.899556,0
            -80.656157,24.899912,0
            -80.639245,24.914646,0
            -80.63881,24.915054,0
            -80.625028,24.927016,0
            -80.624745,24.927278,0
            -80.624608,24.927386,0
            -80.6178,24.933339,0
            -80.616834,24.934119,0
            -80.614663,24.935774,0
            -80.613607,24.936687,0
            -80.613058,24.937223,0
            -80.612973,24.937262,0
            -80.61229,24.937917,0
            -80.610493,24.939539,0
            -80.609176,24.940633,0
            -80.608844,24.940943,0
            -80.608341,24.941318,0
            -80.606756,24.942661,0
            -80.606583,24.94285,0
            -80.602855,24.946055,0
            -80.602841,24.946092,0
            -80.602644,24.946244,0
            -80.601984,24.946686,0
            -80.601534,24.946936,0
            -80.601083,24.947161,0
            -80.596067,24.949154,0
            -80.595956,24.949176,0
            -80.592422,24.950536,0
            -80.589876,24.951384,0
            -80.585663,24.953028,0
            -80.584232,24.953649,0
            -80.583885,24.953818,0
            -80.583377,24.954036,0
            -80.582604,24.954401,0
            -80.58162,24.954833,0
            -80.577521,24.95643,0
            -80.577446,24.95649,0
            -80.575596,24.957236,0
            -80.574253,24.957744,0
            -80.574148,24.957747,0
            -80.571558,24.958752,0
            -80.571543,24.958765,0
            -80.571526,24.958807,0
            -80.570443,24.959232,0
            -80.570373,24.959206,0
            -80.570362,24.959206,0
            -80.56816,24.960124,0
            -80.567606,24.960429,0
            -80.567128,24.960724,0
            -80.566466,24.961197,0
            -80.565865,24.961717,0
            -80.564988,24.962649,0
            -80.559948,24.968285,0
            -80.559946,24.96829,0
            -80.559952,24.968333,0
            -80.545989,24.983838,0
            -80.545896,24.98389,0
            -80.542167,24.98804,0
            -80.54192,24.98836,0
            -80.54153,24.988969,0
            -80.541227,24.989536,0
            -80.536835,25.000305,0
            -80.536718,25.000548,0
            -80.536608,25.000741,0
            -80.536456,25.000968,0
            -80.536263,25.001217,0
            -80.536155,25.001316,0
            -80.535968,25.001511,0
            -80.535639,25.0018,0
            -80.535398,25.001973,0
            -80.535154,25.002127,0
            -80.534768,25.002324,0
            -80.534379,25.002476,0
            -80.534227,25.002524,0
            -80.533778,25.002637,0
            -80.533461,25.002687,0
            -80.533093,25.002716,0
            -80.532604,25.002713,0
            -80.530677,25.002526,0
            -80.527016,25.002343,0
            -80.526615,25.002343,0
            -80.526204,25.002359,0
            -80.525989,25.002379,0
            -80.525422,25.002478,0
            -80.525053,25.002561,0
            -80.524425,25.00277,0
            -80.52413,25.00289,0
            -80.523524,25.003187,0
            -80.523277,25.003335,0
            -80.522927,25.003577,0
            -80.522687,25.003761,0
            -80.52227,25.004137,0
            -80.5219,25.004512,0
            -80.521096,25.005251,0
            -80.512185,25.014068,0
            -80.51209,25.014186,0
            -80.511931,25.014426,0
            -80.511861,25.014548,0
            -80.511743,25.014795,0
            -80.511613,25.015163,0
            -80.511538,25.015426,0
            -80.510554,25.020735,0
            -80.510526,25.021089,0
            -80.510525,25.021291,0
            -80.510597,25.022073,0
            -80.510599,25.022358,0
            -80.510585,25.022506,0
            -80.510527,25.022754,0
            -80.510465,25.022949,0
            -80.510366,25.0232,0
            -80.510043,25.023837,0
            -80.509906,25.024071,0
            -80.509623,25.02444,0
            -80.505713,25.028661,0
            -80.504635,25.029745,0
            -80.476903,25.059607,0
            -80.476626,25.059885,0
            -80.476349,25.060201,0
            -80.474465,25.062208,0
            -80.474237,25.062408,0
            -80.474048,25.062548,0
            -80.473275,25.062985,0
            -80.473129,25.063081,0
            -80.472915,25.063243,0
            -80.472685,25.063461,0
            -80.464955,25.071794,0
            -80.464509,25.072244,0
            -80.46208,25.074487,0
            -80.461391,25.075092,0
            -80.460826,25.075648,0
            -80.460209,25.076207,0
            -80.459966,25.076384,0
            -80.455647,25.08025,0
            -80.455333,25.080555,0
            -80.442359,25.092196,0
            -80.442104,25.092471,0
            -80.441882,25.092784,0
            -80.44152,25.093439,0
            -80.441456,25.093589,0
            -80.441266,25.093798,0
            -80.440692,25.094345,0
            -80.439545,25.095361,0
            -80.438784,25.096076,0
            -80.438234,25.096555,0
            -80.43725,25.097461,0
            -80.436916,25.097746,0
            -80.436513,25.098129,0
            -80.436142,25.098431,0
            -80.435942,25.09863,0
            -80.435242,25.099206,0
            -80.432721,25.101495,0
            -80.431857,25.102392,0
            -80.43051,25.103975,0
            -80.430179,25.104439,0
            -80.429686,25.104999,0
            -80.428684,25.106218,0
            -80.427958,25.10701,0
            -80.426653,25.108571,0
            -80.425735,25.109733,0
            -80.424811,25.110758,0
            -80.417568,25.119393,0
            -80.416967,25.120149,0
            -80.41656,25.120598,0
            -80.415781,25.121571,0
            -80.412192,25.125856,0
            -80.411134,25.127049,0
            -80.396896,25.144042,0
            -80.396853,25.144084,0
            -80.396496,25.144511,0
            -80.396246,25.144762,0
            -80.383589,25.159812,0
            -80.383348,25.160073,0
            -80.37504,25.169987,0
            -80.374724,25.170416,0
            -80.374596,25.170624,0
            -80.374325,25.171147,0
            -80.374206,25.171448,0
            -80.374068,25.171934,0
            -80.374013,25.172268,0
            -80.373986,25.172587,0
            -80.374,25.173022,0
            -80.374049,25.173431,0
            -80.374124,25.173763,0
            -80.374201,25.173992,0
            -80.374441,25.17454,0
            -80.374577,25.174784,0
            -80.374765,25.175066,0
            -80.374996,25.175354,0
            -80.375389,25.17576,0
            -80.375705,25.176016,0
            -80.37685,25.176856,0
            -80.380147,25.179173,0
            -80.380214,25.179206,0
            -80.385132,25.182654,0
            -80.386368,25.183483,0
            -80.392214,25.187565,0
            -80.392563,25.187788,0
            -80.39343,25.188283,0
            -80.393715,25.18842,0
            -80.394652,25.188799,0
            -80.400926,25.19102,0
            -80.414712,25.196328,0
            -80.414961,25.196438,0
            -80.415418,25.196679,0
            -80.415911,25.197003,0
            -80.416302,25.197309,0
            -80.41664,25.197615,0
            -80.41702,25.198034,0
            -80.417165,25.198213,0
            -80.417442,25.198612,0
            -80.417539,25.198775,0
            -80.430514,25.223704,0
            -80.430684,25.2241,0
            -80.430876,25.22466,0
            -80.430991,25.225085,0
            -80.432871,25.233841,0
            -80.432875,25.23391,0
            -80.434073,25.239517,0
            -80.434291,25.240416,0
            -80.438972,25.262164,0
            -80.439099,25.262874,0
            -80.442494,25.278533,0
            -80.443127,25.281704,0
            -80.443883,25.285204,0
            -80.443885,25.285284,0
            -80.444459,25.287918,0
            -80.444467,25.288015,0
            -80.445539,25.292668,0
            -80.462238,25.370367,0
            -80.462734,25.372507,0
            -80.464821,25.382257,0
            -80.466082,25.387741,0
            -80.47398,25.424159,0
            -80.474169,25.425207,0
            -80.474251,25.425906,0
            -80.474305,25.426632,0
            -80.474319,25.427578,0
            -80.474064,25.433044,0
            -80.474113,25.433659,0
            -80.474158,25.433998,0
            -80.474871,25.437474,0
            -80.47494,25.438204,0
            -80.475044,25.450814,0
            -80.475071,25.451056,0
            -80.475149,25.462526,0
            -80.475038,25.463475,0
            -80.47494,25.463997,0
            -80.474721,25.464829,0
            -80.474585,25.465233,0
            -80.474334,25.465872,0
            -80.474102,25.466365,0
            -80.473667,25.467133,0
            -80.473256,25.467743,0
            -80.472997,25.468082,0
            -80.472467,25.4687,0
            -80.47203,25.469139,0
            -80.471863,25.469329,0
            -80.466695,25.474637,0
            -80.466138,25.475272,0
            -80.465732,25.475846,0
            -80.465353,25.476485,0
            -80.464983,25.477217,0
            -80.464157,25.479125,0
            -80.463932,25.479585,0
            -80.463583,25.480412,0
            -80.463374,25.480958,0
            -80.462865,25.482077,0
            -80.462707,25.482376,0
            -80.462311,25.48301,0
            -80.462019,25.483402,0
            -80.461611,25.483874,0
            -80.461072,25.484405,0
            -80.460929,25.484572,0
            -80.460592,25.484906,0
            -80.460543,25.48497,0
            -80.452075,25.49365,0
            -80.450163,25.495507,0
            -80.44782,25.497675,0
            -80.44619,25.499296,0
            -80.446114,25.499384,0
            -80.445204,25.500312,0
            -80.445089,25.500418,0
            -80.442862,25.502705,0
            -80.442606,25.502945,0
            -80.427908,25.518033,0
            -80.427445,25.518481,0
            -80.425625,25.52037,0
            -80.424912,25.521144,0
            -80.424499,25.521643,0
            -80.424463,25.521712,0
            -80.424344,25.521865,0
            -80.424068,25.522281,0
            -80.423376,25.523449,0
            -80.423017,25.523972,0
            -80.422757,25.524295,0
            -80.422398,25.524701,0
            -80.411191,25.536185,0
            -80.410907,25.536499,0
            -80.410666,25.536721,0
            -80.39812,25.549537,0
            -80.395474,25.552065,0
            -80.388889,25.558784,0
            -80.388719,25.558975,0
            -80.38785,25.559827,0
            -80.3869,25.560813,0
            -80.386718,25.560983,0
            -80.382354,25.565474,0
            -80.381641,25.566246,0
            -80.381563,25.5663,0
            -80.381308,25.566513,0
            -80.380696,25.567173,0
            -80.37633,25.57163,0
            -80.376209,25.571735,0
            -80.372364,25.575675,0
            -80.372208,25.575818,0
            -80.3668,25.581332,0
            -80.366022,25.582209,0
            -80.365955,25.582272,0
            -80.365173,25.583154,0
            -80.360173,25.588289,0
            -80.35957,25.588939,0
            -80.359081,25.589511,0
            -80.358532,25.590206,0
            -80.358043,25.590873,0
            -80.357582,25.591551,0
            -80.356648,25.593156,0
            -80.35334,25.600187,0
            -80.353059,25.600661,0
            -80.352784,25.601067,0
            -80.352559,25.601361,0
            -80.352218,25.601746,0
            -80.350458,25.60353,0
            -80.349809,25.604275,0
            -80.349553,25.604611,0
            -80.349259,25.605034,0
            -80.348886,25.605646,0
            -80.34867,25.606061,0
            -80.347629,25.608341,0
            -80.347346,25.609067,0
            -80.347141,25.609691,0
            -80.346999,25.610189,0
            -80.346804,25.611058,0
            -80.34666,25.612097,0
            -80.34662,25.612612,0
            -80.346576,25.613966,0
            -80.346532,25.614575,0
            -80.346443,25.615288,0
            -80.346123,25.617279,0
            -80.345912,25.618131,0
            -80.345551,25.619076,0
            -80.345484,25.619186,0
            -80.341119,25.628594,0
            -80.340996,25.628962,0
            -80.34058,25.629765,0
            -80.338078,25.63515,0
            -80.337895,25.635597,0
            -80.336051,25.639512,0
            -80.335311,25.641242,0
            -80.33408,25.643799,0
            -80.334039,25.643912,0
            -80.333645,25.64474,0
            -80.333511,25.644982,0
            -80.333423,25.645171,0
            -80.333342,25.645399,0
            -80.332759,25.646619,0
            -80.332657,25.646878,0
            -80.332549,25.647086,0
            -80.330191,25.652166,0
            -80.329485,25.653608,0
            -80.320209,25.673635,0
            -80.320113,25.673813,0
            -80.320088,25.673925,0
            -80.320007,25.674064,0
            -80.319189,25.675792,0
            -80.318529,25.677034,0
            -80.318131,25.677727,0
            -80.31802,25.677763,0
            -80.317624,25.678131,0
            -80.317347,25.678345,0
            -80.317078,25.678512,0
            -80.316912,25.6786,0
            -80.316613,25.678731,0
            -80.315599,25.679107,0
            -80.315486,25.679164,0
            -80.315304,25.679282,0
            -80.315169,25.6794,0
            -80.315019,25.679565,0
            -80.314917,25.679709,0
            -80.314867,25.679794,0
            -80.314774,25.68001,0
            -80.314747,25.680105,0
            -80.31471,25.680323,0
            -80.31472,25.68161,0
            -80.314764,25.681999,0
            -80.314806,25.682228,0
            -80.314882,25.682546,0
            -80.315021,25.682968,0
            -80.31521,25.683399,0
            -80.315315,25.683598,0
            -80.316061,25.684811,0
            -80.316303,25.685282,0
            -80.316511,25.685786,0
            -80.316674,25.686309,0
            -80.316793,25.686864,0
            -80.316826,25.687093,0
            -80.316864,25.687536,0
            -80.316992,25.691194,0
            -80.316974,25.691264,0
            -80.317396,25.703337,0
            -80.317843,25.712234,0
            -80.31856,25.720489,0
            -80.318566,25.721264,0
            -80.318537,25.72171,0
            -80.318445,25.72239,0
            -80.318082,25.72424,0
            -80.318046,25.724568,0
            -80.318022,25.725083,0
            -80.318172,25.729232,0
            -80.31823,25.729369,0
            -80.318303,25.732663,0
            -80.31835,25.733265,0
            -80.318463,25.734142,0
            -80.318649,25.735109,0
            -80.319118,25.736987,0
            -80.31927,25.737731,0
            -80.319388,25.738597,0
            -80.319436,25.739163,0
            -80.319524,25.74187,0
            -80.319555,25.742149,0
            -80.319727,25.74492,0
            -80.319782,25.746341,0
            -80.319852,25.753805,0
            -80.319944,25.754639,0
            -80.320023,25.755077,0
            -80.32086,25.758912,0
            -80.320904,25.759174,0
            -80.32096,25.759706,0
            -80.320967,25.760054,0
            -80.320935,25.760603,0
            -80.320309,25.764123,0
            -80.320218,25.76494,0
            -80.320209,25.765324,0
            -80.320371,25.769588,0
            -80.320213,25.769743,0
            -80.320211,25.769747,0
            -80.320117,25.770787,0
            -80.320078,25.770822,0
            -80.320067,25.770842,0
            -80.320036,25.770999,0
            -80.320033,25.771143,0
            -80.319976,25.771678,0
            -80.319939,25.771743,0
            -80.319877,25.771826,0
            -80.319794,25.771899,0
            -80.319735,25.771936,0
            -80.319688,25.771958,0
            -80.319581,25.771991,0
            -80.319526,25.771996,0
            -80.319428,25.771995,0
            -80.319369,25.771987,0
            -80.31932,25.771973,0
            -80.319242,25.77194,0
            -80.319132,25.771874,0
            -80.319072,25.771816,0
            -80.319036,25.771768,0
            -80.318998,25.771694,0
            -80.318977,25.771613,0
            -80.318969,25.771493,0
            -80.318977,25.771171,0
            -80.318941,25.769868,0
            -80.318379,25.769856,0
            -80.309179,25.770262,0
            -80.309018,25.770282,0
            -80.308963,25.770306,0
            -80.308476,25.770329,0
            -80.308428,25.770292,0
            -80.303716,25.770477,0
            -80.298693,25.770563,0
            -80.298641,25.770569,0
            -80.289879,25.770726,0
            -80.289797,25.770762,0
            -80.288111,25.770798,0
            -80.276855,25.771239,0
            -80.276569,25.771262,0
            -80.273748,25.771372,0
            -80.273472,25.771396,0
            -80.263709,25.771695,0
            -80.26366,25.770622,0
            -80.263623,25.770578,0
            -80.263603,25.770397,0
            -80.263574,25.770369,0
            -80.263522,25.770345,0
            -80.263022,25.770347,0
            -80.263027,25.771192,0
          </coordinates>
        </LineString>
      </Placemark>
      <Placemark>
        <name><![CDATA[Best Western Premier Miami Intl Airport Hotel & Suites Coral Gables]]></name>
        <description><![CDATA[description: Hotel from 2020-01-20T00:56:46.000Z to 2020-01-20T13:41:49.999Z. Distance 0m<br>Email: syugen.zhou@gmail.com<br>Category: Hotel<br>Distance: 0]]></description>
        <styleUrl>#icon-1602-0288D1</styleUrl>
        <ExtendedData>
          <Data name="description">
            <value>Hotel from 2020-01-20T00:56:46.000Z to 2020-01-20T13:41:49.999Z. Distance 0m</value>
          </Data>
          <Data name="Email">
            <value>syugen.zhou@gmail.com</value>
          </Data>
          <Data name="Category">
            <value>Hotel</value>
          </Data>
          <Data name="Distance">
            <value>0</value>
          </Data>
        </ExtendedData>
        <Point>
          <coordinates>
            -80.262816,25.771277,0
          </coordinates>
        </Point>
      </Placemark>
    </Folder>
    <Folder>
      <name>2020-01-18</name>
      <Placemark>
        <name>MIA RENTAL CAR CENTER (RCC)</name>
        <description><![CDATA[description: Car rental agency from 2020-01-18T21:26:19.596Z to 2020-01-18T21:42:16.564Z. Distance 0m<br>Email: syugen.zhou@gmail.com<br>Category: Car rental agency<br>Distance: 0]]></description>
        <styleUrl>#icon-1739-0288D1</styleUrl>
        <ExtendedData>
          <Data name="description">
            <value>Car rental agency from 2020-01-18T21:26:19.596Z to 2020-01-18T21:42:16.564Z. Distance 0m</value>
          </Data>
          <Data name="Email">
            <value>syugen.zhou@gmail.com</value>
          </Data>
          <Data name="Category">
            <value>Car rental agency</value>
          </Data>
          <Data name="Distance">
            <value>0</value>
          </Data>
        </ExtendedData>
        <Point>
          <coordinates>
            -80.260876,25.79705,0
          </coordinates>
        </Point>
      </Placemark>
      <Placemark>
        <name>Driving</name>
        <description><![CDATA[description: Driving from 2020-01-18T21:42:16.564Z to 2020-01-18T21:48:46.998Z. Distance 3300m<br>Email: syugen.zhou@gmail.com<br>Category: Driving<br>Distance: 3300]]></description>
        <styleUrl>#line-A52714-5000</styleUrl>
        <ExtendedData>
          <Data name="description">
            <value>Driving from 2020-01-18T21:42:16.564Z to 2020-01-18T21:48:46.998Z. Distance 3300m</value>
          </Data>
          <Data name="Email">
            <value>syugen.zhou@gmail.com</value>
          </Data>
          <Data name="Category">
            <value>Driving</value>
          </Data>
          <Data name="Distance">
            <value>3300</value>
          </Data>
        </ExtendedData>
        <LineString>
          <tessellate>1</tessellate>
          <coordinates>
            -80.260883,25.797089,0
            -80.261504,25.797081,0
            -80.261544,25.79776,0
            -80.261523,25.79782,0
            -80.261484,25.797884,0
            -80.261445,25.797935,0
            -80.26146,25.798359,0
            -80.261454,25.798377,0
            -80.261442,25.79839,0
            -80.261426,25.798401,0
            -80.259639,25.798437,0
            -80.259505,25.798421,0
            -80.259419,25.798398,0
            -80.259328,25.798362,0
            -80.25924,25.798302,0
            -80.259166,25.798239,0
            -80.259089,25.798114,0
            -80.259046,25.797996,0
            -80.259031,25.797839,0
            -80.259028,25.797358,0
            -80.258972,25.795531,0
            -80.258976,25.7955,0
            -80.258983,25.795474,0
            -80.258995,25.795446,0
            -80.259025,25.795398,0
            -80.259043,25.795376,0
            -80.259082,25.795343,0
            -80.259102,25.795328,0
            -80.259125,25.795316,0
            -80.259151,25.795305,0
            -80.259215,25.795288,0
            -80.259277,25.79528,0
            -80.26191,25.79521,0
            -80.261957,25.795206,0
            -80.262045,25.795191,0
            -80.262087,25.79518,0
            -80.26222,25.79513,0
            -80.262315,25.795076,0
            -80.262384,25.795018,0
            -80.262442,25.794962,0
            -80.262487,25.794908,0
            -80.26253,25.794843,0
            -80.262689,25.794502,0
            -80.262748,25.794401,0
            -80.262814,25.794303,0
            -80.26286,25.794243,0
            -80.262944,25.794145,0
            -80.263038,25.794052,0
            -80.263126,25.793975,0
            -80.263222,25.7939,0
            -80.263334,25.793824,0
            -80.264305,25.793247,0
            -80.264452,25.793145,0
            -80.264608,25.793014,0
            -80.2647,25.79292,0
            -80.264799,25.792798,0
            -80.264902,25.792628,0
            -80.264966,25.792493,0
            -80.265,25.7924,0
            -80.265039,25.792264,0
            -80.265056,25.792188,0
            -80.265066,25.792098,0
            -80.265072,25.79194,0
            -80.265106,25.791688,0
            -80.26506,25.789171,0
            -80.265015,25.788684,0
            -80.26496,25.788467,0
            -80.264899,25.788298,0
            -80.264857,25.7882,0
            -80.264585,25.787678,0
            -80.264533,25.787568,0
            -80.26448,25.787429,0
            -80.264447,25.787317,0
            -80.26442,25.787179,0
            -80.264417,25.787172,0
            -80.264346,25.78706,0
            -80.264194,25.786258,0
            -80.264185,25.785894,0
            -80.264175,25.785769,0
            -80.264162,25.785452,0
            -80.264165,25.784522,0
            -80.264125,25.783993,0
            -80.264124,25.782684,0
            -80.264137,25.782438,0
            -80.264148,25.781974,0
            -80.264108,25.780403,0
            -80.264098,25.780327,0
            -80.264079,25.778702,0
            -80.264036,25.777983,0
            -80.26397,25.776074,0
            -80.263938,25.775872,0
            -80.263815,25.773566,0
            -80.263814,25.773438,0
            -80.263745,25.772563,0
            -80.263709,25.771695,0
            -80.263163,25.771707,0
            -80.262617,25.771708,0
            -80.262599,25.770902,0
            -80.263029,25.770901,0
            -80.263027,25.771217,0
          </coordinates>
        </LineString>
      </Placemark>
      <Placemark>
        <name><![CDATA[Best Western Premier Miami Intl Airport Hotel & Suites Coral Gables]]></name>
        <description><![CDATA[description: Hotel from 2020-01-18T21:48:46.998Z to 2020-01-18T22:56:47.999Z. Distance 0m<br>Email: syugen.zhou@gmail.com<br>Category: Hotel<br>Distance: 0]]></description>
        <styleUrl>#icon-1602-0288D1</styleUrl>
        <ExtendedData>
          <Data name="description">
            <value>Hotel from 2020-01-18T21:48:46.998Z to 2020-01-18T22:56:47.999Z. Distance 0m</value>
          </Data>
          <Data name="Email">
            <value>syugen.zhou@gmail.com</value>
          </Data>
          <Data name="Category">
            <value>Hotel</value>
          </Data>
          <Data name="Distance">
            <value>0</value>
          </Data>
        </ExtendedData>
        <Point>
          <coordinates>
            -80.262816,25.771277,0
          </coordinates>
        </Point>
      </Placemark>
      <Placemark>
        <name>Driving</name>
        <description><![CDATA[description: Driving from 2020-01-18T22:56:47.999Z to 2020-01-18T23:01:23.999Z. Distance 1758m<br>Email: syugen.zhou@gmail.com<br>Category: Driving<br>Distance: 1758]]></description>
        <styleUrl>#line-A52714-5000</styleUrl>
        <ExtendedData>
          <Data name="description">
            <value>Driving from 2020-01-18T22:56:47.999Z to 2020-01-18T23:01:23.999Z. Distance 1758m</value>
          </Data>
          <Data name="Email">
            <value>syugen.zhou@gmail.com</value>
          </Data>
          <Data name="Category">
            <value>Driving</value>
          </Data>
          <Data name="Distance">
            <value>1758</value>
          </Data>
        </ExtendedData>
        <LineString>
          <tessellate>1</tessellate>
          <coordinates>
            -80.263027,25.771244,0
            -80.263025,25.771488,0
            -80.263018,25.771708,0
            -80.262836,25.77171,0
            -80.262617,25.771708,0
            -80.261997,25.771717,0
            -80.261586,25.771732,0
            -80.261471,25.771739,0
            -80.261206,25.77175,0
            -80.261127,25.771752,0
            -80.260779,25.771763,0
            -80.260578,25.77177,0
            -80.260438,25.771771,0
            -80.260202,25.771773,0
            -80.259997,25.771776,0
            -80.259573,25.771784,0
            -80.25904,25.771792,0
            -80.25891,25.771797,0
            -80.25861,25.771802,0
            -80.258413,25.771804,0
            -80.258191,25.771808,0
            -80.257794,25.771814,0
            -80.257309,25.771822,0
            -80.256998,25.771827,0
            -80.256622,25.771833,0
            -80.256055,25.771836,0
            -80.255443,25.771836,0
            -80.25501,25.771845,0
            -80.254833,25.771849,0
            -80.254812,25.77185,0
            -80.254565,25.771852,0
            -80.254308,25.771859,0
            -80.254177,25.771863,0
            -80.254142,25.771864,0
            -80.254014,25.771869,0
            -80.253851,25.77187,0
            -80.25354,25.771875,0
            -80.25345,25.771876,0
            -80.253431,25.771539,0
            -80.25339,25.770641,0
            -80.253367,25.770117,0
            -80.253347,25.769804,0
            -80.253339,25.769672,0
            -80.253311,25.769231,0
            -80.253294,25.768656,0
            -80.253286,25.768359,0
            -80.25324,25.767734,0
            -80.253225,25.767429,0
            -80.253182,25.766974,0
            -80.253159,25.766531,0
            -80.253146,25.766453,0
            -80.253142,25.766406,0
            -80.253145,25.76565,0
            -80.253137,25.765487,0
            -80.253128,25.765312,0
            -80.253387,25.765299,0
          </coordinates>
        </LineString>
      </Placemark>
      <Placemark>
        <name>Versailles Restaurant Cuban Cuisine</name>
        <description><![CDATA[description: Cuban from 2020-01-18T23:01:23.999Z to 2020-01-19T00:13:07.999Z. Distance 0m<br>Email: syugen.zhou@gmail.com<br>Category: Cuban<br>Distance: 0]]></description>
        <styleUrl>#icon-1739-0288D1</styleUrl>
        <ExtendedData>
          <Data name="description">
            <value>Cuban from 2020-01-18T23:01:23.999Z to 2020-01-19T00:13:07.999Z. Distance 0m</value>
          </Data>
          <Data name="Email">
            <value>syugen.zhou@gmail.com</value>
          </Data>
          <Data name="Category">
            <value>Cuban</value>
          </Data>
          <Data name="Distance">
            <value>0</value>
          </Data>
        </ExtendedData>
        <Point>
          <coordinates>
            -80.252796,25.765024,0
          </coordinates>
        </Point>
      </Placemark>
      <Placemark>
        <name>Driving</name>
        <description><![CDATA[description: Driving from 2020-01-19T00:13:07.999Z to 2020-01-19T00:16:27.999Z. Distance 1796m<br>Email: syugen.zhou@gmail.com<br>Category: Driving<br>Distance: 1796]]></description>
        <styleUrl>#line-A52714-5000</styleUrl>
        <ExtendedData>
          <Data name="description">
            <value>Driving from 2020-01-19T00:13:07.999Z to 2020-01-19T00:16:27.999Z. Distance 1796m</value>
          </Data>
          <Data name="Email">
            <value>syugen.zhou@gmail.com</value>
          </Data>
          <Data name="Category">
            <value>Driving</value>
          </Data>
          <Data name="Distance">
            <value>1796</value>
          </Data>
        </ExtendedData>
        <LineString>
          <tessellate>1</tessellate>
          <coordinates>
            -80.253365,25.7653,0
            -80.253128,25.765312,0
            -80.253114,25.765122,0
            -80.25311,25.765003,0
            -80.253111,25.76498,0
            -80.253111,25.764757,0
            -80.253573,25.764746,0
            -80.254092,25.764735,0
            -80.254133,25.764732,0
            -80.254618,25.764711,0
            -80.25471,25.764707,0
            -80.254876,25.7647,0
            -80.255101,25.764692,0
            -80.255272,25.764686,0
            -80.255816,25.764674,0
            -80.256132,25.764665,0
            -80.256439,25.764661,0
            -80.256721,25.764647,0
            -80.256989,25.764641,0
            -80.25725,25.764635,0
            -80.257536,25.764621,0
            -80.25798,25.7646,0
            -80.259025,25.76456,0
            -80.259199,25.764556,0
            -80.259312,25.764554,0
            -80.259596,25.764544,0
            -80.259786,25.764537,0
            -80.260432,25.764519,0
            -80.260838,25.764508,0
            -80.261301,25.764497,0
            -80.261594,25.764487,0
            -80.262746,25.764451,0
            -80.263226,25.764437,0
            -80.263242,25.7646,0
            -80.263272,25.765347,0
            -80.263298,25.765902,0
            -80.263334,25.766629,0
            -80.263391,25.767809,0
            -80.263407,25.767957,0
            -80.263419,25.768176,0
            -80.263424,25.768285,0
            -80.263431,25.768417,0
            -80.26344,25.768535,0
            -80.263453,25.768807,0
            -80.263462,25.769067,0
            -80.263481,25.769443,0
            -80.26351,25.769945,0
            -80.263522,25.770115,0
            -80.263522,25.770345,0
            -80.263274,25.770343,0
            -80.263161,25.770348,0
            -80.263022,25.770347,0
            -80.262587,25.770345,0
            -80.262599,25.770902,0
            -80.263029,25.770901,0
            -80.263027,25.771186,0
          </coordinates>
        </LineString>
      </Placemark>
      <Placemark>
        <name><![CDATA[Best Western Premier Miami Intl Airport Hotel & Suites Coral Gables]]></name>
        <description><![CDATA[description: Hotel from 2020-01-19T00:16:27.999Z to 2020-01-19T13:58:29.999Z. Distance 0m<br>Email: syugen.zhou@gmail.com<br>Category: Hotel<br>Distance: 0]]></description>
        <styleUrl>#icon-1602-0288D1</styleUrl>
        <ExtendedData>
          <Data name="description">
            <value>Hotel from 2020-01-19T00:16:27.999Z to 2020-01-19T13:58:29.999Z. Distance 0m</value>
          </Data>
          <Data name="Email">
            <value>syugen.zhou@gmail.com</value>
          </Data>
          <Data name="Category">
            <value>Hotel</value>
          </Data>
          <Data name="Distance">
            <value>0</value>
          </Data>
        </ExtendedData>
        <Point>
          <coordinates>
            -80.262816,25.771277,0
          </coordinates>
        </Point>
      </Placemark>
    </Folder>
  </Document>
</kml>
