<?xml version="1.0" encoding="UTF-8"?>
<kml xmlns="http://www.opengis.net/kml/2.2">
  <Document>
    <name>50-sequoia</name>
    <description/>
    <Style id="icon-1535-0288D1-normal">
      <IconStyle>
        <color>ffd18802</color>
        <scale>1</scale>
        <Icon>
          <href>https://www.gstatic.com/mapspro/images/stock/503-wht-blank_maps.png</href>
        </Icon>
      </IconStyle>
      <LabelStyle>
        <scale>0</scale>
      </LabelStyle>
    </Style>
    <Style id="icon-1535-0288D1-highlight">
      <IconStyle>
        <color>ffd18802</color>
        <scale>1</scale>
        <Icon>
          <href>https://www.gstatic.com/mapspro/images/stock/503-wht-blank_maps.png</href>
        </Icon>
      </IconStyle>
      <LabelStyle>
        <scale>1</scale>
      </LabelStyle>
    </Style>
    <StyleMap id="icon-1535-0288D1">
      <Pair>
        <key>normal</key>
        <styleUrl>#icon-1535-0288D1-normal</styleUrl>
      </Pair>
      <Pair>
        <key>highlight</key>
        <styleUrl>#icon-1535-0288D1-highlight</styleUrl>
      </Pair>
    </StyleMap>
    <Style id="icon-1602-0288D1-normal">
      <IconStyle>
        <color>ffd18802</color>
        <scale>1</scale>
        <Icon>
          <href>https://www.gstatic.com/mapspro/images/stock/503-wht-blank_maps.png</href>
        </Icon>
      </IconStyle>
      <LabelStyle>
        <scale>0</scale>
      </LabelStyle>
    </Style>
    <Style id="icon-1602-0288D1-highlight">
      <IconStyle>
        <color>ffd18802</color>
        <scale>1</scale>
        <Icon>
          <href>https://www.gstatic.com/mapspro/images/stock/503-wht-blank_maps.png</href>
        </Icon>
      </IconStyle>
      <LabelStyle>
        <scale>1</scale>
      </LabelStyle>
    </Style>
    <StyleMap id="icon-1602-0288D1">
      <Pair>
        <key>normal</key>
        <styleUrl>#icon-1602-0288D1-normal</styleUrl>
      </Pair>
      <Pair>
        <key>highlight</key>
        <styleUrl>#icon-1602-0288D1-highlight</styleUrl>
      </Pair>
    </StyleMap>
    <Style id="icon-1603-0288D1-normal">
      <IconStyle>
        <color>ffd18802</color>
        <scale>1</scale>
        <Icon>
          <href>https://www.gstatic.com/mapspro/images/stock/503-wht-blank_maps.png</href>
        </Icon>
      </IconStyle>
      <LabelStyle>
        <scale>0</scale>
      </LabelStyle>
    </Style>
    <Style id="icon-1603-0288D1-highlight">
      <IconStyle>
        <color>ffd18802</color>
        <scale>1</scale>
        <Icon>
          <href>https://www.gstatic.com/mapspro/images/stock/503-wht-blank_maps.png</href>
        </Icon>
      </IconStyle>
      <LabelStyle>
        <scale>1</scale>
      </LabelStyle>
    </Style>
    <StyleMap id="icon-1603-0288D1">
      <Pair>
        <key>normal</key>
        <styleUrl>#icon-1603-0288D1-normal</styleUrl>
      </Pair>
      <Pair>
        <key>highlight</key>
        <styleUrl>#icon-1603-0288D1-highlight</styleUrl>
      </Pair>
    </StyleMap>
    <Style id="icon-1739-0288D1-normal">
      <IconStyle>
        <color>ffd18802</color>
        <scale>1</scale>
        <Icon>
          <href>https://www.gstatic.com/mapspro/images/stock/503-wht-blank_maps.png</href>
        </Icon>
      </IconStyle>
      <LabelStyle>
        <scale>0</scale>
      </LabelStyle>
    </Style>
    <Style id="icon-1739-0288D1-highlight">
      <IconStyle>
        <color>ffd18802</color>
        <scale>1</scale>
        <Icon>
          <href>https://www.gstatic.com/mapspro/images/stock/503-wht-blank_maps.png</href>
        </Icon>
      </IconStyle>
      <LabelStyle>
        <scale>1</scale>
      </LabelStyle>
    </Style>
    <StyleMap id="icon-1739-0288D1">
      <Pair>
        <key>normal</key>
        <styleUrl>#icon-1739-0288D1-normal</styleUrl>
      </Pair>
      <Pair>
        <key>highlight</key>
        <styleUrl>#icon-1739-0288D1-highlight</styleUrl>
      </Pair>
    </StyleMap>
    <Style id="line-A52714-5000-normal">
      <LineStyle>
        <color>ff1427a5</color>
        <width>5</width>
      </LineStyle>
    </Style>
    <Style id="line-A52714-5000-highlight">
      <LineStyle>
        <color>ff1427a5</color>
        <width>7.5</width>
      </LineStyle>
    </Style>
    <StyleMap id="line-A52714-5000">
      <Pair>
        <key>normal</key>
        <styleUrl>#line-A52714-5000-normal</styleUrl>
      </Pair>
      <Pair>
        <key>highlight</key>
        <styleUrl>#line-A52714-5000-highlight</styleUrl>
      </Pair>
    </StyleMap>
    <Style id="line-F9A825-5000-normal">
      <LineStyle>
        <color>ff25a8f9</color>
        <width>5</width>
      </LineStyle>
    </Style>
    <Style id="line-F9A825-5000-highlight">
      <LineStyle>
        <color>ff25a8f9</color>
        <width>7.5</width>
      </LineStyle>
    </Style>
    <StyleMap id="line-F9A825-5000">
      <Pair>
        <key>normal</key>
        <styleUrl>#line-F9A825-5000-normal</styleUrl>
      </Pair>
      <Pair>
        <key>highlight</key>
        <styleUrl>#line-F9A825-5000-highlight</styleUrl>
      </Pair>
    </StyleMap>
    <Folder>
      <name>2020-08-29</name>
      <Placemark>
        <name>Holiday Inn Selma-Swancourt, an IHG Hotel</name>
        <description><![CDATA[description: Hotel from 2020-08-29T03:38:41.418Z to 2020-08-29T16:23:27.262Z. Distance 0m<br>Email: syugen.zhou@gmail.com<br>Category: Hotel<br>Distance: 0]]></description>
        <styleUrl>#icon-1602-0288D1</styleUrl>
        <ExtendedData>
          <Data name="description">
            <value>Hotel from 2020-08-29T03:38:41.418Z to 2020-08-29T16:23:27.262Z. Distance 0m</value>
          </Data>
          <Data name="Email">
            <value>syugen.zhou@gmail.com</value>
          </Data>
          <Data name="Category">
            <value>Hotel</value>
          </Data>
          <Data name="Distance">
            <value>0</value>
          </Data>
        </ExtendedData>
        <Point>
          <coordinates>
            -119.627828,36.573795,0
          </coordinates>
        </Point>
      </Placemark>
      <Placemark>
        <name>Driving</name>
        <description><![CDATA[description: Driving from 2020-08-29T16:23:27.262Z to 2020-08-29T18:39:27.999Z. Distance 106673m<br>Email: syugen.zhou@gmail.com<br>Category: Driving<br>Distance: 106673]]></description>
        <styleUrl>#line-F9A825-5000</styleUrl>
        <ExtendedData>
          <Data name="description">
            <value>Driving from 2020-08-29T16:23:27.262Z to 2020-08-29T18:39:27.999Z. Distance 106673m</value>
          </Data>
          <Data name="Email">
            <value>syugen.zhou@gmail.com</value>
          </Data>
          <Data name="Category">
            <value>Driving</value>
          </Data>
          <Data name="Distance">
            <value>106673</value>
          </Data>
        </ExtendedData>
        <LineString>
          <tessellate>1</tessellate>
          <coordinates>
            -119.627846,36.573254,0
            -119.628071,36.573247,0
            -119.627949,36.572752,0
            -119.628657,36.572751,0
            -119.628617,36.574505,0
            -119.628392,36.57465,0
            -119.628166,36.574658,0
            -119.624206,36.571337,0
            -119.623991,36.571273,0
            -119.549611,36.507694,0
            -119.537222,36.499533,0
            -119.526487,36.494632,0
            -119.511362,36.485561,0
            -119.507894,36.481896,0
            -119.493855,36.460799,0
            -119.491291,36.453411,0
            -119.488948,36.449985,0
            -119.483669,36.444914,0
            -119.430264,36.364301,0
            -119.42913,36.361509,0
            -119.427642,36.351999,0
            -119.426301,36.34934,0
            -119.413188,36.333518,0
            -119.413178,36.333374,0
            -119.412015,36.331643,0
            -119.410793,36.327978,0
            -119.409915,36.327074,0
            -119.409325,36.326786,0
            -119.409302,36.326721,0
            -119.406577,36.326213,0
            -119.405167,36.326281,0
            -119.400737,36.327142,0
            -119.33578,36.327293,0
            -119.330015,36.326949,0
            -119.320437,36.327328,0
            -119.315914,36.326967,0
            -119.281645,36.32682,0
            -119.274745,36.326266,0
            -119.261614,36.327506,0
            -119.255603,36.327038,0
            -119.230389,36.326901,0
            -119.225021,36.326466,0
            -119.218734,36.326789,0
            -119.080133,36.325435,0
            -119.079126,36.325613,0
            -119.078009,36.326045,0
            -119.076722,36.326984,0
            -119.072537,36.33203,0
            -119.070434,36.335349,0
            -119.067041,36.339511,0
            -119.064352,36.341618,0
            -119.042623,36.35411,0
            -119.039113,36.358178,0
            -119.032185,36.369367,0
            -119.027167,36.37503,0
            -119.026382,36.377102,0
            -119.026216,36.380391,0
            -119.025078,36.381675,0
            -119.024857,36.382342,0
            -119.02494,36.385714,0
            -119.02437,36.386185,0
            -119.023496,36.386311,0
            -119.022806,36.386617,0
            -119.022411,36.387049,0
            -119.022147,36.387805,0
            -119.022148,36.394378,0
            -119.021797,36.395222,0
            -119.02102,36.396249,0
            -119.014607,36.401087,0
            -119.013113,36.401758,0
            -119.011982,36.401994,0
            -119.004341,36.402402,0
            -118.993382,36.406004,0
            -118.99164,36.405982,0
            -118.99049,36.405441,0
            -118.989608,36.404497,0
            -118.989313,36.403589,0
            -118.989336,36.402946,0
            -118.991414,36.398084,0
            -118.991287,36.397344,0
            -118.990821,36.396622,0
            -118.990068,36.39606,0
            -118.988513,36.39573,0
            -118.987555,36.395874,0
            -118.986874,36.396174,0
            -118.984845,36.397905,0
            -118.983926,36.398288,0
            -118.98334,36.398378,0
            -118.982005,36.398225,0
            -118.979902,36.397273,0
            -118.978725,36.397075,0
            -118.977356,36.397286,0
            -118.974513,36.398701,0
            -118.973327,36.398881,0
            -118.971854,36.398552,0
            -118.959678,36.390247,0
            -118.952215,36.387181,0
            -118.949138,36.386912,0
            -118.948423,36.387007,0
            -118.947654,36.387298,0
            -118.947127,36.387697,0
            -118.946386,36.388801,0
            -118.946886,36.392824,0
            -118.947451,36.39436,0
            -118.952499,36.400336,0
            -118.952918,36.402351,0
            -118.95272,36.403741,0
            -118.952221,36.404643,0
            -118.951403,36.405457,0
            -118.950564,36.405967,0
            -118.948222,36.406854,0
            -118.947402,36.407552,0
            -118.946013,36.409488,0
            -118.945209,36.40992,0
            -118.939446,36.410498,0
            -118.935177,36.411649,0
            -118.930395,36.411724,0
            -118.928495,36.412161,0
            -118.926351,36.413414,0
            -118.920737,36.420138,0
            -118.916646,36.42186,0
            -118.916008,36.422533,0
            -118.915791,36.422988,0
            -118.915319,36.425976,0
            -118.914703,36.427046,0
            -118.906211,36.436087,0
            -118.901265,36.447609,0
            -118.900824,36.448131,0
            -118.897234,36.450481,0
            -118.895647,36.452024,0
            -118.895216,36.452264,0
            -118.894344,36.453895,0
            -118.894078,36.454073,0
            -118.893532,36.45417,0
            -118.890193,36.453795,0
            -118.888003,36.454119,0
            -118.887644,36.45449,0
            -118.887227,36.455927,0
            -118.886964,36.456314,0
            -118.885648,36.457115,0
            -118.884173,36.457611,0
            -118.876485,36.457817,0
            -118.875132,36.458238,0
            -118.874136,36.458321,0
            -118.872889,36.459145,0
            -118.87154,36.459657,0
            -118.87018,36.46102,0
            -118.870301,36.462828,0
            -118.869283,36.464519,0
            -118.868719,36.464812,0
            -118.867909,36.465724,0
            -118.867374,36.465864,0
            -118.866272,36.465688,0
            -118.864557,36.464518,0
            -118.863894,36.464319,0
            -118.862906,36.464334,0
            -118.861707,36.464879,0
            -118.860926,36.465054,0
            -118.859873,36.46558,0
            -118.859681,36.465777,0
            -118.858717,36.468023,0
            -118.858657,36.469056,0
            -118.859071,36.47036,0
            -118.85895,36.471143,0
            -118.858527,36.471524,0
            -118.856156,36.472187,0
            -118.853982,36.473215,0
            -118.851499,36.475216,0
            -118.847882,36.47616,0
            -118.846547,36.476241,0
            -118.846062,36.475961,0
            -118.845519,36.475972,0
            -118.842926,36.478238,0
            -118.842067,36.478631,0
            -118.840011,36.478774,0
            -118.839611,36.47892,0
            -118.838068,36.480713,0
            -118.837963,36.481159,0
            -118.838287,36.48195,0
            -118.83801,36.482708,0
            -118.837868,36.485734,0
            -118.836901,36.486849,0
            -118.836756,36.4885,0
            -118.836389,36.488789,0
            -118.835283,36.489126,0
            -118.834303,36.489899,0
            -118.833386,36.490081,0
            -118.832515,36.490873,0
            -118.831717,36.491257,0
            -118.83015,36.491326,0
            -118.829722,36.491206,0
            -118.828977,36.490545,0
            -118.828684,36.490457,0
            -118.826476,36.490492,0
            -118.826102,36.490647,0
            -118.825777,36.491131,0
            -118.825726,36.49177,0
            -118.826195,36.492594,0
            -118.826183,36.492725,0
            -118.826062,36.492819,0
            -118.825918,36.492826,0
            -118.82555,36.492612,0
            -118.825168,36.492552,0
            -118.824941,36.492636,0
            -118.824819,36.493144,0
            -118.823519,36.49427,0
            -118.822444,36.495893,0
            -118.822659,36.496699,0
            -118.822591,36.497032,0
            -118.821923,36.497618,0
            -118.821121,36.497657,0
            -118.820402,36.497865,0
            -118.819664,36.497802,0
            -118.818912,36.498128,0
            -118.818374,36.497983,0
            -118.817338,36.498459,0
            -118.81707,36.499223,0
            -118.816607,36.499849,0
            -118.815455,36.500722,0
            -118.81444,36.500604,0
            -118.814194,36.500997,0
            -118.814034,36.501066,0
            -118.813363,36.500757,0
            -118.812622,36.500767,0
            -118.812487,36.500854,0
            -118.812137,36.502194,0
            -118.812256,36.502533,0
            -118.812216,36.502687,0
            -118.81196,36.5029,0
            -118.810552,36.503107,0
            -118.810292,36.503323,0
            -118.810078,36.504254,0
            -118.810288,36.504803,0
            -118.809432,36.50635,0
            -118.809287,36.507194,0
            -118.809131,36.507336,0
            -118.808653,36.507434,0
            -118.808507,36.50759,0
            -118.80856,36.508045,0
            -118.8084,36.508299,0
            -118.807872,36.508478,0
            -118.806621,36.509405,0
            -118.806022,36.509293,0
            -118.805875,36.509331,0
            -118.805519,36.50979,0
            -118.80482,36.509921,0
            -118.803984,36.510726,0
            -118.803406,36.510787,0
            -118.802768,36.511184,0
            -118.80265,36.511383,0
            -118.802722,36.511664,0
            -118.803181,36.512063,0
            -118.803666,36.513369,0
            -118.803001,36.515329,0
            -118.802648,36.515582,0
            -118.800015,36.516036,0
            -118.799705,36.515879,0
            -118.799604,36.515624,0
            -118.799726,36.514241,0
            -118.799346,36.513757,0
            -118.798854,36.513603,0
            -118.795718,36.51413,0
            -118.794505,36.514132,0
            -118.79254,36.513656,0
            -118.789603,36.514269,0
            -118.788548,36.515387,0
            -118.78851,36.515681,0
            -118.788385,36.51573,0
            -118.78798,36.515569,0
            -118.787781,36.515602,0
            -118.787633,36.516161,0
            -118.788192,36.517034,0
            -118.788106,36.517196,0
            -118.786807,36.51737,0
            -118.786516,36.517179,0
            -118.785767,36.515857,0
            -118.785475,36.515727,0
            -118.784995,36.515787,0
            -118.784867,36.515869,0
            -118.784287,36.516995,0
            -118.783752,36.517274,0
            -118.782409,36.518492,0
            -118.78103,36.518509,0
            -118.78028,36.518925,0
            -118.78007,36.519317,0
            -118.779096,36.519657,0
            -118.778759,36.520164,0
            -118.778569,36.520201,0
            -118.778032,36.519711,0
            -118.775229,36.519792,0
            -118.773109,36.519445,0
            -118.771945,36.519746,0
            -118.771278,36.520326,0
            -118.771362,36.520855,0
            -118.771573,36.521088,0
            -118.772121,36.521069,0
            -118.772234,36.521153,0
            -118.772224,36.52125,0
            -118.771544,36.521468,0
            -118.771267,36.521723,0
            -118.771466,36.522454,0
            -118.771246,36.522849,0
            -118.771318,36.523013,0
            -118.77144,36.52302,0
            -118.771549,36.522952,0
            -118.771726,36.522355,0
            -118.77215,36.521823,0
            -118.772307,36.521841,0
            -118.772347,36.521895,0
            -118.772009,36.522864,0
            -118.772216,36.523571,0
            -118.772053,36.524386,0
            -118.772297,36.524793,0
            -118.772288,36.525419,0
            -118.772037,36.525516,0
            -118.771731,36.525401,0
            -118.770148,36.523571,0
            -118.769962,36.523615,0
            -118.769963,36.523752,0
            -118.770494,36.524174,0
            -118.770605,36.524728,0
            -118.771029,36.525453,0
            -118.771119,36.526859,0
            -118.771351,36.526968,0
            -118.772006,36.526816,0
            -118.77266,36.527244,0
            -118.773152,36.527929,0
            -118.774108,36.528669,0
            -118.774925,36.529742,0
            -118.775181,36.52989,0
            -118.775208,36.530025,0
            -118.775134,36.530101,0
            -118.77497,36.530099,0
            -118.774193,36.529375,0
            -118.773909,36.529267,0
            -118.773744,36.529301,0
            -118.773712,36.529449,0
            -118.774199,36.529671,0
            -118.774691,36.530827,0
            -118.77486,36.530868,0
            -118.775275,36.5307,0
            -118.775455,36.530748,0
            -118.776157,36.53169,0
            -118.776533,36.53185,0
            -118.776569,36.531936,0
            -118.776523,36.532023,0
            -118.776417,36.532061,0
            -118.776239,36.532002,0
            -118.775599,36.531385,0
            -118.77536,36.531355,0
            -118.774509,36.531993,0
            -118.774291,36.53202,0
            -118.773828,36.531746,0
            -118.773637,36.531745,0
            -118.773568,36.531911,0
            -118.774748,36.532431,0
            -118.774942,36.532414,0
            -118.775239,36.532202,0
            -118.775641,36.532234,0
            -118.777265,36.533612,0
            -118.778046,36.535116,0
            -118.77801,36.535253,0
            -118.777744,36.535278,0
            -118.777107,36.534055,0
            -118.776334,36.533898,0
            -118.775765,36.534257,0
            -118.774834,36.533804,0
            -118.774571,36.533492,0
            -118.773792,36.53332,0
            -118.77281,36.533461,0
            -118.772097,36.533934,0
            -118.771872,36.533919,0
            -118.771035,36.53315,0
            -118.77086,36.533156,0
            -118.770803,36.53328,0
            -118.771262,36.533648,0
            -118.771448,36.534306,0
            -118.771556,36.53434,0
            -118.772405,36.534228,0
            -118.77288,36.534019,0
            -118.773726,36.534185,0
            -118.774389,36.534983,0
            -118.77456,36.535572,0
            -118.774146,36.536688,0
            -118.77445,36.53718,0
            -118.774439,36.53776,0
            -118.774524,36.537835,0
            -118.774959,36.537924,0
            -118.775321,36.537871,0
            -118.776085,36.537498,0
            -118.776409,36.537516,0
            -118.7767,36.5378,0
            -118.776976,36.538533,0
            -118.776944,36.539065,0
            -118.777409,36.539345,0
            -118.777709,36.540099,0
            -118.777627,36.540194,0
            -118.777519,36.540189,0
            -118.777186,36.539486,0
            -118.776746,36.539396,0
            -118.776484,36.53875,0
            -118.77633,36.538734,0
            -118.776282,36.538796,0
            -118.776561,36.539557,0
            -118.776973,36.539778,0
            -118.777222,36.540543,0
            -118.777965,36.540817,0
            -118.779259,36.541806,0
            -118.779478,36.541868,0
            -118.779626,36.54183,0
            -118.780224,36.539772,0
            -118.780338,36.539698,0
            -118.780591,36.539717,0
            -118.780867,36.539982,0
            -118.781056,36.540049,0
            -118.781406,36.53991,0
            -118.781628,36.539939,0
            -118.782061,36.540208,0
            -118.782618,36.540247,0
            -118.782784,36.540089,0
            -118.782099,36.536579,0
            -118.782178,36.536271,0
            -118.78227,36.536223,0
            -118.782409,36.536288,0
            -118.78236,36.536928,0
            -118.782746,36.538167,0
            -118.783946,36.540195,0
            -118.783972,36.540814,0
            -118.783871,36.54102,0
            -118.782272,36.5413,0
            -118.781641,36.541551,0
            -118.781511,36.541971,0
            -118.782063,36.542806,0
            -118.782026,36.543152,0
            -118.781766,36.543507,0
            -118.781664,36.543984,0
            -118.781064,36.544248,0
            -118.780403,36.544829,0
            -118.780153,36.544821,0
            -118.779188,36.544325,0
            -118.778408,36.544183,0
            -118.778363,36.544223,0
            -118.778379,36.544303,0
            -118.779035,36.54444,0
            -118.780335,36.545393,0
            -118.78059,36.545407,0
            -118.781416,36.544685,0
            -118.781967,36.544705,0
            -118.782942,36.544087,0
            -118.783536,36.5432,0
            -118.783466,36.542722,0
            -118.783537,36.542615,0
            -118.784325,36.542738,0
            -118.784699,36.542661,0
            -118.785171,36.542161,0
            -118.785292,36.541767,0
            -118.785532,36.541565,0
            -118.785696,36.541574,0
            -118.786662,36.542065,0
            -118.786663,36.542165,0
            -118.785949,36.543159,0
            -118.786386,36.544728,0
            -118.785429,36.546379,0
            -118.785469,36.546511,0
            -118.786394,36.547092,0
            -118.786393,36.547277,0
            -118.78553,36.548757,0
            -118.784463,36.549314,0
            -118.784433,36.549469,0
            -118.785104,36.54997,0
            -118.7857,36.550076,0
            -118.785986,36.550246,0
            -118.786445,36.55093,0
            -118.787554,36.55137,0
            -118.78763,36.551709,0
            -118.78666,36.552906,0
            -118.786619,36.553099,0
            -118.787378,36.555246,0
            -118.787355,36.555645,0
            -118.787641,36.556081,0
            -118.787719,36.556667,0
            -118.788015,36.557135,0
            -118.787964,36.558321,0
            -118.788508,36.558723,0
            -118.788932,36.558841,0
            -118.789027,36.55903,0
            -118.788705,36.559324,0
            -118.788564,36.559334,0
            -118.788173,36.559163,0
            -118.78766,36.559117,0
            -118.787112,36.558648,0
            -118.786633,36.558604,0
            -118.78468,36.558947,0
            -118.784419,36.558845,0
            -118.784086,36.558306,0
            -118.782697,36.557627,0
            -118.782509,36.557675,0
            -118.782489,36.55782,0
            -118.782742,36.558023,0
            -118.782709,36.558202,0
            -118.782512,36.558216,0
            -118.780792,36.557076,0
            -118.780569,36.556736,0
            -118.779296,36.555678,0
            -118.779331,36.55542,0
            -118.779654,36.555283,0
            -118.780245,36.555435,0
            -118.780432,36.555412,0
            -118.781425,36.554801,0
            -118.782506,36.554942,0
            -118.782847,36.555332,0
            -118.783684,36.555854,0
            -118.783973,36.555808,0
            -118.784006,36.5556,0
            -118.78323,36.55499,0
            -118.782722,36.554291,0
            -118.7825,36.554179,0
            -118.781957,36.554126,0
            -118.781422,36.553903,0
            -118.777894,36.553308,0
            -118.777383,36.553336,0
            -118.776653,36.55312,0
            -118.775321,36.553346,0
            -118.774676,36.553095,0
            -118.773862,36.553314,0
            -118.773864,36.553474,0
            -118.7751,36.555156,0
            -118.775267,36.555943,0
            -118.77501,36.55673,0
            -118.775248,36.558647,0
            -118.775987,36.559913,0
            -118.776051,36.560811,0
            -118.775733,36.561917,0
            -118.774741,36.562679,0
            -118.774729,36.563139,0
            -118.774338,36.563993,0
            -118.773947,36.564221,0
            -118.774192,36.564741,0
            -118.773831,36.564825,0
            -118.773645,36.564973,0
            -118.773187,36.566488,0
            -118.773294,36.566625,0
            -118.773642,36.566615,0
            -118.774245,36.56616,0
          </coordinates>
        </LineString>
      </Placemark>
      <Placemark>
        <name>Driving</name>
        <description><![CDATA[description: Driving from 2020-08-29T18:49:25.000Z to 2020-08-29T19:55:00.000Z. Distance 11065m<br>Email: syugen.zhou@gmail.com<br>Category: Driving<br>Distance: 11065]]></description>
        <styleUrl>#line-F9A825-5000</styleUrl>
        <ExtendedData>
          <Data name="description">
            <value>Driving from 2020-08-29T18:49:25.000Z to 2020-08-29T19:55:00.000Z. Distance 11065m</value>
          </Data>
          <Data name="Email">
            <value>syugen.zhou@gmail.com</value>
          </Data>
          <Data name="Category">
            <value>Driving</value>
          </Data>
          <Data name="Distance">
            <value>11065</value>
          </Data>
        </ExtendedData>
        <LineString>
          <tessellate>1</tessellate>
          <coordinates>
            -118.774784,36.566709,0
            -118.774692,36.566187,0
            -118.774639,36.566118,0
            -118.774522,36.566087,0
            -118.774234,36.566165,0
            -118.773642,36.566615,0
            -118.773501,36.566653,0
            -118.773294,36.566625,0
            -118.773187,36.566488,0
            -118.773199,36.5662,0
            -118.773511,36.565566,0
            -118.773645,36.564973,0
            -118.773831,36.564825,0
            -118.774161,36.564771,0
            -118.774192,36.564741,0
            -118.77412,36.564463,0
            -118.773947,36.564221,0
            -118.773443,36.564577,0
            -118.773304,36.56438,0
            -118.773891,36.563867,0
            -118.773496,36.56229,0
            -118.77377,36.561538,0
            -118.773725,36.560667,0
            -118.772729,36.559902,0
            -118.772677,36.559791,0
            -118.772683,36.559462,0
            -118.772535,36.559022,0
            -118.77245,36.558928,0
            -118.770817,36.558484,0
            -118.77049,36.558285,0
            -118.770367,36.558109,0
            -118.770537,36.55777,0
            -118.770555,36.557508,0
            -118.770482,36.557398,0
            -118.769877,36.557118,0
            -118.769828,36.556996,0
            -118.770184,36.556251,0
            -118.770195,36.555979,0
            -118.769867,36.555313,0
            -118.769927,36.554784,0
            -118.769598,36.554415,0
            -118.769509,36.553601,0
            -118.769043,36.553183,0
            -118.769001,36.553027,0
            -118.769086,36.552868,0
            -118.769313,36.552736,0
            -118.769332,36.551976,0
            -118.76817,36.550983,0
            -118.767424,36.550678,0
            -118.767081,36.550662,0
            -118.766543,36.550764,0
            -118.7648,36.550487,0
            -118.76447,36.550545,0
            -118.763788,36.550916,0
            -118.763344,36.551707,0
            -118.762918,36.551948,0
            -118.762201,36.552159,0
            -118.76162,36.552451,0
            -118.761357,36.552909,0
            -118.761075,36.553049,0
            -118.760967,36.55319,0
            -118.761014,36.553304,0
            -118.761286,36.55355,0
            -118.761892,36.553838,0
            -118.761986,36.553929,0
            -118.761961,36.554093,0
            -118.761883,36.55415,0
            -118.759852,36.5538,0
            -118.759614,36.553656,0
            -118.759407,36.552906,0
            -118.759053,36.552549,0
            -118.758354,36.552552,0
            -118.757879,36.552355,0
            -118.757574,36.552397,0
            -118.757198,36.552708,0
            -118.756882,36.552833,0
            -118.755774,36.552967,0
            -118.755502,36.553075,0
            -118.754717,36.553982,0
            -118.7538,36.55453,0
            -118.753645,36.55456,0
            -118.753457,36.554515,0
            -118.752442,36.55396,0
            -118.751831,36.553943,0
            -118.75102,36.554203,0
            -118.749994,36.554267,0
            -118.748935,36.554554,0
            -118.748898,36.554608,0
            -118.74908,36.554946,0
            -118.749149,36.554988,0
            -118.749374,36.555017,0
            -118.749685,36.554968,0
            -118.749873,36.554842,0
            -118.750273,36.554266,0
            -118.75102,36.554203,0
            -118.751831,36.553943,0
            -118.752442,36.55396,0
            -118.753457,36.554515,0
            -118.753645,36.55456,0
            -118.7538,36.55453,0
            -118.754717,36.553983,0
            -118.755502,36.553075,0
            -118.755774,36.552967,0
            -118.756882,36.552833,0
            -118.757198,36.552708,0
            -118.757574,36.552397,0
            -118.757879,36.552355,0
            -118.758354,36.552552,0
            -118.759053,36.552549,0
            -118.759407,36.552906,0
            -118.759614,36.553656,0
            -118.759852,36.5538,0
            -118.761883,36.55415,0
            -118.761961,36.554093,0
            -118.761986,36.553929,0
            -118.761892,36.553838,0
            -118.761286,36.55355,0
            -118.761014,36.553304,0
            -118.760967,36.55319,0
            -118.761075,36.553049,0
            -118.761357,36.552909,0
            -118.76162,36.552451,0
            -118.762201,36.552159,0
            -118.762918,36.551948,0
            -118.763344,36.551707,0
            -118.763788,36.550916,0
            -118.76447,36.550545,0
            -118.7648,36.550487,0
            -118.766543,36.550764,0
            -118.767081,36.550662,0
            -118.767424,36.550678,0
            -118.76817,36.550983,0
            -118.769332,36.551976,0
            -118.769313,36.552736,0
            -118.769086,36.552868,0
            -118.769001,36.553027,0
            -118.769043,36.553183,0
            -118.769509,36.553601,0
            -118.769598,36.554415,0
            -118.769927,36.554784,0
            -118.769867,36.555313,0
            -118.770195,36.555979,0
            -118.770184,36.556251,0
            -118.769828,36.556996,0
            -118.769877,36.557118,0
            -118.770482,36.557398,0
            -118.770555,36.557508,0
            -118.770537,36.55777,0
            -118.770367,36.558109,0
            -118.77049,36.558285,0
            -118.770817,36.558484,0
            -118.77245,36.558928,0
            -118.772535,36.559022,0
            -118.772683,36.559462,0
            -118.772677,36.559791,0
            -118.772729,36.559902,0
            -118.773725,36.560667,0
            -118.77377,36.561538,0
            -118.773496,36.56229,0
            -118.773891,36.563867,0
            -118.773304,36.56438,0
            -118.773443,36.564577,0
            -118.772728,36.565517,0
            -118.772319,36.565647,0
            -118.770211,36.565522,0
            -118.768313,36.564989,0
            -118.767207,36.564994,0
            -118.766591,36.565159,0
            -118.766142,36.565399,0
            -118.765763,36.565974,0
            -118.765657,36.566529,0
            -118.765795,36.56752,0
            -118.765425,36.568206,0
            -118.765366,36.568503,0
            -118.765605,36.569742,0
            -118.766617,36.570676,0
            -118.767023,36.570924,0
            -118.76729,36.5713,0
            -118.76733,36.571527,0
            -118.767252,36.571843,0
            -118.76622,36.573169,0
            -118.765651,36.573363,0
            -118.76536,36.573346,0
            -118.764797,36.573124,0
            -118.764329,36.573082,0
            -118.763917,36.573177,0
            -118.762933,36.573791,0
            -118.762311,36.57442,0
            -118.76211,36.574535,0
            -118.761786,36.574616,0
            -118.760885,36.57461,0
            -118.759737,36.575024,0
            -118.758371,36.575284,0
            -118.758151,36.57539,0
            -118.757448,36.576308,0
            -118.757143,36.576504,0
            -118.756822,36.576548,0
            -118.756087,36.576353,0
            -118.755731,36.576425,0
            -118.754938,36.577035,0
            -118.754682,36.577128,0
            -118.754118,36.577091,0
            -118.753732,36.577236,0
            -118.752984,36.577864,0
            -118.752464,36.578925,0
            -118.751568,36.57955,0
            -118.751522,36.579699,0
            -118.751548,36.579806,0
            -118.75188,36.580106,0
            -118.752261,36.580747,0
            -118.753384,36.581523,0
            -118.753548,36.58179,0
            -118.753719,36.582648,0
            -118.75359,36.583294,0
            -118.752874,36.584783,0
            -118.752366,36.586428,0
            -118.752391,36.58806,0
            -118.752227,36.588045,0
            -118.751947,36.588206,0
            -118.751805,36.588442,0
            -118.751906,36.589714,0
            -118.751739,36.590387,0
            -118.751542,36.590736,0
            -118.750744,36.591511,0
            -118.750373,36.591658,0
            -118.749388,36.591774,0
            -118.748909,36.591946,0
            -118.747615,36.593086,0
            -118.747293,36.59321,0
            -118.746573,36.593244,0
            -118.746598,36.592996,0
            -118.74682,36.592731,0
            -118.747566,36.592327,0
            -118.747826,36.592078,0
            -118.747993,36.591691,0
            -118.748055,36.59092,0
            -118.748357,36.590594,0
            -118.748441,36.590305,0
            -118.748194,36.589543,0
            -118.748321,36.588636,0
            -118.748622,36.588132,0
            -118.748652,36.587854,0
            -118.749176,36.586884,0
            -118.749192,36.585976,0
            -118.749306,36.585798,0
            -118.749538,36.585679,0
            -118.750338,36.585508,0
            -118.750156,36.585275,0
            -118.749979,36.585164,0
            -118.749649,36.585149,0
            -118.748901,36.585441,0
            -118.74871,36.585349,0
            -118.748692,36.585251,0
            -118.748758,36.585161,0
            -118.74967,36.584876,0
            -118.75024,36.584965,0
            -118.750543,36.585255,0
            -118.750537,36.585385,0
            -118.750338,36.585508,0
            -118.750281,36.585424,0
          </coordinates>
        </LineString>
      </Placemark>
      <Placemark>
        <name>General Sherman Tree Car Park</name>
        <description><![CDATA[description: Parking lot from 2020-08-29T19:55:00.000Z to 2020-08-29T19:57:00.000Z. Distance 0m<br>Email: syugen.zhou@gmail.com<br>Category: Parking lot<br>Distance: 0]]></description>
        <styleUrl>#icon-1535-0288D1</styleUrl>
        <ExtendedData>
          <Data name="description">
            <value>Parking lot from 2020-08-29T19:55:00.000Z to 2020-08-29T19:57:00.000Z. Distance 0m</value>
          </Data>
          <Data name="Email">
            <value>syugen.zhou@gmail.com</value>
          </Data>
          <Data name="Category">
            <value>Parking lot</value>
          </Data>
          <Data name="Distance">
            <value>0</value>
          </Data>
        </ExtendedData>
        <Point>
          <coordinates>
            -118.749737,36.584831,0
          </coordinates>
        </Point>
      </Placemark>
      <Placemark>
        <name>Walking</name>
        <description><![CDATA[description: Walking from 2020-08-29T19:57:00.000Z to 2020-08-29T20:13:06.645Z. Distance 615m<br>Email: syugen.zhou@gmail.com<br>Category: Walking<br>Distance: 615]]></description>
        <styleUrl>#line-F9A825-5000</styleUrl>
        <ExtendedData>
          <Data name="description">
            <value>Walking from 2020-08-29T19:57:00.000Z to 2020-08-29T20:13:06.645Z. Distance 615m</value>
          </Data>
          <Data name="Email">
            <value>syugen.zhou@gmail.com</value>
          </Data>
          <Data name="Category">
            <value>Walking</value>
          </Data>
          <Data name="Distance">
            <value>615</value>
          </Data>
        </ExtendedData>
        <LineString>
          <tessellate>1</tessellate>
          <coordinates>
            -118.749737,36.584876,0
            -118.749686,36.584876,0
            -118.749685,36.58481,0
            -118.749715,36.584793,0
            -118.749814,36.584777,0
            -118.749802,36.5846,0
            -118.74987,36.584523,0
            -118.749967,36.584507,0
            -118.750035,36.584423,0
            -118.750116,36.584396,0
            -118.750286,36.584381,0
            -118.750344,36.584349,0
            -118.750392,36.58416,0
            -118.750981,36.583783,0
            -118.752139,36.583194,0
            -118.752218,36.583186,0
            -118.752231,36.583156,0
            -118.75222,36.583117,0
            -118.751131,36.583062,0
            -118.750973,36.582985,0
            -118.750949,36.582911,0
            -118.750962,36.582716,0
            -118.750914,36.582566,0
            -118.750928,36.582502,0
            -118.750718,36.581905,0
            -118.750805,36.581833,0
            -118.750813,36.58172,0
            -118.750749,36.581641,0
            -118.750448,36.581568,0
            -118.750375,36.581498,0
            -118.750313,36.581325,0
            -118.750311,36.581046,0
            -118.750327,36.58101,0
            -118.750502,36.581001,0
            -118.750693,36.581143,0
            -118.751605,36.581544,0
            -118.751663,36.581617,0
            -118.751665,36.58167,0
            -118.751603,36.581778,0
            -118.751491,36.581835,0
            -118.751359,36.581837,0
            -118.751304,36.581811,0
            -118.751215,36.581725,0
            -118.751213,36.581641,0
            -118.75134,36.581445,0
            -118.751512,36.581513,0
            -118.751552,36.581488,0
            -118.751588,36.581483,0
            -118.752093,36.58159,0
            -118.752293,36.581544,0
            -118.752296,36.581533,0
            -118.75228,36.581504,0
            -118.751828,36.581339,0
            -118.751752,36.581266,0
            -118.751675,36.581105,0
            -118.751658,36.580938,0
            -118.751635,36.580893,0
            -118.75149,36.580783,0
            -118.751481,36.580711,0
            -118.75145,36.580684,0
            -118.751445,36.580592,0
            -118.751401,36.58059,0
            -118.751105,36.580915,0
            -118.751033,36.580948,0
            -118.750988,36.580949,0
            -118.75092,36.580918,0
            -118.750871,36.580866,0
            -118.750657,36.580835,0
            -118.750601,36.580853,0
            -118.750558,36.58089,0
            -118.750502,36.581001,0
            -118.750327,36.58101,0
            -118.750311,36.581046,0
            -118.750313,36.581325,0
            -118.750375,36.581498,0
            -118.750448,36.581568,0
            -118.750749,36.581641,0
            -118.750813,36.58172,0
            -118.750805,36.581833,0
            -118.750718,36.581905,0
            -118.750928,36.582502,0
            -118.750914,36.582566,0
            -118.750962,36.582716,0
            -118.750949,36.582911,0
            -118.750973,36.582985,0
            -118.751131,36.583062,0
            -118.75222,36.583117,0
            -118.752231,36.583156,0
            -118.752218,36.583186,0
            -118.752139,36.583194,0
            -118.750981,36.583783,0
            -118.750392,36.58416,0
            -118.750344,36.584348,0
            -118.750286,36.584381,0
            -118.750116,36.584396,0
            -118.750035,36.584423,0
            -118.749967,36.584507,0
            -118.74987,36.584523,0
            -118.749802,36.5846,0
            -118.749802,36.584689,0
          </coordinates>
        </LineString>
      </Placemark>
      <Placemark>
        <name>Driving</name>
        <description><![CDATA[description: Driving from 2020-08-29T20:13:06.645Z to 2020-08-30T01:27:58.006Z. Distance 394813m<br>Email: syugen.zhou@gmail.com<br>Category: Driving<br>Distance: 394813]]></description>
        <styleUrl>#line-F9A825-5000</styleUrl>
        <ExtendedData>
          <Data name="description">
            <value>Driving from 2020-08-29T20:13:06.645Z to 2020-08-30T01:27:58.006Z. Distance 394813m</value>
          </Data>
          <Data name="Email">
            <value>syugen.zhou@gmail.com</value>
          </Data>
          <Data name="Category">
            <value>Driving</value>
          </Data>
          <Data name="Distance">
            <value>394813</value>
          </Data>
        </ExtendedData>
        <LineString>
          <tessellate>1</tessellate>
          <coordinates>
            -118.750237,36.584964,0
            -118.750543,36.585255,0
            -118.750537,36.585385,0
            -118.749306,36.585798,0
            -118.749192,36.585976,0
            -118.749176,36.586884,0
            -118.748652,36.587854,0
            -118.748622,36.588131,0
            -118.748321,36.588636,0
            -118.748194,36.589543,0
            -118.748441,36.590305,0
            -118.748357,36.590594,0
            -118.748055,36.59092,0
            -118.747826,36.592077,0
            -118.74682,36.592731,0
            -118.746598,36.592995,0
            -118.746573,36.593244,0
            -118.747293,36.593209,0
            -118.747615,36.593086,0
            -118.748909,36.591946,0
            -118.750373,36.591658,0
            -118.750744,36.591511,0
            -118.751542,36.590736,0
            -118.751906,36.589714,0
            -118.751805,36.588442,0
            -118.751947,36.588206,0
            -118.752227,36.588045,0
            -118.752391,36.58806,0
            -118.752242,36.590337,0
            -118.750968,36.592966,0
            -118.748327,36.59506,0
            -118.748146,36.595419,0
            -118.748165,36.596758,0
            -118.747848,36.597428,0
            -118.744499,36.599421,0
            -118.742165,36.601551,0
            -118.741506,36.601838,0
            -118.737352,36.602655,0
            -118.7347,36.6036,0
            -118.734334,36.60387,0
            -118.734172,36.604356,0
            -118.734214,36.604565,0
            -118.73451,36.604907,0
            -118.734944,36.605094,0
            -118.735495,36.605138,0
            -118.737618,36.604708,0
            -118.740558,36.605235,0
            -118.741832,36.605743,0
            -118.74333,36.605723,0
            -118.743924,36.605877,0
            -118.746623,36.607204,0
            -118.746913,36.607254,0
            -118.747461,36.607169,0
            -118.749773,36.604736,0
            -118.750453,36.604309,0
            -118.754618,36.603614,0
            -118.755398,36.603717,0
            -118.756468,36.604164,0
            -118.757339,36.604339,0
            -118.760658,36.604368,0
            -118.762707,36.603961,0
            -118.763967,36.604379,0
            -118.76533,36.605238,0
            -118.765925,36.605443,0
            -118.769117,36.605099,0
            -118.769719,36.605178,0
            -118.770453,36.605484,0
            -118.771671,36.60699,0
            -118.771905,36.607124,0
            -118.773013,36.607058,0
            -118.774163,36.607436,0
            -118.77516,36.607574,0
            -118.775639,36.60781,0
            -118.776891,36.610023,0
            -118.77713,36.610215,0
            -118.777579,36.610318,0
            -118.77885,36.609987,0
            -118.779386,36.610025,0
            -118.780211,36.610395,0
            -118.780987,36.610544,0
            -118.78131,36.610734,0
            -118.781822,36.611357,0
            -118.782767,36.611876,0
            -118.782949,36.612162,0
            -118.782719,36.613749,0
            -118.782967,36.61462,0
            -118.782909,36.615879,0
            -118.783121,36.616398,0
            -118.783535,36.616849,0
            -118.784315,36.617167,0
            -118.7849,36.617171,0
            -118.785437,36.617013,0
            -118.785795,36.61678,0
            -118.78939,36.611832,0
            -118.791139,36.611024,0
            -118.79166,36.610378,0
            -118.792721,36.606823,0
            -118.794397,36.605348,0
            -118.794699,36.605205,0
            -118.795133,36.605164,0
            -118.795567,36.605283,0
            -118.795793,36.605442,0
            -118.797402,36.608328,0
            -118.797875,36.60851,0
            -118.798464,36.608361,0
            -118.799477,36.606737,0
            -118.800601,36.6062,0
            -118.801033,36.605313,0
            -118.801387,36.605034,0
            -118.801749,36.60491,0
            -118.803009,36.605037,0
            -118.803581,36.604972,0
            -118.804546,36.604608,0
            -118.805153,36.604668,0
            -118.805448,36.604823,0
            -118.805703,36.605145,0
            -118.805812,36.607081,0
            -118.806608,36.608156,0
            -118.807665,36.611202,0
            -118.807834,36.613618,0
            -118.809334,36.619687,0
            -118.809148,36.620868,0
            -118.806965,36.624262,0
            -118.804772,36.629074,0
            -118.804218,36.629852,0
            -118.804182,36.630413,0
            -118.804398,36.631007,0
            -118.804344,36.632472,0
            -118.805285,36.635294,0
            -118.804977,36.637131,0
            -118.804593,36.637471,0
            -118.803133,36.637874,0
            -118.802814,36.638176,0
            -118.802701,36.638457,0
            -118.802808,36.638992,0
            -118.803114,36.639294,0
            -118.80363,36.639468,0
            -118.805771,36.639031,0
            -118.806599,36.639106,0
            -118.807225,36.639494,0
            -118.807495,36.639964,0
            -118.807534,36.641458,0
            -118.80716,36.642137,0
            -118.804335,36.645243,0
            -118.804214,36.645567,0
            -118.804348,36.646052,0
            -118.804872,36.646406,0
            -118.805371,36.646453,0
            -118.805966,36.6462,0
            -118.806495,36.645576,0
            -118.808071,36.644913,0
            -118.80918,36.643999,0
            -118.809709,36.643825,0
            -118.810357,36.643833,0
            -118.811122,36.644198,0
            -118.813543,36.646704,0
            -118.814299,36.646868,0
            -118.814919,36.646661,0
            -118.815169,36.646408,0
            -118.81609,36.644462,0
            -118.816636,36.643908,0
            -118.817693,36.643261,0
            -118.819185,36.642844,0
            -118.820712,36.642855,0
            -118.822403,36.643393,0
            -118.823319,36.644016,0
            -118.823982,36.644784,0
            -118.824699,36.646415,0
            -118.826851,36.648445,0
            -118.827007,36.648909,0
            -118.826527,36.649948,0
            -118.82659,36.650289,0
            -118.827549,36.651007,0
            -118.82812,36.652065,0
            -118.828756,36.652321,0
            -118.829468,36.652301,0
            -118.832749,36.650762,0
            -118.833534,36.650043,0
            -118.834086,36.649864,0
            -118.8348,36.65002,0
            -118.835892,36.65088,0
            -118.836291,36.651712,0
            -118.836211,36.652242,0
            -118.835481,36.653358,0
            -118.835387,36.653931,0
            -118.835742,36.656478,0
            -118.836422,36.658123,0
            -118.836421,36.658562,0
            -118.835153,36.661671,0
            -118.834685,36.662075,0
            -118.83256,36.66273,0
            -118.832097,36.663005,0
            -118.831644,36.663631,0
            -118.831611,36.664108,0
            -118.831765,36.664556,0
            -118.832061,36.664917,0
            -118.832981,36.665426,0
            -118.833891,36.665658,0
            -118.834979,36.665671,0
            -118.84542,36.663688,0
            -118.847456,36.663909,0
            -118.849313,36.664839,0
            -118.850189,36.665745,0
            -118.850779,36.667044,0
            -118.850868,36.668006,0
            -118.849641,36.672374,0
            -118.849714,36.67284,0
            -118.850043,36.673264,0
            -118.850747,36.673558,0
            -118.85201,36.673579,0
            -118.852886,36.673986,0
            -118.853305,36.674645,0
            -118.853626,36.678536,0
            -118.853936,36.679216,0
            -118.855535,36.680975,0
            -118.855668,36.681365,0
            -118.855597,36.682449,0
            -118.855729,36.682763,0
            -118.856168,36.683165,0
            -118.857315,36.683772,0
            -118.857663,36.684449,0
            -118.857613,36.685003,0
            -118.85663,36.6864,0
            -118.856597,36.687065,0
            -118.856852,36.687523,0
            -118.857376,36.687892,0
            -118.857922,36.688016,0
            -118.858422,36.687993,0
            -118.86056,36.687013,0
            -118.863679,36.686341,0
            -118.864391,36.686383,0
            -118.864957,36.686612,0
            -118.865984,36.687713,0
            -118.866478,36.687955,0
            -118.866957,36.688038,0
            -118.869632,36.68782,0
            -118.870183,36.687894,0
            -118.870642,36.688093,0
            -118.871128,36.688537,0
            -118.871316,36.689089,0
            -118.871266,36.69078,0
            -118.871086,36.691191,0
            -118.868762,36.693902,0
            -118.867224,36.697495,0
            -118.867167,36.698308,0
            -118.867755,36.700521,0
            -118.868134,36.700868,0
            -118.868534,36.701012,0
            -118.869113,36.701,0
            -118.870977,36.700185,0
            -118.872624,36.698876,0
            -118.873262,36.698733,0
            -118.874649,36.69893,0
            -118.87547,36.698821,0
            -118.875904,36.698598,0
            -118.877362,36.697272,0
            -118.878057,36.697178,0
            -118.878557,36.697344,0
            -118.87884,36.697581,0
            -118.879004,36.697999,0
            -118.877906,36.7019,0
            -118.87795,36.70222,0
            -118.879251,36.704084,0
            -118.88033,36.70437,0
            -118.88126,36.704924,0
            -118.883773,36.705642,0
            -118.885713,36.70701,0
            -118.886134,36.708098,0
            -118.886372,36.708316,0
            -118.888304,36.709005,0
            -118.889478,36.709844,0
            -118.889994,36.710612,0
            -118.890939,36.713239,0
            -118.891478,36.713689,0
            -118.893732,36.71393,0
            -118.894297,36.714108,0
            -118.895261,36.714689,0
            -118.895794,36.715271,0
            -118.896899,36.717511,0
            -118.896894,36.71877,0
            -118.897229,36.719249,0
            -118.897743,36.719437,0
            -118.898209,36.719386,0
            -118.900702,36.718253,0
            -118.901256,36.717596,0
            -118.901461,36.716607,0
            -118.901824,36.716271,0
            -118.902275,36.716106,0
            -118.902815,36.716119,0
            -118.905728,36.717517,0
            -118.906327,36.718088,0
            -118.906819,36.718905,0
            -118.907139,36.720261,0
            -118.907583,36.720892,0
            -118.90809,36.721243,0
            -118.909104,36.721513,0
            -118.91362,36.720889,0
            -118.914256,36.720958,0
            -118.915246,36.721476,0
            -118.915666,36.721575,0
            -118.916125,36.721518,0
            -118.916666,36.721094,0
            -118.917023,36.72011,0
            -118.917901,36.719045,0
            -118.91829,36.718805,0
            -118.918762,36.718741,0
            -118.919412,36.718976,0
            -118.920497,36.71988,0
            -118.920874,36.720049,0
            -118.921422,36.72009,0
            -118.921946,36.719903,0
            -118.922325,36.719539,0
            -118.92411,36.716078,0
            -118.924483,36.715861,0
            -118.925104,36.715801,0
            -118.925701,36.716005,0
            -118.928808,36.718784,0
            -118.929202,36.718896,0
            -118.931126,36.718587,0
            -118.932433,36.718958,0
            -118.934277,36.718891,0
            -118.935956,36.718365,0
            -118.936754,36.717763,0
            -118.9388,36.716836,0
            -118.939917,36.715968,0
            -118.940502,36.715894,0
            -118.9408,36.715969,0
            -118.941216,36.716245,0
            -118.941369,36.716509,0
            -118.941395,36.71723,0
            -118.94159,36.71755,0
            -118.942205,36.717843,0
            -118.943245,36.717765,0
            -118.943639,36.717833,0
            -118.944903,36.718714,0
            -118.947386,36.719177,0
            -118.948563,36.718886,0
            -118.950426,36.718062,0
            -118.951687,36.717896,0
            -118.953307,36.718206,0
            -118.954439,36.718118,0
            -118.954791,36.718265,0
            -118.955049,36.718511,0
            -118.955176,36.719007,0
            -118.954546,36.720075,0
            -118.954204,36.721531,0
            -118.954424,36.722528,0
            -118.955474,36.72417,0
            -118.956347,36.723833,0
            -118.9578,36.722685,0
            -118.958264,36.722523,0
            -118.958657,36.722523,0
            -118.960012,36.722949,0
            -118.960687,36.722882,0
            -118.962412,36.722233,0
            -118.963848,36.722224,0
            -118.965228,36.722632,0
            -118.966619,36.722513,0
            -118.967112,36.722586,0
            -118.968481,36.723351,0
            -118.969122,36.72344,0
            -118.970028,36.723183,0
            -118.970489,36.722754,0
            -118.970671,36.722299,0
            -118.970479,36.721484,0
            -118.969879,36.720999,0
            -118.969315,36.720831,0
            -118.968853,36.720832,0
            -118.967462,36.721383,0
            -118.966936,36.721395,0
            -118.96638,36.721115,0
            -118.965999,36.720291,0
            -118.96573,36.720027,0
            -118.964407,36.719429,0
            -118.963912,36.718994,0
            -118.963579,36.718386,0
            -118.963526,36.7179,0
            -118.964308,36.714953,0
            -118.964591,36.714659,0
            -118.964966,36.714485,0
            -118.965582,36.714449,0
            -118.967273,36.714958,0
            -118.967615,36.7152,0
            -118.968524,36.716369,0
            -118.96891,36.716507,0
            -118.969289,36.716519,0
            -118.969919,36.716238,0
            -118.970787,36.715289,0
            -118.971237,36.71382,0
            -118.971521,36.713404,0
            -118.972172,36.713053,0
            -118.972951,36.712994,0
            -118.973672,36.713253,0
            -118.974235,36.713627,0
            -118.975709,36.714068,0
            -118.977309,36.714972,0
            -118.977756,36.715006,0
            -118.978985,36.714698,0
            -118.979424,36.714813,0
            -118.979715,36.715004,0
            -118.980122,36.715656,0
            -118.981278,36.716261,0
            -118.981982,36.716947,0
            -118.983482,36.717758,0
            -118.983837,36.71813,0
            -118.984222,36.719193,0
            -118.984661,36.719723,0
            -118.985313,36.720045,0
            -118.987491,36.720482,0
            -118.988557,36.72104,0
            -118.990425,36.723266,0
            -118.991114,36.723533,0
            -118.99161,36.723559,0
            -118.992194,36.72343,0
            -118.99267,36.723159,0
            -118.993067,36.722659,0
            -118.993089,36.720655,0
            -118.993313,36.720406,0
            -118.993885,36.720165,0
            -118.995815,36.720385,0
            -118.997086,36.720271,0
            -118.99923,36.719717,0
            -119.000372,36.719726,0
            -119.001237,36.719898,0
            -119.005951,36.722522,0
            -119.009261,36.72336,0
            -119.01101,36.724458,0
            -119.012293,36.724985,0
            -119.01299,36.725506,0
            -119.013549,36.726558,0
            -119.014783,36.727751,0
            -119.01538,36.729217,0
            -119.021447,36.734263,0
            -119.022848,36.735809,0
            -119.023064,36.736334,0
            -119.023055,36.737288,0
            -119.023369,36.737796,0
            -119.023883,36.73808,0
            -119.025565,36.738533,0
            -119.02704,36.740096,0
            -119.027383,36.74099,0
            -119.027654,36.741256,0
            -119.028297,36.741474,0
            -119.032151,36.741507,0
            -119.032827,36.741785,0
            -119.034051,36.743043,0
            -119.035609,36.743972,0
            -119.036273,36.744078,0
            -119.036756,36.743978,0
            -119.037202,36.743718,0
            -119.037795,36.743094,0
            -119.038504,36.742742,0
            -119.039494,36.742658,0
            -119.040023,36.742795,0
            -119.041367,36.743671,0
            -119.041718,36.74374,0
            -119.042229,36.743681,0
            -119.0431,36.743036,0
            -119.043763,36.742777,0
            -119.044459,36.742793,0
            -119.045205,36.743193,0
            -119.045511,36.743714,0
            -119.045489,36.744168,0
            -119.044282,36.745915,0
            -119.044386,36.746539,0
            -119.04465,36.74682,0
            -119.045196,36.74704,0
            -119.051396,36.747686,0
            -119.052574,36.747413,0
            -119.053704,36.747403,0
            -119.055306,36.7466,0
            -119.055781,36.746561,0
            -119.057108,36.746993,0
            -119.057448,36.747291,0
            -119.057715,36.74829,0
            -119.058135,36.748593,0
            -119.058459,36.748666,0
            -119.061327,36.748266,0
            -119.063219,36.748586,0
            -119.063693,36.748444,0
            -119.063947,36.748115,0
            -119.063954,36.747791,0
            -119.063802,36.747569,0
            -119.060861,36.745994,0
            -119.060114,36.744616,0
            -119.059077,36.743801,0
            -119.058366,36.742939,0
            -119.057921,36.742636,0
            -119.057464,36.742498,0
            -119.0565,36.74244,0
            -119.055937,36.742237,0
            -119.055704,36.741977,0
            -119.055624,36.741558,0
            -119.055753,36.741214,0
            -119.055988,36.740982,0
            -119.057174,36.740543,0
            -119.057866,36.740618,0
            -119.058381,36.74092,0
            -119.059174,36.741821,0
            -119.059668,36.741919,0
            -119.061715,36.741774,0
            -119.062366,36.741939,0
            -119.063964,36.742959,0
            -119.067167,36.743535,0
            -119.067586,36.743803,0
            -119.068407,36.744728,0
            -119.069024,36.744941,0
            -119.069519,36.74495,0
            -119.074949,36.743759,0
            -119.076054,36.743794,0
            -119.078023,36.743549,0
            -119.078897,36.743743,0
            -119.080987,36.745078,0
            -119.081315,36.745481,0
            -119.081466,36.746079,0
            -119.081811,36.746469,0
            -119.083498,36.747038,0
            -119.083895,36.747071,0
            -119.085236,36.746783,0
            -119.088423,36.746786,0
            -119.088712,36.746954,0
            -119.089488,36.748214,0
            -119.09183,36.74958,0
            -119.092558,36.750888,0
            -119.093566,36.751427,0
            -119.094267,36.752301,0
            -119.095323,36.753001,0
            -119.095851,36.754278,0
            -119.096648,36.754855,0
            -119.097179,36.755965,0
            -119.098081,36.7564,0
            -119.099044,36.757152,0
            -119.100815,36.757453,0
            -119.101281,36.757686,0
            -119.101821,36.758196,0
            -119.102502,36.758436,0
            -119.103429,36.758334,0
            -119.104338,36.758529,0
            -119.107173,36.760353,0
            -119.108473,36.760728,0
            -119.11182,36.760977,0
            -119.11261,36.760893,0
            -119.115313,36.759623,0
            -119.119208,36.759086,0
            -119.121197,36.758421,0
            -119.122834,36.758404,0
            -119.123507,36.758714,0
            -119.123858,36.759292,0
            -119.123797,36.760151,0
            -119.124084,36.760674,0
            -119.124496,36.760878,0
            -119.125683,36.761037,0
            -119.126415,36.761479,0
            -119.126745,36.762176,0
            -119.126763,36.763446,0
            -119.12704,36.76411,0
            -119.127584,36.764696,0
            -119.128783,36.765237,0
            -119.129597,36.765304,0
            -119.136574,36.76413,0
            -119.137429,36.763705,0
            -119.143822,36.758015,0
            -119.145041,36.757633,0
            -119.146534,36.757511,0
            -119.147646,36.756903,0
            -119.148635,36.755595,0
            -119.149157,36.755228,0
            -119.15033,36.754825,0
            -119.151217,36.754787,0
            -119.152112,36.75497,0
            -119.156136,36.756771,0
            -119.157756,36.757265,0
            -119.159381,36.757474,0
            -119.161142,36.757402,0
            -119.173875,36.75374,0
            -119.175281,36.753856,0
            -119.175995,36.754179,0
            -119.177449,36.755705,0
            -119.178113,36.756158,0
            -119.179507,36.756441,0
            -119.180713,36.756209,0
            -119.183136,36.754847,0
            -119.18891,36.753563,0
            -119.190449,36.753803,0
            -119.192991,36.755333,0
            -119.194009,36.755588,0
            -119.195705,36.755539,0
            -119.196393,36.755349,0
            -119.200712,36.753173,0
            -119.201952,36.752871,0
            -119.203209,36.752958,0
            -119.206664,36.754567,0
            -119.207761,36.75486,0
            -119.21242,36.754535,0
            -119.213338,36.754322,0
            -119.214531,36.753773,0
            -119.21979,36.750236,0
            -119.220661,36.749983,0
            -119.22247,36.749795,0
            -119.223844,36.749417,0
            -119.233136,36.744254,0
            -119.283994,36.730351,0
            -119.285947,36.730272,0
            -119.288447,36.730659,0
            -119.289212,36.730553,0
            -119.290484,36.72998,0
            -119.291156,36.729269,0
            -119.292437,36.726322,0
            -119.293404,36.725224,0
            -119.294337,36.724598,0
            -119.297826,36.723351,0
            -119.298641,36.723245,0
            -119.299469,36.723313,0
            -119.301471,36.723844,0
            -119.302282,36.723892,0
            -119.306888,36.723315,0
            -119.308099,36.722759,0
            -119.309117,36.721839,0
            -119.310076,36.721319,0
            -119.314301,36.720111,0
            -119.316979,36.719972,0
            -119.319109,36.718958,0
            -119.3207,36.71866,0
            -119.323595,36.719037,0
            -119.324627,36.718946,0
            -119.326709,36.718365,0
            -119.329636,36.718559,0
            -119.332906,36.717765,0
            -119.335741,36.71608,0
            -119.340171,36.715121,0
            -119.358924,36.715629,0
            -119.361246,36.716283,0
            -119.364751,36.718594,0
            -119.366143,36.719105,0
            -119.367499,36.719342,0
            -119.39773,36.719884,0
            -119.410697,36.714035,0
            -119.411597,36.713855,0
            -119.412838,36.713913,0
            -119.414567,36.714391,0
            -119.422783,36.715093,0
            -119.434869,36.717597,0
            -119.451246,36.722754,0
            -119.474285,36.732316,0
            -119.47682,36.732778,0
            -119.490857,36.733357,0
            -119.497621,36.734912,0
            -119.508231,36.73508,0
            -119.515181,36.735904,0
            -119.628113,36.736158,0
            -119.646004,36.737204,0
            -119.65569,36.737232,0
            -119.658625,36.737638,0
            -119.662253,36.738803,0
            -119.66486,36.740211,0
            -119.667592,36.742493,0
            -119.671807,36.747861,0
            -119.674583,36.750134,0
            -119.676866,36.751449,0
            -119.679777,36.752612,0
            -119.683681,36.753496,0
            -119.687829,36.753664,0
            -119.699601,36.752837,0
            -119.730564,36.753904,0
            -119.738259,36.755109,0
            -119.770652,36.75508,0
            -119.785846,36.753077,0
            -119.796362,36.750674,0
            -119.810391,36.743365,0
            -119.810596,36.743364,0
            -119.814175,36.741707,0
            -119.815281,36.741563,0
            -119.816256,36.741724,0
            -119.817861,36.742492,0
            -119.819582,36.74392,0
            -119.819686,36.74393,0
            -119.826067,36.751752,0
            -119.838791,36.772154,0
            -119.841128,36.774702,0
            -119.857526,36.789569,0
            -119.858833,36.790375,0
            -119.86229,36.791723,0
            -119.888693,36.809469,0
            -119.928442,36.840951,0
            -119.943711,36.849013,0
            -119.945542,36.850301,0
            -119.947327,36.852012,0
            -119.949657,36.85506,0
            -119.972555,36.87709,0
            -119.975324,36.879054,0
            -119.977254,36.88086,0
            -119.979771,36.884125,0
            -120.017133,36.920148,0
            -120.021643,36.923576,0
            -120.0254,36.928124,0
            -120.045468,36.947285,0
            -120.056629,36.95387,0
            -120.069598,36.96626,0
            -120.072459,36.971153,0
            -120.073799,36.972648,0
            -120.082106,36.979498,0
            -120.085669,36.983758,0
            -120.097008,36.993205,0
            -120.101057,36.995717,0
            -120.103243,36.997503,0
            -120.106466,37.000983,0
            -120.123019,37.014603,0
            -120.129091,37.018664,0
            -120.132764,37.022565,0
            -120.152343,37.038326,0
            -120.156326,37.040809,0
            -120.158064,37.04221,0
            -120.161902,37.046429,0
            -120.177319,37.05905,0
            -120.182946,37.06301,0
            -120.20797,37.083595,0
            -120.20928,37.084213,0
            -120.210676,37.084375,0
            -120.21361,37.083995,0
            -120.490555,37.083625,0
            -120.493996,37.083085,0
            -120.525084,37.070679,0
            -120.536992,37.067158,0
            -120.539203,37.065984,0
            -120.541637,37.06414,0
            -120.54808,37.057449,0
            -120.551241,37.055512,0
            -120.554873,37.05421,0
            -120.595774,37.048134,0
            -120.620183,37.047933,0
            -120.623404,37.048233,0
            -120.635799,37.050728,0
            -120.644488,37.053548,0
            -120.648103,37.054261,0
            -120.817133,37.056743,0
            -120.819998,37.057114,0
            -120.833252,37.056947,0
            -120.833344,37.056995,0
            -120.869674,37.0568,0
            -120.869803,37.05686,0
            -120.88505,37.056794,0
            -120.885205,37.056847,0
            -121.040723,37.057021,0
            -121.052044,37.058595,0
            -121.055347,37.059806,0
            -121.093957,37.08235,0
            -121.094828,37.082671,0
            -121.099882,37.083481,0
            -121.109961,37.086099,0
            -121.110974,37.08652,0
            -121.115941,37.089626,0
            -121.116888,37.090597,0
            -121.120381,37.095702,0
            -121.122687,37.101105,0
            -121.123561,37.101993,0
            -121.127985,37.104414,0
            -121.129199,37.104791,0
            -121.130252,37.104893,0
            -121.131865,37.104669,0
            -121.151954,37.096898,0
            -121.15314,37.096058,0
            -121.159259,37.088924,0
            -121.16038,37.088033,0
            -121.162106,37.087182,0
            -121.163333,37.086826,0
            -121.165112,37.086599,0
            -121.17286,37.087244,0
            -121.17448,37.087032,0
            -121.182644,37.084826,0
            -121.189576,37.084882,0
            -121.191009,37.084536,0
            -121.19223,37.083936,0
            -121.197857,37.078441,0
            -121.198712,37.077959,0
            -121.19984,37.077587,0
            -121.205746,37.077307,0
            -121.207188,37.076932,0
            -121.208924,37.075799,0
            -121.209623,37.074844,0
            -121.212496,37.068998,0
            -121.213246,37.068337,0
            -121.214101,37.06786,0
            -121.225467,37.065036,0
            -121.241859,37.057558,0
            -121.248415,37.053862,0
            -121.253331,37.052654,0
            -121.254736,37.051855,0
            -121.256921,37.050087,0
            -121.260333,37.045726,0
            -121.261478,37.045041,0
            -121.26256,37.044762,0
            -121.263712,37.044743,0
            -121.267814,37.045547,0
            -121.268662,37.045543,0
            -121.271369,37.045046,0
            -121.272987,37.045166,0
            -121.276479,37.046347,0
            -121.282562,37.047124,0
            -121.283616,37.04707,0
            -121.286183,37.046348,0
            -121.288768,37.044737,0
            -121.289996,37.043567,0
            -121.292763,37.03964,0
            -121.29381,37.03883,0
            -121.295462,37.03828,0
            -121.300523,37.038647,0
            -121.309009,37.037047,0
            -121.319511,37.034057,0
            -121.323398,37.032576,0
            -121.324868,37.031511,0
            -121.32723,37.028501,0
            -121.327633,37.027634,0
            -121.328441,37.024024,0
            -121.329484,37.022693,0
            -121.340464,37.014136,0
            -121.341845,37.013479,0
            -121.349111,37.012156,0
            -121.359722,37.009212,0
            -121.367492,37.005707,0
            -121.369907,37.003925,0
            -121.375034,36.998808,0
            -121.378754,36.996007,0
            -121.384224,36.989138,0
            -121.384751,36.987585,0
            -121.384751,36.986142,0
            -121.383453,36.982485,0
            -121.381463,36.979137,0
            -121.381235,36.977715,0
            -121.383139,36.969525,0
            -121.384161,36.968416,0
            -121.391538,36.965629,0
            -121.398916,36.961336,0
            -121.400278,36.961004,0
            -121.401684,36.960972,0
            -121.403187,36.961217,0
            -121.405792,36.962285,0
            -121.413581,36.968853,0
            -121.41877,36.971138,0
            -121.424942,36.972896,0
            -121.426539,36.972986,0
            -121.429869,36.972324,0
            -121.431317,36.972359,0
            -121.432495,36.972641,0
            -121.433518,36.973138,0
            -121.434603,36.974061,0
            -121.436274,36.976997,0
            -121.437829,36.978738,0
            -121.439187,36.982435,0
            -121.441402,36.984751,0
            -121.449007,36.988824,0
            -121.450309,36.989114,0
            -121.451922,36.988891,0
            -121.454076,36.987906,0
            -121.454865,36.987723,0
            -121.457961,36.987691,0
            -121.458658,36.987495,0
            -121.46315,36.985255,0
            -121.464959,36.983771,0
            -121.466045,36.983336,0
            -121.469573,36.983299,0
            -121.482552,36.985382,0
            -121.493406,36.989564,0
            -121.494384,36.990127,0
            -121.515021,37.009637,0
            -121.515746,37.009891,0
            -121.516274,37.009771,0
            -121.516571,37.009564,0
            -121.523277,37.000035,0
            -121.523873,36.999572,0
            -121.524339,36.999383,0
            -121.525387,36.999222,0
            -121.526183,36.999399,0
            -121.528085,37.000397,0
            -121.534983,37.002874,0
            -121.536772,37.003159,0
            -121.541616,37.003262,0
            -121.541837,37.003348,0
            -121.551653,37.004283,0
            -121.553044,37.004134,0
            -121.553074,37.004172,0
            -121.555096,37.003625,0
            -121.555646,37.003654,0
            -121.556339,37.004013,0
            -121.576411,37.041039,0
            -121.590321,37.072695,0
            -121.60434,37.098047,0
            -121.606662,37.100844,0
            -121.62111,37.112332,0
            -121.623366,37.114787,0
            -121.636169,37.136091,0
            -121.658666,37.159238,0
            -121.664274,37.163715,0
            -121.669306,37.169566,0
            -121.679981,37.179091,0
            -121.6847,37.184516,0
            -121.686565,37.1862,0
            -121.703987,37.198452,0
            -121.720625,37.208087,0
            -121.722807,37.20965,0
            -121.730634,37.217435,0
            -121.744647,37.228196,0
            -121.794535,37.256164,0
            -121.796881,37.257882,0
            -121.798493,37.259582,0
            -121.799947,37.261764,0
            -121.805361,37.277228,0
            -121.808431,37.282051,0
            -121.809211,37.284541,0
            -121.810073,37.295362,0
            -121.810963,37.297175,0
            -121.842263,37.329918,0
            -121.842267,37.330061,0
            -121.850016,37.338712,0
            -121.851284,37.339327,0
            -121.852391,37.339444,0
            -121.853762,37.339142,0
            -121.857162,37.336742,0
            -121.857198,37.336595,0
            -121.868444,37.3297,0
            -121.871733,37.328479,0
            -121.879618,37.327595,0
            -121.88177,37.326989,0
            -121.885294,37.325455,0
            -121.897019,37.322966,0
            -121.898679,37.322244,0
            -121.900302,37.321147,0
            -121.902708,37.318632,0
            -121.90394,37.317732,0
            -121.908727,37.315394,0
            -121.910543,37.314911,0
            -121.911975,37.314822,0
            -121.913474,37.315002,0
            -121.917876,37.316566,0
            -121.919585,37.316899,0
            -121.929078,37.31691,0
            -121.93436,37.317435,0
            -121.971313,37.31647,0
            -121.977887,37.318066,0
            -121.989036,37.318292,0
            -121.991988,37.319137,0
            -122.01947,37.333369,0
            -122.021872,37.334151,0
            -122.023559,37.334443,0
            -122.028841,37.334516,0
            -122.028921,37.334619,0
            -122.0322,37.335072,0
            -122.032221,37.363372,0
            -122.032343,37.363777,0
            -122.032308,37.363797,0
            -122.03236,37.366741,0
            -122.031989,37.367654,0
            -122.033442,37.368403,0
            -122.056288,37.37393,0
            -122.065665,37.37753,0
            -122.065952,37.377769,0
            -122.066443,37.378785,0
            -122.067385,37.379274,0
            -122.067682,37.380072,0
            -122.067779,37.380111,0
            -122.068658,37.388015,0
            -122.068279,37.393545,0
            -122.069781,37.400554,0
            -122.069723,37.407713,0
            -122.069947,37.408328,0
            -122.070684,37.409218,0
            -122.071695,37.409796,0
            -122.073551,37.410407,0
            -122.07378,37.41038,0
            -122.080936,37.413221,0
            -122.083185,37.414436,0
            -122.09841,37.425579,0
            -122.12622,37.451889,0
            -122.177777,37.482158,0
            -122.183477,37.484372,0
            -122.187891,37.485367,0
            -122.208949,37.488074,0
            -122.21302,37.489068,0
            -122.224233,37.493727,0
            -122.235777,37.497262,0
            -122.237929,37.49827,0
            -122.274217,37.530062,0
            -122.29208,37.549192,0
            -122.292052,37.549321,0
            -122.29378,37.551804,0
            -122.293796,37.55235,0
            -122.293637,37.552683,0
            -122.293283,37.553016,0
            -122.291583,37.553758,0
            -122.291541,37.553841,0
            -122.285,37.556401,0
            -122.276136,37.561804,0
            -122.275956,37.561818,0
            -122.274093,37.562676,0
            -122.273816,37.562691,0
            -122.273296,37.562521,0
            -122.272501,37.561804,0
            -122.271679,37.562543,0
            -122.27128,37.562634,0
            -122.25567,37.553721,0
            -122.255127,37.554337,0
          </coordinates>
        </LineString>
      </Placemark>
      <Placemark>
        <name>702 Marlin Ave</name>
        <description><![CDATA[description: from 2020-08-30T01:27:58.006Z to 2020-08-30T20:08:00.861Z. Distance 0m<br>Email: syugen.zhou@gmail.com<br>Category: <br>Distance: 0]]></description>
        <styleUrl>#icon-1603-0288D1</styleUrl>
        <ExtendedData>
          <Data name="description">
            <value>from 2020-08-30T01:27:58.006Z to 2020-08-30T20:08:00.861Z. Distance 0m</value>
          </Data>
          <Data name="Email">
            <value>syugen.zhou@gmail.com</value>
          </Data>
          <Data name="Category">
            <value/>
          </Data>
          <Data name="Distance">
            <value>0</value>
          </Data>
        </ExtendedData>
        <Point>
          <coordinates>
            -122.254985,37.554132,0
          </coordinates>
        </Point>
      </Placemark>
    </Folder>
    <Folder>
      <name>2020-08-28</name>
      <Placemark>
        <name>702 Marlin Ave</name>
        <description><![CDATA[description: from 2020-08-26T19:42:53.000Z to 2020-08-28T23:24:57.999Z. Distance 0m<br>Email: syugen.zhou@gmail.com<br>Category: <br>Distance: 0]]></description>
        <styleUrl>#icon-1603-0288D1</styleUrl>
        <ExtendedData>
          <Data name="description">
            <value>from 2020-08-26T19:42:53.000Z to 2020-08-28T23:24:57.999Z. Distance 0m</value>
          </Data>
          <Data name="Email">
            <value>syugen.zhou@gmail.com</value>
          </Data>
          <Data name="Category">
            <value/>
          </Data>
          <Data name="Distance">
            <value>0</value>
          </Data>
        </ExtendedData>
        <Point>
          <coordinates>
            -122.254985,37.554132,0
          </coordinates>
        </Point>
      </Placemark>
      <Placemark>
        <name>Driving</name>
        <description><![CDATA[description: Driving from 2020-08-28T23:24:57.999Z to 2020-08-29T02:21:35.610Z. Distance 181945m<br>Email: syugen.zhou@gmail.com<br>Category: Driving<br>Distance: 181945]]></description>
        <styleUrl>#line-A52714-5000</styleUrl>
        <ExtendedData>
          <Data name="description">
            <value>Driving from 2020-08-28T23:24:57.999Z to 2020-08-29T02:21:35.610Z. Distance 181945m</value>
          </Data>
          <Data name="Email">
            <value>syugen.zhou@gmail.com</value>
          </Data>
          <Data name="Category">
            <value>Driving</value>
          </Data>
          <Data name="Distance">
            <value>181945</value>
          </Data>
        </ExtendedData>
        <LineString>
          <tessellate>1</tessellate>
          <coordinates>
            -122.255534,37.553865,0
            -122.255583,37.553808,0
            -122.269622,37.561786,0
            -122.27036,37.562287,0
            -122.271509,37.562941,0
            -122.272012,37.562418,0
            -122.272522,37.56198,0
            -122.27308,37.562513,0
            -122.27318,37.562643,0
            -122.273272,37.562835,0
            -122.273299,37.562964,0
            -122.273297,37.563201,0
            -122.273221,37.563445,0
            -122.273139,37.563582,0
            -122.272383,37.564327,0
            -122.272368,37.564468,0
            -122.244939,37.589476,0
            -122.244038,37.590128,0
            -122.24314,37.590606,0
            -122.242506,37.590871,0
            -122.155569,37.616749,0
            -122.152421,37.617518,0
            -122.151445,37.617825,0
            -122.149858,37.618415,0
            -122.112428,37.631,0
            -122.111674,37.631328,0
            -122.108852,37.632745,0
            -122.104398,37.634533,0
            -122.104233,37.634622,0
            -122.104055,37.634614,0
            -122.102602,37.635066,0
            -122.100311,37.635929,0
            -122.099495,37.636332,0
            -122.099039,37.636613,0
            -122.098438,37.637065,0
            -122.098065,37.637405,0
            -122.097617,37.6379,0
            -122.097313,37.638307,0
            -122.095296,37.641733,0
            -122.095023,37.642065,0
            -122.094702,37.642352,0
            -122.093826,37.642961,0
            -122.093604,37.643163,0
            -122.093343,37.643501,0
            -122.093194,37.643804,0
            -122.09312,37.644057,0
            -122.093085,37.644377,0
            -122.093132,37.644772,0
            -122.093232,37.645064,0
            -122.093501,37.645494,0
            -122.093706,37.645709,0
            -122.09487,37.64672,0
            -122.095378,37.647328,0
            -122.095416,37.647356,0
            -122.095542,37.6474,0
            -122.097146,37.649673,0
            -122.110076,37.670542,0
            -122.110654,37.67134,0
            -122.111783,37.672559,0
            -122.11262,37.673282,0
            -122.117446,37.676816,0
            -122.120403,37.678684,0
            -122.130508,37.68564,0
            -122.130522,37.685789,0
            -122.133517,37.688127,0
            -122.13361,37.688222,0
            -122.133769,37.688451,0
            -122.13387,37.688684,0
            -122.133928,37.689041,0
            -122.1339,37.689287,0
            -122.133807,37.68956,0
            -122.133659,37.689802,0
            -122.133458,37.690016,0
            -122.133211,37.690197,0
            -122.132757,37.690403,0
            -122.131969,37.690547,0
            -122.131798,37.690604,0
            -122.130908,37.69073,0
            -122.129639,37.690788,0
            -122.12919,37.690767,0
            -122.129104,37.690776,0
            -122.126577,37.690579,0
            -122.117561,37.689212,0
            -122.114612,37.688662,0
            -122.113284,37.688491,0
            -122.111968,37.688432,0
            -122.110241,37.688501,0
            -122.095102,37.69018,0
            -122.092497,37.690385,0
            -122.089897,37.690484,0
            -122.072995,37.690573,0
            -122.070695,37.690693,0
            -122.069001,37.690886,0
            -122.066733,37.69136,0
            -122.059255,37.693418,0
            -122.058101,37.693544,0
            -122.057019,37.693605,0
            -122.055954,37.693562,0
            -122.053225,37.693266,0
            -122.052369,37.693226,0
            -122.051151,37.693256,0
            -122.050123,37.693374,0
            -122.049349,37.693513,0
            -122.048402,37.693752,0
            -122.04719,37.694181,0
            -122.046356,37.694568,0
            -122.045703,37.69493,0
            -122.044845,37.695498,0
            -122.040498,37.699434,0
            -122.039994,37.699828,0
            -122.039123,37.700401,0
            -122.038176,37.700896,0
            -122.036917,37.701382,0
            -122.035852,37.701674,0
            -122.034954,37.701846,0
            -122.033176,37.701992,0
            -122.032277,37.701968,0
            -122.03124,37.701863,0
            -122.030034,37.701637,0
            -122.02749,37.700951,0
            -122.026249,37.70075,0
            -122.025196,37.700671,0
            -122.023755,37.700694,0
            -122.022543,37.700836,0
            -122.021613,37.701023,0
            -122.020595,37.701312,0
            -122.017794,37.702309,0
            -122.016183,37.702648,0
            -122.01556,37.702722,0
            -122.001491,37.70336,0
            -122.000343,37.703326,0
            -121.998377,37.703135,0
            -121.99763,37.703021,0
            -121.995769,37.702616,0
            -121.994045,37.702088,0
            -121.992821,37.701617,0
            -121.989892,37.700339,0
            -121.988937,37.699987,0
            -121.98787,37.699696,0
            -121.986567,37.699467,0
            -121.983462,37.699119,0
            -121.973342,37.697427,0
            -121.971083,37.697164,0
            -121.96929,37.697064,0
            -121.966079,37.697109,0
            -121.96296,37.697437,0
            -121.958945,37.698137,0
            -121.957546,37.69826,0
            -121.935635,37.698136,0
            -121.933804,37.698313,0
            -121.933005,37.698457,0
            -121.920158,37.701384,0
            -121.91825,37.701663,0
            -121.917044,37.701729,0
            -121.900472,37.701436,0
            -121.79517,37.700661,0
            -121.794482,37.700619,0
            -121.793998,37.700555,0
            -121.789513,37.699594,0
            -121.787986,37.699433,0
            -121.786443,37.69947,0
            -121.779049,37.700111,0
            -121.778569,37.700017,0
            -121.775528,37.700218,0
            -121.773901,37.700453,0
            -121.773614,37.697651,0
            -121.773582,37.697552,0
            -121.77296,37.697612,0
            -121.768341,37.698528,0
            -121.767315,37.698577,0
            -121.766482,37.698682,0
            -121.764994,37.698976,0
            -121.761273,37.699899,0
            -121.760656,37.700114,0
            -121.760337,37.699551,0
            -121.760236,37.699444,0
            -121.759809,37.699117,0
            -121.759035,37.698709,0
            -121.757467,37.698121,0
            -121.754846,37.696797,0
            -121.753868,37.69648,0
            -121.752244,37.695687,0
            -121.751874,37.695557,0
            -121.751382,37.695491,0
            -121.750358,37.695453,0
            -121.749056,37.695491,0
            -121.748697,37.695466,0
            -121.74836,37.695397,0
            -121.748297,37.695336,0
            -121.747932,37.695168,0
            -121.747672,37.695002,0
            -121.746687,37.694096,0
            -121.746478,37.693843,0
            -121.744351,37.69073,0
            -121.74397,37.690337,0
            -121.743637,37.690094,0
            -121.743164,37.689832,0
            -121.740557,37.688641,0
            -121.738596,37.691301,0
            -121.738114,37.691733,0
            -121.737367,37.692146,0
            -121.733555,37.693705,0
            -121.733295,37.693747,0
            -121.731841,37.694202,0
            -121.726605,37.695236,0
            -121.726228,37.695275,0
            -121.723972,37.695271,0
            -121.723718,37.695244,0
            -121.720451,37.69448,0
            -121.719999,37.694441,0
            -121.717972,37.694437,0
            -121.717708,37.694466,0
            -121.717432,37.694536,0
            -121.717058,37.694696,0
            -121.716875,37.694813,0
            -121.716117,37.695484,0
            -121.715974,37.695577,0
            -121.715662,37.695714,0
            -121.715437,37.695775,0
            -121.715244,37.695797,0
            -121.696156,37.695756,0
            -121.69554,37.695651,0
            -121.69504,37.695494,0
            -121.694612,37.69529,0
            -121.693747,37.69477,0
            -121.693173,37.694522,0
            -121.692722,37.694397,0
            -121.692367,37.694351,0
            -121.676601,37.694287,0
            -121.675621,37.694131,0
            -121.674732,37.694973,0
            -121.674687,37.695044,0
            -121.674998,37.697501,0
            -121.674985,37.697631,0
            -121.674931,37.697739,0
            -121.674866,37.697816,0
            -121.67478,37.697857,0
            -121.674642,37.697883,0
            -121.673692,37.697871,0
            -121.673419,37.697938,0
            -121.672978,37.698154,0
            -121.670855,37.69862,0
            -121.67055,37.698717,0
            -121.668656,37.69956,0
            -121.668073,37.699934,0
            -121.66779,37.700061,0
            -121.667566,37.700108,0
            -121.666821,37.700103,0
            -121.66443,37.700554,0
            -121.663755,37.700629,0
            -121.663182,37.700761,0
            -121.663056,37.70076,0
            -121.662093,37.700512,0
            -121.661893,37.700506,0
            -121.661724,37.700534,0
            -121.661503,37.7006,0
            -121.661344,37.700691,0
            -121.661144,37.700854,0
            -121.661048,37.700903,0
            -121.660995,37.700912,0
            -121.660894,37.700907,0
            -121.660819,37.700882,0
            -121.660774,37.700854,0
            -121.660712,37.700781,0
            -121.660682,37.700657,0
            -121.66071,37.700553,0
            -121.660775,37.700479,0
            -121.661473,37.700069,0
            -121.661569,37.699952,0
            -121.661596,37.699854,0
            -121.661574,37.699681,0
            -121.661445,37.699476,0
            -121.661266,37.699312,0
            -121.661021,37.699199,0
            -121.660643,37.699112,0
            -121.660466,37.699048,0
            -121.660402,37.699005,0
            -121.660137,37.69864,0
            -121.660011,37.69856,0
            -121.659863,37.698504,0
            -121.659363,37.698393,0
            -121.658972,37.698263,0
            -121.658913,37.698259,0
            -121.658745,37.698286,0
            -121.655952,37.699309,0
            -121.655026,37.699599,0
            -121.654789,37.699649,0
            -121.652979,37.69969,0
            -121.65174,37.69979,0
            -121.651392,37.699874,0
            -121.647789,37.701323,0
            -121.647529,37.701459,0
            -121.647085,37.701829,0
            -121.646711,37.702283,0
            -121.646602,37.702472,0
            -121.64654,37.702709,0
            -121.646614,37.703616,0
            -121.646583,37.703766,0
            -121.645748,37.704973,0
            -121.645275,37.7054,0
            -121.644548,37.7058,0
            -121.643622,37.7062,0
            -121.643589,37.706275,0
            -121.643603,37.706326,0
            -121.645153,37.707969,0
            -121.645566,37.70854,0
            -121.646827,37.7111,0
            -121.646905,37.711197,0
            -121.64762,37.711855,0
            -121.647909,37.712055,0
            -121.648363,37.712237,0
            -121.649595,37.71253,0
            -121.65005,37.712696,0
            -121.65074,37.713123,0
            -121.650906,37.713269,0
            -121.651389,37.713884,0
            -121.652002,37.714405,0
            -121.652281,37.714572,0
            -121.652394,37.714694,0
            -121.65276,37.715706,0
            -121.652839,37.715819,0
            -121.65354,37.716431,0
            -121.654018,37.716733,0
            -121.654414,37.716898,0
            -121.655974,37.718005,0
            -121.65625,37.718263,0
            -121.65661,37.718703,0
            -121.65673,37.71881,0
            -121.656933,37.718925,0
            -121.657248,37.719007,0
            -121.657563,37.719003,0
            -121.658147,37.718889,0
            -121.658164,37.719096,0
            -121.658135,37.719249,0
            -121.658012,37.719396,0
            -121.657769,37.719569,0
            -121.656626,37.720144,0
            -121.655767,37.720467,0
            -121.655636,37.720628,0
            -121.6366,37.726899,0
            -121.635553,37.727419,0
            -121.635133,37.727693,0
            -121.634738,37.728008,0
            -121.634337,37.728408,0
            -121.632401,37.730684,0
            -121.631378,37.731609,0
            -121.630216,37.732404,0
            -121.629562,37.732773,0
            -121.628906,37.733078,0
            -121.628295,37.733296,0
            -121.627646,37.733471,0
            -121.626641,37.733634,0
            -121.612176,37.734653,0
            -121.610998,37.734815,0
            -121.607975,37.735437,0
            -121.601321,37.737272,0
            -121.598944,37.73781,0
            -121.58347,37.7407,0
            -121.579226,37.741299,0
            -121.551108,37.74349,0
            -121.549275,37.743515,0
            -121.500271,37.740451,0
            -121.499424,37.740461,0
            -121.497505,37.740618,0
            -121.496541,37.740772,0
            -121.495082,37.741096,0
            -121.4941,37.741373,0
            -121.492668,37.741876,0
            -121.4444,37.761614,0
            -121.443471,37.761925,0
            -121.441635,37.762384,0
            -121.44019,37.762625,0
            -121.438661,37.762771,0
            -121.424447,37.76283,0
            -121.422344,37.763002,0
            -121.412935,37.764422,0
            -121.41095,37.764638,0
            -121.409783,37.764705,0
            -121.354504,37.764862,0
            -121.332323,37.767008,0
            -121.33119,37.767176,0
            -121.330552,37.767323,0
            -121.329626,37.767602,0
            -121.328123,37.76823,0
            -121.327329,37.768673,0
            -121.326469,37.769266,0
            -121.325892,37.769749,0
            -121.325302,37.770327,0
            -121.3232,37.772934,0
            -121.322788,37.773337,0
            -121.319765,37.775692,0
            -121.319647,37.775881,0
            -121.314892,37.779338,0
            -121.313986,37.779932,0
            -121.311029,37.782114,0
            -121.305998,37.785305,0
            -121.305794,37.785305,0
            -121.299923,37.788534,0
            -121.299033,37.788915,0
            -121.297959,37.789298,0
            -121.296695,37.789639,0
            -121.295894,37.789799,0
            -121.294736,37.789961,0
            -121.293226,37.790052,0
            -121.291904,37.790031,0
            -121.290566,37.789904,0
            -121.288805,37.789567,0
            -121.266498,37.783685,0
            -121.264826,37.783329,0
            -121.263195,37.783117,0
            -121.261521,37.783021,0
            -121.194681,37.783194,0
            -121.194546,37.783171,0
            -121.192593,37.783093,0
            -121.190136,37.783342,0
            -121.189619,37.78335,0
            -121.189203,37.783292,0
            -121.188718,37.783143,0
            -121.188403,37.78299,0
            -121.188004,37.782692,0
            -121.187731,37.782387,0
            -121.187626,37.782217,0
            -121.187303,37.781436,0
            -121.187278,37.781409,0
            -121.187189,37.781362,0
            -121.186967,37.780853,0
            -121.186672,37.78037,0
            -121.186334,37.779924,0
            -121.185405,37.779,0
            -121.18326,37.777556,0
            -121.174092,37.770545,0
            -121.14818,37.755249,0
            -121.146978,37.754663,0
            -121.143251,37.753296,0
            -121.142134,37.752741,0
            -121.140826,37.751885,0
            -121.140094,37.751283,0
            -121.13809,37.749443,0
            -121.13747,37.748986,0
            -121.126923,37.742744,0
            -121.121636,37.739878,0
            -121.120858,37.739318,0
            -121.108434,37.728972,0
            -121.107658,37.728434,0
            -121.105216,37.727057,0
            -121.104185,37.726404,0
            -121.103706,37.726043,0
            -121.102725,37.725161,0
            -121.102216,37.724625,0
            -121.100277,37.722205,0
            -121.099747,37.721696,0
            -121.0911,37.714505,0
            -121.089577,37.713557,0
            -121.082994,37.71022,0
            -121.082028,37.709602,0
            -121.081318,37.709077,0
            -121.077699,37.705918,0
            -121.077567,37.705771,0
            -121.075016,37.703555,0
            -121.07485,37.703378,0
            -121.074652,37.703242,0
            -121.07325,37.702011,0
            -121.072349,37.701116,0
            -121.067682,37.695127,0
            -121.066404,37.69382,0
            -121.059224,37.687841,0
            -121.054438,37.684446,0
            -121.052788,37.683053,0
            -121.048683,37.678951,0
            -121.036458,37.668681,0
            -121.035768,37.66816,0
            -121.034564,37.667456,0
            -121.032178,37.666411,0
            -121.031454,37.666023,0
            -121.028164,37.663655,0
            -121.027556,37.663163,0
            -121.027253,37.662859,0
            -121.026761,37.662263,0
            -121.026587,37.661978,0
            -121.026346,37.661455,0
            -121.026162,37.660788,0
            -121.026105,37.660193,0
            -121.026077,37.655597,0
            -121.026005,37.655161,0
            -121.025837,37.654583,0
            -121.02561,37.654077,0
            -121.02508,37.653274,0
            -121.024761,37.652926,0
            -121.015635,37.645165,0
            -121.015188,37.644838,0
            -121.010107,37.641657,0
            -121.009194,37.64098,0
            -120.999367,37.63273,0
            -120.998846,37.632168,0
            -120.9983,37.631425,0
            -120.997913,37.630695,0
            -120.997594,37.629773,0
            -120.995732,37.621602,0
            -120.995526,37.620965,0
            -120.99522,37.620349,0
            -120.994874,37.619827,0
            -120.994503,37.61938,0
            -120.993907,37.618813,0
            -120.992989,37.618175,0
            -120.992318,37.617826,0
            -120.99187,37.617638,0
            -120.991079,37.617383,0
            -120.990241,37.617202,0
            -120.984484,37.616464,0
            -120.983906,37.616312,0
            -120.98317,37.616046,0
            -120.98244,37.615671,0
            -120.981667,37.615127,0
            -120.981184,37.614671,0
            -120.980936,37.614376,0
            -120.979059,37.611642,0
            -120.978552,37.611024,0
            -120.975652,37.608187,0
            -120.974298,37.606692,0
            -120.97369,37.606104,0
            -120.959349,37.593597,0
            -120.95581,37.590663,0
            -120.953047,37.588009,0
            -120.942827,37.579044,0
            -120.939232,37.576413,0
            -120.938026,37.575301,0
            -120.93654,37.573659,0
            -120.935553,37.572687,0
            -120.911048,37.551352,0
            -120.908828,37.549785,0
            -120.905312,37.547548,0
            -120.894408,37.53917,0
            -120.893525,37.538317,0
            -120.892387,37.536934,0
            -120.891804,37.536,0
            -120.891041,37.534368,0
            -120.890902,37.533984,0
            -120.890139,37.530718,0
            -120.88983,37.529752,0
            -120.889489,37.52894,0
            -120.865227,37.483411,0
            -120.864162,37.481888,0
            -120.863552,37.481192,0
            -120.862664,37.48031,0
            -120.861493,37.479336,0
            -120.860171,37.478432,0
            -120.859228,37.477893,0
            -120.858254,37.477413,0
            -120.83384,37.467813,0
            -120.833167,37.467504,0
            -120.826965,37.465055,0
            -120.826857,37.465028,0
            -120.817922,37.461511,0
            -120.817842,37.461461,0
            -120.807384,37.457341,0
            -120.805961,37.456693,0
            -120.804704,37.455994,0
            -120.803852,37.455451,0
            -120.802928,37.454771,0
            -120.802096,37.454059,0
            -120.8012,37.453167,0
            -120.800479,37.452315,0
            -120.798602,37.449788,0
            -120.797419,37.448531,0
            -120.796476,37.447716,0
            -120.794865,37.446571,0
            -120.792384,37.445112,0
            -120.791231,37.444348,0
            -120.789765,37.443136,0
            -120.785272,37.438418,0
            -120.784382,37.437619,0
            -120.776723,37.431597,0
            -120.77584,37.430741,0
            -120.772322,37.426613,0
            -120.771514,37.425796,0
            -120.770305,37.424771,0
            -120.769449,37.424159,0
            -120.766193,37.422106,0
            -120.765143,37.42135,0
            -120.756426,37.41369,0
            -120.755573,37.41284,0
            -120.754729,37.411831,0
            -120.753474,37.410121,0
            -120.752112,37.408616,0
            -120.751095,37.407721,0
            -120.749377,37.406407,0
            -120.748514,37.405662,0
            -120.747208,37.404294,0
            -120.741912,37.397926,0
            -120.74129,37.397015,0
            -120.740902,37.396231,0
            -120.739946,37.393797,0
            -120.739284,37.392713,0
            -120.73881,37.392121,0
            -120.73827,37.391552,0
            -120.737096,37.39059,0
            -120.735823,37.389827,0
            -120.734872,37.389395,0
            -120.73406,37.389104,0
            -120.732795,37.388767,0
            -120.731939,37.388631,0
            -120.730395,37.388525,0
            -120.726967,37.388675,0
            -120.725828,37.388641,0
            -120.72482,37.388531,0
            -120.723425,37.388222,0
            -120.72268,37.387987,0
            -120.718556,37.386322,0
            -120.717679,37.386026,0
            -120.714329,37.385105,0
            -120.712866,37.384586,0
            -120.711661,37.384041,0
            -120.708976,37.382576,0
            -120.707641,37.38194,0
            -120.690746,37.375751,0
            -120.689896,37.375494,0
            -120.688716,37.37521,0
            -120.685598,37.374717,0
            -120.68418,37.374425,0
            -120.68237,37.373894,0
            -120.681379,37.373512,0
            -120.680011,37.37289,0
            -120.679115,37.372402,0
            -120.676771,37.370906,0
            -120.6759,37.370436,0
            -120.674497,37.3698,0
            -120.657198,37.36347,0
            -120.656213,37.363182,0
            -120.654884,37.362874,0
            -120.651004,37.362173,0
            -120.649868,37.361898,0
            -120.647987,37.361283,0
            -120.646882,37.360819,0
            -120.645449,37.360079,0
            -120.642423,37.358271,0
            -120.640443,37.357331,0
            -120.634585,37.355224,0
            -120.632408,37.354682,0
            -120.629109,37.354152,0
            -120.628391,37.353996,0
            -120.627573,37.35373,0
            -120.626769,37.353369,0
            -120.625874,37.35282,0
            -120.625391,37.352433,0
            -120.624995,37.352048,0
            -120.622017,37.348729,0
            -120.621021,37.347849,0
            -120.620281,37.347332,0
            -120.619731,37.347006,0
            -120.618961,37.34662,0
            -120.602533,37.340575,0
            -120.601625,37.340297,0
            -120.600108,37.339996,0
            -120.599285,37.339911,0
            -120.59773,37.339892,0
            -120.592245,37.340287,0
            -120.591589,37.340283,0
            -120.590467,37.340158,0
            -120.589317,37.339871,0
            -120.588607,37.3396,0
            -120.587758,37.339165,0
            -120.58447,37.336995,0
            -120.583392,37.336419,0
            -120.582365,37.335964,0
            -120.577129,37.334054,0
            -120.57587,37.33368,0
            -120.574711,37.333419,0
            -120.571458,37.332986,0
            -120.569972,37.332703,0
            -120.569028,37.332449,0
            -120.567611,37.331943,0
            -120.566336,37.331329,0
            -120.563748,37.329609,0
            -120.562608,37.328947,0
            -120.561322,37.328302,0
            -120.522874,37.314212,0
            -120.522829,37.314164,0
            -120.51142,37.309976,0
            -120.511352,37.309931,0
            -120.509034,37.309108,0
            -120.506952,37.308553,0
            -120.505307,37.308212,0
            -120.505163,37.30821,0
            -120.504976,37.308173,0
            -120.504887,37.308197,0
            -120.504859,37.308222,0
            -120.504841,37.308281,0
            -120.505104,37.309028,0
            -120.505175,37.309442,0
            -120.505079,37.313861,0
            -120.505148,37.31493,0
            -120.505088,37.317331,0
            -120.504945,37.318075,0
            -120.504943,37.318277,0
            -120.504884,37.318447,0
            -120.504886,37.31902,0
            -120.475583,37.319217,0
            -120.474689,37.319139,0
            -120.473852,37.318993,0
            -120.47388,37.318869,0
            -120.473943,37.318825,0
            -120.473857,37.318819,0
            -120.473751,37.318787,0
            -120.473777,37.318581,0
          </coordinates>
        </LineString>
      </Placemark>
      <Placemark>
        <name><![CDATA[Carl's Jr.]]></name>
        <description><![CDATA[description: Fast Food from 2020-08-29T02:21:35.610Z to 2020-08-29T02:34:57.373Z. Distance 0m<br>Email: syugen.zhou@gmail.com<br>Category: Fast Food<br>Distance: 0]]></description>
        <styleUrl>#icon-1739-0288D1</styleUrl>
        <ExtendedData>
          <Data name="description">
            <value>Fast Food from 2020-08-29T02:21:35.610Z to 2020-08-29T02:34:57.373Z. Distance 0m</value>
          </Data>
          <Data name="Email">
            <value>syugen.zhou@gmail.com</value>
          </Data>
          <Data name="Category">
            <value>Fast Food</value>
          </Data>
          <Data name="Distance">
            <value>0</value>
          </Data>
        </ExtendedData>
        <Point>
          <coordinates>
            -120.474065,37.31861,0
          </coordinates>
        </Point>
      </Placemark>
      <Placemark>
        <name>Driving</name>
        <description><![CDATA[description: Driving from 2020-08-29T02:34:57.373Z to 2020-08-29T03:38:41.418Z. Distance 112415m<br>Email: syugen.zhou@gmail.com<br>Category: Driving<br>Distance: 112415]]></description>
        <styleUrl>#line-A52714-5000</styleUrl>
        <ExtendedData>
          <Data name="description">
            <value>Driving from 2020-08-29T02:34:57.373Z to 2020-08-29T03:38:41.418Z. Distance 112415m</value>
          </Data>
          <Data name="Email">
            <value>syugen.zhou@gmail.com</value>
          </Data>
          <Data name="Category">
            <value>Driving</value>
          </Data>
          <Data name="Distance">
            <value>112415</value>
          </Data>
        </ExtendedData>
        <LineString>
          <tessellate>1</tessellate>
          <coordinates>
            -120.47448,37.319107,0
            -120.471556,37.318542,0
            -120.470738,37.318432,0
            -120.469861,37.318402,0
            -120.469396,37.318409,0
            -120.469551,37.310099,0
            -120.469489,37.309976,0
            -120.469508,37.309825,0
            -120.469624,37.309456,0
            -120.471177,37.306745,0
            -120.471283,37.306675,0
            -120.47248,37.304629,0
            -120.472456,37.304542,0
            -120.477987,37.294928,0
            -120.477676,37.294838,0
            -120.47753,37.294814,0
            -120.475888,37.295128,0
            -120.474912,37.295275,0
            -120.474834,37.295332,0
            -120.471904,37.29561,0
            -120.471491,37.295628,0
            -120.471092,37.295618,0
            -120.470418,37.295553,0
            -120.469797,37.295432,0
            -120.469161,37.295244,0
            -120.468819,37.295112,0
            -120.468101,37.294746,0
            -120.466271,37.293496,0
            -120.465486,37.293048,0
            -120.459119,37.2899,0
            -120.457753,37.289125,0
            -120.456868,37.288528,0
            -120.455864,37.287745,0
            -120.45485,37.286801,0
            -120.453144,37.284944,0
            -120.452394,37.284251,0
            -120.44629,37.279485,0
            -120.445444,37.278884,0
            -120.444328,37.278234,0
            -120.443365,37.277763,0
            -120.443282,37.277744,0
            -120.439554,37.275958,0
            -120.439019,37.275658,0
            -120.438118,37.275071,0
            -120.437388,37.27452,0
            -120.436633,37.273845,0
            -120.436242,37.273446,0
            -120.435742,37.27287,0
            -120.433143,37.269323,0
            -120.432613,37.268674,0
            -120.431989,37.267993,0
            -120.431041,37.267113,0
            -120.390435,37.234097,0
            -120.388936,37.233,0
            -120.387284,37.231924,0
            -120.386161,37.231261,0
            -120.377807,37.227208,0
            -120.377132,37.226847,0
            -120.376095,37.226211,0
            -120.375238,37.2256,0
            -120.374671,37.225144,0
            -120.374002,37.224545,0
            -120.373398,37.223936,0
            -120.368508,37.218129,0
            -120.365995,37.215494,0
            -120.363146,37.21282,0
            -120.34568,37.1986,0
            -120.344821,37.197969,0
            -120.333674,37.190551,0
            -120.332798,37.189923,0
            -120.311857,37.172434,0
            -120.311332,37.171945,0
            -120.310696,37.171271,0
            -120.307523,37.167447,0
            -120.305662,37.165417,0
            -120.304358,37.164121,0
            -120.301095,37.161186,0
            -120.298673,37.159195,0
            -120.296038,37.156844,0
            -120.281611,37.145049,0
            -120.280597,37.144295,0
            -120.279782,37.143766,0
            -120.279228,37.14345,0
            -120.27815,37.142928,0
            -120.277317,37.142583,0
            -120.274294,37.141558,0
            -120.273602,37.141263,0
            -120.272643,37.140769,0
            -120.27226,37.140531,0
            -120.252454,37.126845,0
            -120.218958,37.101118,0
            -120.218534,37.100752,0
            -120.217877,37.100113,0
            -120.217092,37.099231,0
            -120.216709,37.098751,0
            -120.216085,37.097842,0
            -120.215438,37.096699,0
            -120.214892,37.095391,0
            -120.214612,37.094471,0
            -120.21323,37.087866,0
            -120.213094,37.087448,0
            -120.21287,37.086943,0
            -120.212556,37.086418,0
            -120.212347,37.086139,0
            -120.211959,37.085692,0
            -120.211415,37.085192,0
            -120.210738,37.084707,0
            -120.20691,37.08234,0
            -120.206166,37.081826,0
            -120.200093,37.076839,0
            -120.191524,37.069501,0
            -120.184255,37.063544,0
            -120.182463,37.062207,0
            -120.176933,37.05833,0
            -120.173517,37.055693,0
            -120.162175,37.046257,0
            -120.161248,37.045313,0
            -120.159518,37.043188,0
            -120.158749,37.04236,0
            -120.158116,37.041765,0
            -120.157205,37.041011,0
            -120.156245,37.040325,0
            -120.153972,37.038972,0
            -120.153213,37.038481,0
            -120.147723,37.034545,0
            -120.133382,37.022745,0
            -120.13256,37.021934,0
            -120.130658,37.019742,0
            -120.129622,37.018699,0
            -120.128493,37.017758,0
            -120.12752,37.017077,0
            -120.124205,37.015109,0
            -120.123227,37.014421,0
            -120.109857,37.003503,0
            -120.106781,37.000901,0
            -120.10581,36.999918,0
            -120.103806,36.997607,0
            -120.102723,36.996586,0
            -120.101464,36.995613,0
            -120.100707,36.995116,0
            -120.097921,36.993483,0
            -120.096915,36.992797,0
            -120.08686,36.984605,0
            -120.086074,36.98387,0
            -120.085367,36.983075,0
            -120.083322,36.980446,0
            -120.082739,36.979823,0
            -120.082197,36.979319,0
            -120.074009,36.972566,0
            -120.07351,36.972096,0
            -120.073035,36.971567,0
            -120.072781,36.971242,0
            -120.072329,36.970564,0
            -120.070636,36.967384,0
            -120.070389,36.966981,0
            -120.069796,36.966188,0
            -120.069402,36.965754,0
            -120.057657,36.954487,0
            -120.05696,36.95389,0
            -120.056465,36.953508,0
            -120.055298,36.952718,0
            -120.046455,36.947704,0
            -120.045981,36.947399,0
            -120.045051,36.946692,0
            -120.043808,36.945616,0
            -120.025721,36.9282,0
            -120.02519,36.927598,0
            -120.023057,36.92473,0
            -120.022687,36.924304,0
            -120.02133,36.922977,0
            -120.021261,36.922889,0
            -120.020304,36.922156,0
            -120.017974,36.920555,0
            -120.017122,36.919895,0
            -120.016383,36.919233,0
            -119.980399,36.884497,0
            -119.979793,36.883815,0
            -119.977895,36.881278,0
            -119.977349,36.880633,0
            -119.97675,36.880012,0
            -119.976216,36.879516,0
            -119.975546,36.878957,0
            -119.972835,36.877041,0
            -119.971382,36.875832,0
            -119.951027,36.856202,0
            -119.949469,36.854517,0
            -119.948077,36.852601,0
            -119.947334,36.851716,0
            -119.946652,36.851025,0
            -119.945913,36.850355,0
            -119.944565,36.849338,0
            -119.944014,36.848979,0
            -119.943041,36.848415,0
            -119.929241,36.841188,0
            -119.928058,36.840448,0
            -119.927211,36.839828,0
            -119.888478,36.809038,0
            -119.863337,36.792067,0
            -119.862397,36.791541,0
            -119.86149,36.791151,0
            -119.860128,36.790673,0
            -119.859488,36.790415,0
            -119.858427,36.789896,0
            -119.857733,36.789451,0
            -119.857258,36.789091,0
            -119.841414,36.774751,0
            -119.840408,36.773721,0
            -119.839374,36.772559,0
            -119.83804,36.770824,0
            -119.836911,36.76907,0
            -119.827504,36.753521,0
            -119.82699,36.752738,0
            -119.826278,36.75176,0
            -119.819602,36.743607,0
            -119.819249,36.743244,0
            -119.818819,36.742854,0
            -119.818325,36.742475,0
            -119.817943,36.742215,0
            -119.817291,36.741829,0
            -119.816435,36.741406,0
            -119.814901,36.740845,0
            -119.809046,36.738882,0
            -119.808344,36.738591,0
            -119.807711,36.738268,0
            -119.806857,36.737752,0
            -119.806008,36.737104,0
            -119.787512,36.720222,0
            -119.787375,36.720144,0
            -119.785982,36.718865,0
            -119.78353,36.716365,0
            -119.78343,36.716291,0
            -119.764613,36.697099,0
            -119.763869,36.696422,0
            -119.733223,36.670977,0
            -119.634724,36.581041,0
            -119.634616,36.580833,0
            -119.63263,36.578797,0
            -119.632514,36.578718,0
            -119.62961,36.57612,0
            -119.629386,36.575815,0
            -119.629086,36.575198,0
            -119.628996,36.575093,0
            -119.628939,36.575057,0
            -119.628875,36.575031,0
            -119.628768,36.575005,0
            -119.628866,36.57273,0
            -119.628847,36.572598,0
            -119.627931,36.572638,0
            -119.627949,36.572752,0
            -119.628033,36.572958,0
            -119.628068,36.573091,0
            -119.62808,36.573661,0
          </coordinates>
        </LineString>
      </Placemark>
      <Placemark>
        <name>Holiday Inn Selma-Swancourt, an IHG Hotel</name>
        <description><![CDATA[description: Hotel from 2020-08-29T03:38:41.418Z to 2020-08-29T16:23:27.262Z. Distance 0m<br>Email: syugen.zhou@gmail.com<br>Category: Hotel<br>Distance: 0]]></description>
        <styleUrl>#icon-1602-0288D1</styleUrl>
        <ExtendedData>
          <Data name="description">
            <value>Hotel from 2020-08-29T03:38:41.418Z to 2020-08-29T16:23:27.262Z. Distance 0m</value>
          </Data>
          <Data name="Email">
            <value>syugen.zhou@gmail.com</value>
          </Data>
          <Data name="Category">
            <value>Hotel</value>
          </Data>
          <Data name="Distance">
            <value>0</value>
          </Data>
        </ExtendedData>
        <Point>
          <coordinates>
            -119.627828,36.573795,0
          </coordinates>
        </Point>
      </Placemark>
    </Folder>
  </Document>
</kml>
